Name,Category,CategoryID,GO,Description,PARENT_GO,LogP,Enrichment,Z-score,#TotalGeneInLibrary,#GeneInGO,#GeneInHitList,#GeneInGOAndHitList,%InGO,STDV %InGO,GeneID,Hits,Log(q-value)
MyList,GO Biological Processes,19,GO:0044283,small molecule biosynthetic process,19_GO:0008152 metabolic process,-15,3.6,10,30293,463,953,53,5.6,0.74,240|445|834|1109|1595|1717|1718|2023|2628|2746|2747|2752|2950|3028|3155|3157|3422|3638|3992|3995|4047|4598|4860|5092|5831|5947|5950|6307|6309|6576|6720|7108|8309|8644|8912|9104|9200|9415|10170|10449|23205|23743|26227|50814|51478|55256|63826|65263|79966|84532|92126|113189|171546,ALOX5|ASS1|CASP1|AKR1C4|CYP51A1|DHCR7|DHCR24|ENO1|GATM|GLUD1|GLUD2|GLUL|GSTP1|HSD17B10|HMGCL|HMGCS1|IDI1|INSIG1|FADS1|FADS3|LSS|MVK|PNP|PCBD1|PYCR1|RBP1|RBP4|MSMO1|SC5D|SLC25A1|SREBF1|TM7SF2|ACOX2|AKR1C3|CACNA1H|RGN|HACD1|FADS2|DHRS9|ACAA2|ACSBG1|BHMT2|PHGDH|NSDHL|HSD17B7|ADI1|SRR|PYCR3|SCD5|ACSS1|DSEL|CHST14|SPTSSA,-11
MyList,GO Biological Processes,19,GO:0016126,sterol biosynthetic process,19_GO:0008152 metabolic process,-14,12,13,30293,44,953,17,1.8,0.43,1595|1717|1718|3157|3422|3638|4047|4598|6307|6309|6720|7108|9023|10449|50814|51478|51706,CYP51A1|DHCR7|DHCR24|HMGCS1|IDI1|INSIG1|LSS|MVK|MSMO1|SC5D|SREBF1|TM7SF2|CH25H|ACAA2|NSDHL|HSD17B7|CYB5R1,-10
MyList,GO Biological Processes,19,GO:0006066,alcohol metabolic process,19_GO:0008152 metabolic process,-13,4,9.8,30293,326,953,41,4.3,0.66,217|348|1050|1109|1595|1645|1717|1718|1910|3157|3418|3422|3638|3949|4047|4598|5092|5950|6307|6309|6609|6720|7108|7436|8574|8613|8630|8644|8912|9023|10170|10449|10577|10901|22845|27233|50814|51478|57171|84532|171546,ALDH2|APOE|CEBPA|AKR1C4|CYP51A1|AKR1C1|DHCR7|DHCR24|EDNRB|HMGCS1|IDH2|IDI1|INSIG1|LDLR|LSS|MVK|PCBD1|RBP4|MSMO1|SC5D|SMPD1|SREBF1|TM7SF2|VLDLR|AKR7A2|PLPP3|HSD17B6|AKR1C3|CACNA1H|CH25H|DHRS9|ACAA2|NPC2|DHRS4|DOLK|SULT1C4|NSDHL|HSD17B7|DOLPP1|ACSS1|SPTSSA,-9.6
MyList,GO Biological Processes,19,GO:0008202,steroid metabolic process,19_GO:0008152 metabolic process,-13,4.4,10,30293,258,953,36,3.8,0.62,30|348|1050|1109|1595|1645|1717|1718|1910|3028|3157|3422|3638|3949|4047|4598|5156|6307|6309|6609|6720|7108|7436|8309|8630|8644|8912|9023|10170|10449|10577|10901|25976|50814|51478|51706,ACAA1|APOE|CEBPA|AKR1C4|CYP51A1|AKR1C1|DHCR7|DHCR24|EDNRB|HSD17B10|HMGCS1|IDI1|INSIG1|LDLR|LSS|MVK|PDGFRA|MSMO1|SC5D|SMPD1|SREBF1|TM7SF2|VLDLR|ACOX2|HSD17B6|AKR1C3|CACNA1H|CH25H|DHRS9|ACAA2|NPC2|DHRS4|TIPARP|NSDHL|HSD17B7|CYB5R1,-9.5
MyList,GO Biological Processes,19,GO:1902653,secondary alcohol biosynthetic process,19_GO:0008152 metabolic process,-13,13,13,30293,37,953,15,1.6,0.4,1595|1717|1718|3157|3422|3638|4047|4598|6307|6309|6720|7108|10449|50814|51478,CYP51A1|DHCR7|DHCR24|HMGCS1|IDI1|INSIG1|LSS|MVK|MSMO1|SC5D|SREBF1|TM7SF2|ACAA2|NSDHL|HSD17B7,-9.5
MyList,GO Biological Processes,19,GO:0006695,cholesterol biosynthetic process,19_GO:0008152 metabolic process,-13,13,13,30293,37,953,15,1.6,0.4,1595|1717|1718|3157|3422|3638|4047|4598|6307|6309|6720|7108|10449|50814|51478,CYP51A1|DHCR7|DHCR24|HMGCS1|IDI1|INSIG1|LSS|MVK|MSMO1|SC5D|SREBF1|TM7SF2|ACAA2|NSDHL|HSD17B7,-9.5
MyList,GO Biological Processes,19,GO:0044282,small molecule catabolic process,19_GO:0008152 metabolic process,-13,3.8,9.5,30293,352,953,42,4.4,0.66,30|33|217|594|1757|1891|2023|2109|2110|2184|2639|2746|2747|2752|3028|3067|3155|3176|3712|4329|4860|7263|8309|8630|8644|10247|10449|10455|22875|23576|26275|27233|51071|51084|55577|55862|56898|84706|84750|130589|137872|197257,ACAA1|ACADL|ALDH2|BCKDHB|SARDH|ECH1|ENO1|ETFB|ETFDH|FAH|GCDH|GLUD1|GLUD2|GLUL|HSD17B10|HDC|HMGCL|HNMT|IVD|ALDH6A1|PNP|TST|ACOX2|HSD17B6|AKR1C3|RIDA|ACAA2|ECI2|ENPP4|DDAH1|HIBCH|SULT1C4|DERA|CRYL1|NAGK|ECHDC1|BDH2|GPT2|FUT10|GALM|ADHFE1|LDHD,-9.5
MyList,GO Biological Processes,19,GO:1901615,organic hydroxy compound metabolic process,19_GO:0008152 metabolic process,-12,3.2,8.9,30293,482,953,49,5.1,0.72,30|217|348|1050|1109|1595|1645|1717|1718|1910|2184|3028|3067|3157|3418|3422|3638|3949|4047|4129|4598|5092|5950|6307|6309|6609|6720|7108|7436|8309|8574|8613|8630|8644|8912|9023|10170|10449|10577|10901|22845|27233|50814|51478|51706|57171|84532|171546|197257,ACAA1|ALDH2|APOE|CEBPA|AKR1C4|CYP51A1|AKR1C1|DHCR7|DHCR24|EDNRB|FAH|HSD17B10|HDC|HMGCS1|IDH2|IDI1|INSIG1|LDLR|LSS|MAOB|MVK|PCBD1|RBP4|MSMO1|SC5D|SMPD1|SREBF1|TM7SF2|VLDLR|ACOX2|AKR7A2|PLPP3|HSD17B6|AKR1C3|CACNA1H|CH25H|DHRS9|ACAA2|NPC2|DHRS4|DOLK|SULT1C4|NSDHL|HSD17B7|CYB5R1|DOLPP1|ACSS1|SPTSSA|LDHD,-8.9
MyList,GO Biological Processes,19,GO:0008610,lipid biosynthetic process,19_GO:0008152 metabolic process,-12,2.9,8.6,30293,594,953,55,5.8,0.76,240|1109|1595|1717|1718|2171|2639|2950|3028|3155|3157|3422|3638|3992|3995|4047|4598|5293|5947|6307|6309|6576|6609|6720|7108|8309|8613|8630|8644|8897|8912|9023|9200|9415|10170|10449|10715|11145|22845|23205|23683|50814|51478|51706|54947|57153|57171|79966|80339|84002|84532|129642|171546|221395|253558,ALOX5|AKR1C4|CYP51A1|DHCR7|DHCR24|FABP5|GCDH|GSTP1|HSD17B10|HMGCL|HMGCS1|IDI1|INSIG1|FADS1|FADS3|LSS|MVK|PIK3CD|RBP1|MSMO1|SC5D|SLC25A1|SMPD1|SREBF1|TM7SF2|ACOX2|PLPP3|HSD17B6|AKR1C3|MTMR3|CACNA1H|CH25H|HACD1|FADS2|DHRS9|ACAA2|CERS1|PLAAT3|DOLK|ACSBG1|PRKD3|NSDHL|HSD17B7|CYB5R1|LPCAT2|SLC44A2|DOLPP1|SCD5|PNPLA3|B3GNT5|ACSS1|MBOAT2|SPTSSA|ADGRF5|LCLAT1,-8.7
MyList,GO Biological Processes,19,GO:0006694,steroid biosynthetic process,19_GO:0008152 metabolic process,-12,6.4,10,30293,115,953,23,2.4,0.5,1109|1595|1717|1718|3028|3157|3422|3638|4047|4598|6307|6309|6720|7108|8309|8630|8644|8912|9023|10449|50814|51478|51706,AKR1C4|CYP51A1|DHCR7|DHCR24|HSD17B10|HMGCS1|IDI1|INSIG1|LSS|MVK|MSMO1|SC5D|SREBF1|TM7SF2|ACOX2|HSD17B6|AKR1C3|CACNA1H|CH25H|ACAA2|NSDHL|HSD17B7|CYB5R1,-8.7
MyList,GO Biological Processes,19,GO:0016054,organic acid catabolic process,19_GO:0008152 metabolic process,-12,4.4,9.3,30293,232,953,32,3.4,0.58,30|33|594|1757|1891|2109|2110|2184|2639|2746|2747|2752|3028|3067|3155|3176|3712|4329|7263|8309|10247|10449|10455|23576|26275|51084|55577|55862|56898|84706|137872|197257,ACAA1|ACADL|BCKDHB|SARDH|ECH1|ETFB|ETFDH|FAH|GCDH|GLUD1|GLUD2|GLUL|HSD17B10|HDC|HMGCL|HNMT|IVD|ALDH6A1|TST|ACOX2|RIDA|ACAA2|ECI2|DDAH1|HIBCH|CRYL1|NAGK|ECHDC1|BDH2|GPT2|ADHFE1|LDHD,-8.5
MyList,GO Biological Processes,19,GO:0046395,carboxylic acid catabolic process,19_GO:0008152 metabolic process,-12,4.4,9.3,30293,232,953,32,3.4,0.58,30|33|594|1757|1891|2109|2110|2184|2639|2746|2747|2752|3028|3067|3155|3176|3712|4329|7263|8309|10247|10449|10455|23576|26275|51084|55577|55862|56898|84706|137872|197257,ACAA1|ACADL|BCKDHB|SARDH|ECH1|ETFB|ETFDH|FAH|GCDH|GLUD1|GLUD2|GLUL|HSD17B10|HDC|HMGCL|HNMT|IVD|ALDH6A1|TST|ACOX2|RIDA|ACAA2|ECI2|DDAH1|HIBCH|CRYL1|NAGK|ECHDC1|BDH2|GPT2|ADHFE1|LDHD,-8.5
MyList,GO Biological Processes,19,GO:0030029,actin filament-based process,19_GO:0009987 cellular process,-11,2.9,8.4,30293,612,953,55,5.8,0.76,70|71|199|358|408|613|1266|1809|1901|2059|2195|2697|3741|3784|3936|4082|4542|4604|4637|4646|4983|5154|5156|5358|5872|5987|6335|6444|6464|7114|7184|7430|8736|9051|9168|9535|9938|10160|11170|11188|22808|23043|23189|27295|28988|29085|30011|54857|57381|81624|84062|85477|89846|116154|121512,ACTC1|ACTG1|AIF1|AQP1|ARRB1|BCR|CNN3|DPYSL3|S1PR1|EPS8|FAT1|GJA1|KCNA5|KCNQ1|LCP1|MARCKS|MYO1F|MYBPC1|MYL6|MYO6|OPHN1|PDGFA|PDGFRA|PLS3|RAB13|TRIM27|SCN9A|SGCD|SHC1|TMSB4X|HSP90B1|EZR|MYOM1|PSTPIP1|TMSB10|GMFG|ARHGAP25|FARP1|FAM107A|NISCH|MRAS|TNIK|KANK1|PDLIM3|DBNL|PHPT1|SH3KBP1|GDPD2|RHOJ|DIAPH3|DTNBP1|SCIN|FGD3|PHACTR3|FGD4,-8.3
MyList,GO Biological Processes,19,GO:0032787,monocarboxylic acid metabolic process,19_GO:0008152 metabolic process,-11,3,8.3,30293,516,953,49,5.1,0.72,30|33|240|718|1109|1573|1622|1645|1891|2023|2052|2109|2110|2184|2628|2639|2950|3028|3141|3418|3712|3992|3995|4199|5947|6307|8309|8644|9200|9415|10170|10449|10455|23205|26227|28965|51084|55862|56898|59342|63826|79966|80221|80339|81888|84532|92126|113189|197257,ACAA1|ACADL|ALOX5|C3|AKR1C4|CYP2J2|DBI|AKR1C1|ECH1|ENO1|EPHX1|ETFB|ETFDH|FAH|GATM|GCDH|GSTP1|HSD17B10|HLCS|IDH2|IVD|FADS1|FADS3|ME1|RBP1|MSMO1|ACOX2|AKR1C3|HACD1|FADS2|DHRS9|ACAA2|ECI2|ACSBG1|PHGDH|SLC27A6|CRYL1|ECHDC1|BDH2|SCPEP1|SRR|SCD5|ACSF2|PNPLA3|HYI|ACSS1|DSEL|CHST14|LDHD,-8
MyList,GO Biological Processes,19,GO:1902652,secondary alcohol metabolic process,19_GO:0008152 metabolic process,-11,5.7,9.6,30293,129,953,23,2.4,0.5,348|1050|1595|1717|1718|3157|3418|3422|3638|3949|4047|4598|6307|6309|6609|6720|7108|7436|9023|10449|10577|50814|51478,APOE|CEBPA|CYP51A1|DHCR7|DHCR24|HMGCS1|IDH2|IDI1|INSIG1|LDLR|LSS|MVK|MSMO1|SC5D|SMPD1|SREBF1|TM7SF2|VLDLR|CH25H|ACAA2|NPC2|NSDHL|HSD17B7,-7.8
MyList,GO Biological Processes,19,GO:0045321,leukocyte activation,19_GO:0002376 immune system process,-11,2.8,8.1,30293,598,953,53,5.6,0.74,136|199|613|677|678|712|865|923|952|975|1137|1191|1316|1524|2214|2697|3175|3689|3821|3936|4067|4495|5052|5245|5293|5580|5588|5788|6284|6404|6814|7098|7099|7248|7409|7462|8451|8934|8935|9308|9734|10758|25800|54361|54518|55509|55636|57705|84868|90865|112616|221395|284021,ADORA2B|AIF1|BCR|ZFP36L1|ZFP36L2|C1QA|CBFB|CD6|CD38|CD81|CHRNA4|CLU|KLF6|CX3CR1|FCGR3A|GJA1|ONECUT1|ITGB2|KLRC1|LCP1|LYN|MT1G|PRDX1|PHB1|PIK3CD|PRKCD|PRKCQ|PTPRC|S100A13|SELPLG|STXBP3|TLR3|TLR4|TSC1|VAV1|LAT2|CUL4A|RAB29|SKAP2|CD83|HDAC9|TRAF3IP2|SLC39A6|WNT4|APBB1IP|BATF3|CHD7|WDFY4|HAVCR2|IL33|CMTM7|ADGRF5|MILR1,-7.8
MyList,GO Biological Processes,19,GO:0008203,cholesterol metabolic process,19_GO:0008152 metabolic process,-11,5.9,9.7,30293,118,953,22,2.3,0.49,348|1050|1595|1717|1718|3157|3422|3638|3949|4047|4598|6307|6309|6609|6720|7108|7436|9023|10449|10577|50814|51478,APOE|CEBPA|CYP51A1|DHCR7|DHCR24|HMGCS1|IDI1|INSIG1|LDLR|LSS|MVK|MSMO1|SC5D|SMPD1|SREBF1|TM7SF2|VLDLR|CH25H|ACAA2|NPC2|NSDHL|HSD17B7,-7.8
MyList,GO Biological Processes,19,GO:0051046,regulation of secretion,19_GO:0051179 localization,-11,2.8,8,30293,621,953,54,5.7,0.75,136|240|348|358|613|952|1137|1595|2550|2697|2746|2771|3689|3741|3784|3822|4067|4129|4646|4988|5021|5028|5872|5874|5950|6422|6623|6664|6720|6810|6814|7099|8111|8447|8673|8736|8792|8938|9501|10972|27236|27345|29091|51083|51092|51760|55636|64215|79651|79971|84062|85477|94121|115827,ADORA2B|ALOX5|APOE|AQP1|BCR|CD38|CHRNA4|CYP51A1|GABBR1|GJA1|GLUD1|GNAI2|ITGB2|KCNA5|KCNQ1|KLRC2|LYN|MAOB|MYO6|OPRM1|OXTR|P2RY1|RAB13|RAB27B|RBP4|SFRP1|SNCG|SOX11|SREBF1|STX4|STXBP3|TLR4|GPR68|DOC2B|VAMP8|MYOM1|TNFRSF11A|BAIAP3|RPH3AL|TMED10|ARFIP1|KCNMB4|STXBP6|GAL|SIDT2|SYT17|CHD7|DNAJC1|RHBDF2|WLS|DTNBP1|SCIN|SYTL4|RAB3C,-7.7
MyList,GO Biological Processes,19,GO:0016125,sterol metabolic process,19_GO:0008152 metabolic process,-11,5.5,9.4,30293,132,953,23,2.4,0.5,348|1050|1595|1717|1718|3157|3422|3638|3949|4047|4598|6307|6309|6609|6720|7108|7436|9023|10449|10577|50814|51478|51706,APOE|CEBPA|CYP51A1|DHCR7|DHCR24|HMGCS1|IDI1|INSIG1|LDLR|LSS|MVK|MSMO1|SC5D|SMPD1|SREBF1|TM7SF2|VLDLR|CH25H|ACAA2|NPC2|NSDHL|HSD17B7|CYB5R1,-7.7
MyList,GO Biological Processes,19,GO:0001775,cell activation,19_GO:0032501 multicellular organismal process,-11,2.6,7.8,30293,722,953,59,6.2,0.78,71|136|199|613|677|678|712|865|923|952|975|1137|1191|1316|1524|2214|2697|3175|3689|3821|3936|4067|4495|5028|5052|5154|5156|5245|5293|5580|5588|5788|6284|6404|6814|7098|7099|7248|7409|7462|8451|8934|8935|9308|9734|10758|23657|25800|29071|54361|54518|55509|55636|57705|84868|90865|112616|221395|284021,ACTG1|ADORA2B|AIF1|BCR|ZFP36L1|ZFP36L2|C1QA|CBFB|CD6|CD38|CD81|CHRNA4|CLU|KLF6|CX3CR1|FCGR3A|GJA1|ONECUT1|ITGB2|KLRC1|LCP1|LYN|MT1G|P2RY1|PRDX1|PDGFA|PDGFRA|PHB1|PIK3CD|PRKCD|PRKCQ|PTPRC|S100A13|SELPLG|STXBP3|TLR3|TLR4|TSC1|VAV1|LAT2|CUL4A|RAB29|SKAP2|CD83|HDAC9|TRAF3IP2|SLC7A11|SLC39A6|C1GALT1C1|WNT4|APBB1IP|BATF3|CHD7|WDFY4|HAVCR2|IL33|CMTM7|ADGRF5|MILR1,-7.6
MyList,GO Biological Processes,19,GO:0031175,neuron projection development,19_GO:0032502 developmental process,-10,2.6,7.8,30293,691,953,57,6,0.77,71|288|348|655|780|1009|1272|1501|1948|2596|2670|2824|3730|4067|4134|4983|5080|5361|5588|5727|5764|5792|5803|5872|6091|6277|7101|7314|7345|7436|7474|7477|7873|7940|8829|10100|10160|10381|11021|23043|23114|26227|28988|55364|55701|56896|57216|64221|66000|81551|81628|84062|127933|221074|282991|284217|388585,ACTG1|ANK3|APOE|BMP7|DDR1|CDH11|CNTN1|CTNND2|EFNB2|GAP43|GFAP|GPM6B|ANOS1|LYN|MAP4|OPHN1|PAX6|PLXNA1|PRKCQ|PTCH1|PTN|PTPRF|PTPRZ1|RAB13|ROBO1|S100A6|NR2E1|UBB|UCHL1|VLDLR|WNT5A|WNT7B|MANF|LST1|NRP1|TSPAN2|FARP1|TUBB3|RAB35|TNIK|NFASC|PHGDH|DBNL|IMPACT|ARHGEF40|DPYSL5|VANGL2|ROBO3|TMEM108|STMN4|TSC22D4|DTNBP1|UHMK1|SLC39A12|BLOC1S2|LAMA1|HES5,-7.5
MyList,GO Biological Processes,19,GO:1903530,regulation of secretion by cell,19_GO:0051179 localization,-10,2.8,7.8,30293,567,953,50,5.2,0.72,136|240|348|613|952|1137|1595|2550|2697|2746|2771|3689|3741|3822|4067|4129|4988|5021|5028|5872|5874|5950|6422|6623|6664|6720|6810|6814|7099|8111|8447|8673|8736|8792|8938|9501|10972|27236|27345|29091|51083|51092|51760|55636|64215|79651|79971|84062|94121|115827,ADORA2B|ALOX5|APOE|BCR|CD38|CHRNA4|CYP51A1|GABBR1|GJA1|GLUD1|GNAI2|ITGB2|KCNA5|KLRC2|LYN|MAOB|OPRM1|OXTR|P2RY1|RAB13|RAB27B|RBP4|SFRP1|SNCG|SOX11|SREBF1|STX4|STXBP3|TLR4|GPR68|DOC2B|VAMP8|MYOM1|TNFRSF11A|BAIAP3|RPH3AL|TMED10|ARFIP1|KCNMB4|STXBP6|GAL|SIDT2|SYT17|CHD7|DNAJC1|RHBDF2|WLS|DTNBP1|SYTL4|RAB3C,-7.3
MyList,GO Biological Processes,19,GO:0035239,tube morphogenesis,19_GO:0032502 developmental process,-10,2.6,7.7,30293,682,953,56,5.9,0.76,71|187|348|655|677|780|1512|1901|1948|2247|2535|2697|2752|3162|3949|4087|5154|5156|5396|5727|6091|6299|6422|6444|6464|6662|6664|7045|7101|7248|7474|7477|7852|8321|8829|8862|9289|10413|23251|25976|30008|51129|54361|55083|55366|55636|56005|57216|57381|58504|147372|161742|221074|221395|284217|388585,ACTG1|APLNR|APOE|BMP7|ZFP36L1|DDR1|CTSH|S1PR1|EFNB2|FGF2|FZD2|GJA1|GLUL|HMOX1|LDLR|SMAD2|PDGFA|PDGFRA|PRRX1|PTCH1|ROBO1|SALL1|SFRP1|SGCD|SHC1|SOX9|SOX11|TGFBI|NR2E1|TSC1|WNT5A|WNT7B|CXCR4|FZD1|NRP1|APLN|ADGRG1|YAP1|MINAR1|TIPARP|EFEMP2|ANGPTL4|WNT4|KIF26B|LGR4|CHD7|MYDGF|VANGL2|RHOJ|ARHGAP22|CCBE1|SPRED1|SLC39A12|ADGRF5|LAMA1|HES5,-7.3
MyList,GO Biological Processes,19,GO:0098657,import into cell,19_GO:0051179 localization,-9.9,2.6,7.6,30293,708,953,57,6,0.77,154|199|348|408|493|613|975|1174|1176|1184|2670|3689|3768|3784|3949|4067|4542|4646|4983|5580|5874|6441|6518|6623|7099|7409|7430|7436|7525|8909|8912|9051|9938|11006|11031|11276|23184|23209|23657|25800|25938|27131|28965|28988|29887|30011|51454|56990|57381|57403|66000|85439|112574|196051|201266|221074|285195,ADRB2|AIF1|APOE|ARRB1|ATP2B4|BCR|CD81|AP1S1|AP3S1|CLCN5|GFAP|ITGB2|KCNJ12|KCNQ1|LDLR|LYN|MYO1F|MYO6|OPHN1|PRKCD|RAB27B|SFTPD|SLC2A5|SNCG|TLR4|VAV1|EZR|VLDLR|YES1|ENDOU|CACNA1H|PSTPIP1|ARHGAP25|LILRB4|RAB31|SYNRG|MESD|MLC1|SLC7A11|SLC39A6|HEATR5A|SNX5|SLC27A6|DBNL|SNX10|SH3KBP1|GULP1|CDC42SE2|RHOJ|RAB22A|TMEM108|STON2|SNX18|PLPP4|SLC39A11|SLC39A12|SLC9A9,-7.1
MyList,GO Biological Processes,19,GO:0030036,actin cytoskeleton organization,19_GO:0009987 cellular process,-9.8,2.8,7.7,30293,542,953,48,5,0.71,70|71|199|358|408|613|1266|1809|1901|2059|2195|3936|4082|4542|4604|4646|4983|5154|5156|5358|5872|5987|6464|7114|7184|7430|8736|9051|9168|9938|10160|11170|11188|22808|23043|23189|27295|28988|29085|30011|54857|57381|81624|84062|85477|89846|116154|121512,ACTC1|ACTG1|AIF1|AQP1|ARRB1|BCR|CNN3|DPYSL3|S1PR1|EPS8|FAT1|LCP1|MARCKS|MYO1F|MYBPC1|MYO6|OPHN1|PDGFA|PDGFRA|PLS3|RAB13|TRIM27|SHC1|TMSB4X|HSP90B1|EZR|MYOM1|PSTPIP1|TMSB10|ARHGAP25|FARP1|FAM107A|NISCH|MRAS|TNIK|KANK1|PDLIM3|DBNL|PHPT1|SH3KBP1|GDPD2|RHOJ|DIAPH3|DTNBP1|SCIN|FGD3|PHACTR3|FGD4,-7
MyList,GO Biological Processes,19,GO:1901617,organic hydroxy compound biosynthetic process,19_GO:0008152 metabolic process,-9.7,4.6,8.6,30293,172,953,25,2.6,0.52,1109|1595|1717|1718|3028|3067|3157|3422|3638|4047|4598|5092|6307|6309|6720|7108|8309|8644|8912|9023|10449|50814|51478|51706|171546,AKR1C4|CYP51A1|DHCR7|DHCR24|HSD17B10|HDC|HMGCS1|IDI1|INSIG1|LSS|MVK|PCBD1|MSMO1|SC5D|SREBF1|TM7SF2|ACOX2|AKR1C3|CACNA1H|CH25H|ACAA2|NSDHL|HSD17B7|CYB5R1|SPTSSA,-6.9
MyList,GO Biological Processes,19,GO:0006520,amino acid metabolic process,19_GO:0008152 metabolic process,-9.7,3.6,8.1,30293,290,953,33,3.5,0.59,445|594|670|1757|2109|2184|2639|2746|2747|2752|2937|3028|3067|3155|3176|3712|4329|5033|5092|5831|10247|10667|23395|23576|23743|26227|26275|51582|55256|63826|65263|84706|137872,ASS1|BCKDHB|BPHL|SARDH|ETFB|FAH|GCDH|GLUD1|GLUD2|GLUL|GSS|HSD17B10|HDC|HMGCL|HNMT|IVD|ALDH6A1|P4HA1|PCBD1|PYCR1|RIDA|FARS2|LARS2|DDAH1|BHMT2|PHGDH|HIBCH|AZIN1|ADI1|SRR|PYCR3|GPT2|ADHFE1,-6.9
MyList,GO Biological Processes,19,GO:0002274,myeloid leukocyte activation,19_GO:0002376 immune system process,-9.3,4.8,8.5,30293,152,953,23,2.4,0.5,136|199|613|712|1191|1524|2214|3689|4067|4495|5293|5580|6284|6814|7098|7099|7462|10758|55509|84868|90865|221395|284021,ADORA2B|AIF1|BCR|C1QA|CLU|CX3CR1|FCGR3A|ITGB2|LYN|MT1G|PIK3CD|PRKCD|S100A13|STXBP3|TLR3|TLR4|LAT2|TRAF3IP2|BATF3|HAVCR2|IL33|ADGRF5|MILR1,-6.6
MyList,GO Biological Processes,19,GO:0046165,alcohol biosynthetic process,19_GO:0008152 metabolic process,-9.2,6.2,9,30293,93,953,18,1.9,0.44,1595|1717|1718|3157|3422|3638|4047|4598|5092|6307|6309|6720|7108|8912|10449|50814|51478|171546,CYP51A1|DHCR7|DHCR24|HMGCS1|IDI1|INSIG1|LSS|MVK|PCBD1|MSMO1|SC5D|SREBF1|TM7SF2|CACNA1H|ACAA2|NSDHL|HSD17B7|SPTSSA,-6.5
MyList,GO Biological Processes,19,GO:0008285,negative regulation of cell population proliferation,19_GO:0048519 negative regulation of biological process,-9.1,2.4,7.1,30293,785,953,59,6.2,0.78,199|240|348|590|655|780|1032|1050|1718|1871|1948|2173|2247|2495|2550|2768|2950|3162|4067|4087|4988|5080|5245|5727|5764|5920|5950|6091|6422|6441|6657|6662|6664|6678|6751|7101|7248|7474|7940|8862|8935|9104|9289|9500|10549|11006|11180|23251|23576|26232|26471|27152|30008|51083|55612|84868|85477|90865|654346,AIF1|ALOX5|APOE|BCHE|BMP7|DDR1|CDKN2D|CEBPA|DHCR24|E2F3|EFNB2|FABP7|FGF2|FTH1|GABBR1|GNA12|GSTP1|HMOX1|LYN|SMAD2|OPRM1|PAX6|PHB1|PTCH1|PTN|PLAAT4|RBP4|ROBO1|SFRP1|SFTPD|SOX2|SOX9|SOX11|SPARC|SSTR1|NR2E1|TSC1|WNT5A|LST1|APLN|SKAP2|RGN|ADGRG1|MAGED1|PRDX4|LILRB4|WDR6|MINAR1|DDAH1|FBXO2|NUPR1|INTU|EFEMP2|GAL|FERMT1|HAVCR2|SCIN|IL33|LGALS9C,-6.4
MyList,GO Biological Processes,19,GO:0046394,carboxylic acid biosynthetic process,19_GO:0008152 metabolic process,-9,3.6,7.8,30293,274,953,31,3.3,0.57,240|445|834|1109|2628|2746|2747|2752|2950|3028|3992|3995|5092|5831|5947|8309|8644|9104|9200|9415|10170|23205|23743|26227|55256|63826|65263|79966|84532|92126|113189,ALOX5|ASS1|CASP1|AKR1C4|GATM|GLUD1|GLUD2|GLUL|GSTP1|HSD17B10|FADS1|FADS3|PCBD1|PYCR1|RBP1|ACOX2|AKR1C3|RGN|HACD1|FADS2|DHRS9|ACSBG1|BHMT2|PHGDH|ADI1|SRR|PYCR3|SCD5|ACSS1|DSEL|CHST14,-6.4
MyList,GO Biological Processes,19,GO:0006631,fatty acid metabolic process,19_GO:0008152 metabolic process,-9,3.3,7.6,30293,323,953,34,3.6,0.6,30|33|240|718|1109|1573|1622|1645|1891|2052|2109|2110|2639|2950|3028|3712|3992|3995|6307|8309|8644|9200|9415|10449|10455|23205|28965|51084|55862|56898|79966|80221|80339|84532,ACAA1|ACADL|ALOX5|C3|AKR1C4|CYP2J2|DBI|AKR1C1|ECH1|EPHX1|ETFB|ETFDH|GCDH|GSTP1|HSD17B10|IVD|FADS1|FADS3|MSMO1|ACOX2|AKR1C3|HACD1|FADS2|ACAA2|ECI2|ACSBG1|SLC27A6|CRYL1|ECHDC1|BDH2|SCD5|ACSF2|PNPLA3|ACSS1,-6.4
MyList,GO Biological Processes,19,GO:0016053,organic acid biosynthetic process,19_GO:0008152 metabolic process,-8.9,3.6,7.7,30293,277,953,31,3.3,0.57,240|445|834|1109|2628|2746|2747|2752|2950|3028|3992|3995|5092|5831|5947|8309|8644|9104|9200|9415|10170|23205|23743|26227|55256|63826|65263|79966|84532|92126|113189,ALOX5|ASS1|CASP1|AKR1C4|GATM|GLUD1|GLUD2|GLUL|GSTP1|HSD17B10|FADS1|FADS3|PCBD1|PYCR1|RBP1|ACOX2|AKR1C3|RGN|HACD1|FADS2|DHRS9|ACSBG1|BHMT2|PHGDH|ADI1|SRR|PYCR3|SCD5|ACSS1|DSEL|CHST14,-6.3
MyList,GO Biological Processes,19,GO:0002683,negative regulation of immune system process,19_GO:0002376 immune system process,-8.9,2.8,7.3,30293,520,953,45,4.7,0.69,2|613|714|865|968|1050|1452|1524|2840|3149|3162|3821|3949|4067|5788|5987|6422|6441|6662|6664|7098|7099|7130|7430|7525|7805|7940|8111|8451|11006|28959|29085|51083|53342|54625|55365|55366|79651|84868|90865|92196|151176|221395|284021|654346,A2M|BCR|C1QC|CBFB|CD68|CEBPA|CSNK1A1|CX3CR1|GPR17|HMGB3|HMOX1|KLRC1|LDLR|LYN|PTPRC|TRIM27|SFRP1|SFTPD|SOX9|SOX11|TLR3|TLR4|TNFAIP6|EZR|YES1|LAPTM5|LST1|GPR68|CUL4A|LILRB4|TMEM176B|PHPT1|GAL|IL17D|PARP14|TMEM176A|LGR4|RHBDF2|HAVCR2|IL33|DAPL1|ERFE|ADGRF5|MILR1|LGALS9C,-6.3
MyList,GO Biological Processes,19,GO:0006897,endocytosis,19_GO:0051179 localization,-8.9,2.7,7.2,30293,522,953,45,4.7,0.69,154|199|348|408|613|975|1174|1176|1184|3689|3949|4067|4542|4646|4983|5580|5874|6441|6623|7099|7409|7430|7436|7525|8909|9051|9938|11006|11031|11276|23184|23209|25938|27131|28988|29887|30011|51454|56990|57381|57403|66000|85439|112574|196051,ADRB2|AIF1|APOE|ARRB1|BCR|CD81|AP1S1|AP3S1|CLCN5|ITGB2|LDLR|LYN|MYO1F|MYO6|OPHN1|PRKCD|RAB27B|SFTPD|SNCG|TLR4|VAV1|EZR|VLDLR|YES1|ENDOU|PSTPIP1|ARHGAP25|LILRB4|RAB31|SYNRG|MESD|MLC1|HEATR5A|SNX5|DBNL|SNX10|SH3KBP1|GULP1|CDC42SE2|RHOJ|RAB22A|TMEM108|STON2|SNX18|PLPP4,-6.2
MyList,GO Biological Processes,19,GO:0060322,head development,19_GO:0032502 developmental process,-8.8,2.4,7,30293,777,953,58,6.1,0.77,190|238|358|493|613|655|1272|1524|1767|1901|2247|2746|4129|4983|5021|5080|5156|5361|5727|6091|6299|6657|6658|6662|6664|6751|6814|7101|7248|7280|7314|7474|7477|7545|7852|8321|8704|8829|9289|11166|23114|23657|25911|25976|26227|54361|54541|55636|56934|63827|66000|79971|81624|84750|340719|347733|347902|388585,NR0B1|ALK|AQP1|ATP2B4|BCR|BMP7|CNTN1|CX3CR1|DNAH5|S1PR1|FGF2|GLUD1|MAOB|OPHN1|OXTR|PAX6|PDGFRA|PLXNA1|PTCH1|ROBO1|SALL1|SOX2|SOX3|SOX9|SOX11|SSTR1|STXBP3|NR2E1|TSC1|TUBB2A|UBB|WNT5A|WNT7B|ZIC1|CXCR4|FZD1|B4GALT2|NRP1|ADGRG1|SOX21|NFASC|SLC7A11|DPCD|TIPARP|PHGDH|WNT4|DDIT4|CHD7|CA10|BCAN|TMEM108|WLS|DIAPH3|FUT10|NANOS1|TUBB2B|AMIGO2|HES5,-6.2
MyList,GO Biological Processes,19,GO:0043408,regulation of MAPK cascade,19_GO:0050896 response to stimulus,-8.6,2.5,6.9,30293,669,953,52,5.5,0.74,147|154|348|408|975|1796|2247|2261|2771|2950|4067|4504|4988|5028|5052|5154|5156|5245|5580|5788|6091|6464|6503|6609|6657|6764|7098|7099|7345|7430|7474|7477|7805|7936|8792|8829|10979|11006|22881|23043|23286|23328|54361|54550|56005|57630|81848|84868|146433|152007|161742|220164,ADRA1B|ADRB2|APOE|ARRB1|CD81|DOK1|FGF2|FGFR3|GNAI2|GSTP1|LYN|MT3|OPRM1|P2RY1|PRDX1|PDGFA|PDGFRA|PHB1|PRKCD|PTPRC|ROBO1|SHC1|SLA|SMPD1|SOX2|DENND2B|TLR3|TLR4|UCHL1|EZR|WNT5A|WNT7B|LAPTM5|NELFE|TNFRSF11A|NRP1|FERMT2|LILRB4|ANKRD6|TNIK|WWC1|SASH1|WNT4|NECAB2|MYDGF|SH3RF1|SPRY4|HAVCR2|IL34|GLIPR2|SPRED1|DOK6,-6
MyList,GO Biological Processes,19,GO:0010721,negative regulation of cell development,19_GO:0032502 developmental process,-8.5,3.4,7.4,30293,288,953,31,3.3,0.57,393|655|714|865|1050|1910|3149|3949|4067|4504|5080|5764|6422|6664|6993|7098|7099|7101|7130|7474|8111|8451|8829|11006|28959|53342|55365|56896|58190|151176|388585,ARHGAP4|BMP7|C1QC|CBFB|CEBPA|EDNRB|HMGB3|LDLR|LYN|MT3|PAX6|PTN|SFRP1|SOX11|DYNLT1|TLR3|TLR4|NR2E1|TNFAIP6|WNT5A|GPR68|CUL4A|NRP1|LILRB4|TMEM176B|IL17D|TMEM176A|DPYSL5|CTDSP1|ERFE|HES5,-5.9
MyList,GO Biological Processes,19,GO:0010817,regulation of hormone levels,19_GO:0065007 biological regulation,-8.4,2.7,7,30293,539,953,45,4.7,0.69,240|358|590|952|1109|1645|1717|1910|2550|2697|2746|3028|3741|3784|4067|4087|5028|5125|5156|5947|5950|6422|6664|6720|6810|6814|8111|8447|8630|8644|8673|8912|8938|9501|10170|10901|25976|51083|51092|51478|54361|55636|59342|83539|94121,ALOX5|AQP1|BCHE|CD38|AKR1C4|AKR1C1|DHCR7|EDNRB|GABBR1|GJA1|GLUD1|HSD17B10|KCNA5|KCNQ1|LYN|SMAD2|P2RY1|PCSK5|PDGFRA|RBP1|RBP4|SFRP1|SOX11|SREBF1|STX4|STXBP3|GPR68|DOC2B|HSD17B6|AKR1C3|VAMP8|CACNA1H|BAIAP3|RPH3AL|DHRS9|DHRS4|TIPARP|GAL|SIDT2|HSD17B7|WNT4|CHD7|SCPEP1|CHST9|SYTL4,-5.9
MyList,GO Biological Processes,19,GO:0045785,positive regulation of cell adhesion,19_GO:0048518 positive regulation of biological process,-8.4,2.8,7,30293,483,953,42,4.4,0.66,199|240|288|655|865|923|975|1307|1948|3109|3689|3987|4067|4651|4860|5588|5788|6239|6251|6422|6657|6810|7248|7409|7474|7525|8613|8631|8829|9289|9308|9780|10979|11006|30008|54361|54518|55083|55612|64926|84868|284217,AIF1|ALOX5|ANK3|BMP7|CBFB|CD6|CD81|COL16A1|EFNB2|HLA-DMB|ITGB2|LIMS1|LYN|MYO10|PNP|PRKCQ|PTPRC|RREB1|RSU1|SFRP1|SOX2|STX4|TSC1|VAV1|WNT5A|YES1|PLPP3|SKAP1|NRP1|ADGRG1|CD83|PIEZO1|FERMT2|LILRB4|EFEMP2|WNT4|APBB1IP|KIF26B|FERMT1|RASAL3|HAVCR2|LAMA1,-5.9
MyList,GO Biological Processes,19,GO:0072001,renal system development,19_GO:0032502 developmental process,-8.3,3.3,7.3,30293,310,953,32,3.4,0.58,358|445|655|1512|1910|1948|2247|4087|4868|5125|5156|5727|5950|6299|6422|6662|6664|7248|7474|7477|8829|9104|10758|25937|25976|26508|54361|55083|55366|55959|57216|388585,AQP1|ASS1|BMP7|CTSH|EDNRB|EFNB2|FGF2|SMAD2|NPHS1|PCSK5|PDGFRA|PTCH1|RBP4|SALL1|SFRP1|SOX9|SOX11|TSC1|WNT5A|WNT7B|NRP1|RGN|TRAF3IP2|WWTR1|TIPARP|HEYL|WNT4|KIF26B|LGR4|SULF2|VANGL2|HES5,-5.8
MyList,GO Biological Processes,19,GO:0007420,brain development,19_GO:0032502 developmental process,-8.2,2.4,6.7,30293,727,953,54,5.7,0.75,190|238|358|493|613|655|1272|1524|1767|1901|2247|2746|4129|4983|5021|5080|5361|5727|6091|6299|6657|6658|6664|6751|6814|7101|7248|7280|7314|7474|7477|7545|7852|8321|8704|8829|9289|11166|23114|23657|25911|26227|54361|54541|55636|56934|63827|66000|79971|84750|340719|347733|347902|388585,NR0B1|ALK|AQP1|ATP2B4|BCR|BMP7|CNTN1|CX3CR1|DNAH5|S1PR1|FGF2|GLUD1|MAOB|OPHN1|OXTR|PAX6|PLXNA1|PTCH1|ROBO1|SALL1|SOX2|SOX3|SOX11|SSTR1|STXBP3|NR2E1|TSC1|TUBB2A|UBB|WNT5A|WNT7B|ZIC1|CXCR4|FZD1|B4GALT2|NRP1|ADGRG1|SOX21|NFASC|SLC7A11|DPCD|PHGDH|WNT4|DDIT4|CHD7|CA10|BCAN|TMEM108|WLS|FUT10|NANOS1|TUBB2B|AMIGO2|HES5,-5.6
MyList,GO Biological Processes,19,GO:0043410,positive regulation of MAPK cascade,19_GO:0048518 positive regulation of biological process,-8.2,2.7,6.9,30293,474,953,41,4.3,0.66,147|154|348|408|975|1796|2247|2261|2771|4504|4988|5028|5154|5156|5245|5788|6091|6464|6657|6764|7098|7099|7474|7477|7805|7936|8792|8829|10979|22881|23043|23286|23328|54361|54550|56005|57630|84868|146433|152007|220164,ADRA1B|ADRB2|APOE|ARRB1|CD81|DOK1|FGF2|FGFR3|GNAI2|MT3|OPRM1|P2RY1|PDGFA|PDGFRA|PHB1|PTPRC|ROBO1|SHC1|SOX2|DENND2B|TLR3|TLR4|WNT5A|WNT7B|LAPTM5|NELFE|TNFRSF11A|NRP1|FERMT2|ANKRD6|TNIK|WWC1|SASH1|WNT4|NECAB2|MYDGF|SH3RF1|HAVCR2|IL34|GLIPR2|DOK6,-5.6
MyList,GO Biological Processes,19,GO:0009063,amino acid catabolic process,19_GO:0008152 metabolic process,-8.1,5.3,8.1,30293,108,953,18,1.9,0.44,594|1757|2109|2184|2746|2747|2752|3028|3067|3155|3176|3712|4329|10247|23576|26275|84706|137872,BCKDHB|SARDH|ETFB|FAH|GLUD1|GLUD2|GLUL|HSD17B10|HDC|HMGCL|HNMT|IVD|ALDH6A1|RIDA|DDAH1|HIBCH|GPT2|ADHFE1,-5.6
MyList,GO Biological Processes,19,GO:0001822,kidney development,19_GO:0032502 developmental process,-8.1,3.3,7.2,30293,300,953,31,3.3,0.57,358|445|655|1512|1910|1948|2247|4087|4868|5125|5156|5727|6299|6422|6662|6664|7248|7474|7477|8829|9104|10758|25937|25976|26508|54361|55083|55366|55959|57216|388585,AQP1|ASS1|BMP7|CTSH|EDNRB|EFNB2|FGF2|SMAD2|NPHS1|PCSK5|PDGFRA|PTCH1|SALL1|SFRP1|SOX9|SOX11|TSC1|WNT5A|WNT7B|NRP1|RGN|TRAF3IP2|WWTR1|TIPARP|HEYL|WNT4|KIF26B|LGR4|SULF2|VANGL2|HES5,-5.6
MyList,GO Biological Processes,19,GO:0009636,response to toxic substance,19_GO:0050896 response to stimulus,-8.1,3.6,7.3,30293,236,953,27,2.8,0.54,348|445|670|2052|2053|2950|4067|4129|4257|4489|4495|4501|4502|4504|5002|5052|5445|6335|6415|10549|10715|23657|26471|55937|64359|84293|114112,APOE|ASS1|BPHL|EPHX1|EPHX2|GSTP1|LYN|MAOB|MGST1|MT1A|MT1G|MT1X|MT2A|MT3|SLC22A18|PRDX1|PON2|SCN9A|SELENOW|PRDX4|CERS1|SLC7A11|NUPR1|APOM|NXN|PRXL2A|TXNRD3,-5.6
MyList,GO Biological Processes,19,GO:1901605,alpha-amino acid metabolic process,19_GO:0008152 metabolic process,-8,3.8,7.4,30293,207,953,25,2.6,0.52,445|1757|2184|2639|2746|2747|2752|3028|3155|3712|4329|5033|5092|5831|10247|23576|23743|26227|26275|51582|55256|63826|65263|84706|137872,ASS1|SARDH|FAH|GCDH|GLUD1|GLUD2|GLUL|HSD17B10|HMGCL|IVD|ALDH6A1|P4HA1|PCBD1|PYCR1|RIDA|DDAH1|BHMT2|PHGDH|HIBCH|AZIN1|ADI1|SRR|PYCR3|GPT2|ADHFE1,-5.5
MyList,GO Biological Processes,19,GO:0051056,regulation of small GTPase mediated signal transduction,19_GO:0050896 response to stimulus,-8,3.3,7.1,30293,303,953,31,3.3,0.57,348|392|393|408|613|1452|2059|2840|4983|6091|6655|7409|8437|8829|9289|9938|10161|23189|23526|51291|55701|56990|57221|57514|58504|64926|81848|89846|121512|143872|221178,APOE|ARHGAP1|ARHGAP4|ARRB1|BCR|CSNK1A1|EPS8|GPR17|OPHN1|ROBO1|SOS2|VAV1|RASAL1|NRP1|ADGRG1|ARHGAP25|LPAR6|KANK1|ARHGAP45|GMIP|ARHGEF40|CDC42SE2|ARFGEF3|ARHGAP31|ARHGAP22|RASAL3|SPRY4|FGD3|FGD4|ARHGAP42|SPATA13,-5.5
MyList,GO Biological Processes,19,GO:0009725,response to hormone,19_GO:0050896 response to stimulus,-8,2.3,6.5,30293,780,953,56,5.9,0.76,2|358|445|590|594|655|677|678|952|1109|1176|1512|1536|1645|1718|1910|2887|3638|3784|4067|4129|4199|4504|5021|5080|5245|5580|5786|5788|5872|6422|6464|6655|6720|6751|6776|6814|7077|7101|7248|7477|8644|8792|8912|9070|9734|10413|10628|11031|11170|23205|51083|54541|57630|80339|387758,A2M|AQP1|ASS1|BCHE|BCKDHB|BMP7|ZFP36L1|ZFP36L2|CD38|AKR1C4|AP3S1|CTSH|CYBB|AKR1C1|DHCR24|EDNRB|GRB10|INSIG1|KCNQ1|LYN|MAOB|ME1|MT3|OXTR|PAX6|PHB1|PRKCD|PTPRA|PTPRC|RAB13|SFRP1|SHC1|SOS2|SREBF1|SSTR1|STAT5A|STXBP3|TIMP2|NR2E1|TSC1|WNT7B|AKR1C3|TNFRSF11A|CACNA1H|ASH2L|HDAC9|YAP1|TXNIP|RAB31|FAM107A|ACSBG1|GAL|DDIT4|SH3RF1|PNPLA3|FIBIN,-5.5
MyList,GO Biological Processes,19,GO:0098609,cell-cell adhesion,19_GO:0009987 cellular process,-7.9,2.6,6.7,30293,541,953,44,4.6,0.68,71|655|677|923|1006|1009|1266|1272|1501|1524|1740|2195|3689|3691|3987|4267|4868|5098|5156|5788|5792|6091|6404|6464|6662|6814|7430|7477|8613|9414|23114|23657|23705|27253|29091|54549|55591|57348|57722|64221|65217|84063|144100|347902,ACTG1|BMP7|ZFP36L1|CD6|CDH8|CDH11|CNN3|CNTN1|CTNND2|CX3CR1|DLG2|FAT1|ITGB2|ITGB4|LIMS1|CD99|NPHS1|PCDHGC3|PDGFRA|PTPRC|PTPRF|ROBO1|SELPLG|SHC1|SOX9|STXBP3|EZR|WNT7B|PLPP3|TJP2|NFASC|SLC7A11|CADM1|PCDH17|STXBP6|SDK2|VEZT|TTYH1|IGDCC4|ROBO3|PCDH15|KIRREL2|PLEKHA7|AMIGO2,-5.4
MyList,GO Biological Processes,19,GO:0046903,secretion,19_GO:0051179 localization,-7.8,2.6,6.6,30293,529,953,43,4.5,0.67,136|358|613|780|1174|1910|2054|2214|2697|3784|4067|4087|5021|5125|5293|5872|5874|6284|6623|6720|6776|6810|6814|7372|7462|8111|8447|8673|8862|8938|9501|10758|10972|11031|29887|51083|51760|79971|85477|90139|94121|115827|284021,ADORA2B|AQP1|BCR|DDR1|AP1S1|EDNRB|STX2|FCGR3A|GJA1|KCNQ1|LYN|SMAD2|OXTR|PCSK5|PIK3CD|RAB13|RAB27B|S100A13|SNCG|SREBF1|STAT5A|STX4|STXBP3|UMPS|LAT2|GPR68|DOC2B|VAMP8|APLN|BAIAP3|RPH3AL|TRAF3IP2|TMED10|RAB31|SNX10|GAL|SYT17|WLS|SCIN|TSPAN18|SYTL4|RAB3C|MILR1,-5.3
MyList,GO Biological Processes,19,GO:0030855,epithelial cell differentiation,19_GO:0032502 developmental process,-7.7,2.4,6.5,30293,630,953,48,5,0.71,190|307|613|655|1050|1200|1266|1645|1901|1910|2195|2247|2535|2697|3175|3784|4087|4646|4868|4983|5080|5727|5872|6299|6662|6664|7263|7430|7474|7477|7852|8321|8644|8829|9317|9414|10170|10413|10628|11145|23657|27152|51092|54361|56898|196383|284217|388585,NR0B1|ANXA4|BCR|BMP7|CEBPA|TPP1|CNN3|AKR1C1|S1PR1|EDNRB|FAT1|FGF2|FZD2|GJA1|ONECUT1|KCNQ1|SMAD2|MYO6|NPHS1|OPHN1|PAX6|PTCH1|RAB13|SALL1|SOX9|SOX11|TST|EZR|WNT5A|WNT7B|CXCR4|FZD1|AKR1C3|NRP1|PTER|TJP2|DHRS9|YAP1|TXNIP|PLAAT3|SLC7A11|INTU|SIDT2|WNT4|BDH2|RILPL2|LAMA1|HES5,-5.2
MyList,GO Biological Processes,19,GO:0071248,cellular response to metal ion,19_GO:0050896 response to stimulus,-7.7,3.8,7.2,30293,200,953,24,2.5,0.51,113|288|358|1050|1536|1740|2742|3162|3725|4489|4495|4501|4502|4504|6609|7184|7474|8437|8644|8912|27132|51760|84329|221184,ADCY7|ANK3|AQP1|CEBPA|CYBB|DLG2|GLRA2|HMOX1|JUN|MT1A|MT1G|MT1X|MT2A|MT3|SMPD1|HSP90B1|WNT5A|RASAL1|AKR1C3|CACNA1H|CPNE7|SYT17|HVCN1|CPNE2,-5.2
MyList,GO Biological Processes,19,GO:0009611,response to wounding,19_GO:0050896 response to stimulus,-7.6,2.8,6.7,30293,422,953,37,3.9,0.63,71|358|677|678|780|1524|1809|2247|2596|2768|3162|3691|4067|4772|5028|5080|5154|5156|6609|6657|6814|7098|7099|7409|7474|8613|8829|10413|22875|23657|29071|29082|55959|84062|84750|94121|349565,ACTG1|AQP1|ZFP36L1|ZFP36L2|DDR1|CX3CR1|DPYSL3|FGF2|GAP43|GNA12|HMOX1|ITGB4|LYN|NFATC1|P2RY1|PAX6|PDGFA|PDGFRA|SMPD1|SOX2|STXBP3|TLR3|TLR4|VAV1|WNT5A|PLPP3|NRP1|YAP1|ENPP4|SLC7A11|C1GALT1C1|CHMP4A|SULF2|DTNBP1|FUT10|SYTL4|NMNAT3,-5.2
MyList,GO Biological Processes,19,GO:0006886,intracellular protein transport,19_GO:0051179 localization,-7.5,2.6,6.5,30293,519,953,42,4.4,0.66,613|1174|1176|1740|1871|2054|2670|4646|5824|5874|6810|6814|7184|7805|8934|9501|10628|10758|10972|11031|11276|23161|23673|23787|26519|26521|27131|27236|29103|29887|54662|55176|57403|57537|63971|64374|64792|79971|90865|94121|133022|196383,BCR|AP1S1|AP3S1|DLG2|E2F3|STX2|GFAP|MYO6|PEX19|RAB27B|STX4|STXBP3|HSP90B1|LAPTM5|RAB29|RPH3AL|TXNIP|TRAF3IP2|TMED10|RAB31|SYNRG|SNX13|STX12|MTCH1|TIMM10|TIMM8B|SNX5|ARFIP1|DNAJC15|SNX10|TBC1D13|SEC61A2|RAB22A|SORCS2|KIF13A|SIL1|IFT22|WLS|IL33|SYTL4|TRAM1L1|RILPL2,-5.1
MyList,GO Biological Processes,19,GO:0051640,organelle localization,19_GO:0051179 localization,-7.5,2.5,6.5,30293,539,953,43,4.5,0.67,136|1176|2054|2697|3281|4067|4134|4935|5080|5293|5872|6284|6810|6814|6993|7013|7314|7345|7430|7462|8673|10972|22919|23673|26001|29058|29082|51115|51134|51693|55968|63971|79090|79443|81620|84062|94121|115827|117583|118426|152185|282991|284021,ADORA2B|AP3S1|STX2|GJA1|HSBP1|LYN|MAP4|GPR143|PAX6|PIK3CD|RAB13|S100A13|STX4|STXBP3|DYNLT1|TERF1|UBB|UCHL1|EZR|LAT2|VAMP8|TMED10|MAPRE1|STX12|RNF167|TMEM230|CHMP4A|RMDN1|CEP83|TRAPPC2L|NSFL1C|KIF13A|TRAPPC6A|FYCO1|CDT1|DTNBP1|SYTL4|RAB3C|PARD3B|BORCS5|SPICE1|BLOC1S2|MILR1,-5.1
MyList,GO Biological Processes,19,GO:0048812,neuron projection morphogenesis,19_GO:0032502 developmental process,-7.5,2.6,6.5,30293,484,953,40,4.2,0.65,71|288|655|780|1009|1272|1501|1948|2596|3730|4983|5080|5361|5588|5727|5764|5803|6091|6277|7101|7314|7345|7436|7474|7477|8829|10160|10381|23043|23114|28988|55364|55701|56896|57216|64221|66000|81628|84062|221074,ACTG1|ANK3|BMP7|DDR1|CDH11|CNTN1|CTNND2|EFNB2|GAP43|ANOS1|OPHN1|PAX6|PLXNA1|PRKCQ|PTCH1|PTN|PTPRZ1|ROBO1|S100A6|NR2E1|UBB|UCHL1|VLDLR|WNT5A|WNT7B|NRP1|FARP1|TUBB3|TNIK|NFASC|DBNL|IMPACT|ARHGEF40|DPYSL5|VANGL2|ROBO3|TMEM108|TSC22D4|DTNBP1|SLC39A12,-5
MyList,GO Biological Processes,19,GO:0006635,fatty acid beta-oxidation,19_GO:0008152 metabolic process,-7.4,6.9,8.2,30293,60,953,13,1.4,0.38,30|33|1891|2109|2110|2639|3028|3712|8309|10449|10455|55862|56898,ACAA1|ACADL|ECH1|ETFB|ETFDH|GCDH|HSD17B10|IVD|ACOX2|ACAA2|ECI2|ECHDC1|BDH2,-5
MyList,GO Biological Processes,19,GO:0048598,embryonic morphogenesis,19_GO:0032502 developmental process,-7.4,2.4,6.4,30293,585,953,45,4.7,0.69,187|190|613|655|677|2139|2202|2247|2535|2697|2768|3281|3638|3689|3691|3784|4087|4646|5080|5156|5396|5727|5950|6299|6422|6657|6662|6664|7248|7474|7477|7545|8321|8613|8862|9646|10413|25949|27152|54361|55636|57216|79971|221074|388585,APLNR|NR0B1|BCR|BMP7|ZFP36L1|EYA2|EFEMP1|FGF2|FZD2|GJA1|GNA12|HSBP1|INSIG1|ITGB2|ITGB4|KCNQ1|SMAD2|MYO6|PAX6|PDGFRA|PRRX1|PTCH1|RBP4|SALL1|SFRP1|SOX2|SOX9|SOX11|TSC1|WNT5A|WNT7B|ZIC1|FZD1|PLPP3|APLN|CTR9|YAP1|SYF2|INTU|WNT4|CHD7|VANGL2|WLS|SLC39A12|HES5,-5
MyList,GO Biological Processes,19,GO:0120039,plasma membrane bounded cell projection morphogenesis,19_GO:0032502 developmental process,-7.3,2.6,6.4,30293,489,953,40,4.2,0.65,71|288|655|780|1009|1272|1501|1948|2596|3730|4983|5080|5361|5588|5727|5764|5803|6091|6277|7101|7314|7345|7436|7474|7477|8829|10160|10381|23043|23114|28988|55364|55701|56896|57216|64221|66000|81628|84062|221074,ACTG1|ANK3|BMP7|DDR1|CDH11|CNTN1|CTNND2|EFNB2|GAP43|ANOS1|OPHN1|PAX6|PLXNA1|PRKCQ|PTCH1|PTN|PTPRZ1|ROBO1|S100A6|NR2E1|UBB|UCHL1|VLDLR|WNT5A|WNT7B|NRP1|FARP1|TUBB3|TNIK|NFASC|DBNL|IMPACT|ARHGEF40|DPYSL5|VANGL2|ROBO3|TMEM108|TSC22D4|DTNBP1|SLC39A12,-4.9
MyList,GO Biological Processes,19,GO:0050865,regulation of cell activation,19_GO:0032501 multicellular organismal process,-7.3,2.4,6.3,30293,628,953,47,4.9,0.7,199|348|677|678|865|923|952|975|1050|1948|2214|3109|3149|3821|3822|3823|3949|4004|4067|4860|5154|5156|5580|5588|5788|6422|6441|6655|6664|7099|7409|7474|7525|7805|7940|9308|11006|30011|51083|57630|64926|84868|90865|92196|221395|284021|654346,AIF1|APOE|ZFP36L1|ZFP36L2|CBFB|CD6|CD38|CD81|CEBPA|EFNB2|FCGR3A|HLA-DMB|HMGB3|KLRC1|KLRC2|KLRC3|LDLR|LMO1|LYN|PNP|PDGFA|PDGFRA|PRKCD|PRKCQ|PTPRC|SFRP1|SFTPD|SOS2|SOX11|TLR4|VAV1|WNT5A|YES1|LAPTM5|LST1|CD83|LILRB4|SH3KBP1|GAL|SH3RF1|RASAL3|HAVCR2|IL33|DAPL1|ADGRF5|MILR1|LGALS9C,-4.9
MyList,GO Biological Processes,19,GO:0071496,cellular response to external stimulus,19_GO:0050896 response to stimulus,-7.3,3,6.6,30293,326,953,31,3.3,0.57,136|358|834|968|1452|2247|2752|3992|4067|5788|6422|6662|6720|7098|7099|7248|8644|8792|8897|9780|11170|26001|29103|51100|54361|55364|55615|64121|90865|92196|652968,ADORA2B|AQP1|CASP1|CD68|CSNK1A1|FGF2|GLUL|FADS1|LYN|PTPRC|SFRP1|SOX9|SREBF1|TLR3|TLR4|TSC1|AKR1C3|TNFRSF11A|MTMR3|PIEZO1|FAM107A|RNF167|DNAJC15|SH3GLB1|WNT4|IMPACT|PRR5|RRAGC|IL33|DAPL1|CASTOR1,-4.9
MyList,GO Biological Processes,19,GO:0045596,negative regulation of cell differentiation,19_GO:0032502 developmental process,-7.2,2.3,6.2,30293,734,953,52,5.5,0.74,393|655|677|678|714|865|1050|1910|2202|3149|3638|3949|4067|4504|4772|5080|5727|5764|6422|6657|6658|6662|6664|6993|7098|7099|7101|7130|7474|8111|8451|8829|9274|9646|10413|10979|11006|25805|25937|28959|53342|54361|54756|55365|55796|56896|58190|147906|151176|161742|221476|388585,ARHGAP4|BMP7|ZFP36L1|ZFP36L2|C1QC|CBFB|CEBPA|EDNRB|EFEMP1|HMGB3|INSIG1|LDLR|LYN|MT3|NFATC1|PAX6|PTCH1|PTN|SFRP1|SOX2|SOX3|SOX9|SOX11|DYNLT1|TLR3|TLR4|NR2E1|TNFAIP6|WNT5A|GPR68|CUL4A|NRP1|BCL7C|CTR9|YAP1|FERMT2|LILRB4|BAMBI|WWTR1|TMEM176B|IL17D|WNT4|IL17RD|TMEM176A|MBNL3|DPYSL5|CTDSP1|DACT3|ERFE|SPRED1|PI16|HES5,-4.9
MyList,GO Biological Processes,19,GO:0071345,cellular response to cytokine stimulus,19_GO:0050896 response to stimulus,-7.2,2.2,6.2,30293,736,953,52,5.5,0.74,71|199|330|361|445|677|678|834|1050|1438|1524|1796|1809|2059|2635|2840|3597|3987|4067|4501|4502|4504|4772|5080|5245|6404|6422|6662|6723|6751|6776|6810|6814|7098|7099|7114|7474|7852|8792|9646|10413|10758|11006|22808|23580|29887|54756|55540|80258|81848|90865|146433,ACTG1|AIF1|BIRC3|AQP4|ASS1|ZFP36L1|ZFP36L2|CASP1|CEBPA|CSF2RA|CX3CR1|DOK1|DPYSL3|EPS8|GBP3|GPR17|IL13RA1|LIMS1|LYN|MT1X|MT2A|MT3|NFATC1|PAX6|PHB1|SELPLG|SFRP1|SOX9|SRM|SSTR1|STAT5A|STX4|STXBP3|TLR3|TLR4|TMSB4X|WNT5A|CXCR4|TNFRSF11A|CTR9|YAP1|TRAF3IP2|LILRB4|MRAS|CDC42EP4|SNX10|IL17RD|IL17RB|EFHC2|SPRY4|IL33|IL34,-4.9
MyList,GO Biological Processes,19,GO:0048858,cell projection morphogenesis,19_GO:0032502 developmental process,-7.2,2.6,6.4,30293,494,953,40,4.2,0.65,71|288|655|780|1009|1272|1501|1948|2596|3730|4983|5080|5361|5588|5727|5764|5803|6091|6277|7101|7314|7345|7436|7474|7477|8829|10160|10381|23043|23114|28988|55364|55701|56896|57216|64221|66000|81628|84062|221074,ACTG1|ANK3|BMP7|DDR1|CDH11|CNTN1|CTNND2|EFNB2|GAP43|ANOS1|OPHN1|PAX6|PLXNA1|PRKCQ|PTCH1|PTN|PTPRZ1|ROBO1|S100A6|NR2E1|UBB|UCHL1|VLDLR|WNT5A|WNT7B|NRP1|FARP1|TUBB3|TNIK|NFASC|DBNL|IMPACT|ARHGEF40|DPYSL5|VANGL2|ROBO3|TMEM108|TSC22D4|DTNBP1|SLC39A12,-4.9
MyList,GO Biological Processes,19,GO:0034330,cell junction organization,19_GO:0009987 cellular process,-7.2,2.5,6.3,30293,533,953,42,4.4,0.66,71|288|348|613|712|713|714|718|1006|1009|1501|1524|1948|2556|2697|3691|3987|4868|4983|5098|5792|5872|6623|7205|7248|7430|7474|7477|8321|8829|8934|9414|10160|10882|10979|11079|27253|28988|54549|63827|66000|144100,ACTG1|ANK3|APOE|BCR|C1QA|C1QB|C1QC|C3|CDH8|CDH11|CTNND2|CX3CR1|EFNB2|GABRA3|GJA1|ITGB4|LIMS1|NPHS1|OPHN1|PCDHGC3|PTPRF|RAB13|SNCG|TRIP6|TSC1|EZR|WNT5A|WNT7B|FZD1|NRP1|RAB29|TJP2|FARP1|C1QL1|FERMT2|RER1|PCDH17|DBNL|SDK2|BCAN|TMEM108|PLEKHA7,-4.9
MyList,GO Biological Processes,19,GO:0007264,small GTPase mediated signal transduction,19_GO:0050896 response to stimulus,-7.1,3.3,6.7,30293,262,953,27,2.8,0.54,199|392|393|613|1718|1796|2059|2247|2768|4893|6016|6655|9077|9289|10160|11021|11188|22808|23179|23348|23580|28988|57139|57381|57514|64121|220164,AIF1|ARHGAP1|ARHGAP4|BCR|DHCR24|DOK1|EPS8|FGF2|GNA12|NRAS|RIT1|SOS2|DIRAS3|ADGRG1|FARP1|RAB35|NISCH|MRAS|RGL1|DOCK9|CDC42EP4|DBNL|RGL3|RHOJ|ARHGAP31|RRAGC|DOK6,-4.8
MyList,GO Biological Processes,19,GO:0030258,lipid modification,19_GO:0008152 metabolic process,-7.1,4,7,30293,168,953,21,2.2,0.48,30|33|240|1891|2053|2109|2110|2639|3028|3712|8309|8613|8897|10449|10455|54886|55862|56898|79948|129642|196051,ACAA1|ACADL|ALOX5|ECH1|EPHX2|ETFB|ETFDH|GCDH|HSD17B10|IVD|ACOX2|PLPP3|MTMR3|ACAA2|ECI2|PLPPR1|ECHDC1|BDH2|PLPPR3|MBOAT2|PLPP4,-4.7
MyList,GO Biological Processes,19,GO:0032989,cellular anatomical entity morphogenesis,19_GO:0032502 developmental process,-6.9,2.4,6.1,30293,605,953,45,4.7,0.69,70|71|288|655|780|1009|1272|1501|1948|2596|3691|3730|4604|4983|5080|5156|5361|5588|5727|5764|5803|6091|6277|7101|7314|7345|7436|7474|7477|8736|8829|10160|10381|23043|23114|28988|55364|55701|56896|57216|64221|66000|81628|84062|221074,ACTC1|ACTG1|ANK3|BMP7|DDR1|CDH11|CNTN1|CTNND2|EFNB2|GAP43|ITGB4|ANOS1|MYBPC1|OPHN1|PAX6|PDGFRA|PLXNA1|PRKCQ|PTCH1|PTN|PTPRZ1|ROBO1|S100A6|NR2E1|UBB|UCHL1|VLDLR|WNT5A|WNT7B|MYOM1|NRP1|FARP1|TUBB3|TNIK|NFASC|DBNL|IMPACT|ARHGEF40|DPYSL5|VANGL2|ROBO3|TMEM108|TSC22D4|DTNBP1|SLC39A12,-4.6
MyList,GO Biological Processes,19,GO:0070663,regulation of leukocyte proliferation,19_GO:0050789 regulation of biological process,-6.9,3.2,6.6,30293,267,953,27,2.8,0.54,199|923|952|975|1438|2214|2950|3109|4004|4067|4860|5588|5788|6441|6480|6655|6664|7099|7940|11006|51083|57630|64926|84868|90865|146433|654346,AIF1|CD6|CD38|CD81|CSF2RA|FCGR3A|GSTP1|HLA-DMB|LMO1|LYN|PNP|PRKCQ|PTPRC|SFTPD|ST6GAL1|SOS2|SOX11|TLR4|LST1|LILRB4|GAL|SH3RF1|RASAL3|HAVCR2|IL33|IL34|LGALS9C,-4.6
MyList,GO Biological Processes,19,GO:0090287,regulation of cellular response to growth factor stimulus,19_GO:0050896 response to stimulus,-6.9,2.8,6.3,30293,373,953,33,3.5,0.59,493|967|2247|2734|2887|3175|4087|4504|5654|6091|6422|6664|7130|7474|8321|8829|8862|25805|54361|54756|54976|55612|55959|56884|63976|64081|66000|81848|84312|143282|147372|161742|388585,ATP2B4|CD63|FGF2|GLG1|GRB10|ONECUT1|SMAD2|MT3|HTRA1|ROBO1|SFRP1|SOX11|TNFAIP6|WNT5A|FZD1|NRP1|APLN|BAMBI|WNT4|IL17RD|ADISSP|FERMT1|SULF2|FSTL5|PRDM16|PBLD|TMEM108|SPRY4|BRMS1L|FGFBP3|CCBE1|SPRED1|HES5,-4.6
MyList,GO Biological Processes,19,GO:0032940,secretion by cell,19_GO:0051179 localization,-6.9,2.7,6.3,30293,412,953,35,3.7,0.61,136|358|613|1174|1910|2054|2214|2697|3784|4067|4087|5125|5293|5872|5874|6284|6623|6720|6810|6814|7462|8111|8447|8938|9501|10972|11031|51083|51760|79971|85477|90139|94121|115827|284021,ADORA2B|AQP1|BCR|AP1S1|EDNRB|STX2|FCGR3A|GJA1|KCNQ1|LYN|SMAD2|PCSK5|PIK3CD|RAB13|RAB27B|S100A13|SNCG|SREBF1|STX4|STXBP3|LAT2|GPR68|DOC2B|BAIAP3|RPH3AL|TMED10|RAB31|GAL|SYT17|WLS|SCIN|TSPAN18|SYTL4|RAB3C|MILR1,-4.6
MyList,GO Biological Processes,19,GO:0048514,blood vessel morphogenesis,19_GO:0032502 developmental process,-6.9,2.7,6.2,30293,431,953,36,3.8,0.62,71|187|348|677|1901|1948|2247|2697|2752|3162|3949|5154|5156|5396|6091|6444|6464|7045|7101|7477|8829|8862|9289|10413|23251|25976|30008|51129|55636|56005|57381|58504|147372|161742|221395|284217,ACTG1|APLNR|APOE|ZFP36L1|S1PR1|EFNB2|FGF2|GJA1|GLUL|HMOX1|LDLR|PDGFA|PDGFRA|PRRX1|ROBO1|SGCD|SHC1|TGFBI|NR2E1|WNT7B|NRP1|APLN|ADGRG1|YAP1|MINAR1|TIPARP|EFEMP2|ANGPTL4|CHD7|MYDGF|RHOJ|ARHGAP22|CCBE1|SPRED1|ADGRF5|LAMA1,-4.6
MyList,GO Biological Processes,19,GO:0060627,regulation of vesicle-mediated transport,19_GO:0051179 localization,-6.9,2.5,6.1,30293,529,953,41,4.3,0.66,71|136|348|392|408|613|718|967|1191|1948|2771|3689|3822|4067|4983|5028|5788|5872|5874|6441|6609|6810|6814|7430|7474|8447|8673|8829|8862|8934|8938|9501|11031|27236|29091|51760|54550|84062|85439|94121|115827,ACTG1|ADORA2B|APOE|ARHGAP1|ARRB1|BCR|C3|CD63|CLU|EFNB2|GNAI2|ITGB2|KLRC2|LYN|OPHN1|P2RY1|PTPRC|RAB13|RAB27B|SFTPD|SMPD1|STX4|STXBP3|EZR|WNT5A|DOC2B|VAMP8|NRP1|APLN|RAB29|BAIAP3|RPH3AL|RAB31|ARFIP1|STXBP6|SYT17|NECAB2|DTNBP1|STON2|SYTL4|RAB3C,-4.6
MyList,GO Biological Processes,19,GO:0002694,regulation of leukocyte activation,19_GO:0002376 immune system process,-6.8,2.4,6.1,30293,571,953,43,4.5,0.67,199|677|678|865|923|952|975|1050|1948|2214|3109|3149|3821|3822|3823|3949|4004|4067|4860|5588|5788|6422|6441|6655|6664|7099|7409|7474|7525|7805|7940|9308|11006|30011|51083|57630|64926|84868|90865|92196|221395|284021|654346,AIF1|ZFP36L1|ZFP36L2|CBFB|CD6|CD38|CD81|CEBPA|EFNB2|FCGR3A|HLA-DMB|HMGB3|KLRC1|KLRC2|KLRC3|LDLR|LMO1|LYN|PNP|PRKCQ|PTPRC|SFRP1|SFTPD|SOS2|SOX11|TLR4|VAV1|WNT5A|YES1|LAPTM5|LST1|CD83|LILRB4|SH3KBP1|GAL|SH3RF1|RASAL3|HAVCR2|IL33|DAPL1|ADGRF5|MILR1|LGALS9C,-4.5
MyList,GO Biological Processes,19,GO:0042063,gliogenesis,19_GO:0032502 developmental process,-6.8,3.2,6.5,30293,271,953,27,2.8,0.54,712|1191|1272|1462|2247|2596|2670|2824|2840|3691|4067|5028|5080|5803|6657|6662|6664|7099|7101|8613|9289|10100|26227|63827|90865|146433|388585,C1QA|CLU|CNTN1|VCAN|FGF2|GAP43|GFAP|GPM6B|GPR17|ITGB4|LYN|P2RY1|PAX6|PTPRZ1|SOX2|SOX9|SOX11|TLR4|NR2E1|PLPP3|ADGRG1|TSPAN2|PHGDH|BCAN|IL33|IL34|HES5,-4.5
MyList,GO Biological Processes,19,GO:0010038,response to metal ion,19_GO:0050896 response to stimulus,-6.8,2.8,6.3,30293,360,953,32,3.4,0.58,113|288|358|445|1050|1536|1740|2742|2937|3162|3725|4129|4489|4495|4501|4502|4504|6609|7184|7474|8437|8644|8912|10242|10628|27132|27345|51760|84329|140576|221184|387758,ADCY7|ANK3|AQP1|ASS1|CEBPA|CYBB|DLG2|GLRA2|GSS|HMOX1|JUN|MAOB|MT1A|MT1G|MT1X|MT2A|MT3|SMPD1|HSP90B1|WNT5A|RASAL1|AKR1C3|CACNA1H|KCNMB2|TXNIP|CPNE7|KCNMB4|SYT17|HVCN1|S100A16|CPNE2|FIBIN,-4.5
MyList,GO Biological Processes,19,GO:0140352,export from cell,19_GO:0051179 localization,-6.8,2.5,6.1,30293,474,953,38,4,0.63,136|358|613|1174|1910|2054|2214|2697|3741|3784|4067|4087|5002|5125|5293|5872|5874|6284|6623|6720|6810|6814|7462|8111|8447|8938|9501|10972|11031|30061|51083|51760|79971|85477|90139|94121|115827|284021,ADORA2B|AQP1|BCR|AP1S1|EDNRB|STX2|FCGR3A|GJA1|KCNA5|KCNQ1|LYN|SMAD2|SLC22A18|PCSK5|PIK3CD|RAB13|RAB27B|S100A13|SNCG|SREBF1|STX4|STXBP3|LAT2|GPR68|DOC2B|BAIAP3|RPH3AL|TMED10|RAB31|SLC40A1|GAL|SYT17|WLS|SCIN|TSPAN18|SYTL4|RAB3C|MILR1,-4.5
MyList,GO Biological Processes,19,GO:0007265,Ras protein signal transduction,19_GO:0050896 response to stimulus,-6.8,3.7,6.6,30293,191,953,22,2.3,0.49,199|392|393|1718|1796|2059|2247|2768|4893|6016|6655|9289|10160|11021|11188|22808|23179|23580|28988|57139|57381|220164,AIF1|ARHGAP1|ARHGAP4|DHCR24|DOK1|EPS8|FGF2|GNA12|NRAS|RIT1|SOS2|ADGRG1|FARP1|RAB35|NISCH|MRAS|RGL1|CDC42EP4|DBNL|RGL3|RHOJ|DOK6,-4.5
MyList,GO Biological Processes,19,GO:0000902,cell morphogenesis,19_GO:0032502 developmental process,-6.7,2.2,5.9,30293,680,953,48,5,0.71,71|288|655|780|1006|1009|1191|1272|1501|1948|2195|2596|3730|4983|5080|5361|5588|5727|5764|5803|6091|6277|7101|7314|7345|7436|7474|7477|7940|8829|10160|10381|10413|23043|23114|28988|29071|51092|55364|55701|56896|57216|64221|66000|81628|84062|196383|221074,ACTG1|ANK3|BMP7|DDR1|CDH8|CDH11|CLU|CNTN1|CTNND2|EFNB2|FAT1|GAP43|ANOS1|OPHN1|PAX6|PLXNA1|PRKCQ|PTCH1|PTN|PTPRZ1|ROBO1|S100A6|NR2E1|UBB|UCHL1|VLDLR|WNT5A|WNT7B|LST1|NRP1|FARP1|TUBB3|YAP1|TNIK|NFASC|DBNL|C1GALT1C1|SIDT2|IMPACT|ARHGEF40|DPYSL5|VANGL2|ROBO3|TMEM108|TSC22D4|DTNBP1|RILPL2|SLC39A12,-4.4
MyList,GO Biological Processes,19,GO:0022604,regulation of cell morphogenesis,19_GO:0032502 developmental process,-6.6,3.2,6.4,30293,245,953,25,2.6,0.52,1690|2059|2768|3689|4651|5028|5361|6239|6678|7430|7474|7852|7940|8437|10979|23189|23580|25805|30011|51760|56990|57381|89846|121512|126374,COCH|EPS8|GNA12|ITGB2|MYO10|P2RY1|PLXNA1|RREB1|SPARC|EZR|WNT5A|CXCR4|LST1|RASAL1|FERMT2|KANK1|CDC42EP4|BAMBI|SH3KBP1|SYT17|CDC42SE2|RHOJ|FGD3|FGD4|WTIP,-4.3
MyList,GO Biological Processes,19,GO:0009410,response to xenobiotic stimulus,19_GO:0050896 response to stimulus,-6.5,2.6,6,30293,426,953,35,3.7,0.61,30|445|590|670|952|1536|1573|1645|2052|2768|2950|3784|4067|4129|4646|4860|5021|5080|5727|6422|6609|6720|7098|7345|7372|7409|7852|8321|10628|10715|10758|27233|51083|55315|63826,ACAA1|ASS1|BCHE|BPHL|CD38|CYBB|CYP2J2|AKR1C1|EPHX1|GNA12|GSTP1|KCNQ1|LYN|MAOB|MYO6|PNP|OXTR|PAX6|PTCH1|SFRP1|SMPD1|SREBF1|TLR3|UCHL1|UMPS|VAV1|CXCR4|FZD1|TXNIP|CERS1|TRAF3IP2|SULT1C4|GAL|SLC29A3|SRR,-4.3
MyList,GO Biological Processes,19,GO:0051656,establishment of organelle localization,19_GO:0051179 localization,-6.5,2.7,6.1,30293,407,953,34,3.6,0.6,136|1176|2697|3281|4067|4134|4935|5080|5293|6284|6993|7013|7314|7345|7430|7462|10972|22919|29058|29082|51115|51134|51693|55968|63971|79090|79443|81620|84062|117583|118426|152185|282991|284021,ADORA2B|AP3S1|GJA1|HSBP1|LYN|MAP4|GPR143|PAX6|PIK3CD|S100A13|DYNLT1|TERF1|UBB|UCHL1|EZR|LAT2|TMED10|MAPRE1|TMEM230|CHMP4A|RMDN1|CEP83|TRAPPC2L|NSFL1C|KIF13A|TRAPPC6A|FYCO1|CDT1|DTNBP1|PARD3B|BORCS5|SPICE1|BLOC1S2|MILR1,-4.3
MyList,GO Biological Processes,19,GO:0030900,forebrain development,19_GO:0032502 developmental process,-6.5,2.7,6.1,30293,407,953,34,3.6,0.6,190|238|358|493|1767|2247|4983|5021|5080|5361|6091|6299|6657|6658|6751|7101|7248|7280|7314|7474|7477|7545|7852|8829|9289|23657|25911|54361|55636|63827|66000|84750|347733|388585,NR0B1|ALK|AQP1|ATP2B4|DNAH5|FGF2|OPHN1|OXTR|PAX6|PLXNA1|ROBO1|SALL1|SOX2|SOX3|SSTR1|NR2E1|TSC1|TUBB2A|UBB|WNT5A|WNT7B|ZIC1|CXCR4|NRP1|ADGRG1|SLC7A11|DPCD|WNT4|CHD7|BCAN|TMEM108|FUT10|TUBB2B|HES5,-4.3
MyList,GO Biological Processes,19,GO:0071241,cellular response to inorganic substance,19_GO:0050896 response to stimulus,-6.5,3.3,6.4,30293,229,953,24,2.5,0.51,113|288|358|1050|1536|1740|2742|3162|3725|4489|4495|4501|4502|4504|6609|7184|7474|8437|8644|8912|27132|51760|84329|221184,ADCY7|ANK3|AQP1|CEBPA|CYBB|DLG2|GLRA2|HMOX1|JUN|MT1A|MT1G|MT1X|MT2A|MT3|SMPD1|HSP90B1|WNT5A|RASAL1|AKR1C3|CACNA1H|CPNE7|SYT17|HVCN1|CPNE2,-4.3
MyList,GO Biological Processes,19,GO:0043009,chordate embryonic development,19_GO:0032502 developmental process,-6.5,2.3,5.8,30293,648,953,46,4.8,0.69,655|677|1050|1603|2535|2697|2768|4082|4087|5080|5125|5156|5396|5727|5950|6422|6662|6664|7205|7248|7474|7477|8321|8451|9646|10161|10413|10436|25949|26227|27152|27341|50814|55636|55959|57216|57718|64131|64359|81624|123920|196051|202018|221074|221395|388585,BMP7|ZFP36L1|CEBPA|DAD1|FZD2|GJA1|GNA12|MARCKS|SMAD2|PAX6|PCSK5|PDGFRA|PRRX1|PTCH1|RBP4|SFRP1|SOX9|SOX11|TRIP6|TSC1|WNT5A|WNT7B|FZD1|CUL4A|CTR9|LPAR6|YAP1|EMG1|SYF2|PHGDH|INTU|RRP7A|NSDHL|CHD7|SULF2|VANGL2|PPP4R4|XYLT1|NXN|DIAPH3|CMTM3|PLPP4|TAPT1|SLC39A12|ADGRF5|HES5,-4.3
MyList,GO Biological Processes,19,GO:0009792,embryo development ending in birth or egg hatching,19_GO:0032502 developmental process,-6.5,2.2,5.8,30293,669,953,47,4.9,0.7,655|677|1050|1603|2247|2535|2697|2768|4082|4087|5080|5125|5156|5396|5727|5950|6422|6662|6664|7205|7248|7474|7477|8321|8451|9646|10161|10413|10436|25949|26227|27152|27341|50814|55636|55959|57216|57718|64131|64359|81624|123920|196051|202018|221074|221395|388585,BMP7|ZFP36L1|CEBPA|DAD1|FGF2|FZD2|GJA1|GNA12|MARCKS|SMAD2|PAX6|PCSK5|PDGFRA|PRRX1|PTCH1|RBP4|SFRP1|SOX9|SOX11|TRIP6|TSC1|WNT5A|WNT7B|FZD1|CUL4A|CTR9|LPAR6|YAP1|EMG1|SYF2|PHGDH|INTU|RRP7A|NSDHL|CHD7|SULF2|VANGL2|PPP4R4|XYLT1|NXN|DIAPH3|CMTM3|PLPP4|TAPT1|SLC39A12|ADGRF5|HES5,-4.3
MyList,GO Biological Processes,19,GO:0001944,vasculature development,19_GO:0032502 developmental process,-6.5,2.4,5.9,30293,546,953,41,4.3,0.66,71|187|348|358|677|1901|1948|2247|2697|2752|3162|3949|5080|5154|5156|5396|6091|6094|6444|6464|7045|7101|7477|8613|8829|8862|9289|10413|23251|25976|30008|50814|51129|55636|56005|57381|58504|147372|161742|221395|284217,ACTG1|APLNR|APOE|AQP1|ZFP36L1|S1PR1|EFNB2|FGF2|GJA1|GLUL|HMOX1|LDLR|PAX6|PDGFA|PDGFRA|PRRX1|ROBO1|ROM1|SGCD|SHC1|TGFBI|NR2E1|WNT7B|PLPP3|NRP1|APLN|ADGRG1|YAP1|MINAR1|TIPARP|EFEMP2|NSDHL|ANGPTL4|CHD7|MYDGF|RHOJ|ARHGAP22|CCBE1|SPRED1|ADGRF5|LAMA1,-4.3
MyList,GO Biological Processes,19,GO:0001568,blood vessel development,19_GO:0032502 developmental process,-6.5,2.4,5.9,30293,526,953,40,4.2,0.65,71|187|348|358|677|1901|1948|2247|2697|2752|3162|3949|5080|5154|5156|5396|6091|6444|6464|7045|7101|7477|8613|8829|8862|9289|10413|23251|25976|30008|50814|51129|55636|56005|57381|58504|147372|161742|221395|284217,ACTG1|APLNR|APOE|AQP1|ZFP36L1|S1PR1|EFNB2|FGF2|GJA1|GLUL|HMOX1|LDLR|PAX6|PDGFA|PDGFRA|PRRX1|ROBO1|SGCD|SHC1|TGFBI|NR2E1|WNT7B|PLPP3|NRP1|APLN|ADGRG1|YAP1|MINAR1|TIPARP|EFEMP2|NSDHL|ANGPTL4|CHD7|MYDGF|RHOJ|ARHGAP22|CCBE1|SPRED1|ADGRF5|LAMA1,-4.3
MyList,GO Biological Processes,19,GO:0010001,glial cell differentiation,19_GO:0032502 developmental process,-6.4,3.4,6.4,30293,215,953,23,2.4,0.5,712|1191|1272|1462|2247|2596|2670|2824|2840|3691|4067|5080|5803|6657|6662|6664|7099|7101|8613|10100|26227|63827|388585,C1QA|CLU|CNTN1|VCAN|FGF2|GAP43|GFAP|GPM6B|GPR17|ITGB4|LYN|PAX6|PTPRZ1|SOX2|SOX9|SOX11|TLR4|NR2E1|PLPP3|TSPAN2|PHGDH|BCAN|HES5,-4.2
MyList,GO Biological Processes,19,GO:0048729,tissue morphogenesis,19_GO:0032502 developmental process,-6.4,2.3,5.8,30293,570,953,42,4.4,0.66,70|71|187|655|780|1512|1901|1948|2139|2195|2247|2535|2697|3691|4087|4983|5361|5727|6091|6299|6422|6662|6664|7248|7474|7477|7852|8321|8829|10413|26508|27152|30008|54361|55083|55366|55636|57216|79971|221074|284217|388585,ACTC1|ACTG1|APLNR|BMP7|DDR1|CTSH|S1PR1|EFNB2|EYA2|FAT1|FGF2|FZD2|GJA1|ITGB4|SMAD2|OPHN1|PLXNA1|PTCH1|ROBO1|SALL1|SFRP1|SOX9|SOX11|TSC1|WNT5A|WNT7B|CXCR4|FZD1|NRP1|YAP1|HEYL|INTU|EFEMP2|WNT4|KIF26B|LGR4|CHD7|VANGL2|WLS|SLC39A12|LAMA1|HES5,-4.2
MyList,GO Biological Processes,19,GO:0071396,cellular response to lipid,19_GO:0050896 response to stimulus,-6.3,2.4,5.8,30293,535,953,40,4.2,0.65,358|445|613|677|678|834|923|968|1109|1524|1645|1910|2635|2950|3638|3949|4067|4257|5080|5245|5727|6422|6662|6720|6751|7099|7101|7474|7477|7525|8644|9516|9646|10413|10417|11170|23209|54541|57088|84868,AQP1|ASS1|BCR|ZFP36L1|ZFP36L2|CASP1|CD6|CD68|AKR1C4|CX3CR1|AKR1C1|EDNRB|GBP3|GSTP1|INSIG1|LDLR|LYN|MGST1|PAX6|PHB1|PTCH1|SFRP1|SOX9|SREBF1|SSTR1|TLR4|NR2E1|WNT5A|WNT7B|YES1|AKR1C3|LITAF|CTR9|YAP1|SPON2|FAM107A|MLC1|DDIT4|PLSCR4|HAVCR2,-4.1
MyList,GO Biological Processes,19,GO:0070201,regulation of establishment of protein localization,19_GO:0051179 localization,-6.3,2.4,5.8,30293,535,953,40,4.2,0.65,240|288|348|952|975|1595|2040|2746|3638|3689|3741|3936|4947|4988|5580|5950|6422|6720|6810|7013|7099|7545|8111|8447|8736|8934|8938|9501|10972|23657|27236|51092|51100|51686|55612|64215|79651|79971|94121|127933,ALOX5|ANK3|APOE|CD38|CD81|CYP51A1|STOM|GLUD1|INSIG1|ITGB2|KCNA5|LCP1|OAZ2|OPRM1|PRKCD|RBP4|SFRP1|SREBF1|STX4|TERF1|TLR4|ZIC1|GPR68|DOC2B|MYOM1|RAB29|BAIAP3|RPH3AL|TMED10|SLC7A11|ARFIP1|SIDT2|SH3GLB1|OAZ3|FERMT1|DNAJC1|RHBDF2|WLS|SYTL4|UHMK1,-4.1
MyList,GO Biological Processes,19,GO:0051223,regulation of protein transport,19_GO:0051179 localization,-6.3,2.5,5.9,30293,438,953,35,3.7,0.61,240|348|952|975|1595|2746|3638|3741|3936|4947|4988|5580|5950|6422|6720|6810|7099|7545|8111|8447|8736|8934|8938|9501|10972|23657|27236|51092|51686|55612|64215|79651|79971|94121|127933,ALOX5|APOE|CD38|CD81|CYP51A1|GLUD1|INSIG1|KCNA5|LCP1|OAZ2|OPRM1|PRKCD|RBP4|SFRP1|SREBF1|STX4|TLR4|ZIC1|GPR68|DOC2B|MYOM1|RAB29|BAIAP3|RPH3AL|TMED10|SLC7A11|ARFIP1|SIDT2|OAZ3|FERMT1|DNAJC1|RHBDF2|WLS|SYTL4|UHMK1,-4.1
MyList,GO Biological Processes,19,GO:0045937,positive regulation of phosphate metabolic process,19_GO:0048518 positive regulation of biological process,-6.3,2.2,5.6,30293,704,953,48,5,0.71,154|187|238|408|493|718|780|923|1524|1910|2023|2247|2261|2768|4067|4504|5028|5154|5156|5245|5580|5788|6091|6609|6662|7098|7099|7114|7474|7525|8321|8613|8792|8829|10979|23043|23328|26137|54625|55615|56005|84062|92597|121665|133619|146433|221395|388585,ADRB2|APLNR|ALK|ARRB1|ATP2B4|C3|DDR1|CD6|CX3CR1|EDNRB|ENO1|FGF2|FGFR3|GNA12|LYN|MT3|P2RY1|PDGFA|PDGFRA|PHB1|PRKCD|PTPRC|ROBO1|SMPD1|SOX9|TLR3|TLR4|TMSB4X|WNT5A|YES1|FZD1|PLPP3|TNFRSF11A|NRP1|FERMT2|TNIK|SASH1|ZBTB20|PARP14|PRR5|MYDGF|DTNBP1|MOB1B|SPPL3|PRRC1|IL34|ADGRF5|HES5,-4.1
MyList,GO Biological Processes,19,GO:0010562,positive regulation of phosphorus metabolic process,19_GO:0048518 positive regulation of biological process,-6.3,2.2,5.6,30293,704,953,48,5,0.71,154|187|238|408|493|718|780|923|1524|1910|2023|2247|2261|2768|4067|4504|5028|5154|5156|5245|5580|5788|6091|6609|6662|7098|7099|7114|7474|7525|8321|8613|8792|8829|10979|23043|23328|26137|54625|55615|56005|84062|92597|121665|133619|146433|221395|388585,ADRB2|APLNR|ALK|ARRB1|ATP2B4|C3|DDR1|CD6|CX3CR1|EDNRB|ENO1|FGF2|FGFR3|GNA12|LYN|MT3|P2RY1|PDGFA|PDGFRA|PHB1|PRKCD|PTPRC|ROBO1|SMPD1|SOX9|TLR3|TLR4|TMSB4X|WNT5A|YES1|FZD1|PLPP3|TNFRSF11A|NRP1|FERMT2|TNIK|SASH1|ZBTB20|PARP14|PRR5|MYDGF|DTNBP1|MOB1B|SPPL3|PRRC1|IL34|ADGRF5|HES5,-4.1
MyList,GO Biological Processes,19,GO:0030335,positive regulation of cell migration,19_GO:0040011 locomotion,-6.2,2.3,5.7,30293,579,953,42,4.4,0.66,71|199|358|655|1512|1524|1901|2247|2771|3162|3175|4067|4267|5080|5154|5156|5293|5764|5788|6239|6662|6678|6776|6810|7099|7114|7130|7205|7474|7803|7852|8613|8829|9734|10979|11170|23328|55612|57381|146433|147372|152007,ACTG1|AIF1|AQP1|BMP7|CTSH|CX3CR1|S1PR1|FGF2|GNAI2|HMOX1|ONECUT1|LYN|CD99|PAX6|PDGFA|PDGFRA|PIK3CD|PTN|PTPRC|RREB1|SOX9|SPARC|STAT5A|STX4|TLR4|TMSB4X|TNFAIP6|TRIP6|WNT5A|PTP4A1|CXCR4|PLPP3|NRP1|HDAC9|FERMT2|FAM107A|SASH1|FERMT1|RHOJ|IL34|CCBE1|GLIPR2,-4.1
MyList,GO Biological Processes,19,GO:0007423,sensory organ development,19_GO:0032502 developmental process,-6.2,2.3,5.7,30293,579,953,42,4.4,0.66,358|493|613|655|780|1050|2195|2202|2247|2535|2697|3638|3784|4646|5080|5156|5396|5950|6094|6657|6658|6662|6664|7101|7474|7477|7545|8736|8829|11145|23657|27152|54549|55636|57381|64093|65217|81624|84062|284217|285590|388585,AQP1|ATP2B4|BCR|BMP7|DDR1|CEBPA|FAT1|EFEMP1|FGF2|FZD2|GJA1|INSIG1|KCNQ1|MYO6|PAX6|PDGFRA|PRRX1|RBP4|ROM1|SOX2|SOX3|SOX9|SOX11|NR2E1|WNT5A|WNT7B|ZIC1|MYOM1|NRP1|PLAAT3|SLC7A11|INTU|SDK2|CHD7|RHOJ|SMOC1|PCDH15|DIAPH3|DTNBP1|LAMA1|SH3PXD2B|HES5,-4.1
MyList,GO Biological Processes,19,GO:0007167,enzyme-linked receptor protein signaling pathway,19_GO:0050896 response to stimulus,-6.2,2.2,5.7,30293,622,953,44,4.6,0.68,154|238|655|780|1176|1796|1948|2202|2247|2261|2734|2887|3175|3725|4067|4087|5154|5156|5293|5764|5786|5792|6422|6464|6655|6662|6720|6776|7409|7474|7525|8829|10160|10628|10979|25759|25805|25937|25976|54361|54541|55959|220164|388585,ADRB2|ALK|BMP7|DDR1|AP3S1|DOK1|EFNB2|EFEMP1|FGF2|FGFR3|GLG1|GRB10|ONECUT1|JUN|LYN|SMAD2|PDGFA|PDGFRA|PIK3CD|PTN|PTPRA|PTPRF|SFRP1|SHC1|SOS2|SOX9|SREBF1|STAT5A|VAV1|WNT5A|YES1|NRP1|FARP1|TXNIP|FERMT2|SHC2|BAMBI|WWTR1|TIPARP|WNT4|DDIT4|SULF2|DOK6|HES5,-4.1
MyList,GO Biological Processes,19,GO:0034440,lipid oxidation,19_GO:0008152 metabolic process,-6.2,5.1,6.9,30293,88,953,14,1.5,0.39,30|33|240|1891|2109|2110|2639|3028|3712|8309|10449|10455|55862|56898,ACAA1|ACADL|ALOX5|ECH1|ETFB|ETFDH|GCDH|HSD17B10|IVD|ACOX2|ACAA2|ECI2|ECHDC1|BDH2,-4.1
MyList,GO Biological Processes,19,GO:1901606,alpha-amino acid catabolic process,19_GO:0008152 metabolic process,-6.2,5.1,6.9,30293,88,953,14,1.5,0.39,1757|2184|2746|2747|2752|3028|3155|3712|4329|10247|23576|26275|84706|137872,SARDH|FAH|GLUD1|GLUD2|GLUL|HSD17B10|HMGCL|IVD|ALDH6A1|RIDA|DDAH1|HIBCH|GPT2|ADHFE1,-4.1
MyList,GO Biological Processes,19,GO:0035023,regulation of Rho protein signal transduction,19_GO:0050896 response to stimulus,-6.2,5.1,6.9,30293,88,953,14,1.5,0.39,348|408|613|1452|2059|2840|4983|6091|8829|9289|10161|23189|56990|143872,APOE|ARRB1|BCR|CSNK1A1|EPS8|GPR17|OPHN1|ROBO1|NRP1|ADGRG1|LPAR6|KANK1|CDC42SE2|ARHGAP42,-4.1
MyList,GO Biological Processes,19,GO:0051338,regulation of transferase activity,19_GO:0065007 biological regulation,-6.2,2.2,5.6,30293,644,953,45,4.7,0.69,154|238|348|493|780|1032|1050|1622|2247|2261|2950|4067|4504|5154|5156|5245|5580|5588|5788|5920|5987|6091|6609|7013|7098|7099|7345|7474|8792|9077|10715|10979|11006|23328|25937|29085|51191|51637|79618|81848|84062|133619|146433|151195|161742,ADRB2|ALK|APOE|ATP2B4|DDR1|CDKN2D|CEBPA|DBI|FGF2|FGFR3|GSTP1|LYN|MT3|PDGFA|PDGFRA|PHB1|PRKCD|PRKCQ|PTPRC|PLAAT4|TRIM27|ROBO1|SMPD1|TERF1|TLR3|TLR4|UCHL1|WNT5A|TNFRSF11A|DIRAS3|CERS1|FERMT2|LILRB4|SASH1|WWTR1|PHPT1|HERC5|RTRAF|HMBOX1|SPRY4|DTNBP1|PRRC1|IL34|CCNYL1|SPRED1,-4
MyList,GO Biological Processes,19,GO:0072329,monocarboxylic acid catabolic process,19_GO:0008152 metabolic process,-6.1,4.4,6.6,30293,116,953,16,1.7,0.42,30|33|1891|2109|2110|2184|2639|3028|3712|8309|10449|10455|51084|55862|56898|197257,ACAA1|ACADL|ECH1|ETFB|ETFDH|FAH|GCDH|HSD17B10|IVD|ACOX2|ACAA2|ECI2|CRYL1|ECHDC1|BDH2|LDHD,-4
MyList,GO Biological Processes,19,GO:2000147,positive regulation of cell motility,19_GO:0040011 locomotion,-6.1,2.3,5.6,30293,606,953,43,4.5,0.67,71|199|358|655|1512|1524|1901|2247|2771|3162|3175|4067|4267|5080|5154|5156|5293|5764|5788|6239|6662|6678|6776|6810|7099|7114|7130|7205|7474|7803|7852|8613|8829|9734|10979|11170|23328|29085|55612|57381|146433|147372|152007,ACTG1|AIF1|AQP1|BMP7|CTSH|CX3CR1|S1PR1|FGF2|GNAI2|HMOX1|ONECUT1|LYN|CD99|PAX6|PDGFA|PDGFRA|PIK3CD|PTN|PTPRC|RREB1|SOX9|SPARC|STAT5A|STX4|TLR4|TMSB4X|TNFAIP6|TRIP6|WNT5A|PTP4A1|CXCR4|PLPP3|NRP1|HDAC9|FERMT2|FAM107A|SASH1|PHPT1|FERMT1|RHOJ|IL34|CCBE1|GLIPR2,-4
MyList,GO Biological Processes,19,GO:0010035,response to inorganic substance,19_GO:0050896 response to stimulus,-6.1,2.4,5.7,30293,525,953,39,4.1,0.64,113|288|358|445|493|1050|1536|1740|1910|2742|2937|3162|3725|3741|4129|4489|4495|4501|4502|4504|5052|5580|5727|6415|6609|7184|7474|8437|8644|8912|10242|10628|27132|27345|51760|84329|140576|221184|387758,ADCY7|ANK3|AQP1|ASS1|ATP2B4|CEBPA|CYBB|DLG2|EDNRB|GLRA2|GSS|HMOX1|JUN|KCNA5|MAOB|MT1A|MT1G|MT1X|MT2A|MT3|PRDX1|PRKCD|PTCH1|SELENOW|SMPD1|HSP90B1|WNT5A|RASAL1|AKR1C3|CACNA1H|KCNMB2|TXNIP|CPNE7|KCNMB4|SYT17|HVCN1|S100A16|CPNE2|FIBIN,-4
MyList,GO Biological Processes,19,GO:0009991,response to extracellular stimulus,19_GO:0050896 response to stimulus,-6.1,2.4,5.7,30293,505,953,38,4,0.63,2|136|154|348|445|590|594|655|968|1032|1452|1536|2752|2771|3141|3949|3992|4067|5788|6422|6657|6720|6751|7248|8644|8792|8897|11170|26001|29103|51100|54361|55364|55615|64121|92196|115209|652968,A2M|ADORA2B|ADRB2|APOE|ASS1|BCHE|BCKDHB|BMP7|CD68|CDKN2D|CSNK1A1|CYBB|GLUL|GNAI2|HLCS|LDLR|FADS1|LYN|PTPRC|SFRP1|SOX2|SREBF1|SSTR1|TSC1|AKR1C3|TNFRSF11A|MTMR3|FAM107A|RNF167|DNAJC15|SH3GLB1|WNT4|IMPACT|PRR5|RRAGC|DAPL1|OMA1|CASTOR1,-4
MyList,GO Biological Processes,19,GO:0050678,regulation of epithelial cell proliferation,19_GO:0050789 regulation of biological process,-6.1,2.6,5.8,30293,407,953,33,3.5,0.59,187|240|348|677|1910|1948|2247|3162|4893|5080|5293|5727|5764|6091|6239|6422|6657|6662|6664|6678|6776|7474|8829|8862|9104|9500|10413|26471|27152|55959|56005|57599|388585,APLNR|ALOX5|APOE|ZFP36L1|EDNRB|EFNB2|FGF2|HMOX1|NRAS|PAX6|PIK3CD|PTCH1|PTN|ROBO1|RREB1|SFRP1|SOX2|SOX9|SOX11|SPARC|STAT5A|WNT5A|NRP1|APLN|RGN|MAGED1|YAP1|NUPR1|INTU|SULF2|MYDGF|WDR48|HES5,-3.9
MyList,GO Biological Processes,19,GO:0007018,microtubule-based movement,19_GO:0009987 cellular process,-6,2.6,5.8,30293,389,953,32,3.4,0.58,361|493|1176|1740|1767|1781|3281|3796|4134|5874|6993|7314|7345|7802|25911|27152|55083|63971|64792|66000|79443|81892|84062|118426|118491|127602|127829|144132|161582|219670|221421|282991,AQP4|ATP2B4|AP3S1|DLG2|DNAH5|DYNC1I2|HSBP1|KIF2A|MAP4|RAB27B|DYNLT1|UBB|UCHL1|DNALI1|DPCD|INTU|KIF26B|KIF13A|IFT22|TMEM108|FYCO1|SLIRP|DTNBP1|BORCS5|CFAP70|DNAH14|ARL8A|DNHD1|DNAAF4|ENKUR|RSPH9|BLOC1S2,-3.9
MyList,GO Biological Processes,19,GO:0030010,establishment of cell polarity,19_GO:0009987 cellular process,-6,4.1,6.4,30293,132,953,17,1.8,0.43,2195|2697|4134|4983|5080|6993|7474|10758|22919|23286|55083|55612|55968|81624|117583|284217|388585,FAT1|GJA1|MAP4|OPHN1|PAX6|DYNLT1|WNT5A|TRAF3IP2|MAPRE1|WWC1|KIF26B|FERMT1|NSFL1C|DIAPH3|PARD3B|LAMA1|HES5,-3.9
MyList,GO Biological Processes,19,GO:0007507,heart development,19_GO:0032502 developmental process,-6,2.3,5.6,30293,569,953,41,4.3,0.66,70|187|655|677|1009|1767|1901|2247|2535|2697|3784|4087|4772|5021|5125|5156|5727|5950|6091|6299|6444|6464|6662|6664|7248|7403|7474|8321|8829|8862|9734|10413|10758|26508|27295|55636|55803|57216|161582|161742|285590,ACTC1|APLNR|BMP7|ZFP36L1|CDH11|DNAH5|S1PR1|FGF2|FZD2|GJA1|KCNQ1|SMAD2|NFATC1|OXTR|PCSK5|PDGFRA|PTCH1|RBP4|ROBO1|SALL1|SGCD|SHC1|SOX9|SOX11|TSC1|KDM6A|WNT5A|FZD1|NRP1|APLN|HDAC9|YAP1|TRAF3IP2|HEYL|PDLIM3|CHD7|ADAP2|VANGL2|DNAAF4|SPRED1|SH3PXD2B,-3.9
MyList,GO Biological Processes,19,GO:1903707,negative regulation of hemopoiesis,19_GO:0002376 immune system process,-6,4.3,6.4,30293,119,953,16,1.7,0.42,714|865|1050|3149|4067|6422|7098|7099|7130|8111|8451|11006|28959|53342|55365|151176,C1QC|CBFB|CEBPA|HMGB3|LYN|SFRP1|TLR3|TLR4|TNFAIP6|GPR68|CUL4A|LILRB4|TMEM176B|IL17D|TMEM176A|ERFE,-3.9
MyList,GO Biological Processes,19,GO:0120035,regulation of plasma membrane bounded cell projection organization,19_GO:0050789 regulation of biological process,-6,2.2,5.5,30293,656,953,45,4.7,0.69,238|348|393|655|780|952|1272|1809|1948|2059|2596|2670|4067|4134|4504|4651|5080|5361|5396|5580|5764|5792|6091|6239|6422|7101|7430|7436|7474|8321|8829|8934|10413|23043|23189|23251|23580|27152|56896|64221|80258|84062|202018|221074|347733,ALK|APOE|ARHGAP4|BMP7|DDR1|CD38|CNTN1|DPYSL3|EFNB2|EPS8|GAP43|GFAP|LYN|MAP4|MT3|MYO10|PAX6|PLXNA1|PRRX1|PRKCD|PTN|PTPRF|ROBO1|RREB1|SFRP1|NR2E1|EZR|VLDLR|WNT5A|FZD1|NRP1|RAB29|YAP1|TNIK|KANK1|MINAR1|CDC42EP4|INTU|DPYSL5|ROBO3|EFHC2|DTNBP1|TAPT1|SLC39A12|TUBB2B,-3.9
MyList,GO Biological Processes,19,GO:0050808,synapse organization,19_GO:0009987 cellular process,-5.9,2.7,5.8,30293,337,953,29,3,0.56,71|288|348|712|713|714|718|1501|1524|2556|4983|5098|5792|6623|7248|7430|7474|7477|8321|8829|8934|10160|10882|11079|27253|28988|54549|63827|66000,ACTG1|ANK3|APOE|C1QA|C1QB|C1QC|C3|CTNND2|CX3CR1|GABRA3|OPHN1|PCDHGC3|PTPRF|SNCG|TSC1|EZR|WNT5A|WNT7B|FZD1|NRP1|RAB29|FARP1|C1QL1|RER1|PCDH17|DBNL|SDK2|BCAN|TMEM108,-3.8
MyList,GO Biological Processes,19,GO:0072657,protein localization to membrane,19_GO:0051179 localization,-5.9,2.4,5.6,30293,473,953,36,3.8,0.62,288|348|975|1740|2533|3689|5028|5727|5764|5824|5872|7430|8631|8934|9914|10979|11031|11079|23043|23787|26519|26521|29082|51100|55176|56889|63971|64121|64374|79651|115827|116372|133022|196383|285590|340348,ANK3|APOE|CD81|DLG2|FYB1|ITGB2|P2RY1|PTCH1|PTN|PEX19|RAB13|EZR|SKAP1|RAB29|ATP2C2|FERMT2|RAB31|RER1|TNIK|MTCH1|TIMM10|TIMM8B|CHMP4A|SH3GLB1|SEC61A2|TM9SF3|KIF13A|RRAGC|SIL1|RHBDF2|RAB3C|LYPD1|TRAM1L1|RILPL2|SH3PXD2B|TSPAN33,-3.8
MyList,GO Biological Processes,19,GO:0051668,localization within membrane,19_GO:0051179 localization,-5.9,2.3,5.5,30293,557,953,40,4.2,0.65,288|348|975|1740|2533|3689|5028|5727|5764|5788|5824|5872|7430|8631|8934|9914|10979|11021|11031|11079|23043|23673|23787|26519|26521|29082|51100|51375|55176|56889|63971|64121|64374|79651|115827|116372|133022|196383|285590|340348,ANK3|APOE|CD81|DLG2|FYB1|ITGB2|P2RY1|PTCH1|PTN|PTPRC|PEX19|RAB13|EZR|SKAP1|RAB29|ATP2C2|FERMT2|RAB35|RAB31|RER1|TNIK|STX12|MTCH1|TIMM10|TIMM8B|CHMP4A|SH3GLB1|SNX7|SEC61A2|TM9SF3|KIF13A|RRAGC|SIL1|RHBDF2|RAB3C|LYPD1|TRAM1L1|RILPL2|SH3PXD2B|TSPAN33,-3.8
MyList,GO Biological Processes,19,GO:0090066,regulation of anatomical structure size,19_GO:0065007 biological regulation,-5.9,2.3,5.5,30293,516,953,38,4,0.63,136|147|154|348|358|361|393|952|1185|1910|1955|2059|3363|3741|4504|4868|5021|5028|5580|7114|7248|7409|7430|7474|7477|7873|8829|9168|10242|23189|23580|27345|57403|59342|85477|118426|143872|282991,ADORA2B|ADRA1B|ADRB2|APOE|AQP1|AQP4|ARHGAP4|CD38|CLCN6|EDNRB|MEGF9|EPS8|HTR7|KCNA5|MT3|NPHS1|OXTR|P2RY1|PRKCD|TMSB4X|TSC1|VAV1|EZR|WNT5A|WNT7B|MANF|NRP1|TMSB10|KCNMB2|KANK1|CDC42EP4|KCNMB4|RAB22A|SCPEP1|SCIN|BORCS5|ARHGAP42|BLOC1S2,-3.8
MyList,GO Biological Processes,19,GO:0040017,positive regulation of locomotion,19_GO:0040011 locomotion,-5.9,2.2,5.5,30293,620,953,43,4.5,0.67,71|199|358|655|1512|1524|1901|2247|2771|3162|3175|4067|4267|5080|5154|5156|5293|5764|5788|6239|6662|6678|6776|6810|7099|7114|7130|7205|7474|7803|7852|8613|8829|9734|10979|11170|23328|29085|55612|57381|146433|147372|152007,ACTG1|AIF1|AQP1|BMP7|CTSH|CX3CR1|S1PR1|FGF2|GNAI2|HMOX1|ONECUT1|LYN|CD99|PAX6|PDGFA|PDGFRA|PIK3CD|PTN|PTPRC|RREB1|SOX9|SPARC|STAT5A|STX4|TLR4|TMSB4X|TNFAIP6|TRIP6|WNT5A|PTP4A1|CXCR4|PLPP3|NRP1|HDAC9|FERMT2|FAM107A|SASH1|PHPT1|FERMT1|RHOJ|IL34|CCBE1|GLIPR2,-3.8
MyList,GO Biological Processes,19,GO:0072330,monocarboxylic acid biosynthetic process,19_GO:0008152 metabolic process,-5.8,3.6,6.1,30293,167,953,19,2,0.45,240|1109|2628|2950|3028|3992|3995|5947|8309|8644|9200|9415|10170|23205|63826|79966|84532|92126|113189,ALOX5|AKR1C4|GATM|GSTP1|HSD17B10|FADS1|FADS3|RBP1|ACOX2|AKR1C3|HACD1|FADS2|DHRS9|ACSBG1|SRR|SCD5|ACSS1|DSEL|CHST14,-3.8
MyList,GO Biological Processes,19,GO:0070374,positive regulation of ERK1 and ERK2 cascade,19_GO:0048518 positive regulation of biological process,-5.8,3.2,5.9,30293,216,953,22,2.3,0.49,348|408|2247|2261|2771|4504|4988|5028|5154|5156|5245|5788|6464|6764|7099|7936|8792|8829|10979|54550|84868|152007,APOE|ARRB1|FGF2|FGFR3|GNAI2|MT3|OPRM1|P2RY1|PDGFA|PDGFRA|PHB1|PTPRC|SHC1|DENND2B|TLR4|NELFE|TNFRSF11A|NRP1|FERMT2|NECAB2|HAVCR2|GLIPR2,-3.7
MyList,GO Biological Processes,19,GO:1901342,regulation of vasculature development,19_GO:0032502 developmental process,-5.8,2.6,5.7,30293,361,953,30,3.1,0.57,187|240|358|493|718|1512|1524|1536|2247|2752|3162|5293|6422|6678|7098|7101|7474|7852|8829|23251|23328|23576|51129|54361|56005|57381|90139|147372|161742|221074,APLNR|ALOX5|AQP1|ATP2B4|C3|CTSH|CX3CR1|CYBB|FGF2|GLUL|HMOX1|PIK3CD|SFRP1|SPARC|TLR3|NR2E1|WNT5A|CXCR4|NRP1|MINAR1|SASH1|DDAH1|ANGPTL4|WNT4|MYDGF|RHOJ|TSPAN18|CCBE1|SPRED1|SLC39A12,-3.7
MyList,GO Biological Processes,19,GO:0019395,fatty acid oxidation,19_GO:0008152 metabolic process,-5.8,5,6.6,30293,82,953,13,1.4,0.38,30|33|1891|2109|2110|2639|3028|3712|8309|10449|10455|55862|56898,ACAA1|ACADL|ECH1|ETFB|ETFDH|GCDH|HSD17B10|IVD|ACOX2|ACAA2|ECI2|ECHDC1|BDH2,-3.7
MyList,GO Biological Processes,19,GO:0001501,skeletal system development,19_GO:0032502 developmental process,-5.8,2.4,5.5,30293,500,953,37,3.9,0.63,655|1009|1462|2247|2261|2697|2734|3638|4087|5052|5125|5156|5358|5396|5636|5788|5950|6422|6660|6662|6664|7045|7227|7474|7477|8111|25976|29887|55636|55959|57326|57599|63827|64131|202018|285590|388585,BMP7|CDH11|VCAN|FGF2|FGFR3|GJA1|GLG1|INSIG1|SMAD2|PRDX1|PCSK5|PDGFRA|PLS3|PRRX1|PRPSAP2|PTPRC|RBP4|SFRP1|SOX5|SOX9|SOX11|TGFBI|TRPS1|WNT5A|WNT7B|GPR68|TIPARP|SNX10|CHD7|SULF2|PBXIP1|WDR48|BCAN|XYLT1|TAPT1|SH3PXD2B|HES5,-3.7
MyList,GO Biological Processes,19,GO:0072006,nephron development,19_GO:0032502 developmental process,-5.8,3.9,6.2,30293,138,953,17,1.8,0.43,358|655|1910|2247|4868|5156|5727|6299|6662|7477|25937|26508|54361|55083|55366|55959|388585,AQP1|BMP7|EDNRB|FGF2|NPHS1|PDGFRA|PTCH1|SALL1|SOX9|WNT7B|WWTR1|HEYL|WNT4|KIF26B|LGR4|SULF2|HES5,-3.7
MyList,GO Biological Processes,19,GO:0006954,inflammatory response,19_GO:0050896 response to stimulus,-5.8,2.3,5.4,30293,562,953,40,4.2,0.65,2|199|240|445|712|718|923|968|1191|1524|1536|2214|3162|3689|4067|5293|5588|5764|6335|7098|7099|7130|7474|7852|8111|8460|9051|9734|9865|10100|10219|10628|10758|26471|53342|57326|84868|90139|90865|146433,A2M|AIF1|ALOX5|ASS1|C1QA|C3|CD6|CD68|CLU|CX3CR1|CYBB|FCGR3A|HMOX1|ITGB2|LYN|PIK3CD|PRKCQ|PTN|SCN9A|TLR3|TLR4|TNFAIP6|WNT5A|CXCR4|GPR68|TPST1|PSTPIP1|HDAC9|TRIL|TSPAN2|KLRG1|TXNIP|TRAF3IP2|NUPR1|IL17D|PBXIP1|HAVCR2|TSPAN18|IL33|IL34,-3.7
MyList,GO Biological Processes,19,GO:0006887,exocytosis,19_GO:0051179 localization,-5.7,3.1,5.8,30293,236,953,23,2.4,0.5,136|613|2054|2214|4067|5293|5872|5874|6284|6810|6814|7462|8447|8938|9501|10972|11031|51760|85477|90139|94121|115827|284021,ADORA2B|BCR|STX2|FCGR3A|LYN|PIK3CD|RAB13|RAB27B|S100A13|STX4|STXBP3|LAT2|DOC2B|BAIAP3|RPH3AL|TMED10|RAB31|SYT17|SCIN|TSPAN18|SYTL4|RAB3C|MILR1,-3.7
MyList,GO Biological Processes,19,GO:0072091,regulation of stem cell proliferation,19_GO:0050789 regulation of biological process,-5.7,4.6,6.4,30293,96,953,14,1.5,0.39,677|1050|2247|2697|5396|5727|5788|6662|6664|7101|7474|10413|10979|55612,ZFP36L1|CEBPA|FGF2|GJA1|PRRX1|PTCH1|PTPRC|SOX9|SOX11|NR2E1|WNT5A|YAP1|FERMT2|FERMT1,-3.7
MyList,GO Biological Processes,19,GO:0061024,membrane organization,19_GO:0009987 cellular process,-5.7,2.1,5.3,30293,757,953,49,5.1,0.72,199|288|348|1176|1191|1718|2054|2139|3689|5375|5580|5788|5872|6609|6810|7805|7852|8673|9938|10449|10577|10972|11079|11145|23673|23787|25801|26207|26519|26521|28988|29082|29091|51100|51454|51693|54947|55968|57088|79090|81624|84303|94121|112574|115209|133022|196383|282991|440574,AIF1|ANK3|APOE|AP3S1|CLU|DHCR24|STX2|EYA2|ITGB2|PMP2|PRKCD|PTPRC|RAB13|SMPD1|STX4|LAPTM5|CXCR4|VAMP8|ARHGAP25|ACAA2|NPC2|TMED10|RER1|PLAAT3|STX12|MTCH1|GCA|PITPNC1|TIMM10|TIMM8B|DBNL|CHMP4A|STXBP6|SH3GLB1|GULP1|TRAPPC2L|LPCAT2|NSFL1C|PLSCR4|TRAPPC6A|DIAPH3|CHCHD6|SYTL4|SNX18|OMA1|TRAM1L1|RILPL2|BLOC1S2|MICOS10,-3.7
MyList,GO Biological Processes,19,GO:0008360,regulation of cell shape,19_GO:0032502 developmental process,-5.7,3.9,6.1,30293,139,953,17,1.8,0.43,1690|2059|2768|3689|4651|5028|5361|7430|7940|10979|23580|25805|30011|56990|57381|89846|121512,COCH|EPS8|GNA12|ITGB2|MYO10|P2RY1|PLXNA1|EZR|LST1|FERMT2|CDC42EP4|BAMBI|SH3KBP1|CDC42SE2|RHOJ|FGD3|FGD4,-3.7
MyList,GO Biological Processes,19,GO:0007163,establishment or maintenance of cell polarity,19_GO:0009987 cellular process,-5.7,3.3,5.9,30293,203,953,21,2.2,0.48,358|1740|2195|2697|4134|4983|5080|6993|7474|7477|10758|22919|23286|55083|55612|55968|57381|81624|117583|284217|388585,AQP1|DLG2|FAT1|GJA1|MAP4|OPHN1|PAX6|DYNLT1|WNT5A|WNT7B|TRAF3IP2|MAPRE1|WWC1|KIF26B|FERMT1|NSFL1C|RHOJ|DIAPH3|PARD3B|LAMA1|HES5,-3.7
MyList,GO Biological Processes,19,GO:0051017,actin filament bundle assembly,19_GO:0009987 cellular process,-5.7,5.9,6.8,30293,59,953,11,1.2,0.35,199|408|1809|2059|3936|4082|5358|7184|7430|11170|81624,AIF1|ARRB1|DPYSL3|EPS8|LCP1|MARCKS|PLS3|HSP90B1|EZR|FAM107A|DIAPH3,-3.7
MyList,GO Biological Processes,19,GO:0031344,regulation of cell projection organization,19_GO:0050789 regulation of biological process,-5.7,2.1,5.3,30293,672,953,45,4.7,0.69,238|348|393|655|780|952|1272|1809|1948|2059|2596|2670|4067|4134|4504|4651|5080|5361|5396|5580|5764|5792|6091|6239|6422|7101|7430|7436|7474|8321|8829|8934|10413|23043|23189|23251|23580|27152|56896|64221|80258|84062|202018|221074|347733,ALK|APOE|ARHGAP4|BMP7|DDR1|CD38|CNTN1|DPYSL3|EFNB2|EPS8|GAP43|GFAP|LYN|MAP4|MT3|MYO10|PAX6|PLXNA1|PRRX1|PRKCD|PTN|PTPRF|ROBO1|RREB1|SFRP1|NR2E1|EZR|VLDLR|WNT5A|FZD1|NRP1|RAB29|YAP1|TNIK|KANK1|MINAR1|CDC42EP4|INTU|DPYSL5|ROBO3|EFHC2|DTNBP1|TAPT1|SLC39A12|TUBB2B,-3.7
MyList,GO Biological Processes,19,GO:0045766,positive regulation of angiogenesis,19_GO:0032502 developmental process,-5.7,3.4,5.9,30293,187,953,20,2.1,0.46,187|358|718|1512|1524|1536|2247|3162|5293|7098|7101|7474|7852|8829|23328|23576|51129|56005|147372|221074,APLNR|AQP1|C3|CTSH|CX3CR1|CYBB|FGF2|HMOX1|PIK3CD|TLR3|NR2E1|WNT5A|CXCR4|NRP1|SASH1|DDAH1|ANGPTL4|MYDGF|CCBE1|SLC39A12,-3.6
MyList,GO Biological Processes,19,GO:0001952,regulation of cell-matrix adhesion,19_GO:0050789 regulation of biological process,-5.7,4.1,6.2,30293,125,953,16,1.7,0.42,71|780|1307|2824|3175|3987|5786|6422|7248|8631|8829|10979|11170|30008|54361|55612,ACTG1|DDR1|COL16A1|GPM6B|ONECUT1|LIMS1|PTPRA|SFRP1|TSC1|SKAP1|NRP1|FERMT2|FAM107A|EFEMP2|WNT4|FERMT1,-3.6
MyList,GO Biological Processes,19,GO:0072073,kidney epithelium development,19_GO:0032502 developmental process,-5.7,3.9,6.1,30293,140,953,17,1.8,0.43,358|655|1910|1948|2247|4087|4868|5727|6299|6422|6662|7477|26508|54361|55083|55366|388585,AQP1|BMP7|EDNRB|EFNB2|FGF2|SMAD2|NPHS1|PTCH1|SALL1|SFRP1|SOX9|WNT7B|HEYL|WNT4|KIF26B|LGR4|HES5,-3.6
MyList,GO Biological Processes,19,GO:0051249,regulation of lymphocyte activation,19_GO:0002376 immune system process,-5.7,2.3,5.4,30293,505,953,37,3.9,0.63,199|677|678|865|923|952|975|1948|2214|3109|3149|3821|3822|3823|4004|4067|4860|5588|5788|6422|6441|6655|6664|7099|7409|7525|7805|7940|9308|11006|30011|51083|57630|64926|84868|92196|654346,AIF1|ZFP36L1|ZFP36L2|CBFB|CD6|CD38|CD81|EFNB2|FCGR3A|HLA-DMB|HMGB3|KLRC1|KLRC2|KLRC3|LMO1|LYN|PNP|PRKCQ|PTPRC|SFRP1|SFTPD|SOS2|SOX11|TLR4|VAV1|YES1|LAPTM5|LST1|CD83|LILRB4|SH3KBP1|GAL|SH3RF1|RASAL3|HAVCR2|DAPL1|LGALS9C,-3.6
MyList,GO Biological Processes,19,GO:0017157,regulation of exocytosis,19_GO:0051179 localization,-5.7,3.4,5.9,30293,188,953,20,2.1,0.46,136|613|2771|3689|3822|4067|5028|5872|5874|6810|6814|8447|8673|8938|9501|29091|51760|84062|94121|115827,ADORA2B|BCR|GNAI2|ITGB2|KLRC2|LYN|P2RY1|RAB13|RAB27B|STX4|STXBP3|DOC2B|VAMP8|BAIAP3|RPH3AL|STXBP6|SYT17|DTNBP1|SYTL4|RAB3C,-3.6
MyList,GO Biological Processes,19,GO:0048732,gland development,19_GO:0032502 developmental process,-5.6,2.5,5.5,30293,426,953,33,3.5,0.59,190|445|655|780|1050|2247|2697|3175|4087|5021|5080|5156|5361|5727|6299|6422|6657|6658|6662|6776|7372|7474|7477|8792|8829|8862|9104|9914|23705|54361|55959|79971|284217,NR0B1|ASS1|BMP7|DDR1|CEBPA|FGF2|GJA1|ONECUT1|SMAD2|OXTR|PAX6|PDGFRA|PLXNA1|PTCH1|SALL1|SFRP1|SOX2|SOX3|SOX9|STAT5A|UMPS|WNT5A|WNT7B|TNFRSF11A|NRP1|APLN|RGN|ATP2C2|CADM1|WNT4|SULF2|WLS|LAMA1,-3.6
MyList,GO Biological Processes,19,GO:0051764,actin crosslink formation,19_GO:0009987 cellular process,-5.6,14,8.5,30293,14,953,6,0.63,0.26,199|1809|2059|3936|4082|81624,AIF1|DPYSL3|EPS8|LCP1|MARCKS|DIAPH3,-3.6
MyList,GO Biological Processes,19,GO:0045667,regulation of osteoblast differentiation,19_GO:0032502 developmental process,-5.6,3.6,6,30293,157,953,18,1.9,0.44,655|1050|2247|5727|6422|6662|6664|7130|7477|8321|10413|10979|25805|25937|54361|54857|64093|151176,BMP7|CEBPA|FGF2|PTCH1|SFRP1|SOX9|SOX11|TNFAIP6|WNT7B|FZD1|YAP1|FERMT2|BAMBI|WWTR1|WNT4|GDPD2|SMOC1|ERFE,-3.6
MyList,GO Biological Processes,19,GO:0051047,positive regulation of secretion,19_GO:0051179 localization,-5.6,2.8,5.6,30293,312,953,27,2.8,0.54,136|358|952|2550|2746|3689|3822|5021|5028|5874|5950|6664|6810|7099|8111|8447|8673|8736|8792|8938|9501|10972|51083|79971|84062|85477|94121,ADORA2B|AQP1|CD38|GABBR1|GLUD1|ITGB2|KLRC2|OXTR|P2RY1|RAB27B|RBP4|SOX11|STX4|TLR4|GPR68|DOC2B|VAMP8|MYOM1|TNFRSF11A|BAIAP3|RPH3AL|TMED10|GAL|WLS|DTNBP1|SCIN|SYTL4,-3.6
MyList,GO Biological Processes,19,GO:0032944,regulation of mononuclear cell proliferation,19_GO:0050789 regulation of biological process,-5.6,3,5.7,30293,241,953,23,2.4,0.5,199|923|952|975|2214|3109|4004|4067|4860|5588|5788|6441|6480|6655|6664|7099|7940|11006|51083|57630|64926|84868|654346,AIF1|CD6|CD38|CD81|FCGR3A|HLA-DMB|LMO1|LYN|PNP|PRKCQ|PTPRC|SFTPD|ST6GAL1|SOS2|SOX11|TLR4|LST1|LILRB4|GAL|SH3RF1|RASAL3|HAVCR2|LGALS9C,-3.6
MyList,GO Biological Processes,19,GO:1904018,positive regulation of vasculature development,19_GO:0032502 developmental process,-5.6,3.3,5.8,30293,190,953,20,2.1,0.46,187|358|718|1512|1524|1536|2247|3162|5293|7098|7101|7474|7852|8829|23328|23576|51129|56005|147372|221074,APLNR|AQP1|C3|CTSH|CX3CR1|CYBB|FGF2|HMOX1|PIK3CD|TLR3|NR2E1|WNT5A|CXCR4|NRP1|SASH1|DDAH1|ANGPTL4|MYDGF|CCBE1|SLC39A12,-3.6
MyList,GO Biological Processes,19,GO:0007015,actin filament organization,19_GO:0009987 cellular process,-5.6,2.9,5.6,30293,277,953,25,2.6,0.52,70|199|408|1266|1809|2059|2195|3936|4082|4542|4646|5358|5987|7114|7184|7430|9051|9168|9938|11170|30011|54857|57381|81624|85477,ACTC1|AIF1|ARRB1|CNN3|DPYSL3|EPS8|FAT1|LCP1|MARCKS|MYO1F|MYO6|PLS3|TRIM27|TMSB4X|HSP90B1|EZR|PSTPIP1|TMSB10|ARHGAP25|FAM107A|SH3KBP1|GDPD2|RHOJ|DIAPH3|SCIN,-3.6
MyList,GO Biological Processes,19,GO:0030097,hemopoiesis,19_GO:0032502 developmental process,-5.6,2.1,5.2,30293,680,953,45,4.7,0.69,613|677|678|865|975|1050|1316|2124|3175|3784|3821|4067|4495|4772|5156|5293|5788|5803|6422|6776|7099|7248|7409|7474|8111|8444|8451|8544|8792|9070|9308|9734|10100|10758|25976|29887|54361|55509|55636|57326|81624|84750|90865|112616|221395,BCR|ZFP36L1|ZFP36L2|CBFB|CD81|CEBPA|KLF6|EVI2B|ONECUT1|KCNQ1|KLRC1|LYN|MT1G|NFATC1|PDGFRA|PIK3CD|PTPRC|PTPRZ1|SFRP1|STAT5A|TLR4|TSC1|VAV1|WNT5A|GPR68|DYRK3|CUL4A|PIR|TNFRSF11A|ASH2L|CD83|HDAC9|TSPAN2|TRAF3IP2|TIPARP|SNX10|WNT4|BATF3|CHD7|PBXIP1|DIAPH3|FUT10|IL33|CMTM7|ADGRF5,-3.6
MyList,GO Biological Processes,19,GO:0045765,regulation of angiogenesis,19_GO:0032502 developmental process,-5.6,2.6,5.5,30293,352,953,29,3,0.56,187|240|358|493|718|1512|1524|1536|2247|2752|3162|5293|6422|6678|7098|7101|7474|7852|8829|23251|23328|23576|51129|56005|57381|90139|147372|161742|221074,APLNR|ALOX5|AQP1|ATP2B4|C3|CTSH|CX3CR1|CYBB|FGF2|GLUL|HMOX1|PIK3CD|SFRP1|SPARC|TLR3|NR2E1|WNT5A|CXCR4|NRP1|MINAR1|SASH1|DDAH1|ANGPTL4|MYDGF|RHOJ|TSPAN18|CCBE1|SPRED1|SLC39A12,-3.6
MyList,GO Biological Processes,19,GO:0002761,regulation of myeloid leukocyte differentiation,19_GO:0002376 immune system process,-5.5,4,6.1,30293,128,953,16,1.7,0.42,677|714|2124|4067|6422|7098|7099|7130|8111|8451|8792|11006|84293|146433|151176|399665,ZFP36L1|C1QC|EVI2B|LYN|SFRP1|TLR3|TLR4|TNFAIP6|GPR68|CUL4A|TNFRSF11A|LILRB4|PRXL2A|IL34|ERFE|EEIG1,-3.6
MyList,GO Biological Processes,19,GO:0071417,cellular response to organonitrogen compound,19_GO:0050896 response to stimulus,-5.5,2.2,5.3,30293,595,953,41,4.3,0.66,154|358|445|493|677|1137|1176|1307|1536|2697|2742|2771|2887|3638|3784|4062|4067|4988|5028|5080|5156|5580|5786|5872|6001|6422|6464|6655|6662|6720|6776|7099|7184|7430|7852|9734|11031|64121|80339|116372|652968,ADRB2|AQP1|ASS1|ATP2B4|ZFP36L1|CHRNA4|AP3S1|COL16A1|CYBB|GJA1|GLRA2|GNAI2|GRB10|INSIG1|KCNQ1|LY6H|LYN|OPRM1|P2RY1|PAX6|PDGFRA|PRKCD|PTPRA|RAB13|RGS10|SFRP1|SHC1|SOS2|SOX9|SREBF1|STAT5A|TLR4|HSP90B1|EZR|CXCR4|HDAC9|RAB31|RRAGC|PNPLA3|LYPD1|CASTOR1,-3.6
MyList,GO Biological Processes,19,GO:0048568,embryonic organ development,19_GO:0032502 developmental process,-5.5,2.4,5.4,30293,452,953,34,3.6,0.6,2|187|613|655|677|1050|2202|2535|2697|3638|3784|4087|4646|5080|5125|5154|5156|5396|5727|5950|6299|6662|6664|7003|7474|7477|7545|10413|25949|50814|55636|57216|57599|347733,A2M|APLNR|BCR|BMP7|ZFP36L1|CEBPA|EFEMP1|FZD2|GJA1|INSIG1|KCNQ1|SMAD2|MYO6|PAX6|PCSK5|PDGFA|PDGFRA|PRRX1|PTCH1|RBP4|SALL1|SOX9|SOX11|TEAD1|WNT5A|WNT7B|ZIC1|YAP1|SYF2|NSDHL|CHD7|VANGL2|WDR48|TUBB2B,-3.5
MyList,GO Biological Processes,19,GO:0042116,macrophage activation,19_GO:0002376 immune system process,-5.5,5.6,6.6,30293,62,953,11,1.2,0.35,199|712|1191|1524|2214|3689|7098|7099|84868|90865|221395,AIF1|C1QA|CLU|CX3CR1|FCGR3A|ITGB2|TLR3|TLR4|HAVCR2|IL33|ADGRF5,-3.5
MyList,GO Biological Processes,19,GO:0045087,innate immune response,19_GO:0044419 biological process involved in interspecies interaction between organisms,-5.5,2,5.2,30293,773,953,49,5.1,0.72,71|199|361|445|712|713|714|716|718|834|923|1191|1524|1536|1675|2214|2635|3149|3821|3822|4067|5052|5245|5293|5987|6441|6609|6810|6814|7098|7099|7474|7525|8635|9023|9051|9865|10219|10346|10417|23580|51191|54625|55366|55577|66005|84282|84868|146433,ACTG1|AIF1|AQP4|ASS1|C1QA|C1QB|C1QC|C1S|C3|CASP1|CD6|CLU|CX3CR1|CYBB|CFD|FCGR3A|GBP3|HMGB3|KLRC1|KLRC2|LYN|PRDX1|PHB1|PIK3CD|TRIM27|SFTPD|SMPD1|STX4|STXBP3|TLR3|TLR4|WNT5A|YES1|RNASET2|CH25H|PSTPIP1|TRIL|KLRG1|TRIM22|SPON2|CDC42EP4|HERC5|PARP14|LGR4|NAGK|CHID1|RNF135|HAVCR2|IL34,-3.5
MyList,GO Biological Processes,19,GO:0043549,regulation of kinase activity,19_GO:0008152 metabolic process,-5.5,2.3,5.3,30293,536,953,38,4,0.63,154|238|348|493|780|1032|1050|2247|2261|2950|4067|4504|5154|5156|5245|5580|5788|5987|6091|6609|7098|7099|7345|7474|8792|9077|10979|11006|23328|25937|51191|51637|81848|84062|133619|146433|151195|161742,ADRB2|ALK|APOE|ATP2B4|DDR1|CDKN2D|CEBPA|FGF2|FGFR3|GSTP1|LYN|MT3|PDGFA|PDGFRA|PHB1|PRKCD|PTPRC|TRIM27|ROBO1|SMPD1|TLR3|TLR4|UCHL1|WNT5A|TNFRSF11A|DIRAS3|FERMT2|LILRB4|SASH1|WWTR1|HERC5|RTRAF|SPRY4|DTNBP1|PRRC1|IL34|CCNYL1|SPRED1,-3.5
MyList,GO Biological Processes,19,GO:0120254,olefinic compound metabolic process,19_GO:0008152 metabolic process,-5.5,3.7,5.9,30293,145,953,17,1.8,0.43,30|240|1109|1573|1645|1910|2052|2053|2950|3992|5950|8630|8644|8912|9415|10170|10901,ACAA1|ALOX5|AKR1C4|CYP2J2|AKR1C1|EDNRB|EPHX1|EPHX2|GSTP1|FADS1|RBP4|HSD17B6|AKR1C3|CACNA1H|FADS2|DHRS9|DHRS4,-3.5
MyList,GO Biological Processes,19,GO:0046649,lymphocyte activation,19_GO:0002376 immune system process,-5.5,2.3,5.3,30293,475,953,35,3.7,0.61,677|678|865|923|952|975|1137|1316|2214|2697|3175|3821|3936|5052|5245|5293|5580|5588|5788|7099|7248|7409|7462|8451|8934|8935|9308|9734|10758|25800|54361|54518|55636|57705|112616,ZFP36L1|ZFP36L2|CBFB|CD6|CD38|CD81|CHRNA4|KLF6|FCGR3A|GJA1|ONECUT1|KLRC1|LCP1|PRDX1|PHB1|PIK3CD|PRKCD|PRKCQ|PTPRC|TLR4|TSC1|VAV1|LAT2|CUL4A|RAB29|SKAP2|CD83|HDAC9|TRAF3IP2|SLC39A6|WNT4|APBB1IP|CHD7|WDFY4|CMTM7,-3.5
MyList,GO Biological Processes,19,GO:0051336,regulation of hydrolase activity,19_GO:0065007 biological regulation,-5.4,2,5.1,30293,753,953,48,5,0.71,330|358|613|834|1032|1512|2261|2768|3987|4067|5156|5245|5330|5361|5580|5788|6001|6091|6251|6422|6655|6657|7013|7077|7184|7248|7409|7805|9938|10979|23161|23179|23348|23526|23787|51129|51291|54662|55803|57139|57326|57630|57718|58504|89846|112574|121512|143872,BIRC3|AQP1|BCR|CASP1|CDKN2D|CTSH|FGFR3|GNA12|LIMS1|LYN|PDGFRA|PHB1|PLCB2|PLXNA1|PRKCD|PTPRC|RGS10|ROBO1|RSU1|SFRP1|SOS2|SOX2|TERF1|TIMP2|HSP90B1|TSC1|VAV1|LAPTM5|ARHGAP25|FERMT2|SNX13|RGL1|DOCK9|ARHGAP45|MTCH1|ANGPTL4|GMIP|TBC1D13|ADAP2|RGL3|PBXIP1|SH3RF1|PPP4R4|ARHGAP22|FGD3|SNX18|FGD4|ARHGAP42,-3.5
MyList,GO Biological Processes,19,GO:0031667,response to nutrient levels,19_GO:0050896 response to stimulus,-5.4,2.3,5.3,30293,476,953,35,3.7,0.61,2|154|348|445|590|594|655|968|1032|1452|1536|2752|2771|3141|3949|3992|6422|6657|6720|6751|7248|8644|8792|8897|11170|26001|29103|51100|54361|55364|55615|64121|92196|115209|652968,A2M|ADRB2|APOE|ASS1|BCHE|BCKDHB|BMP7|CD68|CDKN2D|CSNK1A1|CYBB|GLUL|GNAI2|HLCS|LDLR|FADS1|SFRP1|SOX2|SREBF1|SSTR1|TSC1|AKR1C3|TNFRSF11A|MTMR3|FAM107A|RNF167|DNAJC15|SH3GLB1|WNT4|IMPACT|PRR5|RRAGC|DAPL1|OMA1|CASTOR1,-3.5
MyList,GO Biological Processes,19,GO:1902644,tertiary alcohol metabolic process,19_GO:0008152 metabolic process,-5.4,13,8.2,30293,15,953,6,0.63,0.26,1109|1645|8574|8644|8912|27233,AKR1C4|AKR1C1|AKR7A2|AKR1C3|CACNA1H|SULT1C4,-3.5
MyList,GO Biological Processes,19,GO:0009084,glutamine family amino acid biosynthetic process,19_GO:0008152 metabolic process,-5.4,13,8.2,30293,15,953,6,0.63,0.26,445|2746|2747|2752|5831|65263,ASS1|GLUD1|GLUD2|GLUL|PYCR1|PYCR3,-3.5
MyList,GO Biological Processes,19,GO:0051893,regulation of focal adhesion assembly,19_GO:0050789 regulation of biological process,-5.4,5.6,6.5,30293,63,953,11,1.2,0.35,71|1307|2824|3987|5786|6422|7248|8829|10979|11170|54361,ACTG1|COL16A1|GPM6B|LIMS1|PTPRA|SFRP1|TSC1|NRP1|FERMT2|FAM107A|WNT4,-3.4
MyList,GO Biological Processes,19,GO:0090109,regulation of cell-substrate junction assembly,19_GO:0050789 regulation of biological process,-5.4,5.6,6.5,30293,63,953,11,1.2,0.35,71|1307|2824|3987|5786|6422|7248|8829|10979|11170|54361,ACTG1|COL16A1|GPM6B|LIMS1|PTPRA|SFRP1|TSC1|NRP1|FERMT2|FAM107A|WNT4,-3.4
MyList,GO Biological Processes,19,GO:0061572,actin filament bundle organization,19_GO:0009987 cellular process,-5.4,5.6,6.5,30293,63,953,11,1.2,0.35,199|408|1809|2059|3936|4082|5358|7184|7430|11170|81624,AIF1|ARRB1|DPYSL3|EPS8|LCP1|MARCKS|PLS3|HSP90B1|EZR|FAM107A|DIAPH3,-3.4
MyList,GO Biological Processes,19,GO:1902075,cellular response to salt,19_GO:0050896 response to stimulus,-5.4,3.1,5.7,30293,212,953,21,2.2,0.48,113|493|1050|1137|1740|2771|4062|4988|5028|6001|6609|7184|7474|8437|8644|8912|27132|51760|80339|116372|221184,ADCY7|ATP2B4|CEBPA|CHRNA4|DLG2|GNAI2|LY6H|OPRM1|P2RY1|RGS10|SMPD1|HSP90B1|WNT5A|RASAL1|AKR1C3|CACNA1H|CPNE7|SYT17|PNPLA3|LYPD1|CPNE2,-3.4
MyList,GO Biological Processes,19,GO:0008015,blood circulation,19_GO:0032501 multicellular organismal process,-5.4,2.4,5.3,30293,417,953,32,3.4,0.58,70|136|147|154|348|613|952|1910|2697|2768|3363|3741|3784|5021|5028|5125|6335|6444|6518|7525|7852|7873|8862|9414|10242|10979|23576|27345|55636|59342|143282|143872,ACTC1|ADORA2B|ADRA1B|ADRB2|APOE|BCR|CD38|EDNRB|GJA1|GNA12|HTR7|KCNA5|KCNQ1|OXTR|P2RY1|PCSK5|SCN9A|SGCD|SLC2A5|YES1|CXCR4|MANF|APLN|TJP2|KCNMB2|FERMT2|DDAH1|KCNMB4|CHD7|SCPEP1|FGFBP3|ARHGAP42,-3.4
MyList,GO Biological Processes,19,GO:0050778,positive regulation of immune response,19_GO:0002376 immune system process,-5.4,2.1,5.1,30293,648,953,43,4.5,0.67,712|713|714|716|718|834|952|975|1191|1675|2533|3109|3689|3821|3822|3823|4067|5245|5293|5580|5588|5650|5788|6810|7098|7099|7409|7462|7474|7525|8631|8934|9865|23705|25800|55577|57590|84282|84868|90865|121665|123920|196051,C1QA|C1QB|C1QC|C1S|C3|CASP1|CD38|CD81|CLU|CFD|FYB1|HLA-DMB|ITGB2|KLRC1|KLRC2|KLRC3|LYN|PHB1|PIK3CD|PRKCD|PRKCQ|KLK7|PTPRC|STX4|TLR3|TLR4|VAV1|LAT2|WNT5A|YES1|SKAP1|RAB29|TRIL|CADM1|SLC39A6|NAGK|WDFY1|RNF135|HAVCR2|IL33|SPPL3|CMTM3|PLPP4,-3.4
MyList,GO Biological Processes,19,GO:0010975,regulation of neuron projection development,19_GO:0032502 developmental process,-5.4,2.4,5.3,30293,459,953,34,3.6,0.6,238|348|393|655|780|952|1272|1809|1948|2670|4067|4504|5080|5361|5396|5764|5792|6091|6422|7101|7436|7474|8321|8829|8934|23043|23189|23251|56896|64221|80258|84062|221074|347733,ALK|APOE|ARHGAP4|BMP7|DDR1|CD38|CNTN1|DPYSL3|EFNB2|GFAP|LYN|MT3|PAX6|PLXNA1|PRRX1|PTN|PTPRF|ROBO1|SFRP1|NR2E1|VLDLR|WNT5A|FZD1|NRP1|RAB29|TNIK|KANK1|MINAR1|DPYSL5|ROBO3|EFHC2|DTNBP1|SLC39A12|TUBB2B,-3.4
MyList,GO Biological Processes,19,GO:0042176,regulation of protein catabolic process,19_GO:0008152 metabolic process,-5.4,2.6,5.4,30293,360,953,29,3,0.56,348|975|1050|1191|1452|1595|1642|2670|2768|3949|4947|4983|5245|6662|7077|7314|7430|7474|8451|9491|25976|26232|26471|51582|51686|57630|79016|90865|161582,APOE|CD81|CEBPA|CLU|CSNK1A1|CYP51A1|DDB1|GFAP|GNA12|LDLR|OAZ2|OPHN1|PHB1|SOX9|TIMP2|UBB|EZR|WNT5A|CUL4A|PSMF1|TIPARP|FBXO2|NUPR1|AZIN1|OAZ3|SH3RF1|DDA1|IL33|DNAAF4,-3.4
MyList,GO Biological Processes,19,GO:0045936,negative regulation of phosphate metabolic process,19_GO:0048519 negative regulation of biological process,-5.3,2.5,5.3,30293,380,953,30,3.1,0.57,348|1032|1050|2887|2950|4067|5080|5154|5580|5788|5987|6422|6609|7345|8613|9104|11006|23705|25937|26471|51637|54541|54625|55364|57718|58190|81848|84062|84063|161742,APOE|CDKN2D|CEBPA|GRB10|GSTP1|LYN|PAX6|PDGFA|PRKCD|PTPRC|TRIM27|SFRP1|SMPD1|UCHL1|PLPP3|RGN|LILRB4|CADM1|WWTR1|NUPR1|RTRAF|DDIT4|PARP14|IMPACT|PPP4R4|CTDSP1|SPRY4|DTNBP1|KIRREL2|SPRED1,-3.4
MyList,GO Biological Processes,19,GO:0002253,activation of immune response,19_GO:0002376 immune system process,-5.3,2.5,5.3,30293,380,953,30,3.1,0.57,712|713|714|716|718|834|952|1191|1675|2533|3821|3822|3823|4067|5245|5293|5580|5788|7098|7099|7409|7462|7525|8631|9865|25800|84282|84868|121665|196051,C1QA|C1QB|C1QC|C1S|C3|CASP1|CD38|CLU|CFD|FYB1|KLRC1|KLRC2|KLRC3|LYN|PHB1|PIK3CD|PRKCD|PTPRC|TLR3|TLR4|VAV1|LAT2|YES1|SKAP1|TRIL|SLC39A6|RNF135|HAVCR2|SPPL3|PLPP4,-3.4
MyList,GO Biological Processes,19,GO:0006790,sulfur compound metabolic process,19_GO:0008152 metabolic process,-5.3,2.7,5.4,30293,304,953,26,2.7,0.53,1910|2639|2950|3141|3157|4166|4598|6448|6576|6776|7263|8460|9200|9469|23205|23743|26227|27233|55256|58472|64131|80221|83539|84532|92126|113189,EDNRB|GCDH|GSTP1|HLCS|HMGCS1|CHST6|MVK|SGSH|SLC25A1|STAT5A|TST|TPST1|HACD1|CHST3|ACSBG1|BHMT2|PHGDH|SULT1C4|ADI1|SQOR|XYLT1|ACSF2|CHST9|ACSS1|DSEL|CHST14,-3.4
MyList,GO Biological Processes,19,GO:0022409,positive regulation of cell-cell adhesion,19_GO:0048518 positive regulation of biological process,-5.3,2.7,5.4,30293,323,953,27,2.8,0.54,199|240|288|655|865|923|975|1948|3109|3689|4067|4651|4860|5588|5788|6657|7409|7474|7525|8613|8631|9308|9780|11006|55083|64926|84868,AIF1|ALOX5|ANK3|BMP7|CBFB|CD6|CD81|EFNB2|HLA-DMB|ITGB2|LYN|MYO10|PNP|PRKCQ|PTPRC|SOX2|VAV1|WNT5A|YES1|PLPP3|SKAP1|CD83|PIEZO1|LILRB4|KIF26B|RASAL3|HAVCR2,-3.4
MyList,GO Biological Processes,19,GO:0010563,negative regulation of phosphorus metabolic process,19_GO:0048519 negative regulation of biological process,-5.3,2.5,5.3,30293,381,953,30,3.1,0.57,348|1032|1050|2887|2950|4067|5080|5154|5580|5788|5987|6422|6609|7345|8613|9104|11006|23705|25937|26471|51637|54541|54625|55364|57718|58190|81848|84062|84063|161742,APOE|CDKN2D|CEBPA|GRB10|GSTP1|LYN|PAX6|PDGFA|PRKCD|PTPRC|TRIM27|SFRP1|SMPD1|UCHL1|PLPP3|RGN|LILRB4|CADM1|WWTR1|NUPR1|RTRAF|DDIT4|PARP14|IMPACT|PPP4R4|CTDSP1|SPRY4|DTNBP1|KIRREL2|SPRED1,-3.4
MyList,GO Biological Processes,19,GO:0002521,leukocyte differentiation,19_GO:0032502 developmental process,-5.3,2.4,5.3,30293,421,953,32,3.4,0.58,677|678|865|975|1050|1316|3175|3821|4067|4495|4772|5293|5788|6422|6776|7099|7248|7409|8111|8544|8792|9308|9734|10100|10758|29887|54361|55509|55636|81624|90865|112616,ZFP36L1|ZFP36L2|CBFB|CD81|CEBPA|KLF6|ONECUT1|KLRC1|LYN|MT1G|NFATC1|PIK3CD|PTPRC|SFRP1|STAT5A|TLR4|TSC1|VAV1|GPR68|PIR|TNFRSF11A|CD83|HDAC9|TSPAN2|TRAF3IP2|SNX10|WNT4|BATF3|CHD7|DIAPH3|IL33|CMTM7,-3.4
MyList,GO Biological Processes,19,GO:0050866,negative regulation of cell activation,19_GO:0048519 negative regulation of biological process,-5.3,3.1,5.6,30293,215,953,21,2.2,0.48,348|865|3149|3949|4067|5154|5156|5580|5788|6422|6441|6664|7805|7940|11006|51083|84868|92196|221395|284021|654346,APOE|CBFB|HMGB3|LDLR|LYN|PDGFA|PDGFRA|PRKCD|PTPRC|SFRP1|SFTPD|SOX11|LAPTM5|LST1|LILRB4|GAL|HAVCR2|DAPL1|ADGRF5|MILR1|LGALS9C,-3.4
MyList,GO Biological Processes,19,GO:0044092,negative regulation of molecular function,19_GO:0065007 biological regulation,-5.3,2,5.1,30293,762,953,48,5,0.71,154|190|288|307|348|358|408|493|655|1032|1050|1910|2771|2913|2950|3275|3725|4067|4504|5580|5727|5788|5792|5824|5987|6609|6664|7013|7077|7248|7345|10715|11006|25937|26471|26508|29085|51129|51291|51637|57630|57718|81848|84062|84868|161742|170622|284434,ADRB2|NR0B1|ANK3|ANXA4|APOE|AQP1|ARRB1|ATP2B4|BMP7|CDKN2D|CEBPA|EDNRB|GNAI2|GRM3|GSTP1|PRMT2|JUN|LYN|MT3|PRKCD|PTCH1|PTPRC|PTPRF|PEX19|TRIM27|SMPD1|SOX11|TERF1|TIMP2|TSC1|UCHL1|CERS1|LILRB4|WWTR1|NUPR1|HEYL|PHPT1|ANGPTL4|GMIP|RTRAF|SH3RF1|PPP4R4|SPRY4|DTNBP1|HAVCR2|SPRED1|COMMD6|NWD1,-3.4
MyList,GO Biological Processes,19,GO:0072210,metanephric nephron development,19_GO:0032502 developmental process,-5.3,7.9,7.1,30293,32,953,8,0.84,0.3,358|5156|6299|6662|54361|55083|55366|388585,AQP1|PDGFRA|SALL1|SOX9|WNT4|KIF26B|LGR4|HES5,-3.4
MyList,GO Biological Processes,19,GO:1903706,regulation of hemopoiesis,19_GO:0002376 immune system process,-5.3,2.4,5.3,30293,422,953,32,3.4,0.58,677|678|714|865|1050|2124|3149|4067|4860|5764|5788|6422|6655|7098|7099|7130|8111|8451|8792|9308|9646|11006|28959|53342|55170|55365|57630|84293|85477|146433|151176|399665,ZFP36L1|ZFP36L2|C1QC|CBFB|CEBPA|EVI2B|HMGB3|LYN|PNP|PTN|PTPRC|SFRP1|SOS2|TLR3|TLR4|TNFAIP6|GPR68|CUL4A|TNFRSF11A|CD83|CTR9|LILRB4|TMEM176B|IL17D|PRMT6|TMEM176A|SH3RF1|PRXL2A|SCIN|IL34|ERFE|EEIG1,-3.4
MyList,GO Biological Processes,19,GO:0050708,regulation of protein secretion,19_GO:0051179 localization,-5.3,2.8,5.5,30293,269,953,24,2.5,0.51,240|348|952|1595|2746|3741|4988|5950|6422|6720|6810|7099|8111|8447|8736|8938|9501|10972|27236|51092|64215|79651|79971|94121,ALOX5|APOE|CD38|CYP51A1|GLUD1|KCNA5|OPRM1|RBP4|SFRP1|SREBF1|STX4|TLR4|GPR68|DOC2B|MYOM1|BAIAP3|RPH3AL|TMED10|ARFIP1|SIDT2|DNAJC1|RHBDF2|WLS|SYTL4,-3.4
MyList,GO Biological Processes,19,GO:0002697,regulation of immune effector process,19_GO:0002376 immune system process,-5.3,2.5,5.3,30293,383,953,30,3.1,0.57,2|136|613|718|975|1524|3109|3689|3821|3822|3823|4067|5245|5650|5788|5950|6810|7098|7099|7409|7474|7805|8673|9516|9865|10417|11006|23705|84868|90865,A2M|ADORA2B|BCR|C3|CD81|CX3CR1|HLA-DMB|ITGB2|KLRC1|KLRC2|KLRC3|LYN|PHB1|KLK7|PTPRC|RBP4|STX4|TLR3|TLR4|VAV1|WNT5A|LAPTM5|VAMP8|LITAF|TRIL|SPON2|LILRB4|CADM1|HAVCR2|IL33,-3.4
MyList,GO Biological Processes,19,GO:0150063,visual system development,19_GO:0032502 developmental process,-5.3,2.5,5.3,30293,383,953,30,3.1,0.57,358|493|655|712|718|2195|2202|2697|5080|5156|5950|6094|6657|6662|6664|7101|7474|7477|8736|8829|11145|23657|54549|55636|57381|64093|84062|284217|285590|388585,AQP1|ATP2B4|BMP7|C1QA|C3|FAT1|EFEMP1|GJA1|PAX6|PDGFRA|RBP4|ROM1|SOX2|SOX9|SOX11|NR2E1|WNT5A|WNT7B|MYOM1|NRP1|PLAAT3|SLC7A11|SDK2|CHD7|RHOJ|SMOC1|DTNBP1|LAMA1|SH3PXD2B|HES5,-3.4
MyList,GO Biological Processes,19,GO:1901699,cellular response to nitrogen compound,19_GO:0050896 response to stimulus,-5.3,2.1,5.1,30293,632,953,42,4.4,0.66,154|358|445|493|677|1137|1176|1307|1536|2697|2742|2771|2887|3638|3784|4062|4067|4988|5028|5080|5156|5580|5786|5872|6001|6422|6464|6655|6662|6720|6776|7098|7099|7184|7430|7852|9734|11031|64121|80339|116372|652968,ADRB2|AQP1|ASS1|ATP2B4|ZFP36L1|CHRNA4|AP3S1|COL16A1|CYBB|GJA1|GLRA2|GNAI2|GRB10|INSIG1|KCNQ1|LY6H|LYN|OPRM1|P2RY1|PAX6|PDGFRA|PRKCD|PTPRA|RAB13|RGS10|SFRP1|SHC1|SOS2|SOX9|SREBF1|STAT5A|TLR3|TLR4|HSP90B1|EZR|CXCR4|HDAC9|RAB31|RRAGC|PNPLA3|LYPD1|CASTOR1,-3.4
MyList,GO Biological Processes,19,GO:0002275,myeloid cell activation involved in immune response,19_GO:0002376 immune system process,-5.3,5.4,6.4,30293,65,953,11,1.2,0.35,136|613|1524|4067|5293|6284|6814|7462|84868|90865|284021,ADORA2B|BCR|CX3CR1|LYN|PIK3CD|S100A13|STXBP3|LAT2|HAVCR2|IL33|MILR1,-3.4
MyList,GO Biological Processes,19,GO:1905330,regulation of morphogenesis of an epithelium,19_GO:0032502 developmental process,-5.3,5.4,6.4,30293,65,953,11,1.2,0.35,655|2247|2697|5154|5293|6422|6662|7474|9500|54361|55366,BMP7|FGF2|GJA1|PDGFA|PIK3CD|SFRP1|SOX9|WNT5A|MAGED1|WNT4|LGR4,-3.4
MyList,GO Biological Processes,19,GO:0009062,fatty acid catabolic process,19_GO:0008152 metabolic process,-5.3,4.5,6.1,30293,91,953,13,1.4,0.38,30|33|1891|2109|2110|2639|3028|3712|8309|10449|10455|55862|56898,ACAA1|ACADL|ECH1|ETFB|ETFDH|GCDH|HSD17B10|IVD|ACOX2|ACAA2|ECI2|ECHDC1|BDH2,-3.4
MyList,GO Biological Processes,19,GO:0031401,positive regulation of protein modification process,19_GO:0048518 positive regulation of biological process,-5.3,2,5,30293,788,953,49,5.1,0.72,154|187|330|408|493|718|923|1524|1910|2247|2261|2768|4067|4504|5028|5154|5245|5580|5788|6091|6609|6662|7098|7099|7314|7474|7525|7805|7936|8321|8613|8792|8829|10979|11170|23043|23328|26471|54625|55615|56005|59343|84062|84259|92597|121665|133619|146433|388585,ADRB2|APLNR|BIRC3|ARRB1|ATP2B4|C3|CD6|CX3CR1|EDNRB|FGF2|FGFR3|GNA12|LYN|MT3|P2RY1|PDGFA|PHB1|PRKCD|PTPRC|ROBO1|SMPD1|SOX9|TLR3|TLR4|UBB|WNT5A|YES1|LAPTM5|NELFE|FZD1|PLPP3|TNFRSF11A|NRP1|FERMT2|FAM107A|TNIK|SASH1|NUPR1|PARP14|PRR5|MYDGF|SENP2|DTNBP1|DCUN1D5|MOB1B|SPPL3|PRRC1|IL34|HES5,-3.3
MyList,GO Biological Processes,19,GO:0022600,digestive system process,19_GO:0032501 multicellular organismal process,-5.2,4.9,6.2,30293,78,953,12,1.3,0.36,358|1645|3784|3949|5950|6518|6662|7099|7430|9414|29887|64081,AQP1|AKR1C1|KCNQ1|LDLR|RBP4|SLC2A5|SOX9|TLR4|EZR|TJP2|SNX10|PBLD,-3.3
MyList,GO Biological Processes,19,GO:0003013,circulatory system process,19_GO:0032501 multicellular organismal process,-5.2,2.3,5.1,30293,507,953,36,3.8,0.62,70|136|147|154|348|493|613|952|1910|2171|2697|2768|3363|3741|3784|5021|5028|5125|6335|6444|6518|7525|7852|7873|8862|9414|10242|10413|10979|23576|25937|27345|55636|59342|143282|143872,ACTC1|ADORA2B|ADRA1B|ADRB2|APOE|ATP2B4|BCR|CD38|EDNRB|FABP5|GJA1|GNA12|HTR7|KCNA5|KCNQ1|OXTR|P2RY1|PCSK5|SCN9A|SGCD|SLC2A5|YES1|CXCR4|MANF|APLN|TJP2|KCNMB2|YAP1|FERMT2|DDAH1|WWTR1|KCNMB4|CHD7|SCPEP1|FGFBP3|ARHGAP42,-3.3
MyList,GO Biological Processes,19,GO:1903532,positive regulation of secretion by cell,19_GO:0051179 localization,-5.2,2.7,5.4,30293,290,953,25,2.6,0.52,136|952|2550|2746|3689|3822|5021|5028|5874|5950|6664|6810|7099|8111|8447|8673|8736|8792|8938|9501|10972|51083|79971|84062|94121,ADORA2B|CD38|GABBR1|GLUD1|ITGB2|KLRC2|OXTR|P2RY1|RAB27B|RBP4|SOX11|STX4|TLR4|GPR68|DOC2B|VAMP8|MYOM1|TNFRSF11A|BAIAP3|RPH3AL|TMED10|GAL|WLS|DTNBP1|SYTL4,-3.3
MyList,GO Biological Processes,19,GO:0002764,immune response-regulating signaling pathway,19_GO:0002376 immune system process,-5.2,2.6,5.3,30293,347,953,28,2.9,0.55,718|834|952|1512|2214|2533|3821|3822|3823|4067|5245|5293|5580|5588|5788|7098|7099|7409|7462|7525|8631|9865|11006|25800|84282|84868|121665|196051,C3|CASP1|CD38|CTSH|FCGR3A|FYB1|KLRC1|KLRC2|KLRC3|LYN|PHB1|PIK3CD|PRKCD|PRKCQ|PTPRC|TLR3|TLR4|VAV1|LAT2|YES1|SKAP1|TRIL|LILRB4|SLC39A6|RNF135|HAVCR2|SPPL3|PLPP4,-3.3
MyList,GO Biological Processes,19,GO:0002762,negative regulation of myeloid leukocyte differentiation,19_GO:0002376 immune system process,-5.2,5.9,6.5,30293,54,953,10,1,0.33,714|4067|6422|7098|7099|7130|8111|8451|11006|151176,C1QC|LYN|SFRP1|TLR3|TLR4|TNFAIP6|GPR68|CUL4A|LILRB4|ERFE,-3.3
MyList,GO Biological Processes,19,GO:0070372,regulation of ERK1 and ERK2 cascade,19_GO:0050896 response to stimulus,-5.2,2.7,5.3,30293,309,953,26,2.7,0.53,348|408|2247|2261|2771|2950|4067|4504|4988|5028|5154|5156|5245|5788|6464|6764|7099|7430|7936|8792|8829|10979|54550|84868|152007|161742,APOE|ARRB1|FGF2|FGFR3|GNAI2|GSTP1|LYN|MT3|OPRM1|P2RY1|PDGFA|PDGFRA|PHB1|PTPRC|SHC1|DENND2B|TLR4|EZR|NELFE|TNFRSF11A|NRP1|FERMT2|NECAB2|HAVCR2|GLIPR2|SPRED1,-3.3
MyList,GO Biological Processes,19,GO:0002444,myeloid leukocyte mediated immunity,19_GO:0002376 immune system process,-5.2,5.3,6.3,30293,66,953,11,1.2,0.35,136|613|2214|4067|5293|6284|6814|7462|10417|10758|284021,ADORA2B|BCR|FCGR3A|LYN|PIK3CD|S100A13|STXBP3|LAT2|SPON2|TRAF3IP2|MILR1,-3.3
MyList,GO Biological Processes,19,GO:1901607,alpha-amino acid biosynthetic process,19_GO:0008152 metabolic process,-5.2,5.3,6.3,30293,66,953,11,1.2,0.35,445|2746|2747|2752|5092|5831|23743|26227|55256|63826|65263,ASS1|GLUD1|GLUD2|GLUL|PCBD1|PYCR1|BHMT2|PHGDH|ADI1|SRR|PYCR3,-3.3
MyList,GO Biological Processes,19,GO:0098754,detoxification,19_GO:0098754 detoxification,-5.2,3.7,5.8,30293,136,953,16,1.7,0.42,348|2950|4257|4489|4495|4501|4502|4504|5002|5052|6415|10549|55937|64359|84293|114112,APOE|GSTP1|MGST1|MT1A|MT1G|MT1X|MT2A|MT3|SLC22A18|PRDX1|SELENOW|PRDX4|APOM|NXN|PRXL2A|TXNRD3,-3.3
MyList,GO Biological Processes,19,GO:0043299,leukocyte degranulation,19_GO:0002376 immune system process,-5.2,6.7,6.7,30293,43,953,9,0.94,0.31,136|613|2214|4067|5293|6284|6814|7462|284021,ADORA2B|BCR|FCGR3A|LYN|PIK3CD|S100A13|STXBP3|LAT2|MILR1,-3.3
MyList,GO Biological Processes,19,GO:0019725,cellular homeostasis,19_GO:0042592 homeostatic process,-5.2,2.1,5,30293,680,953,44,4.6,0.68,348|358|361|475|493|1185|2495|2512|2950|3162|3784|4489|4495|4501|4502|4504|5028|5052|5080|6814|7184|7474|7477|8992|9104|9914|10549|10590|23657|25800|26137|29887|30061|55013|55277|56898|63933|81628|84282|84329|114112|151176|154881|285195,APOE|AQP1|AQP4|ATOX1|ATP2B4|CLCN6|FTH1|FTL|GSTP1|HMOX1|KCNQ1|MT1A|MT1G|MT1X|MT2A|MT3|P2RY1|PRDX1|PAX6|STXBP3|HSP90B1|WNT5A|WNT7B|ATP6V0E1|RGN|ATP2C2|PRDX4|SCGN|SLC7A11|SLC39A6|ZBTB20|SNX10|SLC40A1|MCUB|FGGY|BDH2|MCUR1|TSC22D4|RNF135|HVCN1|TXNRD3|ERFE|KCTD7|SLC9A9,-3.3
MyList,GO Biological Processes,19,GO:0071294,cellular response to zinc ion,19_GO:0050896 response to stimulus,-5.2,9.3,7.3,30293,24,953,7,0.73,0.28,2742|4489|4495|4501|4502|4504|84329,GLRA2|MT1A|MT1G|MT1X|MT2A|MT3|HVCN1,-3.3
MyList,GO Biological Processes,19,GO:0040008,regulation of growth,19_GO:0040007 growth,-5.2,2.1,5,30293,616,953,41,4.3,0.66,154|348|393|780|952|1032|2023|2247|2261|2596|2697|4489|4495|4501|4502|4504|5245|5588|5727|5950|6422|6776|7003|7430|7474|7852|8437|8829|10413|11170|23251|23286|51760|55540|55615|55636|58189|84259|147906|221476|340719,ADRB2|APOE|ARHGAP4|DDR1|CD38|CDKN2D|ENO1|FGF2|FGFR3|GAP43|GJA1|MT1A|MT1G|MT1X|MT2A|MT3|PHB1|PRKCQ|PTCH1|RBP4|SFRP1|STAT5A|TEAD1|EZR|WNT5A|CXCR4|RASAL1|NRP1|YAP1|FAM107A|MINAR1|WWC1|SYT17|IL17RB|PRR5|CHD7|WFDC1|DCUN1D5|DACT3|PI16|NANOS1,-3.3
MyList,GO Biological Processes,19,GO:0050670,regulation of lymphocyte proliferation,19_GO:0002376 immune system process,-5.2,3,5.4,30293,237,953,22,2.3,0.49,199|923|952|975|2214|3109|4004|4067|4860|5588|5788|6441|6655|6664|7099|7940|11006|51083|57630|64926|84868|654346,AIF1|CD6|CD38|CD81|FCGR3A|HLA-DMB|LMO1|LYN|PNP|PRKCQ|PTPRC|SFTPD|SOS2|SOX11|TLR4|LST1|LILRB4|GAL|SH3RF1|RASAL3|HAVCR2|LGALS9C,-3.3
MyList,GO Biological Processes,19,GO:0030638,polyketide metabolic process,19_GO:0008152 metabolic process,-5.2,16,8.5,30293,10,953,5,0.52,0.23,1109|1645|8574|8644|27233,AKR1C4|AKR1C1|AKR7A2|AKR1C3|SULT1C4,-3.3
MyList,GO Biological Processes,19,GO:0098883,synapse pruning,19_GO:0009987 cellular process,-5.2,16,8.5,30293,10,953,5,0.52,0.23,712|713|714|718|1524,C1QA|C1QB|C1QC|C3|CX3CR1,-3.3
MyList,GO Biological Processes,19,GO:0044598,doxorubicin metabolic process,19_GO:0008152 metabolic process,-5.2,16,8.5,30293,10,953,5,0.52,0.23,1109|1645|8574|8644|27233,AKR1C4|AKR1C1|AKR7A2|AKR1C3|SULT1C4,-3.3
MyList,GO Biological Processes,19,GO:0031960,response to corticosteroid,19_GO:0050896 response to stimulus,-5.2,3.5,5.7,30293,153,953,17,1.8,0.43,2|358|445|590|594|677|678|1536|4129|5788|7477|8644|11170|23205|54541|57630|387758,A2M|AQP1|ASS1|BCHE|BCKDHB|ZFP36L1|ZFP36L2|CYBB|MAOB|PTPRC|WNT7B|AKR1C3|FAM107A|ACSBG1|DDIT4|SH3RF1|FIBIN,-3.3
MyList,GO Biological Processes,19,GO:0048880,sensory system development,19_GO:0032502 developmental process,-5.1,2.5,5.2,30293,389,953,30,3.1,0.57,358|493|655|712|718|2195|2202|2697|5080|5156|5950|6094|6657|6662|6664|7101|7474|7477|8736|8829|11145|23657|54549|55636|57381|64093|84062|284217|285590|388585,AQP1|ATP2B4|BMP7|C1QA|C3|FAT1|EFEMP1|GJA1|PAX6|PDGFRA|RBP4|ROM1|SOX2|SOX9|SOX11|NR2E1|WNT5A|WNT7B|MYOM1|NRP1|PLAAT3|SLC7A11|SDK2|CHD7|RHOJ|SMOC1|DTNBP1|LAMA1|SH3PXD2B|HES5,-3.3
MyList,GO Biological Processes,19,GO:0010810,regulation of cell-substrate adhesion,19_GO:0050789 regulation of biological process,-5.1,3,5.4,30293,221,953,21,2.2,0.48,71|780|1307|2824|3175|3987|5786|6239|6251|6422|6480|7248|8631|8829|10979|11170|23189|30008|54361|55612|81848,ACTG1|DDR1|COL16A1|GPM6B|ONECUT1|LIMS1|PTPRA|RREB1|RSU1|SFRP1|ST6GAL1|TSC1|SKAP1|NRP1|FERMT2|FAM107A|KANK1|EFEMP2|WNT4|FERMT1|SPRY4,-3.3
MyList,GO Biological Processes,19,GO:0099177,regulation of trans-synaptic signaling,19_GO:0050789 regulation of biological process,-5.1,2.3,5.1,30293,493,953,35,3.7,0.61,136|154|348|590|613|952|1009|1524|2171|2550|2670|2771|2913|4983|5021|5028|5764|5786|6623|6810|7101|7474|8938|10590|11170|23657|26001|26232|27253|27345|57537|66000|84062|347733|729993,ADORA2B|ADRB2|APOE|BCHE|BCR|CD38|CDH11|CX3CR1|FABP5|GABBR1|GFAP|GNAI2|GRM3|OPHN1|OXTR|P2RY1|PTN|PTPRA|SNCG|STX4|NR2E1|WNT5A|BAIAP3|SCGN|FAM107A|SLC7A11|RNF167|FBXO2|PCDH17|KCNMB4|SORCS2|TMEM108|DTNBP1|TUBB2B|SHISA9,-3.2
MyList,GO Biological Processes,19,GO:0002269,leukocyte activation involved in inflammatory response,19_GO:0002376 immune system process,-5.1,7.5,6.8,30293,34,953,8,0.84,0.3,199|712|1191|1524|3689|7098|10758|90865,AIF1|C1QA|CLU|CX3CR1|ITGB2|TLR3|TRAF3IP2|IL33,-3.2
MyList,GO Biological Processes,19,GO:0032103,positive regulation of response to external stimulus,19_GO:0048518 positive regulation of biological process,-5.1,2.2,5,30293,557,953,38,4,0.63,136|199|718|834|975|1050|1524|1901|2247|3821|3822|3823|3949|4067|5156|5245|5650|5764|6810|7098|7099|7114|7409|7474|7852|8673|8792|8829|9865|23328|23705|26471|55577|57590|84282|84868|90865|146433,ADORA2B|AIF1|C3|CASP1|CD81|CEBPA|CX3CR1|S1PR1|FGF2|KLRC1|KLRC2|KLRC3|LDLR|LYN|PDGFRA|PHB1|KLK7|PTN|STX4|TLR3|TLR4|TMSB4X|VAV1|WNT5A|CXCR4|VAMP8|TNFRSF11A|NRP1|TRIL|SASH1|CADM1|NUPR1|NAGK|WDFY1|RNF135|HAVCR2|IL33|IL34,-3.2
MyList,GO Biological Processes,19,GO:0048608,reproductive structure development,19_GO:0022414 reproductive process,-5.1,2.7,5.3,30293,295,953,25,2.6,0.52,2|190|718|1718|2697|5156|5727|5872|5950|6299|6422|6662|7098|7130|7314|7474|8644|9289|10549|25976|26471|54361|55366|55636|57599,A2M|NR0B1|C3|DHCR24|GJA1|PDGFRA|PTCH1|RAB13|RBP4|SALL1|SFRP1|SOX9|TLR3|TNFAIP6|UBB|WNT5A|AKR1C3|ADGRG1|PRDX4|TIPARP|NUPR1|WNT4|LGR4|CHD7|WDR48,-3.2
MyList,GO Biological Processes,19,GO:0042445,hormone metabolic process,19_GO:0008152 metabolic process,-5.1,3.1,5.4,30293,205,953,20,2.1,0.46,590|1109|1645|1717|1910|3028|5125|5156|5947|5950|8630|8644|8912|10170|10901|25976|51478|54361|59342|83539,BCHE|AKR1C4|AKR1C1|DHCR7|EDNRB|HSD17B10|PCSK5|PDGFRA|RBP1|RBP4|HSD17B6|AKR1C3|CACNA1H|DHRS9|DHRS4|TIPARP|HSD17B7|WNT4|SCPEP1|CHST9,-3.2
MyList,GO Biological Processes,19,GO:0150116,regulation of cell-substrate junction organization,19_GO:0050789 regulation of biological process,-5.1,5.1,6.2,30293,68,953,11,1.2,0.35,71|1307|2824|3987|5786|6422|7248|8829|10979|11170|54361,ACTG1|COL16A1|GPM6B|LIMS1|PTPRA|SFRP1|TSC1|NRP1|FERMT2|FAM107A|WNT4,-3.2
MyList,GO Biological Processes,19,GO:0006081,cellular aldehyde metabolic process,19_GO:0008152 metabolic process,-5.1,5.1,6.2,30293,68,953,11,1.2,0.35,217|223|501|1645|1910|3418|8574|8644|8912|10901|81888,ALDH2|ALDH9A1|ALDH7A1|AKR1C1|EDNRB|IDH2|AKR7A2|AKR1C3|CACNA1H|DHRS4|HYI,-3.2
MyList,GO Biological Processes,19,GO:0045859,regulation of protein kinase activity,19_GO:0008152 metabolic process,-5.1,2.3,5.1,30293,474,953,34,3.6,0.6,154|348|493|1032|1050|2247|2950|4067|4504|5154|5245|5580|5788|5987|6091|6609|7098|7099|7345|7474|8792|9077|10979|11006|23328|25937|51191|51637|81848|84062|133619|146433|151195|161742,ADRB2|APOE|ATP2B4|CDKN2D|CEBPA|FGF2|GSTP1|LYN|MT3|PDGFA|PHB1|PRKCD|PTPRC|TRIM27|ROBO1|SMPD1|TLR3|TLR4|UCHL1|WNT5A|TNFRSF11A|DIRAS3|FERMT2|LILRB4|SASH1|WWTR1|HERC5|RTRAF|SPRY4|DTNBP1|PRRC1|IL34|CCNYL1|SPRED1,-3.2
MyList,GO Biological Processes,19,GO:0048871,multicellular organismal-level homeostasis,19_GO:0042592 homeostatic process,-5.1,2.1,5,30293,601,953,40,4.2,0.65,33|71|154|238|348|358|361|613|1200|1512|1524|2697|3162|3784|4067|5052|5950|6441|6655|6662|7099|7314|8444|8792|9289|9414|9469|10413|10758|25937|29887|30061|55366|57599|64081|65217|81624|115209|221395|340719,ACADL|ACTG1|ADRB2|ALK|APOE|AQP1|AQP4|BCR|TPP1|CTSH|CX3CR1|GJA1|HMOX1|KCNQ1|LYN|PRDX1|RBP4|SFTPD|SOS2|SOX9|TLR4|UBB|DYRK3|TNFRSF11A|ADGRG1|TJP2|CHST3|YAP1|TRAF3IP2|WWTR1|SNX10|SLC40A1|LGR4|WDR48|PBLD|PCDH15|DIAPH3|OMA1|ADGRF5|NANOS1,-3.2
MyList,GO Biological Processes,19,GO:0050767,regulation of neurogenesis,19_GO:0032502 developmental process,-5.1,2.4,5.1,30293,393,953,30,3.1,0.57,393|655|1462|1524|2247|2670|3949|4067|4504|4988|5080|5361|5764|5803|6091|6664|6993|7101|7474|7852|8829|10413|26508|55636|56896|58190|63827|90865|146433|388585,ARHGAP4|BMP7|VCAN|CX3CR1|FGF2|GFAP|LDLR|LYN|MT3|OPRM1|PAX6|PLXNA1|PTN|PTPRZ1|ROBO1|SOX11|DYNLT1|NR2E1|WNT5A|CXCR4|NRP1|YAP1|HEYL|CHD7|DPYSL5|CTDSP1|BCAN|IL33|IL34|HES5,-3.2
MyList,GO Biological Processes,19,GO:0001954,positive regulation of cell-matrix adhesion,19_GO:0048518 positive regulation of biological process,-5.1,5.7,6.3,30293,56,953,10,1,0.33,1307|3987|6422|7248|8631|8829|10979|30008|54361|55612,COL16A1|LIMS1|SFRP1|TSC1|SKAP1|NRP1|FERMT2|EFEMP2|WNT4|FERMT1,-3.2
MyList,GO Biological Processes,19,GO:0099111,microtubule-based transport,19_GO:0051179 localization,-5,3.1,5.4,30293,206,953,20,2.1,0.46,361|1176|1740|1767|1781|3281|5874|7314|7345|25911|27152|63971|64792|66000|79443|84062|118426|127829|161582|282991,AQP4|AP3S1|DLG2|DNAH5|DYNC1I2|HSBP1|RAB27B|UBB|UCHL1|DPCD|INTU|KIF13A|IFT22|TMEM108|FYCO1|DTNBP1|BORCS5|ARL8A|DNAAF4|BLOC1S2,-3.2
MyList,GO Biological Processes,19,GO:0031668,cellular response to extracellular stimulus,19_GO:0050896 response to stimulus,-5,2.8,5.3,30293,260,953,23,2.4,0.5,136|968|1452|2752|3992|4067|5788|6422|6720|7248|8644|8792|8897|11170|26001|29103|51100|54361|55364|55615|64121|92196|652968,ADORA2B|CD68|CSNK1A1|GLUL|FADS1|LYN|PTPRC|SFRP1|SREBF1|TSC1|AKR1C3|TNFRSF11A|MTMR3|FAM107A|RNF167|DNAJC15|SH3GLB1|WNT4|IMPACT|PRR5|RRAGC|DAPL1|CASTOR1,-3.2
MyList,GO Biological Processes,19,GO:1903305,regulation of regulated secretory pathway,19_GO:0051179 localization,-5,3.8,5.7,30293,125,953,15,1.6,0.4,136|613|2771|3689|3822|4067|5028|6810|6814|8447|8673|8938|9501|51760|84062,ADORA2B|BCR|GNAI2|ITGB2|KLRC2|LYN|P2RY1|STX4|STXBP3|DOC2B|VAMP8|BAIAP3|RPH3AL|SYT17|DTNBP1,-3.2
MyList,GO Biological Processes,19,GO:0042326,negative regulation of phosphorylation,19_GO:0048519 negative regulation of biological process,-5,2.6,5.2,30293,317,953,26,2.7,0.53,348|1032|1050|2887|2950|4067|5080|5580|5788|5987|6422|6609|7345|8613|9104|11006|23705|25937|51637|54625|55364|58190|81848|84062|84063|161742,APOE|CDKN2D|CEBPA|GRB10|GSTP1|LYN|PAX6|PRKCD|PTPRC|TRIM27|SFRP1|SMPD1|UCHL1|PLPP3|RGN|LILRB4|CADM1|WWTR1|RTRAF|PARP14|IMPACT|CTDSP1|SPRY4|DTNBP1|KIRREL2|SPRED1,-3.2
MyList,GO Biological Processes,19,GO:0034308,primary alcohol metabolic process,19_GO:0008152 metabolic process,-5,4.3,5.8,30293,96,953,13,1.4,0.38,217|1109|1645|1910|5950|8574|8630|8644|8912|10170|10901|27233|84532,ALDH2|AKR1C4|AKR1C1|EDNRB|RBP4|AKR7A2|HSD17B6|AKR1C3|CACNA1H|DHRS9|DHRS4|SULT1C4|ACSS1,-3.2
MyList,GO Biological Processes,19,GO:0002252,immune effector process,19_GO:0002376 immune system process,-5,2.3,5,30293,457,953,33,3.5,0.59,136|613|712|713|714|716|718|975|1191|1512|1524|1675|2214|3822|3936|4067|5052|5293|5580|6284|6814|7099|7248|7409|7462|7525|10417|10758|54518|84868|90865|196051|284021,ADORA2B|BCR|C1QA|C1QB|C1QC|C1S|C3|CD81|CLU|CTSH|CX3CR1|CFD|FCGR3A|KLRC2|LCP1|LYN|PRDX1|PIK3CD|PRKCD|S100A13|STXBP3|TLR4|TSC1|VAV1|LAT2|YES1|SPON2|TRAF3IP2|APBB1IP|HAVCR2|IL33|PLPP4|MILR1,-3.2
MyList,GO Biological Processes,19,GO:0042327,positive regulation of phosphorylation,19_GO:0048518 positive regulation of biological process,-5,2.1,4.9,30293,627,953,41,4.3,0.66,154|187|238|408|493|718|780|923|1524|1910|2247|2261|4067|4504|5028|5154|5156|5245|5580|5788|6091|6662|7098|7099|7474|7525|8321|8613|8792|8829|10979|23043|23328|54625|55615|56005|84062|92597|133619|146433|388585,ADRB2|APLNR|ALK|ARRB1|ATP2B4|C3|DDR1|CD6|CX3CR1|EDNRB|FGF2|FGFR3|LYN|MT3|P2RY1|PDGFA|PDGFRA|PHB1|PRKCD|PTPRC|ROBO1|SOX9|TLR3|TLR4|WNT5A|YES1|FZD1|PLPP3|TNFRSF11A|NRP1|FERMT2|TNIK|SASH1|PARP14|PRR5|MYDGF|DTNBP1|MOB1B|PRRC1|IL34|HES5,-3.2
MyList,GO Biological Processes,19,GO:0048545,response to steroid hormone,19_GO:0050896 response to stimulus,-5,2.7,5.2,30293,280,953,24,2.5,0.51,2|358|445|590|594|677|678|952|1536|4129|5021|5245|5788|6720|7101|7477|8644|10413|10628|11170|23205|54541|57630|387758,A2M|AQP1|ASS1|BCHE|BCKDHB|ZFP36L1|ZFP36L2|CD38|CYBB|MAOB|OXTR|PHB1|PTPRC|SREBF1|NR2E1|WNT7B|AKR1C3|YAP1|TXNIP|FAM107A|ACSBG1|DDIT4|SH3RF1|FIBIN,-3.2
MyList,GO Biological Processes,19,GO:0061458,reproductive system development,19_GO:0032502 developmental process,-5,2.7,5.2,30293,299,953,25,2.6,0.52,2|190|718|1718|2697|5156|5727|5872|5950|6299|6422|6662|7098|7130|7314|7474|8644|9289|10549|25976|26471|54361|55366|55636|57599,A2M|NR0B1|C3|DHCR24|GJA1|PDGFRA|PTCH1|RAB13|RBP4|SALL1|SFRP1|SOX9|TLR3|TNFAIP6|UBB|WNT5A|AKR1C3|ADGRG1|PRDX4|TIPARP|NUPR1|WNT4|LGR4|CHD7|WDR48,-3.2
MyList,GO Biological Processes,19,GO:0043087,regulation of GTPase activity,19_GO:0065007 biological regulation,-5,2.7,5.2,30293,299,953,25,2.6,0.52,613|3987|5361|6001|6251|6422|6655|7248|7409|9938|10979|23161|23179|23348|23526|51291|54662|55803|57139|57326|58504|89846|112574|121512|143872,BCR|LIMS1|PLXNA1|RGS10|RSU1|SFRP1|SOS2|TSC1|VAV1|ARHGAP25|FERMT2|SNX13|RGL1|DOCK9|ARHGAP45|GMIP|TBC1D13|ADAP2|RGL3|PBXIP1|ARHGAP22|FGD3|SNX18|FGD4|ARHGAP42,-3.2
MyList,GO Biological Processes,19,GO:0198738,cell-cell signaling by wnt,19_GO:0050789 regulation of biological process,-5,2.7,5.2,30293,281,953,24,2.5,0.51,1452|1501|1642|1910|2247|2535|6422|6662|7474|7477|8321|9646|10413|10979|23043|23184|54361|55366|57216|59343|64359|79971|83439|147906,CSNK1A1|CTNND2|DDB1|EDNRB|FGF2|FZD2|SFRP1|SOX9|WNT5A|WNT7B|FZD1|CTR9|YAP1|FERMT2|TNIK|MESD|WNT4|LGR4|VANGL2|SENP2|NXN|WLS|TCF7L1|DACT3,-3.2
MyList,GO Biological Processes,19,GO:0016055,Wnt signaling pathway,19_GO:0050896 response to stimulus,-5,2.7,5.2,30293,281,953,24,2.5,0.51,1452|1501|1642|1910|2247|2535|6422|6662|7474|7477|8321|9646|10413|10979|23043|23184|54361|55366|57216|59343|64359|79971|83439|147906,CSNK1A1|CTNND2|DDB1|EDNRB|FGF2|FZD2|SFRP1|SOX9|WNT5A|WNT7B|FZD1|CTR9|YAP1|FERMT2|TNIK|MESD|WNT4|LGR4|VANGL2|SENP2|NXN|WLS|TCF7L1|DACT3,-3.2
MyList,GO Biological Processes,19,GO:0007169,transmembrane receptor protein tyrosine kinase signaling pathway,19_GO:0050896 response to stimulus,-5,2.4,5,30293,418,953,31,3.3,0.57,154|238|780|1176|1796|1948|2202|2247|2261|2887|4067|5154|5156|5293|5786|6464|6655|6662|6720|6776|7409|7474|7525|8829|10628|25759|25976|54361|54541|55959|220164,ADRB2|ALK|DDR1|AP3S1|DOK1|EFNB2|EFEMP1|FGF2|FGFR3|GRB10|LYN|PDGFA|PDGFRA|PIK3CD|PTPRA|SHC1|SOS2|SOX9|SREBF1|STAT5A|VAV1|WNT5A|YES1|NRP1|TXNIP|SHC2|TIPARP|WNT4|DDIT4|SULF2|DOK6,-3.2
MyList,GO Biological Processes,19,GO:0045638,negative regulation of myeloid cell differentiation,19_GO:0002376 immune system process,-5,4.3,5.8,30293,97,953,13,1.4,0.38,677|714|3149|4067|6422|7098|7099|7130|8111|8451|9646|11006|151176,ZFP36L1|C1QC|HMGB3|LYN|SFRP1|TLR3|TLR4|TNFAIP6|GPR68|CUL4A|CTR9|LILRB4|ERFE,-3.2
MyList,GO Biological Processes,19,GO:0000041,transition metal ion transport,19_GO:0051179 localization,-5,4.3,5.8,30293,97,953,13,1.4,0.38,392|475|2495|2512|4504|9843|9914|25800|30061|51076|57348|201266|221074,ARHGAP1|ATOX1|FTH1|FTL|MT3|HEPH|ATP2C2|SLC39A6|SLC40A1|CUTC|TTYH1|SLC39A11|SLC39A12,-3.2
MyList,GO Biological Processes,19,GO:0008283,cell population proliferation,19_GO:0009987 cellular process,-5,2,4.9,30293,696,953,44,4.6,0.68,655|677|952|1050|1163|1191|1948|2173|2247|2261|2670|2697|2752|2771|2950|3162|5052|5080|5396|5580|5588|5727|5788|6660|6662|6664|7045|7099|7101|7345|7474|7477|8451|9289|10413|10973|23189|26471|51092|54361|55366|55612|90865|146433,BMP7|ZFP36L1|CD38|CEBPA|CKS1B|CLU|EFNB2|FABP7|FGF2|FGFR3|GFAP|GJA1|GLUL|GNAI2|GSTP1|HMOX1|PRDX1|PAX6|PRRX1|PRKCD|PRKCQ|PTCH1|PTPRC|SOX5|SOX9|SOX11|TGFBI|TLR4|NR2E1|UCHL1|WNT5A|WNT7B|CUL4A|ADGRG1|YAP1|ASCC3|KANK1|NUPR1|SIDT2|WNT4|LGR4|FERMT1|IL33|IL34,-3.2
MyList,GO Biological Processes,19,GO:1903829,positive regulation of protein localization,19_GO:0051179 localization,-4.9,2.2,5,30293,481,953,34,3.6,0.6,288|493|952|975|2040|2746|3689|4947|5580|5950|6810|7099|7130|7430|7474|7545|8111|8447|8736|8934|8938|9501|10160|10413|10972|10979|11079|23184|25937|51100|51686|54550|79971|94121,ANK3|ATP2B4|CD38|CD81|STOM|GLUD1|ITGB2|OAZ2|PRKCD|RBP4|STX4|TLR4|TNFAIP6|EZR|WNT5A|ZIC1|GPR68|DOC2B|MYOM1|RAB29|BAIAP3|RPH3AL|FARP1|YAP1|TMED10|FERMT2|RER1|MESD|WWTR1|SH3GLB1|OAZ3|NECAB2|WLS|SYTL4,-3.1
MyList,GO Biological Processes,19,GO:0051894,positive regulation of focal adhesion assembly,19_GO:0048518 positive regulation of biological process,-4.9,8.6,6.9,30293,26,953,7,0.73,0.28,1307|3987|6422|7248|8829|10979|54361,COL16A1|LIMS1|SFRP1|TSC1|NRP1|FERMT2|WNT4,-3.1
MyList,GO Biological Processes,19,GO:0008207,C21-steroid hormone metabolic process,19_GO:0008152 metabolic process,-4.9,8.6,6.9,30293,26,953,7,0.73,0.28,1109|1645|1910|3028|8644|8912|10170,AKR1C4|AKR1C1|EDNRB|HSD17B10|AKR1C3|CACNA1H|DHRS9,-3.1
MyList,GO Biological Processes,19,GO:0003338,metanephros morphogenesis,19_GO:0032502 developmental process,-4.9,8.6,6.9,30293,26,953,7,0.73,0.28,6299|6662|7477|54361|55083|55366|388585,SALL1|SOX9|WNT7B|WNT4|KIF26B|LGR4|HES5,-3.1
MyList,GO Biological Processes,19,GO:1902106,negative regulation of leukocyte differentiation,19_GO:0002376 immune system process,-4.9,4,5.7,30293,112,953,14,1.5,0.39,714|865|3149|4067|6422|7098|7099|7130|8111|8451|11006|28959|55365|151176,C1QC|CBFB|HMGB3|LYN|SFRP1|TLR3|TLR4|TNFAIP6|GPR68|CUL4A|LILRB4|TMEM176B|TMEM176A|ERFE,-3.1
MyList,GO Biological Processes,19,GO:0033539,fatty acid beta-oxidation using acyl-CoA dehydrogenase,19_GO:0008152 metabolic process,-4.9,14,8,30293,11,953,5,0.52,0.23,33|2109|2110|2639|3712,ACADL|ETFB|ETFDH|GCDH|IVD,-3.1
MyList,GO Biological Processes,19,GO:0045926,negative regulation of growth,19_GO:0040007 growth,-4.9,2.8,5.2,30293,246,953,22,2.3,0.49,154|393|1032|2023|2261|2697|4489|4495|4501|4502|4504|5245|5727|5950|6422|7474|8829|23251|23286|58189|147906|221476,ADRB2|ARHGAP4|CDKN2D|ENO1|FGFR3|GJA1|MT1A|MT1G|MT1X|MT2A|MT3|PHB1|PTCH1|RBP4|SFRP1|WNT5A|NRP1|MINAR1|WWC1|WFDC1|DACT3|PI16,-3.1
MyList,GO Biological Processes,19,GO:0097435,supramolecular fiber organization,19_GO:0009987 cellular process,-4.9,2.1,4.9,30293,589,953,39,4.1,0.64,70|71|199|408|1155|1266|1809|2059|2195|2670|3796|3936|4082|4134|4542|4604|4646|5033|5156|5358|5987|7114|7130|7184|7430|8736|9051|9168|9938|11170|22919|30008|30011|51673|54857|57381|81551|81624|85477,ACTC1|ACTG1|AIF1|ARRB1|TBCB|CNN3|DPYSL3|EPS8|FAT1|GFAP|KIF2A|LCP1|MARCKS|MAP4|MYO1F|MYBPC1|MYO6|P4HA1|PDGFRA|PLS3|TRIM27|TMSB4X|TNFAIP6|HSP90B1|EZR|MYOM1|PSTPIP1|TMSB10|ARHGAP25|FAM107A|MAPRE1|EFEMP2|SH3KBP1|TPPP3|GDPD2|RHOJ|STMN4|DIAPH3|SCIN,-3.1
MyList,GO Biological Processes,19,GO:0030111,regulation of Wnt signaling pathway,19_GO:0050896 response to stimulus,-4.9,2.5,5.1,30293,341,953,27,2.8,0.54,348|1452|1501|2247|2887|6299|6422|6657|6662|7474|8321|8613|10413|22881|23189|25805|25937|55366|55612|55959|57326|59343|64359|79971|83439|147906|151195,APOE|CSNK1A1|CTNND2|FGF2|GRB10|SALL1|SFRP1|SOX2|SOX9|WNT5A|FZD1|PLPP3|YAP1|ANKRD6|KANK1|BAMBI|WWTR1|LGR4|FERMT1|SULF2|PBXIP1|SENP2|NXN|WLS|TCF7L1|DACT3|CCNYL1,-3.1
MyList,GO Biological Processes,19,GO:0045055,regulated exocytosis,19_GO:0051179 localization,-4.9,3.5,5.5,30293,144,953,16,1.7,0.42,136|613|2054|2214|4067|5293|6284|6814|7462|8447|10972|11031|51760|85477|90139|284021,ADORA2B|BCR|STX2|FCGR3A|LYN|PIK3CD|S100A13|STXBP3|LAT2|DOC2B|TMED10|RAB31|SYT17|SCIN|TSPAN18|MILR1,-3.1
MyList,GO Biological Processes,19,GO:0006578,amino-acid betaine biosynthetic process,19_GO:0008152 metabolic process,-4.9,21,8.9,30293,6,953,4,0.42,0.21,223|501|8424|55349,ALDH9A1|ALDH7A1|BBOX1|CHDH,-3.1
MyList,GO Biological Processes,19,GO:1903034,regulation of response to wounding,19_GO:0050896 response to stimulus,-4.8,3.2,5.3,30293,178,953,18,1.9,0.44,71|240|348|2247|5154|5156|5580|5764|5792|6239|7852|10979|22875|23189|54361|55612|58189|90865,ACTG1|ALOX5|APOE|FGF2|PDGFA|PDGFRA|PRKCD|PTN|PTPRF|RREB1|CXCR4|FERMT2|ENPP4|KANK1|WNT4|FERMT1|WFDC1|IL33,-3.1
MyList,GO Biological Processes,19,GO:0071560,cellular response to transforming growth factor beta stimulus,19_GO:0050896 response to stimulus,-4.8,3.3,5.4,30293,162,953,17,1.8,0.43,677|678|1524|2734|3175|3725|3987|4087|4772|6422|6660|6662|7474|7525|10979|25805|54361,ZFP36L1|ZFP36L2|CX3CR1|GLG1|ONECUT1|JUN|LIMS1|SMAD2|NFATC1|SFRP1|SOX5|SOX9|WNT5A|YES1|FERMT2|BAMBI|WNT4,-3.1
MyList,GO Biological Processes,19,GO:1902105,regulation of leukocyte differentiation,19_GO:0002376 immune system process,-4.8,2.5,5,30293,326,953,26,2.7,0.53,677|678|714|865|2124|3149|4067|4860|5788|6422|6655|7098|7099|7130|8111|8451|8792|9308|11006|28959|55365|57630|84293|146433|151176|399665,ZFP36L1|ZFP36L2|C1QC|CBFB|EVI2B|HMGB3|LYN|PNP|PTPRC|SFRP1|SOS2|TLR3|TLR4|TNFAIP6|GPR68|CUL4A|TNFRSF11A|CD83|LILRB4|TMEM176B|TMEM176A|SH3RF1|PRXL2A|IL34|ERFE|EEIG1,-3
MyList,GO Biological Processes,19,GO:0071276,cellular response to cadmium ion,19_GO:0050896 response to stimulus,-4.8,6.9,6.4,30293,37,953,8,0.84,0.3,1536|3162|3725|4489|4495|4501|4502|4504,CYBB|HMOX1|JUN|MT1A|MT1G|MT1X|MT2A|MT3,-3
MyList,GO Biological Processes,19,GO:0051960,regulation of nervous system development,19_GO:0032502 developmental process,-4.8,2.2,4.9,30293,468,953,33,3.5,0.59,393|655|1462|1524|2247|2670|3949|4067|4504|4988|5021|5080|5361|5764|5803|6091|6664|6993|7101|7474|7852|8829|10413|26508|55636|56896|57633|58190|63827|90865|146433|347902|388585,ARHGAP4|BMP7|VCAN|CX3CR1|FGF2|GFAP|LDLR|LYN|MT3|OPRM1|OXTR|PAX6|PLXNA1|PTN|PTPRZ1|ROBO1|SOX11|DYNLT1|NR2E1|WNT5A|CXCR4|NRP1|YAP1|HEYL|CHD7|DPYSL5|LRRN1|CTDSP1|BCAN|IL33|IL34|AMIGO2|HES5,-3
MyList,GO Biological Processes,19,GO:0031400,negative regulation of protein modification process,19_GO:0048519 negative regulation of biological process,-4.8,2.3,4.9,30293,428,953,31,3.3,0.57,348|408|493|1050|1622|2950|4067|5080|5580|5788|5987|6422|6609|7345|8613|9104|11006|23251|23705|25937|51637|54625|55364|57718|58190|59343|64359|81848|84062|84063|161742,APOE|ARRB1|ATP2B4|CEBPA|DBI|GSTP1|LYN|PAX6|PRKCD|PTPRC|TRIM27|SFRP1|SMPD1|UCHL1|PLPP3|RGN|LILRB4|MINAR1|CADM1|WWTR1|RTRAF|PARP14|IMPACT|PPP4R4|CTDSP1|SENP2|NXN|SPRY4|DTNBP1|KIRREL2|SPRED1,-3
MyList,GO Biological Processes,19,GO:0001656,metanephros development,19_GO:0032502 developmental process,-4.7,4.4,5.7,30293,87,953,12,1.3,0.36,358|655|1512|5156|5727|6299|6662|7477|54361|55083|55366|388585,AQP1|BMP7|CTSH|PDGFRA|PTCH1|SALL1|SOX9|WNT7B|WNT4|KIF26B|LGR4|HES5,-3
MyList,GO Biological Processes,19,GO:0072273,metanephric nephron morphogenesis,19_GO:0032502 developmental process,-4.7,10,7.1,30293,19,953,6,0.63,0.26,6299|6662|54361|55083|55366|388585,SALL1|SOX9|WNT4|KIF26B|LGR4|HES5,-3
MyList,GO Biological Processes,19,GO:0050804,modulation of chemical synaptic transmission,19_GO:0050789 regulation of biological process,-4.7,2.2,4.8,30293,492,953,34,3.6,0.6,136|154|348|590|613|952|1009|1524|2550|2670|2771|2913|4983|5021|5028|5764|5786|6623|6810|7101|7474|8938|10590|11170|23657|26001|26232|27253|27345|57537|66000|84062|347733|729993,ADORA2B|ADRB2|APOE|BCHE|BCR|CD38|CDH11|CX3CR1|GABBR1|GFAP|GNAI2|GRM3|OPHN1|OXTR|P2RY1|PTN|PTPRA|SNCG|STX4|NR2E1|WNT5A|BAIAP3|SCGN|FAM107A|SLC7A11|RNF167|FBXO2|PCDH17|KCNMB4|SORCS2|TMEM108|DTNBP1|TUBB2B|SHISA9,-3
MyList,GO Biological Processes,19,GO:0032418,lysosome localization,19_GO:0051179 localization,-4.7,5.2,5.9,30293,61,953,10,1,0.33,136|4067|5293|6284|7462|26001|94121|118426|282991|284021,ADORA2B|LYN|PIK3CD|S100A13|LAT2|RNF167|SYTL4|BORCS5|BLOC1S2|MILR1,-3
MyList,GO Biological Processes,19,GO:1990849,vacuolar localization,19_GO:0051179 localization,-4.7,5.2,5.9,30293,61,953,10,1,0.33,136|4067|5293|6284|7462|26001|94121|118426|282991|284021,ADORA2B|LYN|PIK3CD|S100A13|LAT2|RNF167|SYTL4|BORCS5|BLOC1S2|MILR1,-3
MyList,GO Biological Processes,19,GO:0098771,inorganic ion homeostasis,19_GO:0042592 homeostatic process,-4.7,2.3,4.9,30293,430,953,31,3.3,0.57,288|348|475|493|1910|2495|2512|3162|3741|3784|4489|4495|4501|4502|4504|5028|6444|7184|7474|9104|9914|10590|25800|29887|30061|51076|55013|56898|63933|151176|154881,ANK3|APOE|ATOX1|ATP2B4|EDNRB|FTH1|FTL|HMOX1|KCNA5|KCNQ1|MT1A|MT1G|MT1X|MT2A|MT3|P2RY1|SGCD|HSP90B1|WNT5A|RGN|ATP2C2|SCGN|SLC39A6|SNX10|SLC40A1|CUTC|MCUB|BDH2|MCUR1|ERFE|KCTD7,-3
MyList,GO Biological Processes,19,GO:2000177,regulation of neural precursor cell proliferation,19_GO:0050789 regulation of biological process,-4.7,4.1,5.6,30293,102,953,13,1.4,0.38,1462|1524|2247|2771|4067|5080|5764|5803|7101|7474|9289|58155|63827,VCAN|CX3CR1|FGF2|GNAI2|LYN|PAX6|PTN|PTPRZ1|NR2E1|WNT5A|ADGRG1|PTBP2|BCAN,-3
MyList,GO Biological Processes,19,GO:0008652,amino acid biosynthetic process,19_GO:0008152 metabolic process,-4.7,4.7,5.8,30293,74,953,11,1.2,0.35,445|2746|2747|2752|5092|5831|23743|26227|55256|63826|65263,ASS1|GLUD1|GLUD2|GLUL|PCBD1|PYCR1|BHMT2|PHGDH|ADI1|SRR|PYCR3,-3
MyList,GO Biological Processes,19,GO:0032438,melanosome organization,19_GO:0043473 pigmentation,-4.7,6.7,6.3,30293,38,953,8,0.84,0.3,348|1174|1176|4935|8934|63971|84062|282991,APOE|AP1S1|AP3S1|GPR143|RAB29|KIF13A|DTNBP1|BLOC1S2,-3
MyList,GO Biological Processes,19,GO:0032703,negative regulation of interleukin-2 production,19_GO:0048519 negative regulation of biological process,-4.7,7.9,6.6,30293,28,953,7,0.73,0.28,5788|5987|6441|7430|7805|11006|84868,PTPRC|TRIM27|SFTPD|EZR|LAPTM5|LILRB4|HAVCR2,-3
MyList,GO Biological Processes,19,GO:1902903,regulation of supramolecular fiber organization,19_GO:0050789 regulation of biological process,-4.7,2.4,4.9,30293,390,953,29,3,0.56,71|348|1191|1901|1955|2059|3949|4868|5202|5580|5987|6422|7114|7248|7411|8829|9168|9535|10382|10979|22919|23189|23580|27236|30008|54361|81624|85477|221074,ACTG1|APOE|CLU|S1PR1|MEGF9|EPS8|LDLR|NPHS1|PFDN2|PRKCD|TRIM27|SFRP1|TMSB4X|TSC1|VBP1|NRP1|TMSB10|GMFG|TUBB4A|FERMT2|MAPRE1|KANK1|CDC42EP4|ARFIP1|EFEMP2|WNT4|DIAPH3|SCIN|SLC39A12,-3
MyList,GO Biological Processes,19,GO:0006720,isoprenoid metabolic process,19_GO:0008152 metabolic process,-4.7,3.6,5.4,30293,133,953,15,1.6,0.4,1109|1645|3157|3422|4047|4598|5947|5950|8630|8644|10170|10901|22845|57171|59342,AKR1C4|AKR1C1|HMGCS1|IDI1|LSS|MVK|RBP1|RBP4|HSD17B6|AKR1C3|DHRS9|DHRS4|DOLK|DOLPP1|SCPEP1,-3
MyList,GO Biological Processes,19,GO:0022407,regulation of cell-cell adhesion,19_GO:0050789 regulation of biological process,-4.7,2.2,4.8,30293,494,953,34,3.6,0.6,199|240|288|445|655|865|923|975|1948|3109|3689|4067|4651|4860|5580|5588|5788|6441|6657|7409|7474|7525|7805|8613|8631|9308|9780|11006|54361|55083|64926|84868|92196|654346,AIF1|ALOX5|ANK3|ASS1|BMP7|CBFB|CD6|CD81|EFNB2|HLA-DMB|ITGB2|LYN|MYO10|PNP|PRKCD|PRKCQ|PTPRC|SFTPD|SOX2|VAV1|WNT5A|YES1|LAPTM5|PLPP3|SKAP1|CD83|PIEZO1|LILRB4|WNT4|KIF26B|RASAL3|HAVCR2|DAPL1|LGALS9C,-3
MyList,GO Biological Processes,19,GO:0045637,regulation of myeloid cell differentiation,19_GO:0002376 immune system process,-4.7,2.9,5.1,30293,218,953,20,2.1,0.46,677|714|2124|3149|4067|6422|7098|7099|7130|8111|8451|8792|9646|11006|55170|84293|85477|146433|151176|399665,ZFP36L1|C1QC|EVI2B|HMGB3|LYN|SFRP1|TLR3|TLR4|TNFAIP6|GPR68|CUL4A|TNFRSF11A|CTR9|LILRB4|PRMT6|PRXL2A|SCIN|IL34|ERFE|EEIG1,-2.9
MyList,GO Biological Processes,19,GO:0002699,positive regulation of immune effector process,19_GO:0002376 immune system process,-4.7,2.7,5,30293,255,953,22,2.3,0.49,136|718|975|3109|3689|3821|3822|3823|5245|5650|5788|5950|6810|7098|7099|7409|7474|7805|8673|10417|23705|90865,ADORA2B|C3|CD81|HLA-DMB|ITGB2|KLRC1|KLRC2|KLRC3|PHB1|KLK7|PTPRC|RBP4|STX4|TLR3|TLR4|VAV1|WNT5A|LAPTM5|VAMP8|SPON2|CADM1|IL33,-2.9
MyList,GO Biological Processes,19,GO:0001934,positive regulation of protein phosphorylation,19_GO:0048518 positive regulation of biological process,-4.7,2.1,4.7,30293,582,953,38,4,0.63,154|187|408|493|718|923|1524|1910|2247|2261|4067|4504|5028|5154|5245|5580|5788|6091|6662|7098|7099|7474|7525|8321|8613|8792|8829|10979|23043|23328|54625|55615|56005|84062|92597|133619|146433|388585,ADRB2|APLNR|ARRB1|ATP2B4|C3|CD6|CX3CR1|EDNRB|FGF2|FGFR3|LYN|MT3|P2RY1|PDGFA|PHB1|PRKCD|PTPRC|ROBO1|SOX9|TLR3|TLR4|WNT5A|YES1|FZD1|PLPP3|TNFRSF11A|NRP1|FERMT2|TNIK|SASH1|PARP14|PRR5|MYDGF|DTNBP1|MOB1B|PRRC1|IL34|HES5,-2.9
MyList,GO Biological Processes,19,GO:0043405,regulation of MAP kinase activity,19_GO:0008152 metabolic process,-4.7,3.6,5.3,30293,134,953,15,1.6,0.4,348|2247|2950|4067|5154|5580|6091|6609|7099|7345|7474|8792|23328|81848|146433,APOE|FGF2|GSTP1|LYN|PDGFA|PRKCD|ROBO1|SMPD1|TLR4|UCHL1|WNT5A|TNFRSF11A|SASH1|SPRY4|IL34,-2.9
MyList,GO Biological Processes,19,GO:2000027,regulation of animal organ morphogenesis,19_GO:0032502 developmental process,-4.6,4.3,5.6,30293,89,953,12,1.3,0.36,655|2247|2535|5154|6091|6422|6662|7474|8321|9500|54361|55366,BMP7|FGF2|FZD2|PDGFA|ROBO1|SFRP1|SOX9|WNT5A|FZD1|MAGED1|WNT4|LGR4,-2.9
MyList,GO Biological Processes,19,GO:0055080,monoatomic cation homeostasis,19_GO:0042592 homeostatic process,-4.6,2.2,4.8,30293,497,953,34,3.6,0.6,288|348|475|493|1910|2495|2512|3162|3741|3784|4489|4495|4501|4502|4504|5028|6444|7184|7474|8992|9104|9914|10590|25800|29887|30061|51076|55013|56898|63933|84329|151176|154881|285195,ANK3|APOE|ATOX1|ATP2B4|EDNRB|FTH1|FTL|HMOX1|KCNA5|KCNQ1|MT1A|MT1G|MT1X|MT2A|MT3|P2RY1|SGCD|HSP90B1|WNT5A|ATP6V0E1|RGN|ATP2C2|SCGN|SLC39A6|SNX10|SLC40A1|CUTC|MCUB|BDH2|MCUR1|HVCN1|ERFE|KCTD7|SLC9A9,-2.9
MyList,GO Biological Processes,19,GO:0003018,vascular process in circulatory system,19_GO:0032501 multicellular organismal process,-4.6,2.7,5,30293,275,953,23,2.4,0.5,136|147|154|348|493|613|952|1910|2171|3363|3741|5021|5028|7525|7873|9414|10242|10979|23576|27345|59342|143282|143872,ADORA2B|ADRA1B|ADRB2|APOE|ATP2B4|BCR|CD38|EDNRB|FABP5|HTR7|KCNA5|OXTR|P2RY1|YES1|MANF|TJP2|KCNMB2|FERMT2|DDAH1|KCNMB4|SCPEP1|FGFBP3|ARHGAP42,-2.9
MyList,GO Biological Processes,19,GO:0021537,telencephalon development,19_GO:0032502 developmental process,-4.6,2.7,5,30293,275,953,23,2.4,0.5,238|358|493|1767|5021|5080|6091|6299|7101|7248|7280|7474|7545|7852|9289|23657|25911|55636|63827|66000|84750|347733|388585,ALK|AQP1|ATP2B4|DNAH5|OXTR|PAX6|ROBO1|SALL1|NR2E1|TSC1|TUBB2A|WNT5A|ZIC1|CXCR4|ADGRG1|SLC7A11|DPCD|CHD7|BCAN|TMEM108|FUT10|TUBB2B|HES5,-2.9
MyList,GO Biological Processes,19,GO:0002009,morphogenesis of an epithelium,19_GO:0032502 developmental process,-4.6,2.2,4.8,30293,455,953,32,3.4,0.58,71|187|655|780|1512|1948|2195|2247|2535|2697|4983|5361|5727|6299|6422|6662|6664|7248|7474|7477|7852|8321|8829|10413|27152|54361|55083|55366|57216|221074|284217|388585,ACTG1|APLNR|BMP7|DDR1|CTSH|EFNB2|FAT1|FGF2|FZD2|GJA1|OPHN1|PLXNA1|PTCH1|SALL1|SFRP1|SOX9|SOX11|TSC1|WNT5A|WNT7B|CXCR4|FZD1|NRP1|YAP1|INTU|WNT4|KIF26B|LGR4|VANGL2|SLC39A12|LAMA1|HES5,-2.9
MyList,GO Biological Processes,19,GO:0050878,regulation of body fluid levels,19_GO:0065007 biological regulation,-4.6,2.4,4.9,30293,353,953,27,2.8,0.54,71|187|348|358|361|780|1910|2697|2768|2771|5021|5028|5154|5156|5580|6776|6814|7372|7409|8673|8862|10758|22875|23657|29071|84062|90139,ACTG1|APLNR|APOE|AQP1|AQP4|DDR1|EDNRB|GJA1|GNA12|GNAI2|OXTR|P2RY1|PDGFA|PDGFRA|PRKCD|STAT5A|STXBP3|UMPS|VAV1|VAMP8|APLN|TRAF3IP2|ENPP4|SLC7A11|C1GALT1C1|DTNBP1|TSPAN18,-2.9
MyList,GO Biological Processes,19,GO:0002573,myeloid leukocyte differentiation,19_GO:0032502 developmental process,-4.6,3.4,5.3,30293,151,953,16,1.7,0.42,975|1050|4067|4495|5293|6422|6776|7099|8111|8544|8792|10100|29887|55509|81624|90865,CD81|CEBPA|LYN|MT1G|PIK3CD|SFRP1|STAT5A|TLR4|GPR68|PIR|TNFRSF11A|TSPAN2|SNX10|BATF3|DIAPH3|IL33,-2.9
MyList,GO Biological Processes,19,GO:0060562,epithelial tube morphogenesis,19_GO:0032502 developmental process,-4.6,2.5,4.9,30293,314,953,25,2.6,0.52,187|655|780|1512|1948|2247|2535|2697|5727|6299|6422|6662|7248|7474|7852|8321|8829|10413|54361|55083|55366|57216|221074|284217|388585,APLNR|BMP7|DDR1|CTSH|EFNB2|FGF2|FZD2|GJA1|PTCH1|SALL1|SFRP1|SOX9|TSC1|WNT5A|CXCR4|FZD1|NRP1|YAP1|WNT4|KIF26B|LGR4|VANGL2|SLC39A12|LAMA1|HES5,-2.9
MyList,GO Biological Processes,19,GO:0048753,pigment granule organization,19_GO:0043473 pigmentation,-4.6,6.5,6.2,30293,39,953,8,0.84,0.3,348|1174|1176|4935|8934|63971|84062|282991,APOE|AP1S1|AP3S1|GPR143|RAB29|KIF13A|DTNBP1|BLOC1S2,-2.9
MyList,GO Biological Processes,19,GO:0071559,response to transforming growth factor beta,19_GO:0050896 response to stimulus,-4.6,3.2,5.2,30293,168,953,17,1.8,0.43,677|678|1524|2734|3175|3725|3987|4087|4772|6422|6660|6662|7474|7525|10979|25805|54361,ZFP36L1|ZFP36L2|CX3CR1|GLG1|ONECUT1|JUN|LIMS1|SMAD2|NFATC1|SFRP1|SOX5|SOX9|WNT5A|YES1|FERMT2|BAMBI|WNT4,-2.9
MyList,GO Biological Processes,19,GO:0046661,male sex differentiation,19_GO:0022414 reproductive process,-4.6,3.2,5.2,30293,168,953,17,1.8,0.43,190|1718|2697|5156|5872|6422|6662|7098|7314|7474|8644|9289|10549|26471|54361|55366|57599,NR0B1|DHCR24|GJA1|PDGFRA|RAB13|SFRP1|SOX9|TLR3|UBB|WNT5A|AKR1C3|ADGRG1|PRDX4|NUPR1|WNT4|LGR4|WDR48,-2.9
MyList,GO Biological Processes,19,GO:0032928,regulation of superoxide anion generation,19_GO:0008152 metabolic process,-4.6,9.5,6.9,30293,20,953,6,0.63,0.26,2771|2950|3689|5580|26574|84329,GNAI2|GSTP1|ITGB2|PRKCD|AATF|HVCN1,-2.9
MyList,GO Biological Processes,19,GO:0032663,regulation of interleukin-2 production,19_GO:0032501 multicellular organismal process,-4.6,5,5.8,30293,63,953,10,1,0.33,4860|5588|5788|5987|6441|7430|7805|9308|11006|84868,PNP|PRKCQ|PTPRC|TRIM27|SFTPD|EZR|LAPTM5|CD83|LILRB4|HAVCR2,-2.9
MyList,GO Biological Processes,19,GO:1903531,negative regulation of secretion by cell,19_GO:0051179 localization,-4.6,3.3,5.2,30293,152,953,16,1.7,0.42,348|613|1595|2550|2697|2771|4129|4988|5028|6422|6720|6814|8673|29091|79651|94121,APOE|BCR|CYP51A1|GABBR1|GJA1|GNAI2|MAOB|OPRM1|P2RY1|SFRP1|SREBF1|STXBP3|VAMP8|STXBP6|RHBDF2|SYTL4,-2.9
MyList,GO Biological Processes,19,GO:0001933,negative regulation of protein phosphorylation,19_GO:0048519 negative regulation of biological process,-4.6,2.6,4.9,30293,297,953,24,2.5,0.51,348|1050|2950|4067|5080|5580|5788|5987|6422|6609|7345|8613|9104|11006|23705|25937|51637|54625|55364|58190|81848|84062|84063|161742,APOE|CEBPA|GSTP1|LYN|PAX6|PRKCD|PTPRC|TRIM27|SFRP1|SMPD1|UCHL1|PLPP3|RGN|LILRB4|CADM1|WWTR1|RTRAF|PARP14|IMPACT|CTDSP1|SPRY4|DTNBP1|KIRREL2|SPRED1,-2.9
MyList,GO Biological Processes,19,GO:0061041,regulation of wound healing,19_GO:0050896 response to stimulus,-4.5,3.5,5.2,30293,137,953,15,1.6,0.4,71|240|348|2247|5154|5156|5580|6239|7852|10979|22875|23189|54361|55612|58189,ACTG1|ALOX5|APOE|FGF2|PDGFA|PDGFRA|PRKCD|RREB1|CXCR4|FERMT2|ENPP4|KANK1|WNT4|FERMT1|WFDC1,-2.8
MyList,GO Biological Processes,19,GO:0060560,developmental growth involved in morphogenesis,19_GO:0040007 growth,-4.5,3.5,5.2,30293,137,953,15,1.6,0.4,780|1901|5361|6299|6422|6662|7474|7477|8829|10413|55083|55364|66000|81628|221074,DDR1|S1PR1|PLXNA1|SALL1|SFRP1|SOX9|WNT5A|WNT7B|NRP1|YAP1|KIF26B|IMPACT|TMEM108|TSC22D4|SLC39A12,-2.8
MyList,GO Biological Processes,19,GO:0001819,positive regulation of cytokine production,19_GO:0048518 positive regulation of biological process,-4.5,2.1,4.7,30293,503,953,34,3.6,0.6,136|199|718|834|923|975|1191|1536|2214|3162|4860|5245|5293|5588|5788|5987|6284|7098|7099|7474|7805|9308|10417|10972|23705|26137|53342|55612|55959|80342|84282|84868|90865|147372,ADORA2B|AIF1|C3|CASP1|CD6|CD81|CLU|CYBB|FCGR3A|HMOX1|PNP|PHB1|PIK3CD|PRKCQ|PTPRC|TRIM27|S100A13|TLR3|TLR4|WNT5A|LAPTM5|CD83|SPON2|TMED10|CADM1|ZBTB20|IL17D|FERMT1|SULF2|TRAF3IP3|RNF135|HAVCR2|IL33|CCBE1,-2.8
MyList,GO Biological Processes,19,GO:0032526,response to retinoic acid,19_GO:0050896 response to stimulus,-4.5,3.9,5.4,30293,106,953,13,1.4,0.38,358|952|1032|1512|4067|5727|5950|6662|6720|7474|7477|7525|10413,AQP1|CD38|CDKN2D|CTSH|LYN|PTCH1|RBP4|SOX9|SREBF1|WNT5A|WNT7B|YES1|YAP1,-2.8
MyList,GO Biological Processes,19,GO:0048667,cell morphogenesis involved in neuron differentiation,19_GO:0032502 developmental process,-4.5,2.2,4.7,30293,440,953,31,3.3,0.57,71|288|655|1009|1272|1501|1948|2596|3730|4983|5080|5588|5727|5764|5803|6091|6277|7101|7345|7436|7474|7477|8829|10160|10381|23114|55701|56896|57216|64221|84062,ACTG1|ANK3|BMP7|CDH11|CNTN1|CTNND2|EFNB2|GAP43|ANOS1|OPHN1|PAX6|PRKCQ|PTCH1|PTN|PTPRZ1|ROBO1|S100A6|NR2E1|UCHL1|VLDLR|WNT5A|WNT7B|NRP1|FARP1|TUBB3|NFASC|ARHGEF40|DPYSL5|VANGL2|ROBO3|DTNBP1,-2.8
MyList,GO Biological Processes,19,GO:0007548,sex differentiation,19_GO:0022414 reproductive process,-4.5,2.6,4.9,30293,280,953,23,2.4,0.5,2|190|1718|2697|5156|5872|5950|6299|6422|6662|7098|7130|7314|7474|8644|9289|10549|25976|26471|54361|55366|55636|57599,A2M|NR0B1|DHCR24|GJA1|PDGFRA|RAB13|RBP4|SALL1|SFRP1|SOX9|TLR3|TNFAIP6|UBB|WNT5A|AKR1C3|ADGRG1|PRDX4|TIPARP|NUPR1|WNT4|LGR4|CHD7|WDR48,-2.8
MyList,GO Biological Processes,19,GO:0001654,eye development,19_GO:0032502 developmental process,-4.5,2.3,4.8,30293,379,953,28,2.9,0.55,358|493|655|2195|2202|2697|5080|5156|5950|6094|6657|6662|6664|7101|7474|7477|8736|8829|11145|23657|54549|55636|57381|64093|84062|284217|285590|388585,AQP1|ATP2B4|BMP7|FAT1|EFEMP1|GJA1|PAX6|PDGFRA|RBP4|ROM1|SOX2|SOX9|SOX11|NR2E1|WNT5A|WNT7B|MYOM1|NRP1|PLAAT3|SLC7A11|SDK2|CHD7|RHOJ|SMOC1|DTNBP1|LAMA1|SH3PXD2B|HES5,-2.8
MyList,GO Biological Processes,19,GO:1905907,negative regulation of amyloid fibril formation,19_GO:0048519 negative regulation of biological process,-4.5,12,7.3,30293,13,953,5,0.52,0.23,348|1191|3949|5202|7411,APOE|CLU|LDLR|PFDN2|VBP1,-2.8
MyList,GO Biological Processes,19,GO:0045669,positive regulation of osteoblast differentiation,19_GO:0032502 developmental process,-4.5,4.5,5.6,30293,78,953,11,1.2,0.35,655|1050|2247|6664|7477|8321|10413|10979|25937|54361|54857,BMP7|CEBPA|FGF2|SOX11|WNT7B|FZD1|YAP1|FERMT2|WWTR1|WNT4|GDPD2,-2.8
MyList,GO Biological Processes,19,GO:0030323,respiratory tube development,19_GO:0032502 developmental process,-4.5,3,5,30293,189,953,18,1.9,0.44,1050|1512|2247|4087|5125|5154|5156|5950|6441|6662|6664|6720|7474|7477|10413|23657|147372|284217,CEBPA|CTSH|FGF2|SMAD2|PCSK5|PDGFA|PDGFRA|RBP4|SFTPD|SOX9|SOX11|SREBF1|WNT5A|WNT7B|YAP1|SLC7A11|CCBE1|LAMA1,-2.8
MyList,GO Biological Processes,19,GO:0060070,canonical Wnt signaling pathway,19_GO:0050896 response to stimulus,-4.5,3.9,5.3,30293,107,953,13,1.4,0.38,1910|2247|2535|6422|6662|7474|7477|8321|10413|54361|55366|83439|147906,EDNRB|FGF2|FZD2|SFRP1|SOX9|WNT5A|WNT7B|FZD1|YAP1|WNT4|LGR4|TCF7L1|DACT3,-2.8
MyList,GO Biological Processes,19,GO:0090322,regulation of superoxide metabolic process,19_GO:0008152 metabolic process,-4.5,7.4,6.3,30293,30,953,7,0.73,0.28,655|2771|2950|3689|5580|26574|84329,BMP7|GNAI2|GSTP1|ITGB2|PRKCD|AATF|HVCN1,-2.8
MyList,GO Biological Processes,19,GO:1902074,response to salt,19_GO:0050896 response to stimulus,-4.5,2.3,4.7,30293,380,953,28,2.9,0.55,113|493|1050|1137|1740|1910|2771|4062|4988|5021|5028|5727|6001|6609|7184|7474|8437|8644|8912|10242|10628|27132|27345|51760|80339|116372|140576|221184,ADCY7|ATP2B4|CEBPA|CHRNA4|DLG2|EDNRB|GNAI2|LY6H|OPRM1|OXTR|P2RY1|PTCH1|RGS10|SMPD1|HSP90B1|WNT5A|RASAL1|AKR1C3|CACNA1H|KCNMB2|TXNIP|CPNE7|KCNMB4|SYT17|PNPLA3|LYPD1|S100A16|CPNE2,-2.8
MyList,GO Biological Processes,19,GO:0050801,monoatomic ion homeostasis,19_GO:0042592 homeostatic process,-4.5,2.1,4.6,30293,507,953,34,3.6,0.6,288|348|475|493|1910|2495|2512|3162|3741|3784|4489|4495|4501|4502|4504|5028|6444|7184|7474|8992|9104|9914|10590|25800|29887|30061|51076|55013|56898|63933|84329|151176|154881|285195,ANK3|APOE|ATOX1|ATP2B4|EDNRB|FTH1|FTL|HMOX1|KCNA5|KCNQ1|MT1A|MT1G|MT1X|MT2A|MT3|P2RY1|SGCD|HSP90B1|WNT5A|ATP6V0E1|RGN|ATP2C2|SCGN|SLC39A6|SNX10|SLC40A1|CUTC|MCUB|BDH2|MCUR1|HVCN1|ERFE|KCTD7|SLC9A9,-2.8
MyList,GO Biological Processes,19,GO:0009083,branched-chain amino acid catabolic process,19_GO:0008152 metabolic process,-4.5,9.1,6.7,30293,21,953,6,0.63,0.26,594|3028|3155|3712|4329|26275,BCKDHB|HSD17B10|HMGCL|IVD|ALDH6A1|HIBCH,-2.8
MyList,GO Biological Processes,19,GO:0072170,metanephric tubule development,19_GO:0032502 developmental process,-4.5,9.1,6.7,30293,21,953,6,0.63,0.26,358|6662|7477|54361|55366|388585,AQP1|SOX9|WNT7B|WNT4|LGR4|HES5,-2.8
MyList,GO Biological Processes,19,GO:0046578,regulation of Ras protein signal transduction,19_GO:0050896 response to stimulus,-4.4,3,5,30293,191,953,18,1.9,0.44,348|408|613|1452|2059|2840|4983|6091|8437|8829|9289|10161|23189|56990|57221|64926|81848|143872,APOE|ARRB1|BCR|CSNK1A1|EPS8|GPR17|OPHN1|ROBO1|RASAL1|NRP1|ADGRG1|LPAR6|KANK1|CDC42SE2|ARFGEF3|RASAL3|SPRY4|ARHGAP42,-2.7
MyList,GO Biological Processes,19,GO:0048708,astrocyte differentiation,19_GO:0032502 developmental process,-4.4,4.8,5.6,30293,66,953,10,1,0.33,712|2596|2670|5080|6662|7099|7101|8613|10100|388585,C1QA|GAP43|GFAP|PAX6|SOX9|TLR4|NR2E1|PLPP3|TSPAN2|HES5,-2.7
MyList,GO Biological Processes,19,GO:0007229,integrin-mediated signaling pathway,19_GO:0050896 response to stimulus,-4.4,4.1,5.4,30293,94,953,12,1.3,0.36,1307|2533|3689|3691|5764|5786|7409|8613|8829|10979|55612|81624,COL16A1|FYB1|ITGB2|ITGB4|PTN|PTPRA|VAV1|PLPP3|NRP1|FERMT2|FERMT1|DIAPH3,-2.7
MyList,GO Biological Processes,19,GO:0072009,nephron epithelium development,19_GO:0032502 developmental process,-4.4,3.8,5.3,30293,109,953,13,1.4,0.38,358|1910|2247|4868|5727|6299|6662|7477|26508|54361|55083|55366|388585,AQP1|EDNRB|FGF2|NPHS1|PTCH1|SALL1|SOX9|WNT7B|HEYL|WNT4|KIF26B|LGR4|HES5,-2.7
MyList,GO Biological Processes,19,GO:0001676,long-chain fatty acid metabolic process,19_GO:0008152 metabolic process,-4.4,3.8,5.3,30293,109,953,13,1.4,0.38,30|33|240|1573|2052|2950|3992|8644|9415|23205|28965|80221|80339,ACAA1|ACADL|ALOX5|CYP2J2|EPHX1|GSTP1|FADS1|AKR1C3|FADS2|ACSBG1|SLC27A6|ACSF2|PNPLA3,-2.7
MyList,GO Biological Processes,19,GO:0006935,chemotaxis,19_GO:0040011 locomotion,-4.4,2.4,4.7,30293,344,953,26,2.7,0.53,240|1524|1901|1910|2247|3689|3730|5154|5156|5293|5580|5588|5764|5872|6091|6441|7409|7474|7477|7852|8792|8829|9023|64221|112616|123920,ALOX5|CX3CR1|S1PR1|EDNRB|FGF2|ITGB2|ANOS1|PDGFA|PDGFRA|PIK3CD|PRKCD|PRKCQ|PTN|RAB13|ROBO1|SFTPD|VAV1|WNT5A|WNT7B|CXCR4|TNFRSF11A|NRP1|CH25H|ROBO3|CMTM7|CMTM3,-2.7
MyList,GO Biological Processes,19,GO:0150117,positive regulation of cell-substrate junction organization,19_GO:0048518 positive regulation of biological process,-4.4,7.2,6.2,30293,31,953,7,0.73,0.28,1307|3987|6422|7248|8829|10979|54361,COL16A1|LIMS1|SFRP1|TSC1|NRP1|FERMT2|WNT4,-2.7
MyList,GO Biological Processes,19,GO:0001774,microglial cell activation,19_GO:0002376 immune system process,-4.4,7.2,6.2,30293,31,953,7,0.73,0.28,199|712|1191|1524|3689|7098|90865,AIF1|C1QA|CLU|CX3CR1|ITGB2|TLR3|IL33,-2.7
MyList,GO Biological Processes,19,GO:0030879,mammary gland development,19_GO:0032502 developmental process,-4.4,3.6,5.2,30293,125,953,14,1.5,0.39,780|2247|2697|5021|5727|6662|6776|7372|7474|7477|8792|8862|9914|54361,DDR1|FGF2|GJA1|OXTR|PTCH1|SOX9|STAT5A|UMPS|WNT5A|WNT7B|TNFRSF11A|APLN|ATP2C2|WNT4,-2.7
MyList,GO Biological Processes,19,GO:0021536,diencephalon development,19_GO:0032502 developmental process,-4.4,4.4,5.4,30293,80,953,11,1.2,0.35,190|2247|5080|5361|6299|6657|6658|7314|7474|8829|54361,NR0B1|FGF2|PAX6|PLXNA1|SALL1|SOX2|SOX3|UBB|WNT5A|NRP1|WNT4,-2.7
MyList,GO Biological Processes,19,GO:0021983,pituitary gland development,19_GO:0032502 developmental process,-4.4,6.1,5.9,30293,42,953,8,0.84,0.3,190|2247|5080|6299|6657|6658|7474|54361,NR0B1|FGF2|PAX6|SALL1|SOX2|SOX3|WNT5A|WNT4,-2.7
MyList,GO Biological Processes,19,GO:0007586,digestion,19_GO:0032501 multicellular organismal process,-4.4,3.8,5.2,30293,110,953,13,1.4,0.38,358|1645|3784|3949|5950|6518|6662|7099|7430|8544|9414|29887|64081,AQP1|AKR1C1|KCNQ1|LDLR|RBP4|SLC2A5|SOX9|TLR4|EZR|PIR|TJP2|SNX10|PBLD,-2.7
MyList,GO Biological Processes,19,GO:0042330,taxis,19_GO:0040011 locomotion,-4.4,2.4,4.7,30293,346,953,26,2.7,0.53,240|1524|1901|1910|2247|3689|3730|5154|5156|5293|5580|5588|5764|5872|6091|6441|7409|7474|7477|7852|8792|8829|9023|64221|112616|123920,ALOX5|CX3CR1|S1PR1|EDNRB|FGF2|ITGB2|ANOS1|PDGFA|PDGFRA|PIK3CD|PRKCD|PRKCQ|PTN|RAB13|ROBO1|SFTPD|VAV1|WNT5A|WNT7B|CXCR4|TNFRSF11A|NRP1|CH25H|ROBO3|CMTM7|CMTM3,-2.7
MyList,GO Biological Processes,19,GO:0031669,cellular response to nutrient levels,19_GO:0050896 response to stimulus,-4.4,2.8,4.8,30293,230,953,20,2.1,0.46,968|1452|2752|3992|6422|6720|7248|8644|8792|8897|11170|26001|29103|51100|54361|55364|55615|64121|92196|652968,CD68|CSNK1A1|GLUL|FADS1|SFRP1|SREBF1|TSC1|AKR1C3|TNFRSF11A|MTMR3|FAM107A|RNF167|DNAJC15|SH3GLB1|WNT4|IMPACT|PRR5|RRAGC|DAPL1|CASTOR1,-2.7
MyList,GO Biological Processes,19,GO:0060541,respiratory system development,19_GO:0032502 developmental process,-4.3,2.8,4.9,30293,212,953,19,2,0.45,445|1050|1512|2247|4087|5154|5156|5950|6441|6662|6664|6720|7474|7477|10413|23657|55636|147372|284217,ASS1|CEBPA|CTSH|FGF2|SMAD2|PDGFA|PDGFRA|RBP4|SFTPD|SOX9|SOX11|SREBF1|WNT5A|WNT7B|YAP1|SLC7A11|CHD7|CCBE1|LAMA1,-2.7
MyList,GO Biological Processes,19,GO:0010634,positive regulation of epithelial cell migration,19_GO:0040011 locomotion,-4.3,3.1,4.9,30293,177,953,17,1.8,0.43,1512|2247|3162|5293|6239|6662|6678|6776|7114|7474|8613|8829|9734|23328|57381|147372|152007,CTSH|FGF2|HMOX1|PIK3CD|RREB1|SOX9|SPARC|STAT5A|TMSB4X|WNT5A|PLPP3|NRP1|HDAC9|SASH1|RHOJ|CCBE1|GLIPR2,-2.7
MyList,GO Biological Processes,19,GO:0055123,digestive system development,19_GO:0032502 developmental process,-4.3,3.3,5,30293,143,953,15,1.6,0.4,445|1910|3784|4087|5021|5125|5156|6299|6422|6662|6664|7474|10413|55366|79971,ASS1|EDNRB|KCNQ1|SMAD2|OXTR|PCSK5|PDGFRA|SALL1|SFRP1|SOX9|SOX11|WNT5A|YAP1|LGR4|WLS,-2.7
MyList,GO Biological Processes,19,GO:0150146,cell junction disassembly,19_GO:0009987 cellular process,-4.3,11,7,30293,14,953,5,0.52,0.23,712|713|714|718|1524,C1QA|C1QB|C1QC|C3|CX3CR1,-2.7
MyList,GO Biological Processes,19,GO:0051301,cell division,19_GO:0009987 cellular process,-4.3,2.1,4.5,30293,516,953,34,3.6,0.6,288|678|996|1069|1070|1163|1452|2771|3796|4134|6660|6993|7013|8444|8881|10907|11021|22919|25937|26574|27152|29082|51550|54962|63971|81620|84750|112574|117583|127829|152185|200942|205564|644186,ANK3|ZFP36L2|CDC27|CETN2|CETN3|CKS1B|CSNK1A1|GNAI2|KIF2A|MAP4|SOX5|DYNLT1|TERF1|DYRK3|CDC16|TXNL4A|RAB35|MAPRE1|WWTR1|AATF|INTU|CHMP4A|CINP|TIPIN|KIF13A|CDT1|FUT10|SNX18|PARD3B|ARL8A|SPICE1|KLHDC8B|SENP5|SYCE3,-2.7
MyList,GO Biological Processes,19,GO:0002448,mast cell mediated immunity,19_GO:0002376 immune system process,-4.3,7,6.1,30293,32,953,7,0.73,0.28,136|4067|5293|6284|7462|10417|284021,ADORA2B|LYN|PIK3CD|S100A13|LAT2|SPON2|MILR1,-2.6
MyList,GO Biological Processes,19,GO:0008584,male gonad development,19_GO:0022414 reproductive process,-4.3,3.3,5,30293,144,953,15,1.6,0.4,190|2697|5156|5872|6422|6662|7098|7314|7474|8644|9289|10549|26471|54361|57599,NR0B1|GJA1|PDGFRA|RAB13|SFRP1|SOX9|TLR3|UBB|WNT5A|AKR1C3|ADGRG1|PRDX4|NUPR1|WNT4|WDR48,-2.6
MyList,GO Biological Processes,19,GO:0048709,oligodendrocyte differentiation,19_GO:0032502 developmental process,-4.3,4.3,5.3,30293,82,953,11,1.2,0.35,1191|1272|2824|2840|4067|5080|5803|6662|6664|10100|388585,CLU|CNTN1|GPM6B|GPR17|LYN|PAX6|PTPRZ1|SOX9|SOX11|TSPAN2|HES5,-2.6
MyList,GO Biological Processes,19,GO:0009612,response to mechanical stimulus,19_GO:0050896 response to stimulus,-4.3,2.8,4.8,30293,214,953,19,2,0.45,358|834|1185|2247|3741|3784|5028|5727|5764|6335|6662|7098|7099|7852|8792|9780|10628|83862|90865,AQP1|CASP1|CLCN6|FGF2|KCNA5|KCNQ1|P2RY1|PTCH1|PTN|SCN9A|SOX9|TLR3|TLR4|CXCR4|TNFRSF11A|PIEZO1|TXNIP|TMEM120A|IL33,-2.6
MyList,GO Biological Processes,19,GO:0071900,regulation of protein serine/threonine kinase activity,19_GO:0008152 metabolic process,-4.3,2.6,4.7,30293,271,953,22,2.3,0.49,154|348|493|1032|1050|2247|2950|4067|5154|5580|6091|6609|7099|7345|7474|8792|9077|10979|23328|51191|81848|146433,ADRB2|APOE|ATP2B4|CDKN2D|CEBPA|FGF2|GSTP1|LYN|PDGFA|PRKCD|ROBO1|SMPD1|TLR4|UCHL1|WNT5A|TNFRSF11A|DIRAS3|FERMT2|SASH1|HERC5|SPRY4|IL34,-2.6
MyList,GO Biological Processes,19,GO:0070848,response to growth factor,19_GO:0050896 response to stimulus,-4.3,2.1,4.5,30293,519,953,34,3.6,0.6,655|677|678|1524|2247|2261|2734|3175|3725|3987|4087|4495|4772|5028|5080|5156|5293|6422|6464|6657|6660|6662|7099|7474|7525|8829|10979|11021|25805|26508|54361|54541|66000|388585,BMP7|ZFP36L1|ZFP36L2|CX3CR1|FGF2|FGFR3|GLG1|ONECUT1|JUN|LIMS1|SMAD2|MT1G|NFATC1|P2RY1|PAX6|PDGFRA|PIK3CD|SFRP1|SHC1|SOX2|SOX5|SOX9|TLR4|WNT5A|YES1|NRP1|FERMT2|RAB35|BAMBI|HEYL|WNT4|DDIT4|TMEM108|HES5,-2.6
MyList,GO Biological Processes,19,GO:0046546,development of primary male sexual characteristics,19_GO:0022414 reproductive process,-4.3,3.3,5,30293,145,953,15,1.6,0.4,190|2697|5156|5872|6422|6662|7098|7314|7474|8644|9289|10549|26471|54361|57599,NR0B1|GJA1|PDGFRA|RAB13|SFRP1|SOX9|TLR3|UBB|WNT5A|AKR1C3|ADGRG1|PRDX4|NUPR1|WNT4|WDR48,-2.6
MyList,GO Biological Processes,19,GO:1902532,negative regulation of intracellular signal transduction,19_GO:0048519 negative regulation of biological process,-4.3,2,4.4,30293,586,953,37,3.9,0.63,187|348|493|655|1032|1191|2023|2950|4067|5245|5580|5788|5831|6609|7099|7114|7248|7345|7430|8321|8437|8444|9516|9938|11006|23189|23251|23286|26001|54541|64926|81848|83787|126374|143872|161742|652968,APLNR|APOE|ATP2B4|BMP7|CDKN2D|CLU|ENO1|GSTP1|LYN|PHB1|PRKCD|PTPRC|PYCR1|SMPD1|TLR4|TMSB4X|TSC1|UCHL1|EZR|FZD1|RASAL1|DYRK3|LITAF|ARHGAP25|LILRB4|KANK1|MINAR1|WWC1|RNF167|DDIT4|RASAL3|SPRY4|ARMC10|WTIP|ARHGAP42|SPRED1|CASTOR1,-2.6
MyList,GO Biological Processes,19,GO:2000648,positive regulation of stem cell proliferation,19_GO:0048518 positive regulation of biological process,-4.2,5.1,5.5,30293,56,953,9,0.94,0.31,2247|2697|5396|5788|6662|6664|7101|7474|10979,FGF2|GJA1|PRRX1|PTPRC|SOX9|SOX11|NR2E1|WNT5A|FERMT2,-2.6
MyList,GO Biological Processes,19,GO:1902904,negative regulation of supramolecular fiber organization,19_GO:0048519 negative regulation of biological process,-4.2,3.1,4.9,30293,163,953,16,1.7,0.42,348|1191|1901|2059|3949|5202|5580|7114|7411|9168|9535|10382|22919|23189|81624|85477,APOE|CLU|S1PR1|EPS8|LDLR|PFDN2|PRKCD|TMSB4X|VBP1|TMSB10|GMFG|TUBB4A|MAPRE1|KANK1|DIAPH3|SCIN,-2.6
MyList,GO Biological Processes,19,GO:0046883,regulation of hormone secretion,19_GO:0051179 localization,-4.2,2.6,4.7,30293,254,953,21,2.2,0.48,240|952|2550|2697|2746|3741|5028|5950|6422|6664|6720|6810|8111|8447|8673|8938|9501|51083|51092|55636|94121,ALOX5|CD38|GABBR1|GJA1|GLUD1|KCNA5|P2RY1|RBP4|SFRP1|SOX11|SREBF1|STX4|GPR68|DOC2B|VAMP8|BAIAP3|RPH3AL|GAL|SIDT2|CHD7|SYTL4,-2.6
MyList,GO Biological Processes,19,GO:0006538,glutamate catabolic process,19_GO:0008152 metabolic process,-4.2,16,7.6,30293,8,953,4,0.42,0.21,2746|2747|2752|137872,GLUD1|GLUD2|GLUL|ADHFE1,-2.6
MyList,GO Biological Processes,19,GO:0043010,camera-type eye development,19_GO:0032502 developmental process,-4.2,2.4,4.6,30293,333,953,25,2.6,0.52,358|493|655|2195|2202|2697|5080|5156|5950|6094|6662|6664|7101|7474|7477|8736|8829|11145|23657|54549|55636|57381|84062|284217|388585,AQP1|ATP2B4|BMP7|FAT1|EFEMP1|GJA1|PAX6|PDGFRA|RBP4|ROM1|SOX9|SOX11|NR2E1|WNT5A|WNT7B|MYOM1|NRP1|PLAAT3|SLC7A11|SDK2|CHD7|RHOJ|DTNBP1|LAMA1|HES5,-2.6
MyList,GO Biological Processes,19,GO:0032868,response to insulin,19_GO:0050896 response to stimulus,-4.2,2.8,4.8,30293,217,953,19,2,0.45,677|1176|2887|3638|3784|4067|5080|5786|5872|6464|6655|6720|6814|7248|8792|9734|11031|51083|80339,ZFP36L1|AP3S1|GRB10|INSIG1|KCNQ1|LYN|PAX6|PTPRA|RAB13|SHC1|SOS2|SREBF1|STXBP3|TSC1|TNFRSF11A|HDAC9|RAB31|GAL|PNPLA3,-2.6
MyList,GO Biological Processes,19,GO:0032870,cellular response to hormone stimulus,19_GO:0050896 response to stimulus,-4.2,2.1,4.4,30293,501,953,33,3.5,0.59,358|445|677|678|1109|1176|1512|1645|2887|3638|4067|4504|5021|5080|5245|5580|5786|5872|6422|6464|6655|6720|6751|6776|7101|8644|8912|9734|10413|11031|11170|54541|80339,AQP1|ASS1|ZFP36L1|ZFP36L2|AKR1C4|AP3S1|CTSH|AKR1C1|GRB10|INSIG1|LYN|MT3|OXTR|PAX6|PHB1|PRKCD|PTPRA|RAB13|SFRP1|SHC1|SOS2|SREBF1|SSTR1|STAT5A|NR2E1|AKR1C3|CACNA1H|HDAC9|YAP1|RAB31|FAM107A|DDIT4|PNPLA3,-2.6
MyList,GO Biological Processes,19,GO:0002768,immune response-regulating cell surface receptor signaling pathway,19_GO:0002376 immune system process,-4.2,2.6,4.7,30293,274,953,22,2.3,0.49,718|952|2214|2533|3821|3822|3823|4067|5293|5580|5588|5788|7099|7409|7462|7525|8631|9865|11006|25800|121665|196051,C3|CD38|FCGR3A|FYB1|KLRC1|KLRC2|KLRC3|LYN|PIK3CD|PRKCD|PRKCQ|PTPRC|TLR4|VAV1|LAT2|YES1|SKAP1|TRIL|LILRB4|SLC39A6|SPPL3|PLPP4,-2.6
MyList,GO Biological Processes,19,GO:0051129,negative regulation of cellular component organization,19_GO:0048519 negative regulation of biological process,-4.2,1.9,4.3,30293,726,953,43,4.5,0.67,348|393|655|952|1191|1452|1809|1901|1948|2059|2670|3949|4134|4504|5202|5580|6662|7013|7114|7411|7474|8829|8934|9023|9168|9535|10382|10413|10449|10493|11170|22919|23189|23251|26471|29103|54550|55937|56896|81624|84062|85477|115209,APOE|ARHGAP4|BMP7|CD38|CLU|CSNK1A1|DPYSL3|S1PR1|EFNB2|EPS8|GFAP|LDLR|MAP4|MT3|PFDN2|PRKCD|SOX9|TERF1|TMSB4X|VBP1|WNT5A|NRP1|RAB29|CH25H|TMSB10|GMFG|TUBB4A|YAP1|ACAA2|VAT1|FAM107A|MAPRE1|KANK1|MINAR1|NUPR1|DNAJC15|NECAB2|APOM|DPYSL5|DIAPH3|DTNBP1|SCIN|OMA1,-2.6
MyList,GO Biological Processes,19,GO:0003012,muscle system process,19_GO:0032501 multicellular organismal process,-4.2,2.5,4.6,30293,294,953,23,2.4,0.5,136|154|493|952|1910|2628|2697|3162|3363|3741|3768|3784|4637|4772|5021|5028|6335|6444|7852|8082|8912|23336|55959,ADORA2B|ADRB2|ATP2B4|CD38|EDNRB|GATM|GJA1|HMOX1|HTR7|KCNA5|KCNJ12|KCNQ1|MYL6|NFATC1|OXTR|P2RY1|SCN9A|SGCD|CXCR4|SSPN|CACNA1H|SYNM|SULF2,-2.6
MyList,GO Biological Processes,19,GO:0070665,positive regulation of leukocyte proliferation,19_GO:0048518 positive regulation of biological process,-4.2,3.1,4.9,30293,164,953,16,1.7,0.42,199|923|952|975|1438|2214|3109|4067|4860|5588|5788|6480|7099|64926|84868|146433,AIF1|CD6|CD38|CD81|CSF2RA|FCGR3A|HLA-DMB|LYN|PNP|PRKCQ|PTPRC|ST6GAL1|TLR4|RASAL3|HAVCR2|IL34,-2.6
MyList,GO Biological Processes,19,GO:0002757,immune response-activating signaling pathway,19_GO:0002376 immune system process,-4.2,2.4,4.6,30293,314,953,24,2.5,0.51,718|834|952|2533|3821|3822|3823|4067|5245|5293|5580|5788|7098|7099|7409|7462|7525|8631|9865|25800|84282|84868|121665|196051,C3|CASP1|CD38|FYB1|KLRC1|KLRC2|KLRC3|LYN|PHB1|PIK3CD|PRKCD|PTPRC|TLR3|TLR4|VAV1|LAT2|YES1|SKAP1|TRIL|SLC39A6|RNF135|HAVCR2|SPPL3|PLPP4,-2.5
MyList,GO Biological Processes,19,GO:2001233,regulation of apoptotic signaling pathway,19_GO:0050896 response to stimulus,-4.2,2.2,4.5,30293,396,953,28,2.9,0.55,1032|1191|1512|1524|2023|2139|2771|2950|3162|5580|5788|5831|6422|6810|7099|7314|7474|8321|8682|8829|9500|10413|10449|26471|26574|54361|57630|83787,CDKN2D|CLU|CTSH|CX3CR1|ENO1|EYA2|GNAI2|GSTP1|HMOX1|PRKCD|PTPRC|PYCR1|SFRP1|STX4|TLR4|UBB|WNT5A|FZD1|PEA15|NRP1|MAGED1|YAP1|ACAA2|NUPR1|AATF|WNT4|SH3RF1|ARMC10,-2.5
MyList,GO Biological Processes,19,GO:0048565,digestive tract development,19_GO:0032502 developmental process,-4.2,3.4,5,30293,131,953,14,1.5,0.39,445|1910|3784|4087|5021|5125|5156|6299|6422|6662|6664|7474|10413|55366,ASS1|EDNRB|KCNQ1|SMAD2|OXTR|PCSK5|PDGFRA|SALL1|SFRP1|SOX9|SOX11|WNT5A|YAP1|LGR4,-2.5
MyList,GO Biological Processes,19,GO:0010970,transport along microtubule,19_GO:0051179 localization,-4.2,3.1,4.8,30293,165,953,16,1.7,0.42,1176|1740|1781|3281|5874|7314|7345|27152|63971|64792|66000|79443|84062|118426|127829|282991,AP3S1|DLG2|DYNC1I2|HSBP1|RAB27B|UBB|UCHL1|INTU|KIF13A|IFT22|TMEM108|FYCO1|DTNBP1|BORCS5|ARL8A|BLOC1S2,-2.5
MyList,GO Biological Processes,19,GO:0072080,nephron tubule development,19_GO:0032502 developmental process,-4.1,4.1,5.2,30293,85,953,11,1.2,0.35,358|2247|5727|6299|6662|7477|26508|54361|55083|55366|388585,AQP1|FGF2|PTCH1|SALL1|SOX9|WNT7B|HEYL|WNT4|KIF26B|LGR4|HES5,-2.5
MyList,GO Biological Processes,19,GO:0042060,wound healing,19_GO:0050896 response to stimulus,-4.1,2.4,4.6,30293,316,953,24,2.5,0.51,71|358|780|2247|2768|3162|4772|5028|5154|5156|6609|6814|7099|7409|7474|8613|10413|22875|23657|29071|29082|84062|84750|94121,ACTG1|AQP1|DDR1|FGF2|GNA12|HMOX1|NFATC1|P2RY1|PDGFA|PDGFRA|SMPD1|STXBP3|TLR4|VAV1|WNT5A|PLPP3|YAP1|ENPP4|SLC7A11|C1GALT1C1|CHMP4A|DTNBP1|FUT10|SYTL4,-2.5
MyList,GO Biological Processes,19,GO:0009064,glutamine family amino acid metabolic process,19_GO:0008152 metabolic process,-4.1,4.5,5.3,30293,71,953,10,1,0.33,445|2184|2746|2747|2752|5831|23576|26227|65263|137872,ASS1|FAH|GLUD1|GLUD2|GLUL|PYCR1|DDAH1|PHGDH|PYCR3|ADHFE1,-2.5
MyList,GO Biological Processes,19,GO:0045670,regulation of osteoclast differentiation,19_GO:0002376 immune system process,-4.1,4.5,5.3,30293,71,953,10,1,0.33,6422|7098|7099|7130|8111|8792|11006|84293|151176|399665,SFRP1|TLR3|TLR4|TNFAIP6|GPR68|TNFRSF11A|LILRB4|PRXL2A|ERFE|EEIG1,-2.5
MyList,GO Biological Processes,19,GO:0030031,cell projection assembly,19_GO:0009987 cellular process,-4.1,2.2,4.4,30293,441,953,30,3.1,0.57,199|1767|1901|3175|3691|3784|4983|5154|7430|7802|8829|11188|22919|23043|25937|27152|29887|51134|57216|57348|64792|85477|89846|118491|121512|144132|161582|196383|221178|221421,AIF1|DNAH5|S1PR1|ONECUT1|ITGB4|KCNQ1|OPHN1|PDGFA|EZR|DNALI1|NRP1|NISCH|MAPRE1|TNIK|WWTR1|INTU|SNX10|CEP83|VANGL2|TTYH1|IFT22|SCIN|FGD3|CFAP70|FGD4|DNHD1|DNAAF4|RILPL2|SPATA13|RSPH9,-2.5
MyList,GO Biological Processes,19,GO:0055082,intracellular chemical homeostasis,19_GO:0042592 homeostatic process,-4.1,2,4.4,30293,572,953,36,3.8,0.62,348|358|361|475|493|2495|2512|2950|3162|3784|4489|4495|4501|4502|4504|5028|5080|6814|7184|7474|7477|8992|9104|9914|10590|23657|25800|26137|30061|55013|56898|63933|84329|151176|154881|285195,APOE|AQP1|AQP4|ATOX1|ATP2B4|FTH1|FTL|GSTP1|HMOX1|KCNQ1|MT1A|MT1G|MT1X|MT2A|MT3|P2RY1|PAX6|STXBP3|HSP90B1|WNT5A|WNT7B|ATP6V0E1|RGN|ATP2C2|SCGN|SLC7A11|SLC39A6|ZBTB20|SLC40A1|MCUB|BDH2|MCUR1|HVCN1|ERFE|KCTD7|SLC9A9,-2.5
MyList,GO Biological Processes,19,GO:2000377,regulation of reactive oxygen species metabolic process,19_GO:0008152 metabolic process,-4.1,3.2,4.9,30293,149,953,15,1.6,0.4,240|613|655|1645|2771|2950|3689|4504|5580|7099|8644|9263|10901|26574|84329,ALOX5|BCR|BMP7|AKR1C1|GNAI2|GSTP1|ITGB2|MT3|PRKCD|TLR4|AKR1C3|STK17A|DHRS4|AATF|HVCN1,-2.5
MyList,GO Biological Processes,19,GO:0045732,positive regulation of protein catabolic process,19_GO:0048518 positive regulation of biological process,-4.1,2.8,4.7,30293,202,953,18,1.9,0.44,348|975|1050|1191|1452|1642|3949|4947|6662|7430|7474|8451|25976|26471|51686|57630|79016|90865,APOE|CD81|CEBPA|CLU|CSNK1A1|DDB1|LDLR|OAZ2|SOX9|EZR|WNT5A|CUL4A|TIPARP|NUPR1|OAZ3|SH3RF1|DDA1|IL33,-2.5
MyList,GO Biological Processes,19,GO:0061564,axon development,19_GO:0032502 developmental process,-4.1,2.2,4.4,30293,421,953,29,3,0.56,71|288|655|780|1009|1272|1948|2596|2824|3730|4983|5080|5588|5727|5803|6091|6277|7101|7345|7474|7477|8829|10100|10381|23114|55701|56896|57216|64221,ACTG1|ANK3|BMP7|DDR1|CDH11|CNTN1|EFNB2|GAP43|GPM6B|ANOS1|OPHN1|PAX6|PRKCQ|PTCH1|PTPRZ1|ROBO1|S100A6|NR2E1|UCHL1|WNT5A|WNT7B|NRP1|TSPAN2|TUBB3|NFASC|ARHGEF40|DPYSL5|VANGL2|ROBO3,-2.5
MyList,GO Biological Processes,19,GO:0072207,metanephric epithelium development,19_GO:0032502 developmental process,-4.1,7.9,6.1,30293,24,953,6,0.63,0.26,358|6662|7477|54361|55366|388585,AQP1|SOX9|WNT7B|WNT4|LGR4|HES5,-2.5
MyList,GO Biological Processes,19,GO:0009065,glutamine family amino acid catabolic process,19_GO:0008152 metabolic process,-4.1,7.9,6.1,30293,24,953,6,0.63,0.26,2184|2746|2747|2752|23576|137872,FAH|GLUD1|GLUD2|GLUL|DDAH1|ADHFE1,-2.5
MyList,GO Biological Processes,19,GO:0046847,filopodium assembly,19_GO:0009987 cellular process,-4.1,7.9,6.1,30293,24,953,6,0.63,0.26,3691|7430|57348|89846|121512|221178,ITGB4|EZR|TTYH1|FGD3|FGD4|SPATA13,-2.5
MyList,GO Biological Processes,19,GO:0040037,negative regulation of fibroblast growth factor receptor signaling pathway,19_GO:0048519 negative regulation of biological process,-4.1,7.9,6.1,30293,24,953,6,0.63,0.26,2247|7474|8862|54361|55959|81848,FGF2|WNT5A|APLN|WNT4|SULF2|SPRY4,-2.5
MyList,GO Biological Processes,19,GO:0010632,regulation of epithelial cell migration,19_GO:0040011 locomotion,-4.1,2.5,4.5,30293,298,953,23,2.4,0.5,348|493|1512|2247|2752|3162|5293|5764|6239|6662|6678|6776|7101|7114|7474|8613|8829|9734|23328|57381|147372|152007|161742,APOE|ATP2B4|CTSH|FGF2|GLUL|HMOX1|PIK3CD|PTN|RREB1|SOX9|SPARC|STAT5A|NR2E1|TMSB4X|WNT5A|PLPP3|NRP1|HDAC9|SASH1|RHOJ|CCBE1|GLIPR2|SPRED1,-2.5
MyList,GO Biological Processes,19,GO:0042180,cellular ketone metabolic process,19_GO:0008152 metabolic process,-4.1,4.1,5.1,30293,86,953,11,1.2,0.35,1109|1645|1910|3028|8574|8630|8644|8912|10170|10901|27233,AKR1C4|AKR1C1|EDNRB|HSD17B10|AKR7A2|HSD17B6|AKR1C3|CACNA1H|DHRS9|DHRS4|SULT1C4,-2.5
MyList,GO Biological Processes,19,GO:0030324,lung development,19_GO:0032502 developmental process,-4.1,2.9,4.7,30293,185,953,17,1.8,0.43,1050|1512|2247|4087|5154|5156|5950|6441|6662|6664|6720|7474|7477|10413|23657|147372|284217,CEBPA|CTSH|FGF2|SMAD2|PDGFA|PDGFRA|RBP4|SFTPD|SOX9|SOX11|SREBF1|WNT5A|WNT7B|YAP1|SLC7A11|CCBE1|LAMA1,-2.5
MyList,GO Biological Processes,19,GO:0060411,cardiac septum morphogenesis,19_GO:0032502 developmental process,-4.1,4.4,5.2,30293,72,953,10,1,0.33,187|655|2535|6091|6664|7474|8321|8829|26508|55636,APLNR|BMP7|FZD2|ROBO1|SOX11|WNT5A|FZD1|NRP1|HEYL|CHD7,-2.5
MyList,GO Biological Processes,19,GO:0061035,regulation of cartilage development,19_GO:0032502 developmental process,-4.1,4.4,5.2,30293,72,953,10,1,0.33,2202|2734|6660|6662|7227|7474|51222|85477|129642|202018,EFEMP1|GLG1|SOX5|SOX9|TRPS1|WNT5A|ZNF219|SCIN|MBOAT2|TAPT1,-2.5
MyList,GO Biological Processes,19,GO:0019216,regulation of lipid metabolic process,19_GO:0008152 metabolic process,-4.1,2.4,4.5,30293,319,953,24,2.5,0.51,33|190|238|348|718|2053|2171|3638|3949|5154|5580|6662|6720|8644|8897|9023|9104|10577|26137|29103|51083|54361|151176|221395,ACADL|NR0B1|ALK|APOE|C3|EPHX2|FABP5|INSIG1|LDLR|PDGFA|PRKCD|SOX9|SREBF1|AKR1C3|MTMR3|CH25H|RGN|NPC2|ZBTB20|DNAJC15|GAL|WNT4|ERFE|ADGRF5,-2.5
MyList,GO Biological Processes,19,GO:0051345,positive regulation of hydrolase activity,19_GO:0065007 biological regulation,-4.1,2.1,4.4,30293,487,953,32,3.4,0.58,613|834|1512|2261|2768|3987|4067|5156|5245|5330|5580|5788|6001|6091|6251|6422|6655|7248|7805|9938|10979|23161|23179|23348|23526|23787|51291|54662|57139|58504|112574|143872,BCR|CASP1|CTSH|FGFR3|GNA12|LIMS1|LYN|PDGFRA|PHB1|PLCB2|PRKCD|PTPRC|RGS10|ROBO1|RSU1|SFRP1|SOS2|TSC1|LAPTM5|ARHGAP25|FERMT2|SNX13|RGL1|DOCK9|ARHGAP45|MTCH1|GMIP|TBC1D13|RGL3|ARHGAP22|SNX18|ARHGAP42,-2.5
MyList,GO Biological Processes,19,GO:0071363,cellular response to growth factor stimulus,19_GO:0050896 response to stimulus,-4.1,2.1,4.4,30293,488,953,32,3.4,0.58,655|677|678|1524|2247|2261|2734|3175|3725|3987|4087|4495|4772|5080|5156|5293|6422|6464|6660|6662|7099|7474|7525|8829|10979|11021|25805|26508|54361|54541|66000|388585,BMP7|ZFP36L1|ZFP36L2|CX3CR1|FGF2|FGFR3|GLG1|ONECUT1|JUN|LIMS1|SMAD2|MT1G|NFATC1|PAX6|PDGFRA|PIK3CD|SFRP1|SHC1|SOX5|SOX9|TLR4|WNT5A|YES1|NRP1|FERMT2|RAB35|BAMBI|HEYL|WNT4|DDIT4|TMEM108|HES5,-2.5
MyList,GO Biological Processes,19,GO:0021772,olfactory bulb development,19_GO:0032502 developmental process,-4,6.4,5.7,30293,35,953,7,0.73,0.28,5080|6091|6299|7101|7474|7545|55636,PAX6|ROBO1|SALL1|NR2E1|WNT5A|ZIC1|CHD7,-2.4
MyList,GO Biological Processes,19,GO:0007369,gastrulation,19_GO:0032502 developmental process,-4,3,4.7,30293,169,953,16,1.7,0.42,187|190|655|2139|3281|3689|3691|4087|6422|6657|7474|8613|8862|9646|25949|79971,APLNR|NR0B1|BMP7|EYA2|HSBP1|ITGB2|ITGB4|SMAD2|SFRP1|SOX2|WNT5A|PLPP3|APLN|CTR9|SYF2|WLS,-2.4
MyList,GO Biological Processes,19,GO:0050727,regulation of inflammatory response,19_GO:0050896 response to stimulus,-4,2.2,4.4,30293,425,953,29,3,0.56,136|240|330|348|613|718|834|975|1050|1910|2840|2950|3949|4067|4598|5580|5788|7098|7099|7114|7130|7474|7525|8673|8792|26471|58189|79651|90865,ADORA2B|ALOX5|BIRC3|APOE|BCR|C3|CASP1|CD81|CEBPA|EDNRB|GPR17|GSTP1|LDLR|LYN|MVK|PRKCD|PTPRC|TLR3|TLR4|TMSB4X|TNFAIP6|WNT5A|YES1|VAMP8|TNFRSF11A|NUPR1|WFDC1|RHBDF2|IL33,-2.4
MyList,GO Biological Processes,19,GO:0008406,gonad development,19_GO:0022414 reproductive process,-4,2.7,4.6,30293,224,953,19,2,0.45,2|190|2697|5156|5872|6299|6422|6662|7098|7130|7314|7474|8644|9289|10549|25976|26471|54361|57599,A2M|NR0B1|GJA1|PDGFRA|RAB13|SALL1|SFRP1|SOX9|TLR3|TNFAIP6|UBB|WNT5A|AKR1C3|ADGRG1|PRDX4|TIPARP|NUPR1|WNT4|WDR48,-2.4
MyList,GO Biological Processes,19,GO:0035296,regulation of tube diameter,19_GO:0065007 biological regulation,-4,3.1,4.8,30293,152,953,15,1.6,0.4,136|147|154|348|952|1910|3363|3741|5021|5028|7873|10242|27345|59342|143872,ADORA2B|ADRA1B|ADRB2|APOE|CD38|EDNRB|HTR7|KCNA5|OXTR|P2RY1|MANF|KCNMB2|KCNMB4|SCPEP1|ARHGAP42,-2.4
MyList,GO Biological Processes,19,GO:0097746,blood vessel diameter maintenance,19_GO:0032501 multicellular organismal process,-4,3.1,4.8,30293,152,953,15,1.6,0.4,136|147|154|348|952|1910|3363|3741|5021|5028|7873|10242|27345|59342|143872,ADORA2B|ADRA1B|ADRB2|APOE|CD38|EDNRB|HTR7|KCNA5|OXTR|P2RY1|MANF|KCNMB2|KCNMB4|SCPEP1|ARHGAP42,-2.4
MyList,GO Biological Processes,19,GO:0033559,unsaturated fatty acid metabolic process,19_GO:0008152 metabolic process,-4,3.7,5,30293,103,953,12,1.3,0.36,30|240|1109|1573|1645|2052|2950|3992|3995|8644|9415|79966,ACAA1|ALOX5|AKR1C4|CYP2J2|AKR1C1|EPHX1|GSTP1|FADS1|FADS3|AKR1C3|FADS2|SCD5,-2.4
MyList,GO Biological Processes,19,GO:0010273,detoxification of copper ion,19_GO:0098754 detoxification,-4,9.9,6.4,30293,16,953,5,0.52,0.23,4489|4495|4501|4502|4504,MT1A|MT1G|MT1X|MT2A|MT3,-2.4
MyList,GO Biological Processes,19,GO:0006577,amino-acid betaine metabolic process,19_GO:0008152 metabolic process,-4,9.9,6.4,30293,16,953,5,0.52,0.23,33|223|501|8424|55349,ACADL|ALDH9A1|ALDH7A1|BBOX1|CHDH,-2.4
MyList,GO Biological Processes,19,GO:1990169,stress response to copper ion,19_GO:0050896 response to stimulus,-4,9.9,6.4,30293,16,953,5,0.52,0.23,4489|4495|4501|4502|4504,MT1A|MT1G|MT1X|MT2A|MT3,-2.4
MyList,GO Biological Processes,19,GO:1903909,regulation of receptor clustering,19_GO:0051179 localization,-4,9.9,6.4,30293,16,953,5,0.52,0.23,975|7130|10160|23184|23657,CD81|TNFAIP6|FARP1|MESD|SLC7A11,-2.4
MyList,GO Biological Processes,19,GO:0097485,neuron projection guidance,19_GO:0032502 developmental process,-4,2.7,4.6,30293,225,953,19,2,0.45,655|1272|1948|2596|3730|4983|5080|5588|5727|6091|7474|7477|8829|10381|23114|55701|56896|57216|64221,BMP7|CNTN1|EFNB2|GAP43|ANOS1|OPHN1|PAX6|PRKCQ|PTCH1|ROBO1|WNT5A|WNT7B|NRP1|TUBB3|NFASC|ARHGEF40|DPYSL5|VANGL2|ROBO3,-2.4
MyList,GO Biological Processes,19,GO:0007411,axon guidance,19_GO:0032502 developmental process,-4,2.7,4.6,30293,225,953,19,2,0.45,655|1272|1948|2596|3730|4983|5080|5588|5727|6091|7474|7477|8829|10381|23114|55701|56896|57216|64221,BMP7|CNTN1|EFNB2|GAP43|ANOS1|OPHN1|PAX6|PRKCQ|PTCH1|ROBO1|WNT5A|WNT7B|NRP1|TUBB3|NFASC|ARHGEF40|DPYSL5|VANGL2|ROBO3,-2.4
MyList,GO Biological Processes,19,GO:0046686,response to cadmium ion,19_GO:0050896 response to stimulus,-4,4.8,5.3,30293,60,953,9,0.94,0.31,1536|2937|3162|3725|4489|4495|4501|4502|4504,CYBB|GSS|HMOX1|JUN|MT1A|MT1G|MT1X|MT2A|MT3,-2.4
MyList,GO Biological Processes,19,GO:0035150,regulation of tube size,19_GO:0065007 biological regulation,-4,3.1,4.7,30293,153,953,15,1.6,0.4,136|147|154|348|952|1910|3363|3741|5021|5028|7873|10242|27345|59342|143872,ADORA2B|ADRA1B|ADRB2|APOE|CD38|EDNRB|HTR7|KCNA5|OXTR|P2RY1|MANF|KCNMB2|KCNMB4|SCPEP1|ARHGAP42,-2.4
MyList,GO Biological Processes,19,GO:0040011,locomotion,19_GO:0040011 locomotion,-4,2.3,4.4,30293,365,953,26,2.7,0.53,240|1524|1901|1910|2247|3689|3730|5154|5156|5293|5580|5588|5764|5872|6091|6441|7409|7474|7477|7852|8792|8829|9023|64221|112616|123920,ALOX5|CX3CR1|S1PR1|EDNRB|FGF2|ITGB2|ANOS1|PDGFA|PDGFRA|PIK3CD|PRKCD|PRKCQ|PTN|RAB13|ROBO1|SFTPD|VAV1|WNT5A|WNT7B|CXCR4|TNFRSF11A|NRP1|CH25H|ROBO3|CMTM7|CMTM3,-2.4
MyList,GO Biological Processes,19,GO:0044597,daunorubicin metabolic process,19_GO:0008152 metabolic process,-4,14,7.1,30293,9,953,4,0.42,0.21,1109|1645|8574|8644,AKR1C4|AKR1C1|AKR7A2|AKR1C3,-2.4
MyList,GO Biological Processes,19,GO:0098869,cellular oxidant detoxification,19_GO:0098754 detoxification,-4,3.9,5,30293,89,953,11,1.2,0.35,348|2950|4257|4504|5052|6415|10549|55937|64359|84293|114112,APOE|GSTP1|MGST1|MT3|PRDX1|SELENOW|PRDX4|APOM|NXN|PRXL2A|TXNRD3,-2.4
MyList,GO Biological Processes,19,GO:0060993,kidney morphogenesis,19_GO:0032502 developmental process,-4,3.9,5,30293,89,953,11,1.2,0.35,655|2247|5727|6299|6662|7477|25937|54361|55083|55366|388585,BMP7|FGF2|PTCH1|SALL1|SOX9|WNT7B|WWTR1|WNT4|KIF26B|LGR4|HES5,-2.4
MyList,GO Biological Processes,19,GO:0007409,axonogenesis,19_GO:0032502 developmental process,-4,2.3,4.4,30293,366,953,26,2.7,0.53,71|288|655|1009|1272|1948|2596|3730|4983|5080|5588|5727|5803|6091|6277|7101|7345|7474|7477|8829|10381|23114|55701|56896|57216|64221,ACTG1|ANK3|BMP7|CDH11|CNTN1|EFNB2|GAP43|ANOS1|OPHN1|PAX6|PRKCQ|PTCH1|PTPRZ1|ROBO1|S100A6|NR2E1|UCHL1|WNT5A|WNT7B|NRP1|TUBB3|NFASC|ARHGEF40|DPYSL5|VANGL2|ROBO3,-2.4
MyList,GO Biological Processes,19,GO:1905332,positive regulation of morphogenesis of an epithelium,19_GO:0032502 developmental process,-4,6.2,5.6,30293,36,953,7,0.73,0.28,2247|2697|5293|6662|9500|54361|55366,FGF2|GJA1|PIK3CD|SOX9|MAGED1|WNT4|LGR4,-2.4
MyList,GO Biological Processes,19,GO:0001503,ossification,19_GO:0032501 multicellular organismal process,-3.9,2.5,4.4,30293,285,953,22,2.3,0.49,655|865|1009|1462|2247|2261|2550|2697|2824|5245|5764|6422|6657|6662|8792|23184|25840|25937|29887|55366|64131|202018,BMP7|CBFB|CDH11|VCAN|FGF2|FGFR3|GABBR1|GJA1|GPM6B|PHB1|PTN|SFRP1|SOX2|SOX9|TNFRSF11A|MESD|TMT1A|WWTR1|SNX10|LGR4|XYLT1|TAPT1,-2.4
MyList,GO Biological Processes,19,GO:0009267,cellular response to starvation,19_GO:0050896 response to stimulus,-3.9,3,4.6,30293,172,953,16,1.7,0.42,2752|3992|6422|6720|7248|8644|8792|8897|26001|29103|51100|54361|55364|64121|92196|652968,GLUL|FADS1|SFRP1|SREBF1|TSC1|AKR1C3|TNFRSF11A|MTMR3|RNF167|DNAJC15|SH3GLB1|WNT4|IMPACT|RRAGC|DAPL1|CASTOR1,-2.4
MyList,GO Biological Processes,19,GO:0002064,epithelial cell development,19_GO:0032502 developmental process,-3.9,2.8,4.6,30293,190,953,17,1.8,0.43,1050|1910|2195|2697|3175|4868|5080|5872|6662|7430|7474|7477|7852|9414|10413|51092|196383,CEBPA|EDNRB|FAT1|GJA1|ONECUT1|NPHS1|PAX6|RAB13|SOX9|EZR|WNT5A|WNT7B|CXCR4|TJP2|YAP1|SIDT2|RILPL2,-2.4
MyList,GO Biological Processes,19,GO:0070371,ERK1 and ERK2 cascade,19_GO:0050896 response to stimulus,-3.9,5.3,5.4,30293,48,953,8,0.84,0.3,677|678|1512|2247|2887|5021|6662|7099,ZFP36L1|ZFP36L2|CTSH|FGF2|GRB10|OXTR|SOX9|TLR4,-2.4
MyList,GO Biological Processes,19,GO:0098930,axonal transport,19_GO:0051179 localization,-3.9,4.7,5.2,30293,61,953,9,0.94,0.31,1176|1740|3281|5874|7345|66000|84062|127829|282991,AP3S1|DLG2|HSBP1|RAB27B|UCHL1|TMEM108|DTNBP1|ARL8A|BLOC1S2,-2.4
MyList,GO Biological Processes,19,GO:0033059,cellular pigmentation,19_GO:0043473 pigmentation,-3.9,4.7,5.2,30293,61,953,9,0.94,0.31,348|967|1174|1176|4935|8934|63971|84062|282991,APOE|CD63|AP1S1|AP3S1|GPR143|RAB29|KIF13A|DTNBP1|BLOC1S2,-2.4
MyList,GO Biological Processes,19,GO:1905477,positive regulation of protein localization to membrane,19_GO:0051179 localization,-3.9,3.6,4.9,30293,105,953,12,1.3,0.36,288|493|975|2040|3689|6810|7130|7430|10160|11079|23184|54550,ANK3|ATP2B4|CD81|STOM|ITGB2|STX4|TNFAIP6|EZR|FARP1|RER1|MESD|NECAB2,-2.4
MyList,GO Biological Processes,19,GO:0033489,cholesterol biosynthetic process via desmosterol,19_GO:0008152 metabolic process,-3.9,24,8.2,30293,4,953,3,0.31,0.18,1717|1718|6309,DHCR7|DHCR24|SC5D,-2.3
MyList,GO Biological Processes,19,GO:0009753,response to jasmonic acid,19_GO:0050896 response to stimulus,-3.9,24,8.2,30293,4,953,3,0.31,0.18,1109|1645|8644,AKR1C4|AKR1C1|AKR1C3,-2.3
MyList,GO Biological Processes,19,GO:0060406,positive regulation of penile erection,19_GO:0022414 reproductive process,-3.9,24,8.2,30293,4,953,3,0.31,0.18,1910|5021|5028,EDNRB|OXTR|P2RY1,-2.3
MyList,GO Biological Processes,19,GO:0033490,cholesterol biosynthetic process via lathosterol,19_GO:0008152 metabolic process,-3.9,24,8.2,30293,4,953,3,0.31,0.18,1717|1718|6309,DHCR7|DHCR24|SC5D,-2.3
MyList,GO Biological Processes,19,GO:0071395,cellular response to jasmonic acid stimulus,19_GO:0050896 response to stimulus,-3.9,24,8.2,30293,4,953,3,0.31,0.18,1109|1645|8644,AKR1C4|AKR1C1|AKR1C3,-2.3
MyList,GO Biological Processes,19,GO:0061326,renal tubule development,19_GO:0032502 developmental process,-3.9,3.9,4.9,30293,90,953,11,1.2,0.35,358|2247|5727|6299|6662|7477|26508|54361|55083|55366|388585,AQP1|FGF2|PTCH1|SALL1|SOX9|WNT7B|HEYL|WNT4|KIF26B|LGR4|HES5,-2.3
MyList,GO Biological Processes,19,GO:0051048,negative regulation of secretion,19_GO:0051179 localization,-3.9,2.9,4.6,30293,173,953,16,1.7,0.42,348|613|1595|2550|2697|2771|4129|4988|5028|6422|6720|6814|8673|29091|79651|94121,APOE|BCR|CYP51A1|GABBR1|GJA1|GNAI2|MAOB|OPRM1|P2RY1|SFRP1|SREBF1|STXBP3|VAMP8|STXBP6|RHBDF2|SYTL4,-2.3
MyList,GO Biological Processes,19,GO:0030278,regulation of ossification,19_GO:0032501 multicellular organismal process,-3.9,3.4,4.8,30293,122,953,13,1.4,0.38,154|240|655|1901|2697|2824|5764|6422|6662|6664|7474|27152|54361,ADRB2|ALOX5|BMP7|S1PR1|GJA1|GPM6B|PTN|SFRP1|SOX9|SOX11|WNT5A|INTU|WNT4,-2.3
MyList,GO Biological Processes,19,GO:0009306,protein secretion,19_GO:0051179 localization,-3.9,3.4,4.8,30293,122,953,13,1.4,0.38,1174|1910|4087|5125|5872|6623|6720|6814|8111|51083|79971|94121|115827,AP1S1|EDNRB|SMAD2|PCSK5|RAB13|SNCG|SREBF1|STXBP3|GPR68|GAL|WLS|SYTL4|RAB3C,-2.3
MyList,GO Biological Processes,19,GO:0045137,development of primary sexual characteristics,19_GO:0022414 reproductive process,-3.9,2.6,4.5,30293,229,953,19,2,0.45,2|190|2697|5156|5872|6299|6422|6662|7098|7130|7314|7474|8644|9289|10549|25976|26471|54361|57599,A2M|NR0B1|GJA1|PDGFRA|RAB13|SALL1|SFRP1|SOX9|TLR3|TNFAIP6|UBB|WNT5A|AKR1C3|ADGRG1|PRDX4|TIPARP|NUPR1|WNT4|WDR48,-2.3
MyList,GO Biological Processes,19,GO:0050920,regulation of chemotaxis,19_GO:0040011 locomotion,-3.9,2.6,4.5,30293,229,953,19,2,0.45,199|1524|1901|1948|2247|4067|5156|5764|6091|6480|6810|7114|7130|7474|7852|8829|64221|146433|347733,AIF1|CX3CR1|S1PR1|EFNB2|FGF2|LYN|PDGFRA|PTN|ROBO1|ST6GAL1|STX4|TMSB4X|TNFAIP6|WNT5A|CXCR4|NRP1|ROBO3|IL34|TUBB2B,-2.3
MyList,GO Biological Processes,19,GO:0062009,secondary palate development,19_GO:0032502 developmental process,-3.9,7.3,5.8,30293,26,953,6,0.63,0.26,2535|4087|6664|7474|8321|55636,FZD2|SMAD2|SOX11|WNT5A|FZD1|CHD7,-2.3
MyList,GO Biological Processes,19,GO:0071280,cellular response to copper ion,19_GO:0050896 response to stimulus,-3.9,7.3,5.8,30293,26,953,6,0.63,0.26,358|4489|4495|4501|4502|4504,AQP1|MT1A|MT1G|MT1X|MT2A|MT3,-2.3
MyList,GO Biological Processes,19,GO:0071466,cellular response to xenobiotic stimulus,19_GO:0050896 response to stimulus,-3.9,2.8,4.5,30293,192,953,17,1.8,0.43,30|590|670|1573|1645|2052|2950|3784|5080|7098|7345|7372|7409|7852|10715|27233|55315,ACAA1|BCHE|BPHL|CYP2J2|AKR1C1|EPHX1|GSTP1|KCNQ1|PAX6|TLR3|UCHL1|UMPS|VAV1|CXCR4|CERS1|SULT1C4|SLC29A3,-2.3
MyList,GO Biological Processes,19,GO:0002695,negative regulation of leukocyte activation,19_GO:0002376 immune system process,-3.9,2.8,4.5,30293,192,953,17,1.8,0.43,865|3149|3949|4067|5788|6422|6441|6664|7805|7940|11006|51083|84868|92196|221395|284021|654346,CBFB|HMGB3|LDLR|LYN|PTPRC|SFRP1|SFTPD|SOX11|LAPTM5|LST1|LILRB4|GAL|HAVCR2|DAPL1|ADGRF5|MILR1|LGALS9C,-2.3
MyList,GO Biological Processes,19,GO:0001738,morphogenesis of a polarized epithelium,19_GO:0032502 developmental process,-3.9,5.2,5.3,30293,49,953,8,0.84,0.3,71|2195|4983|7474|10413|27152|57216|284217,ACTG1|FAT1|OPHN1|WNT5A|YAP1|INTU|VANGL2|LAMA1,-2.3
MyList,GO Biological Processes,19,GO:0060021,roof of mouth development,19_GO:0032502 developmental process,-3.9,3.8,4.9,30293,91,953,11,1.2,0.35,2535|3638|4087|5156|5396|6664|7474|8321|25976|27152|55636,FZD2|INSIG1|SMAD2|PDGFRA|PRRX1|SOX11|WNT5A|FZD1|TIPARP|INTU|CHD7,-2.3
MyList,GO Biological Processes,19,GO:0021988,olfactory lobe development,19_GO:0032502 developmental process,-3.9,6,5.5,30293,37,953,7,0.73,0.28,5080|6091|6299|7101|7474|7545|55636,PAX6|ROBO1|SALL1|NR2E1|WNT5A|ZIC1|CHD7,-2.3
MyList,GO Biological Processes,19,GO:0043547,positive regulation of GTPase activity,19_GO:0065007 biological regulation,-3.9,2.6,4.5,30293,230,953,19,2,0.45,613|3987|6001|6251|6422|6655|7248|9938|10979|23161|23179|23348|23526|51291|54662|57139|58504|112574|143872,BCR|LIMS1|RGS10|RSU1|SFRP1|SOS2|TSC1|ARHGAP25|FERMT2|SNX13|RGL1|DOCK9|ARHGAP45|GMIP|TBC1D13|RGL3|ARHGAP22|SNX18|ARHGAP42,-2.3
MyList,GO Biological Processes,19,GO:0043086,negative regulation of catalytic activity,19_GO:0065007 biological regulation,-3.9,2.1,4.2,30293,456,953,30,3.1,0.57,348|358|493|1032|1050|1910|2771|2913|2950|4067|4504|5580|5788|5987|6609|7013|7077|7345|10715|11006|25937|29085|51129|51291|51637|57630|57718|81848|84062|161742,APOE|AQP1|ATP2B4|CDKN2D|CEBPA|EDNRB|GNAI2|GRM3|GSTP1|LYN|MT3|PRKCD|PTPRC|TRIM27|SMPD1|TERF1|TIMP2|UCHL1|CERS1|LILRB4|WWTR1|PHPT1|ANGPTL4|GMIP|RTRAF|SH3RF1|PPP4R4|SPRY4|DTNBP1|SPRED1,-2.3
MyList,GO Biological Processes,19,GO:0021915,neural tube development,19_GO:0032502 developmental process,-3.9,3,4.6,30293,157,953,15,1.6,0.4,655|677|2535|4082|5080|5727|6422|7248|7474|8321|26227|27152|57216|221074|388585,BMP7|ZFP36L1|FZD2|MARCKS|PAX6|PTCH1|SFRP1|TSC1|WNT5A|FZD1|PHGDH|INTU|VANGL2|SLC39A12|HES5,-2.3
MyList,GO Biological Processes,19,GO:0032930,positive regulation of superoxide anion generation,19_GO:0048518 positive regulation of biological process,-3.9,9.3,6.2,30293,17,953,5,0.52,0.23,2771|2950|3689|5580|84329,GNAI2|GSTP1|ITGB2|PRKCD|HVCN1,-2.3
MyList,GO Biological Processes,19,GO:1905906,regulation of amyloid fibril formation,19_GO:0008152 metabolic process,-3.9,9.3,6.2,30293,17,953,5,0.52,0.23,348|1191|3949|5202|7411,APOE|CLU|LDLR|PFDN2|VBP1,-2.3
MyList,GO Biological Processes,19,GO:0035592,establishment of protein localization to extracellular region,19_GO:0051179 localization,-3.9,3.4,4.7,30293,123,953,13,1.4,0.38,1174|1910|4087|5125|5872|6623|6720|6814|8111|51083|79971|94121|115827,AP1S1|EDNRB|SMAD2|PCSK5|RAB13|SNCG|SREBF1|STXBP3|GPR68|GAL|WLS|SYTL4|RAB3C,-2.3
MyList,GO Biological Processes,19,GO:0030705,cytoskeleton-dependent intracellular transport,19_GO:0051179 localization,-3.9,2.8,4.5,30293,193,953,17,1.8,0.43,1176|1740|1781|3281|4651|5874|7314|7345|27152|63971|64792|66000|79443|84062|118426|127829|282991,AP3S1|DLG2|DYNC1I2|HSBP1|MYO10|RAB27B|UBB|UCHL1|INTU|KIF13A|IFT22|TMEM108|FYCO1|DTNBP1|BORCS5|ARL8A|BLOC1S2,-2.3
MyList,GO Biological Processes,19,GO:0071346,cellular response to type II interferon,19_GO:0044419 biological process involved in interspecies interaction between organisms,-3.9,3.6,4.8,30293,107,953,12,1.3,0.36,71|199|361|445|834|2635|6810|6814|7098|7099|7474|23580,ACTG1|AIF1|AQP4|ASS1|CASP1|GBP3|STX4|STXBP3|TLR3|TLR4|WNT5A|CDC42EP4,-2.3
MyList,GO Biological Processes,19,GO:0002443,leukocyte mediated immunity,19_GO:0002376 immune system process,-3.8,2.4,4.3,30293,291,953,22,2.3,0.49,136|613|712|713|714|716|718|975|1191|1512|2214|3822|4067|5052|5293|5580|6284|6814|7462|10417|10758|284021,ADORA2B|BCR|C1QA|C1QB|C1QC|C1S|C3|CD81|CLU|CTSH|FCGR3A|KLRC2|LYN|PRDX1|PIK3CD|PRKCD|S100A13|STXBP3|LAT2|SPON2|TRAF3IP2|MILR1,-2.3
MyList,GO Biological Processes,19,GO:0002065,columnar/cuboidal epithelial cell differentiation,19_GO:0032502 developmental process,-3.8,3.5,4.8,30293,108,953,12,1.3,0.36,655|2247|2697|3175|4087|5080|6662|6664|7474|10413|51092|54361,BMP7|FGF2|GJA1|ONECUT1|SMAD2|PAX6|SOX9|SOX11|WNT5A|YAP1|SIDT2|WNT4,-2.3
MyList,GO Biological Processes,19,GO:0062012,regulation of small molecule metabolic process,19_GO:0008152 metabolic process,-3.8,2.3,4.3,30293,332,953,24,2.5,0.51,33|348|493|1642|2023|2053|2171|3638|3949|4199|5028|6662|6720|7114|8644|9023|9056|9104|23657|26137|26471|54361|54541|151176,ACADL|APOE|ATP2B4|DDB1|ENO1|EPHX2|FABP5|INSIG1|LDLR|ME1|P2RY1|SOX9|SREBF1|TMSB4X|AKR1C3|CH25H|SLC7A7|RGN|SLC7A11|ZBTB20|NUPR1|WNT4|DDIT4|ERFE,-2.3
MyList,GO Biological Processes,19,GO:0043254,regulation of protein-containing complex assembly,19_GO:0050789 regulation of biological process,-3.8,2.1,4.2,30293,417,953,28,2.9,0.55,348|1191|1452|1955|2059|2670|3936|4868|5580|6662|7013|7099|7114|8631|9168|9780|10382|10979|22919|23189|23580|29091|29103|51100|51673|55612|85477|221074,APOE|CLU|CSNK1A1|MEGF9|EPS8|GFAP|LCP1|NPHS1|PRKCD|SOX9|TERF1|TLR4|TMSB4X|SKAP1|TMSB10|PIEZO1|TUBB4A|FERMT2|MAPRE1|KANK1|CDC42EP4|STXBP6|DNAJC15|SH3GLB1|TPPP3|FERMT1|SCIN|SLC39A12,-2.3
MyList,GO Biological Processes,19,GO:0008299,isoprenoid biosynthetic process,19_GO:0008152 metabolic process,-3.8,7.1,5.7,30293,27,953,6,0.63,0.26,3157|3422|4047|4598|5947|10170,HMGCS1|IDI1|LSS|MVK|RBP1|DHRS9,-2.3
MyList,GO Biological Processes,19,GO:0009081,branched-chain amino acid metabolic process,19_GO:0008152 metabolic process,-3.8,7.1,5.7,30293,27,953,6,0.63,0.26,594|3028|3155|3712|4329|26275,BCKDHB|HSD17B10|HMGCL|IVD|ALDH6A1|HIBCH,-2.3
MyList,GO Biological Processes,19,GO:0030198,extracellular matrix organization,19_GO:0009987 cellular process,-3.8,2.4,4.3,30293,273,953,21,2.2,0.48,1307|2670|2824|3936|4868|5033|5156|5650|5768|6662|7045|7101|10549|30008|55612|55959|57188|57326|64093|89932|285590,COL16A1|GFAP|GPM6B|LCP1|NPHS1|P4HA1|PDGFRA|KLK7|QSOX1|SOX9|TGFBI|NR2E1|PRDX4|EFEMP2|FERMT1|SULF2|ADAMTSL3|PBXIP1|SMOC1|PAPLN|SH3PXD2B,-2.2
MyList,GO Biological Processes,19,GO:0010594,regulation of endothelial cell migration,19_GO:0040011 locomotion,-3.8,2.6,4.4,30293,234,953,19,2,0.45,348|493|2247|2752|3162|5293|5764|6678|6776|7101|7114|7474|8613|8829|9734|23328|57381|147372|161742,APOE|ATP2B4|FGF2|GLUL|HMOX1|PIK3CD|PTN|SPARC|STAT5A|NR2E1|TMSB4X|WNT5A|PLPP3|NRP1|HDAC9|SASH1|RHOJ|CCBE1|SPRED1,-2.2
MyList,GO Biological Processes,19,GO:1901888,regulation of cell junction assembly,19_GO:0050789 regulation of biological process,-3.8,2.7,4.4,30293,215,953,18,1.9,0.44,71|187|1307|2824|3987|5021|5786|6422|7248|7474|8321|8829|10160|10979|11170|54361|57633|347902,ACTG1|APLNR|COL16A1|GPM6B|LIMS1|OXTR|PTPRA|SFRP1|TSC1|WNT5A|FZD1|NRP1|FARP1|FERMT2|FAM107A|WNT4|LRRN1|AMIGO2,-2.2
MyList,GO Biological Processes,19,GO:0051348,negative regulation of transferase activity,19_GO:0065007 biological regulation,-3.8,2.7,4.4,30293,215,953,18,1.9,0.44,348|1050|2950|4067|5580|5788|5987|6609|7013|7345|10715|11006|25937|29085|51637|81848|84062|161742,APOE|CEBPA|GSTP1|LYN|PRKCD|PTPRC|TRIM27|SMPD1|TERF1|UCHL1|CERS1|LILRB4|WWTR1|PHPT1|RTRAF|SPRY4|DTNBP1|SPRED1,-2.2
MyList,GO Biological Processes,19,GO:2000179,positive regulation of neural precursor cell proliferation,19_GO:0048518 positive regulation of biological process,-3.8,4.5,5,30293,64,953,9,0.94,0.31,1462|1524|2247|2771|4067|5080|7101|9289|63827,VCAN|CX3CR1|FGF2|GNAI2|LYN|PAX6|NR2E1|ADGRG1|BCAN,-2.2
MyList,GO Biological Processes,19,GO:0031329,regulation of cellular catabolic process,19_GO:0008152 metabolic process,-3.8,1.8,4,30293,783,953,44,4.6,0.68,154|348|493|677|678|2670|3162|3949|4504|5436|5580|5768|5987|6720|7077|7248|7345|7805|8897|8992|9104|9939|10247|10346|10715|10758|11180|23034|26137|26353|26471|27131|51100|51375|51538|54541|55332|64121|79443|81892|92196|112574|151176|340719,ADRB2|APOE|ATP2B4|ZFP36L1|ZFP36L2|GFAP|HMOX1|LDLR|MT3|POLR2G|PRKCD|QSOX1|TRIM27|SREBF1|TIMP2|TSC1|UCHL1|LAPTM5|MTMR3|ATP6V0E1|RGN|RBM8A|RIDA|TRIM22|CERS1|TRAF3IP2|WDR6|SAMD4A|ZBTB20|HSPB8|NUPR1|SNX5|SH3GLB1|SNX7|ZCCHC17|DDIT4|DRAM1|RRAGC|FYCO1|SLIRP|DAPL1|SNX18|ERFE|NANOS1,-2.2
MyList,GO Biological Processes,19,GO:0005975,carbohydrate metabolic process,19_GO:0008152 metabolic process,-3.8,2.1,4.2,30293,441,953,29,3,0.56,217|2023|2171|3175|3418|3784|4166|4199|4351|5836|5950|6518|6576|8574|8704|8908|9104|9469|9761|51071|55277|55577|66005|83539|84750|92126|113189|115209|130589,ALDH2|ENO1|FABP5|ONECUT1|IDH2|KCNQ1|CHST6|ME1|MPI|PYGL|RBP4|SLC2A5|SLC25A1|AKR7A2|B4GALT2|GYG2|RGN|CHST3|MLEC|DERA|FGGY|NAGK|CHID1|CHST9|FUT10|DSEL|CHST14|OMA1|GALM,-2.2
MyList,GO Biological Processes,19,GO:0030647,aminoglycoside antibiotic metabolic process,19_GO:0008152 metabolic process,-3.8,13,6.7,30293,10,953,4,0.42,0.21,1109|1645|8574|8644,AKR1C4|AKR1C1|AKR7A2|AKR1C3,-2.2
MyList,GO Biological Processes,19,GO:2000739,regulation of mesenchymal stem cell differentiation,19_GO:0032502 developmental process,-3.8,13,6.7,30293,10,953,4,0.42,0.21,5156|6660|6662|8321,PDGFRA|SOX5|SOX9|FZD1,-2.2
MyList,GO Biological Processes,19,GO:1903911,positive regulation of receptor clustering,19_GO:0051179 localization,-3.8,13,6.7,30293,10,953,4,0.42,0.21,975|7130|10160|23184,CD81|TNFAIP6|FARP1|MESD,-2.2
MyList,GO Biological Processes,19,GO:0090179,planar cell polarity pathway involved in neural tube closure,19_GO:0032502 developmental process,-3.8,13,6.7,30293,10,953,4,0.42,0.21,2535|6422|7474|8321,FZD2|SFRP1|WNT5A|FZD1,-2.2
MyList,GO Biological Processes,19,GO:0043062,extracellular structure organization,19_GO:0009987 cellular process,-3.8,2.4,4.3,30293,274,953,21,2.2,0.48,1307|2670|2824|3936|4868|5033|5156|5650|5768|6662|7045|7101|10549|30008|55612|55959|57188|57326|64093|89932|285590,COL16A1|GFAP|GPM6B|LCP1|NPHS1|P4HA1|PDGFRA|KLK7|QSOX1|SOX9|TGFBI|NR2E1|PRDX4|EFEMP2|FERMT1|SULF2|ADAMTSL3|PBXIP1|SMOC1|PAPLN|SH3PXD2B,-2.2
MyList,GO Biological Processes,19,GO:0031345,negative regulation of cell projection organization,19_GO:0048519 negative regulation of biological process,-3.8,2.7,4.4,30293,197,953,17,1.8,0.43,348|393|952|1809|1948|2670|4134|4504|5580|7474|8829|8934|10413|23189|23251|56896|84062,APOE|ARHGAP4|CD38|DPYSL3|EFNB2|GFAP|MAP4|MT3|PRKCD|WNT5A|NRP1|RAB29|YAP1|KANK1|MINAR1|DPYSL5|DTNBP1,-2.2
MyList,GO Biological Processes,19,GO:0043434,response to peptide hormone,19_GO:0050896 response to stimulus,-3.8,2.2,4.2,30293,377,953,26,2.7,0.53,445|655|677|1176|1536|1910|2887|3638|3784|4067|5021|5080|5580|5786|5872|6464|6655|6720|6776|6814|7248|8792|9734|11031|51083|80339,ASS1|BMP7|ZFP36L1|AP3S1|CYBB|EDNRB|GRB10|INSIG1|KCNQ1|LYN|OXTR|PAX6|PRKCD|PTPRA|RAB13|SHC1|SOS2|SREBF1|STAT5A|STXBP3|TSC1|TNFRSF11A|HDAC9|RAB31|GAL|PNPLA3,-2.2
MyList,GO Biological Processes,19,GO:0010043,response to zinc ion,19_GO:0050896 response to stimulus,-3.7,5,5.1,30293,51,953,8,0.84,0.3,445|2742|4489|4495|4501|4502|4504|84329,ASS1|GLRA2|MT1A|MT1G|MT1X|MT2A|MT3|HVCN1,-2.2
MyList,GO Biological Processes,19,GO:0045229,external encapsulating structure organization,19_GO:0009987 cellular process,-3.7,2.4,4.3,30293,275,953,21,2.2,0.48,1307|2670|2824|3936|4868|5033|5156|5650|5768|6662|7045|7101|10549|30008|55612|55959|57188|57326|64093|89932|285590,COL16A1|GFAP|GPM6B|LCP1|NPHS1|P4HA1|PDGFRA|KLK7|QSOX1|SOX9|TGFBI|NR2E1|PRDX4|EFEMP2|FERMT1|SULF2|ADAMTSL3|PBXIP1|SMOC1|PAPLN|SH3PXD2B,-2.2
MyList,GO Biological Processes,19,GO:0051347,positive regulation of transferase activity,19_GO:0065007 biological regulation,-3.7,2.2,4.2,30293,378,953,26,2.7,0.53,154|238|348|493|780|1622|2247|2261|4504|5154|5156|5245|5580|5588|5788|5920|6091|7098|7099|7474|8792|10979|23328|79618|133619|146433,ADRB2|ALK|APOE|ATP2B4|DDR1|DBI|FGF2|FGFR3|MT3|PDGFA|PDGFRA|PHB1|PRKCD|PRKCQ|PTPRC|PLAAT4|ROBO1|TLR3|TLR4|WNT5A|TNFRSF11A|FERMT2|SASH1|HMBOX1|PRRC1|IL34,-2.2
MyList,GO Biological Processes,19,GO:0010737,protein kinase A signaling,19_GO:0050896 response to stimulus,-3.7,8.8,6,30293,18,953,5,0.52,0.23,3936|5872|7430|8736|51083,LCP1|RAB13|EZR|MYOM1|GAL,-2.2
MyList,GO Biological Processes,19,GO:0072234,metanephric nephron tubule development,19_GO:0032502 developmental process,-3.7,8.8,6,30293,18,953,5,0.52,0.23,358|6662|7477|55366|388585,AQP1|SOX9|WNT7B|LGR4|HES5,-2.2
MyList,GO Biological Processes,19,GO:0016331,morphogenesis of embryonic epithelium,19_GO:0032502 developmental process,-3.7,3.1,4.5,30293,144,953,14,1.5,0.39,655|2535|5727|6422|6662|6664|7248|7474|7477|8321|54361|57216|221074|388585,BMP7|FZD2|PTCH1|SFRP1|SOX9|SOX11|TSC1|WNT5A|WNT7B|FZD1|WNT4|VANGL2|SLC39A12|HES5,-2.2
MyList,GO Biological Processes,19,GO:1901652,response to peptide,19_GO:0050896 response to stimulus,-3.7,2.1,4.1,30293,465,953,30,3.1,0.57,154|445|655|677|1176|1536|1910|2697|2887|3638|3784|4067|5021|5080|5580|5786|5872|6464|6655|6720|6776|6814|7099|7248|8792|9734|11031|51083|55577|80339,ADRB2|ASS1|BMP7|ZFP36L1|AP3S1|CYBB|EDNRB|GJA1|GRB10|INSIG1|KCNQ1|LYN|OXTR|PAX6|PRKCD|PTPRA|RAB13|SHC1|SOS2|SREBF1|STAT5A|STXBP3|TLR4|TSC1|TNFRSF11A|HDAC9|RAB31|GAL|NAGK|PNPLA3,-2.2
MyList,GO Biological Processes,19,GO:0016311,dephosphorylation,19_GO:0008152 metabolic process,-3.7,2.6,4.4,30293,217,953,18,1.9,0.44,2053|5475|5786|5788|5792|5803|7803|8613|8897|29085|30833|54886|58190|64759|79948|118924|150290|196051,EPHX2|PPEF1|PTPRA|PTPRC|PTPRF|PTPRZ1|PTP4A1|PLPP3|MTMR3|PHPT1|NT5C|PLPPR1|CTDSP1|TNS3|PLPPR3|FRA10AC1|DUSP18|PLPP4,-2.2
MyList,GO Biological Processes,19,GO:0061900,glial cell activation,19_GO:0032501 multicellular organismal process,-3.7,5.7,5.3,30293,39,953,7,0.73,0.28,199|712|1191|1524|3689|7098|90865,AIF1|C1QA|CLU|CX3CR1|ITGB2|TLR3|IL33,-2.2
MyList,GO Biological Processes,19,GO:0040036,regulation of fibroblast growth factor receptor signaling pathway,19_GO:0050896 response to stimulus,-3.7,5.7,5.3,30293,39,953,7,0.73,0.28,2247|7474|8862|54361|55959|81848|143282,FGF2|WNT5A|APLN|WNT4|SULF2|SPRY4|FGFBP3,-2.2
MyList,GO Biological Processes,19,GO:1905475,regulation of protein localization to membrane,19_GO:0051179 localization,-3.7,2.8,4.4,30293,180,953,16,1.7,0.42,288|493|975|2040|3689|6810|7130|7430|8673|10082|10160|11079|23184|23657|54550|116372,ANK3|ATP2B4|CD81|STOM|ITGB2|STX4|TNFAIP6|EZR|VAMP8|GPC6|FARP1|RER1|MESD|SLC7A11|NECAB2|LYPD1,-2.2
MyList,GO Biological Processes,19,GO:0048589,developmental growth,19_GO:0040007 growth,-3.7,2.1,4.1,30293,422,953,28,2.9,0.55,677|780|975|1901|2261|2596|2697|3275|4087|5361|5764|6299|6422|6657|6662|7130|7474|7477|8829|9646|10413|25937|55083|55364|57599|66000|81628|221074,ZFP36L1|DDR1|CD81|S1PR1|FGFR3|GAP43|GJA1|PRMT2|SMAD2|PLXNA1|PTN|SALL1|SFRP1|SOX2|SOX9|TNFAIP6|WNT5A|WNT7B|NRP1|CTR9|YAP1|WWTR1|KIF26B|IMPACT|WDR48|TMEM108|TSC22D4|SLC39A12,-2.2
MyList,GO Biological Processes,19,GO:0040007,growth,19_GO:0040007 growth,-3.7,2.1,4.1,30293,422,953,28,2.9,0.55,677|780|975|1901|2261|2596|2697|3275|4087|5361|5764|6299|6422|6657|6662|7130|7474|7477|8829|9646|10413|25937|55083|55364|57599|66000|81628|221074,ZFP36L1|DDR1|CD81|S1PR1|FGFR3|GAP43|GJA1|PRMT2|SMAD2|PLXNA1|PTN|SALL1|SFRP1|SOX2|SOX9|TNFAIP6|WNT5A|WNT7B|NRP1|CTR9|YAP1|WWTR1|KIF26B|IMPACT|WDR48|TMEM108|TSC22D4|SLC39A12,-2.2
MyList,GO Biological Processes,19,GO:0038094,Fc-gamma receptor signaling pathway,19_GO:0002376 immune system process,-3.7,6.8,5.5,30293,28,953,6,0.63,0.26,2214|4067|5580|7409|7525|196051,FCGR3A|LYN|PRKCD|VAV1|YES1|PLPP4,-2.2
MyList,GO Biological Processes,19,GO:0045165,cell fate commitment,19_GO:0032502 developmental process,-3.7,2.5,4.3,30293,258,953,20,2.1,0.46,2139|2596|3175|4087|5080|5396|5727|6422|6657|6660|6662|7101|7474|7477|8829|9646|25925|54361|80213|388585,EYA2|GAP43|ONECUT1|SMAD2|PAX6|PRRX1|PTCH1|SFRP1|SOX2|SOX5|SOX9|NR2E1|WNT5A|WNT7B|NRP1|CTR9|ZNF521|WNT4|TM2D3|HES5,-2.2
MyList,GO Biological Processes,19,GO:0035270,endocrine system development,19_GO:0032502 developmental process,-3.7,3.2,4.5,30293,129,953,13,1.4,0.38,190|2247|3175|4087|5080|5156|6299|6657|6658|6662|7474|51092|54361,NR0B1|FGF2|ONECUT1|SMAD2|PAX6|PDGFRA|SALL1|SOX2|SOX3|SOX9|WNT5A|SIDT2|WNT4,-2.1
MyList,GO Biological Processes,19,GO:0032330,regulation of chondrocyte differentiation,19_GO:0032502 developmental process,-3.6,4.8,5,30293,53,953,8,0.84,0.3,2202|2734|6660|6662|7227|51222|85477|129642,EFEMP1|GLG1|SOX5|SOX9|TRPS1|ZNF219|SCIN|MBOAT2,-2.1
MyList,GO Biological Processes,19,GO:0045778,positive regulation of ossification,19_GO:0048518 positive regulation of biological process,-3.6,4.8,5,30293,53,953,8,0.84,0.3,154|240|655|2824|5764|6664|7474|54361,ADRB2|ALOX5|BMP7|GPM6B|PTN|SOX11|WNT5A|WNT4,-2.1
MyList,GO Biological Processes,19,GO:0043303,mast cell degranulation,19_GO:0002376 immune system process,-3.6,6.6,5.4,30293,29,953,6,0.63,0.26,136|4067|5293|6284|7462|284021,ADORA2B|LYN|PIK3CD|S100A13|LAT2|MILR1,-2.1
MyList,GO Biological Processes,19,GO:0002279,mast cell activation involved in immune response,19_GO:0002376 immune system process,-3.6,6.6,5.4,30293,29,953,6,0.63,0.26,136|4067|5293|6284|7462|284021,ADORA2B|LYN|PIK3CD|S100A13|LAT2|MILR1,-2.1
MyList,GO Biological Processes,19,GO:0008209,androgen metabolic process,19_GO:0008152 metabolic process,-3.6,6.6,5.4,30293,29,953,6,0.63,0.26,1109|3028|8630|10170|25976|51478,AKR1C4|HSD17B10|HSD17B6|DHRS9|TIPARP|HSD17B7,-2.1
MyList,GO Biological Processes,19,GO:0120031,plasma membrane bounded cell projection assembly,19_GO:0009987 cellular process,-3.6,2.1,4.1,30293,428,953,28,2.9,0.55,199|1767|1901|3175|3691|3784|4983|7430|7802|8829|11188|22919|23043|25937|27152|29887|51134|57216|57348|64792|89846|118491|121512|144132|161582|196383|221178|221421,AIF1|DNAH5|S1PR1|ONECUT1|ITGB4|KCNQ1|OPHN1|EZR|DNALI1|NRP1|NISCH|MAPRE1|TNIK|WWTR1|INTU|SNX10|CEP83|VANGL2|TTYH1|IFT22|FGD3|CFAP70|FGD4|DNHD1|DNAAF4|RILPL2|SPATA13|RSPH9,-2.1
MyList,GO Biological Processes,19,GO:0032102,negative regulation of response to external stimulus,19_GO:0048519 negative regulation of biological process,-3.6,2,4,30293,450,953,29,3,0.56,2|199|240|348|613|2247|2840|2950|3821|3949|4067|4598|5154|5156|5580|5788|6091|6480|7114|7130|7474|7525|8829|54361|54625|58189|79651|84868|90865,A2M|AIF1|ALOX5|APOE|BCR|FGF2|GPR17|GSTP1|KLRC1|LDLR|LYN|MVK|PDGFA|PDGFRA|PRKCD|PTPRC|ROBO1|ST6GAL1|TMSB4X|TNFAIP6|WNT5A|YES1|NRP1|WNT4|PARP14|WFDC1|RHBDF2|HAVCR2|IL33,-2.1
MyList,GO Biological Processes,19,GO:0061298,retina vasculature development in camera-type eye,19_GO:0032502 developmental process,-3.6,8.4,5.8,30293,19,953,5,0.52,0.23,5156|6094|8829|57381|284217,PDGFRA|ROM1|NRP1|RHOJ|LAMA1,-2.1
MyList,GO Biological Processes,19,GO:0040013,negative regulation of locomotion,19_GO:0040011 locomotion,-3.6,2.1,4,30293,429,953,28,2.9,0.55,199|348|393|493|613|1009|1524|1809|2247|2697|2768|3162|6091|6422|6480|7130|7474|8829|9104|9289|11188|23189|54361|57522|60672|84312|90865|161742,AIF1|APOE|ARHGAP4|ATP2B4|BCR|CDH11|CX3CR1|DPYSL3|FGF2|GJA1|GNA12|HMOX1|ROBO1|SFRP1|ST6GAL1|TNFAIP6|WNT5A|NRP1|RGN|ADGRG1|NISCH|KANK1|WNT4|SRGAP1|MIIP|BRMS1L|IL33|SPRED1,-2.1
MyList,GO Biological Processes,19,GO:0010595,positive regulation of endothelial cell migration,19_GO:0040011 locomotion,-3.6,3.2,4.5,30293,131,953,13,1.4,0.38,2247|3162|5293|6678|6776|7114|7474|8613|8829|9734|23328|57381|147372,FGF2|HMOX1|PIK3CD|SPARC|STAT5A|TMSB4X|WNT5A|PLPP3|NRP1|HDAC9|SASH1|RHOJ|CCBE1,-2.1
MyList,GO Biological Processes,19,GO:0051384,response to glucocorticoid,19_GO:0050896 response to stimulus,-3.6,3.2,4.5,30293,131,953,13,1.4,0.38,2|358|445|590|594|677|678|4129|7477|11170|23205|54541|387758,A2M|AQP1|ASS1|BCHE|BCKDHB|ZFP36L1|ZFP36L2|MAOB|WNT7B|FAM107A|ACSBG1|DDIT4|FIBIN,-2.1
MyList,GO Biological Processes,19,GO:0071692,protein localization to extracellular region,19_GO:0051179 localization,-3.6,3.2,4.5,30293,131,953,13,1.4,0.38,1174|1910|4087|5125|5872|6623|6720|6814|8111|51083|79971|94121|115827,AP1S1|EDNRB|SMAD2|PCSK5|RAB13|SNCG|SREBF1|STXBP3|GPR68|GAL|WLS|SYTL4|RAB3C,-2.1
MyList,GO Biological Processes,19,GO:0051651,maintenance of location in cell,19_GO:0051179 localization,-3.6,3.6,4.6,30293,98,953,11,1.2,0.35,288|348|2495|2512|3638|7114|7184|9168|11079|56898|85477,ANK3|APOE|FTH1|FTL|INSIG1|TMSB4X|HSP90B1|TMSB10|RER1|BDH2|SCIN,-2.1
MyList,GO Biological Processes,19,GO:0048736,appendage development,19_GO:0032502 developmental process,-3.6,2.7,4.3,30293,185,953,16,1.7,0.42,655|2697|2768|3691|5125|5396|5727|6299|6662|7474|10979|23657|27152|51222|55636|64093,BMP7|GJA1|GNA12|ITGB4|PCSK5|PRRX1|PTCH1|SALL1|SOX9|WNT5A|FERMT2|SLC7A11|INTU|ZNF219|CHD7|SMOC1,-2.1
MyList,GO Biological Processes,19,GO:0060173,limb development,19_GO:0032502 developmental process,-3.6,2.7,4.3,30293,185,953,16,1.7,0.42,655|2697|2768|3691|5125|5396|5727|6299|6662|7474|10979|23657|27152|51222|55636|64093,BMP7|GJA1|GNA12|ITGB4|PCSK5|PRRX1|PTCH1|SALL1|SOX9|WNT5A|FERMT2|SLC7A11|INTU|ZNF219|CHD7|SMOC1,-2.1
MyList,GO Biological Processes,19,GO:0072173,metanephric tubule morphogenesis,19_GO:0032502 developmental process,-3.6,12,6.3,30293,11,953,4,0.42,0.21,6662|54361|55366|388585,SOX9|WNT4|LGR4|HES5,-2.1
MyList,GO Biological Processes,19,GO:0090178,regulation of establishment of planar polarity involved in neural tube closure,19_GO:0032502 developmental process,-3.6,12,6.3,30293,11,953,4,0.42,0.21,2535|6422|7474|8321,FZD2|SFRP1|WNT5A|FZD1,-2.1
MyList,GO Biological Processes,19,GO:0033625,positive regulation of integrin activation,19_GO:0048518 positive regulation of biological process,-3.6,12,6.3,30293,11,953,4,0.42,0.21,8631|9780|10979|55612,SKAP1|PIEZO1|FERMT2|FERMT1,-2.1
MyList,GO Biological Processes,19,GO:0050768,negative regulation of neurogenesis,19_GO:0032502 developmental process,-3.6,3,4.4,30293,149,953,14,1.5,0.39,393|655|3949|4504|5080|5764|6664|6993|7101|7474|8829|56896|58190|388585,ARHGAP4|BMP7|LDLR|MT3|PAX6|PTN|SOX11|DYNLT1|NR2E1|WNT5A|NRP1|DPYSL5|CTDSP1|HES5,-2.1
MyList,GO Biological Processes,19,GO:0050854,regulation of antigen receptor-mediated signaling pathway,19_GO:0002376 immune system process,-3.6,4.2,4.8,30293,68,953,9,0.94,0.31,975|4067|5788|7430|7805|8934|11006|29085|123920,CD81|LYN|PTPRC|EZR|LAPTM5|RAB29|LILRB4|PHPT1|CMTM3,-2.1
MyList,GO Biological Processes,19,GO:1904951,positive regulation of establishment of protein localization,19_GO:0051179 localization,-3.6,2.3,4.1,30293,324,953,23,2.4,0.5,288|952|975|2040|2746|3689|4947|5580|5950|6810|7099|7545|8111|8447|8736|8934|8938|9501|10972|51100|51686|79971|94121,ANK3|CD38|CD81|STOM|GLUD1|ITGB2|OAZ2|PRKCD|RBP4|STX4|TLR4|ZIC1|GPR68|DOC2B|MYOM1|RAB29|BAIAP3|RPH3AL|TMED10|SH3GLB1|OAZ3|WLS|SYTL4,-2.1
MyList,GO Biological Processes,19,GO:0002429,immune response-activating cell surface receptor signaling pathway,19_GO:0002376 immune system process,-3.6,2.5,4.2,30293,243,953,19,2,0.45,718|952|2533|3821|3822|3823|4067|5293|5580|5788|7099|7409|7462|7525|8631|9865|25800|121665|196051,C3|CD38|FYB1|KLRC1|KLRC2|KLRC3|LYN|PIK3CD|PRKCD|PTPRC|TLR4|VAV1|LAT2|YES1|SKAP1|TRIL|SLC39A6|SPPL3|PLPP4,-2.1
MyList,GO Biological Processes,19,GO:0006873,intracellular monoatomic ion homeostasis,19_GO:0042592 homeostatic process,-3.5,2.1,4,30293,432,953,28,2.9,0.55,348|475|493|2495|2512|3162|3784|4489|4495|4501|4502|4504|5028|7184|7474|8992|9104|9914|10590|25800|30061|55013|56898|63933|84329|151176|154881|285195,APOE|ATOX1|ATP2B4|FTH1|FTL|HMOX1|KCNQ1|MT1A|MT1G|MT1X|MT2A|MT3|P2RY1|HSP90B1|WNT5A|ATP6V0E1|RGN|ATP2C2|SCGN|SLC39A6|SLC40A1|MCUB|BDH2|MCUR1|HVCN1|ERFE|KCTD7|SLC9A9,-2.1
MyList,GO Biological Processes,19,GO:0072659,protein localization to plasma membrane,19_GO:0051179 localization,-3.5,2.6,4.2,30293,205,953,17,1.8,0.43,288|975|2533|5028|5727|5872|7430|8631|9914|11031|23043|63971|79651|115827|116372|196383|340348,ANK3|CD81|FYB1|P2RY1|PTCH1|RAB13|EZR|SKAP1|ATP2C2|RAB31|TNIK|KIF13A|RHBDF2|RAB3C|LYPD1|RILPL2|TSPAN33,-2.1
MyList,GO Biological Processes,19,GO:0006721,terpenoid metabolic process,19_GO:0008152 metabolic process,-3.5,3.5,4.5,30293,99,953,11,1.2,0.35,1109|1645|3157|4047|5947|5950|8630|8644|10170|10901|59342,AKR1C4|AKR1C1|HMGCS1|LSS|RBP1|RBP4|HSD17B6|AKR1C3|DHRS9|DHRS4|SCPEP1,-2.1
MyList,GO Biological Processes,19,GO:0044272,sulfur compound biosynthetic process,19_GO:0008152 metabolic process,-3.5,3,4.4,30293,150,953,14,1.5,0.39,2639|2950|4166|6576|9200|9469|23205|23743|55256|64131|83539|84532|92126|113189,GCDH|GSTP1|CHST6|SLC25A1|HACD1|CHST3|ACSBG1|BHMT2|ADI1|XYLT1|CHST9|ACSS1|DSEL|CHST14,-2.1
MyList,GO Biological Processes,19,GO:1902267,regulation of polyamine transmembrane transport,19_GO:0051179 localization,-3.5,19,7.3,30293,5,953,3,0.31,0.18,4947|51582|51686,OAZ2|AZIN1|OAZ3,-2
MyList,GO Biological Processes,19,GO:0097176,epoxide metabolic process,19_GO:0008152 metabolic process,-3.5,19,7.3,30293,5,953,3,0.31,0.18,240|2052|2053,ALOX5|EPHX1|EPHX2,-2
MyList,GO Biological Processes,19,GO:0072132,mesenchyme morphogenesis,19_GO:0032502 developmental process,-3.5,4.6,4.8,30293,55,953,8,0.84,0.3,70|187|655|4087|6091|6662|7474|26508,ACTC1|APLNR|BMP7|SMAD2|ROBO1|SOX9|WNT5A|HEYL,-2
MyList,GO Biological Processes,19,GO:0009895,negative regulation of catabolic process,19_GO:0048519 negative regulation of biological process,-3.5,2.2,4,30293,348,953,24,2.5,0.51,238|493|1595|3162|4504|4983|5245|5768|5987|7077|7248|9104|9491|10758|11180|26471|51538|51582|54541|55170|64121|81892|92196|151176,ALK|ATP2B4|CYP51A1|HMOX1|MT3|OPHN1|PHB1|QSOX1|TRIM27|TIMP2|TSC1|RGN|PSMF1|TRAF3IP2|WDR6|NUPR1|ZCCHC17|AZIN1|DDIT4|PRMT6|RRAGC|SLIRP|DAPL1|ERFE,-2
MyList,GO Biological Processes,19,GO:0060828,regulation of canonical Wnt signaling pathway,19_GO:0050896 response to stimulus,-3.5,2.4,4.1,30293,266,953,20,2.1,0.46,348|1452|1501|2247|6422|6657|6662|7474|8321|10413|22881|23189|25805|25937|55366|55612|55959|79971|147906|151195,APOE|CSNK1A1|CTNND2|FGF2|SFRP1|SOX2|SOX9|WNT5A|FZD1|YAP1|ANKRD6|KANK1|BAMBI|WWTR1|LGR4|FERMT1|SULF2|WLS|DACT3|CCNYL1,-2
MyList,GO Biological Processes,19,GO:0072243,metanephric nephron epithelium development,19_GO:0032502 developmental process,-3.5,7.9,5.6,30293,20,953,5,0.52,0.23,358|6662|7477|55366|388585,AQP1|SOX9|WNT7B|LGR4|HES5,-2
MyList,GO Biological Processes,19,GO:0002433,immune response-regulating cell surface receptor signaling pathway involved in phagocytosis,19_GO:0002376 immune system process,-3.5,7.9,5.6,30293,20,953,5,0.52,0.23,4067|5580|7409|7525|196051,LYN|PRKCD|VAV1|YES1|PLPP4,-2
MyList,GO Biological Processes,19,GO:0038096,Fc-gamma receptor signaling pathway involved in phagocytosis,19_GO:0002376 immune system process,-3.5,7.9,5.6,30293,20,953,5,0.52,0.23,4067|5580|7409|7525|196051,LYN|PRKCD|VAV1|YES1|PLPP4,-2
MyList,GO Biological Processes,19,GO:0009896,positive regulation of catabolic process,19_GO:0048518 positive regulation of biological process,-3.5,1.9,3.9,30293,617,953,36,3.8,0.62,154|348|677|678|975|1050|1191|1452|1642|3162|3949|4947|5436|5580|6662|7430|7474|7805|8451|10247|10346|10715|23034|25976|26137|26353|26471|51100|51375|51686|57630|79016|79443|90865|112574|340719,ADRB2|APOE|ZFP36L1|ZFP36L2|CD81|CEBPA|CLU|CSNK1A1|DDB1|HMOX1|LDLR|OAZ2|POLR2G|PRKCD|SOX9|EZR|WNT5A|LAPTM5|CUL4A|RIDA|TRIM22|CERS1|SAMD4A|TIPARP|ZBTB20|HSPB8|NUPR1|SH3GLB1|SNX7|OAZ3|SH3RF1|DDA1|FYCO1|IL33|SNX18|NANOS1,-2
MyList,GO Biological Processes,19,GO:0002703,regulation of leukocyte mediated immunity,19_GO:0002376 immune system process,-3.5,2.4,4.1,30293,247,953,19,2,0.45,136|613|718|975|1524|3689|3821|3822|3823|4067|5788|6810|7098|7099|7409|8673|11006|23705|84868,ADORA2B|BCR|C3|CD81|CX3CR1|ITGB2|KLRC1|KLRC2|KLRC3|LYN|PTPRC|STX4|TLR3|TLR4|VAV1|VAMP8|LILRB4|CADM1|HAVCR2,-2
MyList,GO Biological Processes,19,GO:0060485,mesenchyme development,19_GO:0032502 developmental process,-3.5,2.4,4.1,30293,247,953,19,2,0.45,70|187|655|677|1910|4087|5080|6091|6422|6662|7474|8829|10413|25800|25937|26508|54361|147906|202018,ACTC1|APLNR|BMP7|ZFP36L1|EDNRB|SMAD2|PAX6|ROBO1|SFRP1|SOX9|WNT5A|NRP1|YAP1|SLC39A6|WWTR1|HEYL|WNT4|DACT3|TAPT1,-2
MyList,GO Biological Processes,19,GO:0071222,cellular response to lipopolysaccharide,19_GO:0044419 biological process involved in interspecies interaction between organisms,-3.5,2.6,4.2,30293,208,953,17,1.8,0.43,445|613|834|923|968|1524|1910|2635|2950|4067|7099|7474|9516|9646|10417|57088|84868,ASS1|BCR|CASP1|CD6|CD68|CX3CR1|EDNRB|GBP3|GSTP1|LYN|TLR4|WNT5A|LITAF|CTR9|SPON2|PLSCR4|HAVCR2,-2
MyList,GO Biological Processes,19,GO:2000379,positive regulation of reactive oxygen species metabolic process,19_GO:0048518 positive regulation of biological process,-3.5,4.1,4.7,30293,70,953,9,0.94,0.31,1645|2771|2950|3689|5580|7099|8644|10901|84329,AKR1C1|GNAI2|GSTP1|ITGB2|PRKCD|TLR4|AKR1C3|DHRS4|HVCN1,-2
MyList,GO Biological Processes,19,GO:0043068,positive regulation of programmed cell death,19_GO:0048518 positive regulation of biological process,-3.5,1.9,3.9,30293,572,953,34,3.6,0.6,655|1191|1512|1871|2635|3162|3275|3725|4067|5245|5293|5580|5654|5788|6422|6609|7098|7099|7159|7314|7474|7805|8644|8682|9263|9500|10628|23787|26471|51083|84187|85477|115209|644186,BMP7|CLU|CTSH|E2F3|GBP3|HMOX1|PRMT2|JUN|LYN|PHB1|PIK3CD|PRKCD|HTRA1|PTPRC|SFRP1|SMPD1|TLR3|TLR4|TP53BP2|UBB|WNT5A|LAPTM5|AKR1C3|PEA15|STK17A|MAGED1|TXNIP|MTCH1|NUPR1|GAL|TMEM164|SCIN|OMA1|SYCE3,-2
MyList,GO Biological Processes,19,GO:0097237,cellular response to toxic substance,19_GO:0050896 response to stimulus,-3.5,3.2,4.4,30293,118,953,12,1.3,0.36,348|2950|4257|4504|5052|6415|10549|10715|55937|64359|84293|114112,APOE|GSTP1|MGST1|MT3|PRDX1|SELENOW|PRDX4|CERS1|APOM|NXN|PRXL2A|TXNRD3,-2
MyList,GO Biological Processes,19,GO:0001558,regulation of cell growth,19_GO:0040007 growth,-3.5,2.1,3.9,30293,416,953,27,2.8,0.54,348|393|780|952|1032|2023|2697|4504|5245|5588|6422|7003|7474|7852|8437|8829|10413|11170|23251|51760|55540|55615|58189|84259|147906|221476|340719,APOE|ARHGAP4|DDR1|CD38|CDKN2D|ENO1|GJA1|MT3|PHB1|PRKCQ|SFRP1|TEAD1|WNT5A|CXCR4|RASAL1|NRP1|YAP1|FAM107A|MINAR1|SYT17|IL17RB|PRR5|WFDC1|DCUN1D5|DACT3|PI16|NANOS1,-2
MyList,GO Biological Processes,19,GO:0060412,ventricular septum morphogenesis,19_GO:0032502 developmental process,-3.4,5.2,4.9,30293,43,953,7,0.73,0.28,187|2535|6091|6664|7474|8321|26508,APLNR|FZD2|ROBO1|SOX11|WNT5A|FZD1|HEYL,-2
MyList,GO Biological Processes,19,GO:0033238,regulation of amine metabolic process,19_GO:0008152 metabolic process,-3.4,6.2,5.2,30293,31,953,6,0.63,0.26,217|493|3689|4129|9056|23657,ALDH2|ATP2B4|ITGB2|MAOB|SLC7A7|SLC7A11,-2
MyList,GO Biological Processes,19,GO:0030099,myeloid cell differentiation,19_GO:0032502 developmental process,-3.4,2.3,4,30293,289,953,21,2.2,0.48,865|975|1050|2124|3784|4067|4495|5293|6422|6776|7099|8111|8444|8544|8792|10100|29887|55509|81624|90865|221395,CBFB|CD81|CEBPA|EVI2B|KCNQ1|LYN|MT1G|PIK3CD|SFRP1|STAT5A|TLR4|GPR68|DYRK3|PIR|TNFRSF11A|TSPAN2|SNX10|BATF3|DIAPH3|IL33|ADGRF5,-2
MyList,GO Biological Processes,19,GO:0051222,positive regulation of protein transport,19_GO:0051179 localization,-3.4,2.4,4.1,30293,249,953,19,2,0.45,952|975|2746|4947|5580|5950|6810|7099|7545|8111|8447|8736|8934|8938|9501|10972|51686|79971|94121,CD38|CD81|GLUD1|OAZ2|PRKCD|RBP4|STX4|TLR4|ZIC1|GPR68|DOC2B|MYOM1|RAB29|BAIAP3|RPH3AL|TMED10|OAZ3|WLS|SYTL4,-2
MyList,GO Biological Processes,19,GO:1901222,regulation of non-canonical NF-kappaB signal transduction,19_GO:0050896 response to stimulus,-3.4,3.4,4.4,30293,102,953,11,1.2,0.35,655|5052|5245|7098|7099|7205|7805|9516|23328|54976|84868,BMP7|PRDX1|PHB1|TLR3|TLR4|TRIP6|LAPTM5|LITAF|SASH1|ADISSP|HAVCR2,-2
MyList,GO Biological Processes,19,GO:0006469,negative regulation of protein kinase activity,19_GO:0048519 negative regulation of biological process,-3.4,2.8,4.2,30293,172,953,15,1.6,0.4,348|1050|2950|4067|5580|5788|5987|6609|7345|11006|25937|51637|81848|84062|161742,APOE|CEBPA|GSTP1|LYN|PRKCD|PTPRC|TRIM27|SMPD1|UCHL1|LILRB4|WWTR1|RTRAF|SPRY4|DTNBP1|SPRED1,-2
MyList,GO Biological Processes,19,GO:0051051,negative regulation of transport,19_GO:0051179 localization,-3.4,2,3.9,30293,462,953,29,3,0.56,288|348|392|613|1595|2171|2550|2697|2771|2824|2887|3638|4129|4947|4988|5028|5987|6422|6720|6814|8673|8682|27236|29091|51686|54550|55612|79651|94121,ANK3|APOE|ARHGAP1|BCR|CYP51A1|FABP5|GABBR1|GJA1|GNAI2|GPM6B|GRB10|INSIG1|MAOB|OAZ2|OPRM1|P2RY1|TRIM27|SFRP1|SREBF1|STXBP3|VAMP8|PEA15|ARFIP1|STXBP6|OAZ3|NECAB2|FERMT1|RHBDF2|SYTL4,-2
MyList,GO Biological Processes,19,GO:0002886,regulation of myeloid leukocyte mediated immunity,19_GO:0002376 immune system process,-3.4,4.5,4.7,30293,57,953,8,0.84,0.3,136|613|718|1524|3689|4067|6810|8673,ADORA2B|BCR|C3|CX3CR1|ITGB2|LYN|STX4|VAMP8,-1.9
MyList,GO Biological Processes,19,GO:0032835,glomerulus development,19_GO:0032502 developmental process,-3.4,4.5,4.7,30293,57,953,8,0.84,0.3,358|1910|4868|5156|25937|26508|55366|55959,AQP1|EDNRB|NPHS1|PDGFRA|WWTR1|HEYL|LGR4|SULF2,-1.9
MyList,GO Biological Processes,19,GO:0050680,negative regulation of epithelial cell proliferation,19_GO:0048519 negative regulation of biological process,-3.4,2.8,4.2,30293,173,953,15,1.6,0.4,240|348|1948|5080|5727|6091|6422|6657|6662|6678|7474|9104|9500|26471|27152,ALOX5|APOE|EFNB2|PAX6|PTCH1|ROBO1|SFRP1|SOX2|SOX9|SPARC|WNT5A|RGN|MAGED1|NUPR1|INTU,-1.9
MyList,GO Biological Processes,19,GO:0051961,negative regulation of nervous system development,19_GO:0032502 developmental process,-3.4,2.9,4.2,30293,155,953,14,1.5,0.39,393|655|3949|4504|5080|5764|6664|6993|7101|7474|8829|56896|58190|388585,ARHGAP4|BMP7|LDLR|MT3|PAX6|PTN|SOX11|DYNLT1|NR2E1|WNT5A|NRP1|DPYSL5|CTDSP1|HES5,-1.9
MyList,GO Biological Processes,19,GO:0043651,linoleic acid metabolic process,19_GO:0008152 metabolic process,-3.4,7.6,5.4,30293,21,953,5,0.52,0.23,240|1573|2950|3992|9415,ALOX5|CYP2J2|GSTP1|FADS1|FADS2,-1.9
MyList,GO Biological Processes,19,GO:0097501,stress response to metal ion,19_GO:0050896 response to stimulus,-3.4,7.6,5.4,30293,21,953,5,0.52,0.23,4489|4495|4501|4502|4504,MT1A|MT1G|MT1X|MT2A|MT3,-1.9
MyList,GO Biological Processes,19,GO:0016137,glycoside metabolic process,19_GO:0008152 metabolic process,-3.4,7.6,5.4,30293,21,953,5,0.52,0.23,1109|1645|8574|8644|27233,AKR1C4|AKR1C1|AKR7A2|AKR1C3|SULT1C4,-1.9
MyList,GO Biological Processes,19,GO:0010506,regulation of autophagy,19_GO:0008152 metabolic process,-3.4,2.1,3.9,30293,355,953,24,2.5,0.51,154|2670|3162|5768|5987|6720|7248|7345|8897|8992|10346|10715|11180|26353|26471|27131|51100|51375|55332|64121|79443|92196|112574|151176,ADRB2|GFAP|HMOX1|QSOX1|TRIM27|SREBF1|TSC1|UCHL1|MTMR3|ATP6V0E1|TRIM22|CERS1|WDR6|HSPB8|NUPR1|SNX5|SH3GLB1|SNX7|DRAM1|RRAGC|FYCO1|DAPL1|SNX18|ERFE,-1.9
MyList,GO Biological Processes,19,GO:0002455,humoral immune response mediated by circulating immunoglobulin,19_GO:0002376 immune system process,-3.4,5.1,4.9,30293,44,953,7,0.73,0.28,712|713|714|716|718|975|1191,C1QA|C1QB|C1QC|C1S|C3|CD81|CLU,-1.9
MyList,GO Biological Processes,19,GO:1905145,cellular response to acetylcholine,19_GO:0050896 response to stimulus,-3.4,5.1,4.9,30293,44,953,7,0.73,0.28,493|1137|2771|4062|4988|6001|116372,ATP2B4|CHRNA4|GNAI2|LY6H|OPRM1|RGS10|LYPD1,-1.9
MyList,GO Biological Processes,19,GO:0035272,exocrine system development,19_GO:0032502 developmental process,-3.4,5.1,4.9,30293,44,953,7,0.73,0.28,655|5080|5361|6662|8829|79971|284217,BMP7|PAX6|PLXNA1|SOX9|NRP1|WLS|LAMA1,-1.9
MyList,GO Biological Processes,19,GO:0009100,glycoprotein metabolic process,19_GO:0008152 metabolic process,-3.4,2.2,3.9,30293,334,953,23,2.4,0.5,175|1603|6448|6480|8704|9469|9761|22845|26232|29071|29880|55959|57171|64131|83539|83857|84002|84061|84750|92126|113189|727936|100128731,AGA|DAD1|SGSH|ST6GAL1|B4GALT2|CHST3|MLEC|DOLK|FBXO2|C1GALT1C1|ALG5|SULF2|DOLPP1|XYLT1|CHST9|TMTC1|B3GNT5|MAGT1|FUT10|DSEL|CHST14|GXYLT2|OST4,-1.9
MyList,GO Biological Processes,19,GO:0072028,nephron morphogenesis,19_GO:0032502 developmental process,-3.4,4,4.6,30293,72,953,9,0.94,0.31,655|2247|5727|6299|6662|54361|55083|55366|388585,BMP7|FGF2|PTCH1|SALL1|SOX9|WNT4|KIF26B|LGR4|HES5,-1.9
MyList,GO Biological Processes,19,GO:0008088,axo-dendritic transport,19_GO:0051179 localization,-3.4,4,4.6,30293,72,953,9,0.94,0.31,1176|1740|3281|5874|7345|66000|84062|127829|282991,AP3S1|DLG2|HSBP1|RAB27B|UCHL1|TMEM108|DTNBP1|ARL8A|BLOC1S2,-1.9
MyList,GO Biological Processes,19,GO:2000241,regulation of reproductive process,19_GO:0022414 reproductive process,-3.4,2.5,4.1,30293,212,953,17,1.8,0.43,655|996|1642|1910|2697|5021|5028|6422|6662|7474|8881|8912|9104|10549|26471|54361|644186,BMP7|CDC27|DDB1|EDNRB|GJA1|OXTR|P2RY1|SFRP1|SOX9|WNT5A|CDC16|CACNA1H|RGN|PRDX4|NUPR1|WNT4|SYCE3,-1.9
MyList,GO Biological Processes,19,GO:0042594,response to starvation,19_GO:0050896 response to stimulus,-3.4,2.5,4.1,30293,212,953,17,1.8,0.43,2752|3992|6422|6720|6751|7248|8644|8792|8897|26001|29103|51100|54361|55364|64121|92196|652968,GLUL|FADS1|SFRP1|SREBF1|SSTR1|TSC1|AKR1C3|TNFRSF11A|MTMR3|RNF167|DNAJC15|SH3GLB1|WNT4|IMPACT|RRAGC|DAPL1|CASTOR1,-1.9
MyList,GO Biological Processes,19,GO:1901654,response to ketone,19_GO:0050896 response to stimulus,-3.4,2.5,4.1,30293,212,953,17,1.8,0.43,2|358|445|952|1536|4129|5021|5080|5788|6422|6720|8644|10413|10628|54541|57630|387758,A2M|AQP1|ASS1|CD38|CYBB|MAOB|OXTR|PAX6|PTPRC|SFRP1|SREBF1|AKR1C3|YAP1|TXNIP|DDIT4|SH3RF1|FIBIN,-1.9
MyList,GO Biological Processes,19,GO:0050892,intestinal absorption,19_GO:0051179 localization,-3.4,6,5.1,30293,32,953,6,0.63,0.26,1645|3784|3949|6518|7430|9414,AKR1C1|KCNQ1|LDLR|SLC2A5|EZR|TJP2,-1.9
MyList,GO Biological Processes,19,GO:0008277,regulation of G protein-coupled receptor signaling pathway,19_GO:0050896 response to stimulus,-3.4,3,4.2,30293,138,953,13,1.4,0.38,154|408|493|718|2771|5245|6001|6993|8862|9501|54550|64407|115207,ADRB2|ARRB1|ATP2B4|C3|GNAI2|PHB1|RGS10|DYNLT1|APLN|RPH3AL|NECAB2|RGS18|KCTD12,-1.9
MyList,GO Biological Processes,19,GO:0022612,gland morphogenesis,19_GO:0032502 developmental process,-3.4,3.4,4.3,30293,104,953,11,1.2,0.35,655|780|5080|5361|5727|6422|6662|7474|8829|54361|284217,BMP7|DDR1|PAX6|PLXNA1|PTCH1|SFRP1|SOX9|WNT5A|NRP1|WNT4|LAMA1,-1.9
MyList,GO Biological Processes,19,GO:0019218,regulation of steroid metabolic process,19_GO:0008152 metabolic process,-3.4,3.4,4.3,30293,104,953,11,1.2,0.35,33|190|348|2053|3638|3949|6720|8644|9023|51083|54361,ACADL|NR0B1|APOE|EPHX2|INSIG1|LDLR|SREBF1|AKR1C3|CH25H|GAL|WNT4,-1.9
MyList,GO Biological Processes,19,GO:0098727,maintenance of cell number,19_GO:0032502 developmental process,-3.4,3.2,4.3,30293,121,953,12,1.3,0.36,678|5396|6422|6657|6662|7101|7545|8451|9646|10413|84750|388585,ZFP36L2|PRRX1|SFRP1|SOX2|SOX9|NR2E1|ZIC1|CUL4A|CTR9|YAP1|FUT10|HES5,-1.9
MyList,GO Biological Processes,19,GO:0090596,sensory organ morphogenesis,19_GO:0032502 developmental process,-3.4,2.3,4,30293,273,953,20,2.1,0.46,358|613|655|2195|2202|2535|3638|3784|4646|5080|5396|5950|6094|6662|6664|7474|7545|27152|54549|55636,AQP1|BCR|BMP7|FAT1|EFEMP1|FZD2|INSIG1|KCNQ1|MYO6|PAX6|PRRX1|RBP4|ROM1|SOX9|SOX11|WNT5A|ZIC1|INTU|SDK2|CHD7,-1.9
MyList,GO Biological Processes,19,GO:0044242,cellular lipid catabolic process,19_GO:0008152 metabolic process,-3.3,2.6,4.1,30293,194,953,16,1.7,0.42,30|33|1891|2109|2110|2639|3028|3712|6609|8309|8644|10449|10455|55862|56898|80339,ACAA1|ACADL|ECH1|ETFB|ETFDH|GCDH|HSD17B10|IVD|SMPD1|ACOX2|AKR1C3|ACAA2|ECI2|ECHDC1|BDH2|PNPLA3,-1.9
MyList,GO Biological Processes,19,GO:0048839,inner ear development,19_GO:0032502 developmental process,-3.3,2.6,4.1,30293,194,953,16,1.7,0.42,613|1050|2247|2535|3638|3784|4646|5396|6657|6662|7474|7545|55636|65217|81624|388585,BCR|CEBPA|FGF2|FZD2|INSIG1|KCNQ1|MYO6|PRRX1|SOX2|SOX9|WNT5A|ZIC1|CHD7|PCDH15|DIAPH3|HES5,-1.9
MyList,GO Biological Processes,19,GO:0051962,positive regulation of nervous system development,19_GO:0032502 developmental process,-3.3,2.3,3.9,30293,294,953,21,2.2,0.48,1462|1524|2247|2670|4067|4988|5021|5080|5361|5764|5803|6091|6664|7101|7852|8829|57633|63827|90865|146433|347902,VCAN|CX3CR1|FGF2|GFAP|LYN|OPRM1|OXTR|PAX6|PLXNA1|PTN|PTPRZ1|ROBO1|SOX11|NR2E1|CXCR4|NRP1|LRRN1|BCAN|IL33|IL34|AMIGO2,-1.9
MyList,GO Biological Processes,19,GO:0030003,intracellular monoatomic cation homeostasis,19_GO:0042592 homeostatic process,-3.3,2,3.8,30293,423,953,27,2.8,0.54,348|475|493|2495|2512|3162|4489|4495|4501|4502|4504|5028|7184|7474|8992|9104|9914|10590|25800|30061|55013|56898|63933|84329|151176|154881|285195,APOE|ATOX1|ATP2B4|FTH1|FTL|HMOX1|MT1A|MT1G|MT1X|MT2A|MT3|P2RY1|HSP90B1|WNT5A|ATP6V0E1|RGN|ATP2C2|SCGN|SLC39A6|SLC40A1|MCUB|BDH2|MCUR1|HVCN1|ERFE|KCTD7|SLC9A9,-1.9
MyList,GO Biological Processes,19,GO:0048562,embryonic organ morphogenesis,19_GO:0032502 developmental process,-3.3,2.3,3.9,30293,295,953,21,2.2,0.48,187|613|655|2202|2535|2697|3638|3784|4087|4646|5080|5156|5396|5950|6662|6664|7474|7545|10413|55636|57216,APLNR|BCR|BMP7|EFEMP1|FZD2|GJA1|INSIG1|KCNQ1|SMAD2|MYO6|PAX6|PDGFRA|PRRX1|RBP4|SOX9|SOX11|WNT5A|ZIC1|YAP1|CHD7|VANGL2,-1.9
MyList,GO Biological Processes,19,GO:0043300,regulation of leukocyte degranulation,19_GO:0002376 immune system process,-3.3,4.9,4.8,30293,45,953,7,0.73,0.28,136|613|3689|3822|4067|6810|8673,ADORA2B|BCR|ITGB2|KLRC2|LYN|STX4|VAMP8,-1.9
MyList,GO Biological Processes,19,GO:0001838,embryonic epithelial tube formation,19_GO:0032502 developmental process,-3.3,3.1,4.2,30293,122,953,12,1.3,0.36,655|2535|5727|6422|6662|7248|7474|8321|54361|57216|221074|388585,BMP7|FZD2|PTCH1|SFRP1|SOX9|TSC1|WNT5A|FZD1|WNT4|VANGL2|SLC39A12|HES5,-1.9
MyList,GO Biological Processes,19,GO:0060326,cell chemotaxis,19_GO:0040011 locomotion,-3.3,2.5,4,30293,215,953,17,1.8,0.43,240|1524|1901|1910|3689|5156|5293|5580|5588|5764|5872|6441|7409|7852|8792|8829|9023,ALOX5|CX3CR1|S1PR1|EDNRB|ITGB2|PDGFRA|PIK3CD|PRKCD|PRKCQ|PTN|RAB13|SFTPD|VAV1|CXCR4|TNFRSF11A|NRP1|CH25H,-1.9
MyList,GO Biological Processes,19,GO:0006644,phospholipid metabolic process,19_GO:0008152 metabolic process,-3.3,2.1,3.8,30293,360,953,24,2.5,0.51,1622|2171|3157|3422|3992|4598|5293|5330|5920|6609|8613|8897|11145|22845|54886|54947|57153|57171|79948|80339|129642|196051|221395|253558,DBI|FABP5|HMGCS1|IDI1|FADS1|MVK|PIK3CD|PLCB2|PLAAT4|SMPD1|PLPP3|MTMR3|PLAAT3|DOLK|PLPPR1|LPCAT2|SLC44A2|DOLPP1|PLPPR3|PNPLA3|MBOAT2|PLPP4|ADGRF5|LCLAT1,-1.9
MyList,GO Biological Processes,19,GO:0045664,regulation of neuron differentiation,19_GO:0032502 developmental process,-3.3,2.6,4,30293,196,953,16,1.7,0.42,238|655|1910|2247|5080|6422|6657|6658|6662|6664|7101|26508|55364|58190|124936|388585,ALK|BMP7|EDNRB|FGF2|PAX6|SFRP1|SOX2|SOX3|SOX9|SOX11|NR2E1|HEYL|IMPACT|CTDSP1|CYB5D2|HES5,-1.9
MyList,GO Biological Processes,19,GO:0045671,negative regulation of osteoclast differentiation,19_GO:0002376 immune system process,-3.3,5.8,5,30293,33,953,6,0.63,0.26,6422|7098|7099|7130|11006|151176,SFRP1|TLR3|TLR4|TNFAIP6|LILRB4|ERFE,-1.9
MyList,GO Biological Processes,19,GO:0045576,mast cell activation,19_GO:0002376 immune system process,-3.3,5.8,5,30293,33,953,6,0.63,0.26,136|4067|5293|6284|7462|284021,ADORA2B|LYN|PIK3CD|S100A13|LAT2|MILR1,-1.9
MyList,GO Biological Processes,19,GO:0023019,signal transduction involved in regulation of gene expression,19_GO:0050896 response to stimulus,-3.3,7.2,5.3,30293,22,953,5,0.52,0.23,4087|5028|5080|5156|10758,SMAD2|P2RY1|PAX6|PDGFRA|TRAF3IP2,-1.9
MyList,GO Biological Processes,19,GO:0061687,detoxification of inorganic compound,19_GO:0098754 detoxification,-3.3,7.2,5.3,30293,22,953,5,0.52,0.23,4489|4495|4501|4502|4504,MT1A|MT1G|MT1X|MT2A|MT3,-1.9
MyList,GO Biological Processes,19,GO:0002431,Fc receptor mediated stimulatory signaling pathway,19_GO:0002376 immune system process,-3.3,7.2,5.3,30293,22,953,5,0.52,0.23,4067|5580|7409|7525|196051,LYN|PRKCD|VAV1|YES1|PLPP4,-1.9
MyList,GO Biological Processes,19,GO:0097164,ammonium ion metabolic process,19_GO:0008152 metabolic process,-3.3,7.2,5.3,30293,22,953,5,0.52,0.23,501|590|3067|3176|55349,ALDH7A1|BCHE|HDC|HNMT|CHDH,-1.9
MyList,GO Biological Processes,19,GO:0006909,phagocytosis,19_GO:0051179 localization,-3.3,2.8,4.1,30293,159,953,14,1.5,0.39,199|613|3689|3949|4067|5580|7099|7409|7525|9938|23184|51454|56990|196051,AIF1|BCR|ITGB2|LDLR|LYN|PRKCD|TLR4|VAV1|YES1|ARHGAP25|MESD|GULP1|CDC42SE2|PLPP4,-1.8
MyList,GO Biological Processes,19,GO:0016241,regulation of macroautophagy,19_GO:0008152 metabolic process,-3.3,2.8,4.1,30293,159,953,14,1.5,0.39,154|3162|5768|7248|7345|8992|10715|26353|26471|27131|51100|51375|79443|112574,ADRB2|HMOX1|QSOX1|TSC1|UCHL1|ATP6V0E1|CERS1|HSPB8|NUPR1|SNX5|SH3GLB1|SNX7|FYCO1|SNX18,-1.8
MyList,GO Biological Processes,19,GO:0006936,muscle contraction,19_GO:0032501 multicellular organismal process,-3.3,2.4,4,30293,236,953,18,1.9,0.44,154|493|952|1910|2697|3363|3741|3768|3784|4637|5021|6335|6444|7852|8082|8912|23336|55959,ADRB2|ATP2B4|CD38|EDNRB|GJA1|HTR7|KCNA5|KCNJ12|KCNQ1|MYL6|OXTR|SCN9A|SGCD|CXCR4|SSPN|CACNA1H|SYNM|SULF2,-1.8
MyList,GO Biological Processes,19,GO:0090276,regulation of peptide hormone secretion,19_GO:0051179 localization,-3.3,2.6,4,30293,197,953,16,1.7,0.42,240|952|2550|2746|3741|5950|6422|6720|6810|8111|8447|8938|9501|51092|55636|94121,ALOX5|CD38|GABBR1|GLUD1|KCNA5|RBP4|SFRP1|SREBF1|STX4|GPR68|DOC2B|BAIAP3|RPH3AL|SIDT2|CHD7|SYTL4,-1.8
MyList,GO Biological Processes,19,GO:0097305,response to alcohol,19_GO:0050896 response to stimulus,-3.3,2.4,3.9,30293,257,953,19,2,0.45,2|113|1536|2059|2550|2742|4087|4129|4988|5080|5727|5788|6422|6480|6720|8644|8792|23209|57630,A2M|ADCY7|CYBB|EPS8|GABBR1|GLRA2|SMAD2|MAOB|OPRM1|PAX6|PTCH1|PTPRC|SFRP1|ST6GAL1|SREBF1|AKR1C3|TNFRSF11A|MLC1|SH3RF1,-1.8
MyList,GO Biological Processes,19,GO:1905144,response to acetylcholine,19_GO:0050896 response to stimulus,-3.3,4.8,4.7,30293,46,953,7,0.73,0.28,493|1137|2771|4062|4988|6001|116372,ATP2B4|CHRNA4|GNAI2|LY6H|OPRM1|RGS10|LYPD1,-1.8
MyList,GO Biological Processes,19,GO:0006596,polyamine biosynthetic process,19_GO:0008152 metabolic process,-3.3,9.8,5.7,30293,13,953,4,0.42,0.21,4947|6723|51582|51686,OAZ2|SRM|AZIN1|OAZ3,-1.8
MyList,GO Biological Processes,19,GO:1900272,negative regulation of long-term synaptic potentiation,19_GO:0048519 negative regulation of biological process,-3.3,9.8,5.7,30293,13,953,4,0.42,0.21,348|1524|5764|11170,APOE|CX3CR1|PTN|FAM107A,-1.8
MyList,GO Biological Processes,19,GO:0042448,progesterone metabolic process,19_GO:0008152 metabolic process,-3.3,9.8,5.7,30293,13,953,4,0.42,0.21,1109|1645|8644|10170,AKR1C4|AKR1C1|AKR1C3|DHRS9,-1.8
MyList,GO Biological Processes,19,GO:0021781,glial cell fate commitment,19_GO:0032502 developmental process,-3.3,9.8,5.7,30293,13,953,4,0.42,0.21,5080|6657|6662|388585,PAX6|SOX2|SOX9|HES5,-1.8
MyList,GO Biological Processes,19,GO:0010811,positive regulation of cell-substrate adhesion,19_GO:0048518 positive regulation of biological process,-3.3,3.1,4.2,30293,124,953,12,1.3,0.36,1307|3987|6239|6251|6422|7248|8631|8829|10979|30008|54361|55612,COL16A1|LIMS1|RREB1|RSU1|SFRP1|TSC1|SKAP1|NRP1|FERMT2|EFEMP2|WNT4|FERMT1,-1.8
MyList,GO Biological Processes,19,GO:0043030,regulation of macrophage activation,19_GO:0002376 immune system process,-3.3,4.2,4.5,30293,60,953,8,0.84,0.3,1050|3949|5788|7099|7474|84868|90865|221395,CEBPA|LDLR|PTPRC|TLR4|WNT5A|HAVCR2|IL33|ADGRF5,-1.8
MyList,GO Biological Processes,19,GO:0002366,leukocyte activation involved in immune response,19_GO:0002376 immune system process,-3.2,2.6,4,30293,198,953,16,1.7,0.42,136|613|1524|2214|3936|4067|5293|6284|6814|7099|7248|7462|54518|84868|90865|284021,ADORA2B|BCR|CX3CR1|FCGR3A|LCP1|LYN|PIK3CD|S100A13|STXBP3|TLR4|TSC1|LAT2|APBB1IP|HAVCR2|IL33|MILR1,-1.8
MyList,GO Biological Processes,19,GO:0007589,body fluid secretion,19_GO:0051179 localization,-3.2,3.8,4.4,30293,75,953,9,0.94,0.31,358|780|2697|5021|6776|7372|8673|8862|10758,AQP1|DDR1|GJA1|OXTR|STAT5A|UMPS|VAMP8|APLN|TRAF3IP2,-1.8
MyList,GO Biological Processes,19,GO:1902893,regulation of miRNA transcription,19_GO:0008152 metabolic process,-3.2,3.8,4.4,30293,75,953,9,0.94,0.31,2247|3725|4613|5080|6662|6720|7003|8862|11006,FGF2|JUN|MYCN|PAX6|SOX9|SREBF1|TEAD1|APLN|LILRB4,-1.8
MyList,GO Biological Processes,19,GO:0097402,neuroblast migration,19_GO:0009987 cellular process,-3.2,16,6.6,30293,6,953,3,0.31,0.18,1910|2697|84750,EDNRB|GJA1|FUT10,-1.8
MyList,GO Biological Processes,19,GO:0019695,choline metabolic process,19_GO:0008152 metabolic process,-3.2,16,6.6,30293,6,953,3,0.31,0.18,501|590|55349,ALDH7A1|BCHE|CHDH,-1.8
MyList,GO Biological Processes,19,GO:2001188,regulation of T cell activation via T cell receptor contact with antigen bound to MHC molecule on antigen presenting cell,19_GO:0002376 immune system process,-3.2,16,6.6,30293,6,953,3,0.31,0.18,975|3109|84868,CD81|HLA-DMB|HAVCR2,-1.8
MyList,GO Biological Processes,19,GO:0036514,dopaminergic neuron axon guidance,19_GO:0032502 developmental process,-3.2,16,6.6,30293,6,953,3,0.31,0.18,7474|7477|57216,WNT5A|WNT7B|VANGL2,-1.8
MyList,GO Biological Processes,19,GO:0072033,renal vesicle formation,19_GO:0032502 developmental process,-3.2,16,6.6,30293,6,953,3,0.31,0.18,6299|54361|55083,SALL1|WNT4|KIF26B,-1.8
MyList,GO Biological Processes,19,GO:1903691,"positive regulation of wound healing, spreading of epidermal cells",19_GO:0040011 locomotion,-3.2,16,6.6,30293,6,953,3,0.31,0.18,6239|10979|55612,RREB1|FERMT2|FERMT1,-1.8
MyList,GO Biological Processes,19,GO:0060405,regulation of penile erection,19_GO:0022414 reproductive process,-3.2,16,6.6,30293,6,953,3,0.31,0.18,1910|5021|5028,EDNRB|OXTR|P2RY1,-1.8
MyList,GO Biological Processes,19,GO:0016050,vesicle organization,19_GO:0009987 cellular process,-3.2,2.1,3.8,30293,342,953,23,2.4,0.5,348|358|1174|1176|2054|4935|5872|6810|8673|8934|8938|10972|23673|29082|29091|29887|51693|57403|63971|79090|81624|84062|282991,APOE|AQP1|AP1S1|AP3S1|STX2|GPR143|RAB13|STX4|VAMP8|RAB29|BAIAP3|TMED10|STX12|CHMP4A|STXBP6|SNX10|TRAPPC2L|RAB22A|KIF13A|TRAPPC6A|DIAPH3|DTNBP1|BLOC1S2,-1.8
MyList,GO Biological Processes,19,GO:0010720,positive regulation of cell development,19_GO:0032502 developmental process,-3.2,2,3.7,30293,452,953,28,2.9,0.55,677|865|1462|1524|2124|2247|2670|4067|4860|4988|5080|5361|5764|5788|5803|6091|6664|7101|7852|8111|8792|8829|9308|11006|63827|90865|146433|399665,ZFP36L1|CBFB|VCAN|CX3CR1|EVI2B|FGF2|GFAP|LYN|PNP|OPRM1|PAX6|PLXNA1|PTN|PTPRC|PTPRZ1|ROBO1|SOX11|NR2E1|CXCR4|GPR68|TNFRSF11A|NRP1|CD83|LILRB4|BCAN|IL33|IL34|EEIG1,-1.8
MyList,GO Biological Processes,19,GO:0021761,limbic system development,19_GO:0032502 developmental process,-3.2,3.1,4.1,30293,125,953,12,1.3,0.36,190|238|493|5361|6658|7101|7248|7314|7545|8829|63827|66000,NR0B1|ALK|ATP2B4|PLXNA1|SOX3|NR2E1|TSC1|UBB|ZIC1|NRP1|BCAN|TMEM108,-1.8
MyList,GO Biological Processes,19,GO:0021782,glial cell development,19_GO:0032502 developmental process,-3.2,3.1,4.1,30293,125,953,12,1.3,0.36,712|1191|1272|2670|2824|3691|4067|6664|7099|10100|26227|388585,C1QA|CLU|CNTN1|GFAP|GPM6B|ITGB4|LYN|SOX11|TLR4|TSPAN2|PHGDH|HES5,-1.8
MyList,GO Biological Processes,19,GO:0090162,establishment of epithelial cell polarity,19_GO:0009987 cellular process,-3.2,5.6,4.8,30293,34,953,6,0.63,0.26,2195|4983|7474|55612|284217|388585,FAT1|OPHN1|WNT5A|FERMT1|LAMA1|HES5,-1.8
MyList,GO Biological Processes,19,GO:0099173,postsynapse organization,19_GO:0009987 cellular process,-3.2,3.2,4.2,30293,108,953,11,1.2,0.35,71|348|1501|4983|7430|7474|8829|10160|11079|28988|66000,ACTG1|APOE|CTNND2|OPHN1|EZR|WNT5A|NRP1|FARP1|RER1|DBNL|TMEM108,-1.8
MyList,GO Biological Processes,19,GO:0003279,cardiac septum development,19_GO:0032502 developmental process,-3.2,3.2,4.2,30293,108,953,11,1.2,0.35,187|655|2535|6091|6299|6664|7474|8321|8829|26508|55636,APLNR|BMP7|FZD2|ROBO1|SALL1|SOX11|WNT5A|FZD1|NRP1|HEYL|CHD7,-1.8
MyList,GO Biological Processes,19,GO:0050679,positive regulation of epithelial cell proliferation,19_GO:0048518 positive regulation of biological process,-3.2,2.5,3.9,30293,219,953,17,1.8,0.43,187|2247|3162|4893|5293|5764|6239|6422|6662|6664|6776|7474|8829|8862|10413|56005|57599,APLNR|FGF2|HMOX1|NRAS|PIK3CD|PTN|RREB1|SFRP1|SOX9|SOX11|STAT5A|WNT5A|NRP1|APLN|YAP1|MYDGF|WDR48,-1.8
MyList,GO Biological Processes,19,GO:0090407,organophosphate biosynthetic process,19_GO:0008152 metabolic process,-3.2,1.9,3.7,30293,545,953,32,3.4,0.58,113|205|2171|2639|3157|3422|3992|4199|4598|4718|4860|5293|5636|5836|6576|7372|8897|9200|11145|22845|23205|51084|54947|55191|57153|57171|80339|84532|129642|221395|253558|349565,ADCY7|AK4|FABP5|GCDH|HMGCS1|IDI1|FADS1|ME1|MVK|NDUFC2|PNP|PIK3CD|PRPSAP2|PYGL|SLC25A1|UMPS|MTMR3|HACD1|PLAAT3|DOLK|ACSBG1|CRYL1|LPCAT2|NADSYN1|SLC44A2|DOLPP1|PNPLA3|ACSS1|MBOAT2|ADGRF5|LCLAT1|NMNAT3,-1.8
MyList,GO Biological Processes,19,GO:0045428,regulation of nitric oxide biosynthetic process,19_GO:0008152 metabolic process,-3.2,4.2,4.5,30293,61,953,8,0.84,0.3,445|493|1191|1524|7099|9104|23564|23576,ASS1|ATP2B4|CLU|CX3CR1|TLR4|RGN|DDAH2|DDAH1,-1.8
MyList,GO Biological Processes,19,GO:0032956,regulation of actin cytoskeleton organization,19_GO:0050789 regulation of biological process,-3.2,2.1,3.8,30293,344,953,23,2.4,0.5,71|1901|1955|2059|2824|4868|5154|5156|5580|5987|6422|7114|7248|8829|9168|9535|10979|11170|23189|23580|27236|54361|85477,ACTG1|S1PR1|MEGF9|EPS8|GPM6B|NPHS1|PDGFA|PDGFRA|PRKCD|TRIM27|SFRP1|TMSB4X|TSC1|NRP1|TMSB10|GMFG|FERMT2|FAM107A|KANK1|CDC42EP4|ARFIP1|WNT4|SCIN,-1.8
MyList,GO Biological Processes,19,GO:0002791,regulation of peptide secretion,19_GO:0051179 localization,-3.2,2.5,3.9,30293,200,953,16,1.7,0.42,240|952|2550|2746|3741|5950|6422|6720|6810|8111|8447|8938|9501|51092|55636|94121,ALOX5|CD38|GABBR1|GLUD1|KCNA5|RBP4|SFRP1|SREBF1|STX4|GPR68|DOC2B|BAIAP3|RPH3AL|SIDT2|CHD7|SYTL4,-1.8
MyList,GO Biological Processes,19,GO:0042129,regulation of T cell proliferation,19_GO:0002376 immune system process,-3.2,2.6,4,30293,181,953,15,1.6,0.4,199|923|975|3109|4004|4860|5588|5788|6441|6655|11006|57630|64926|84868|654346,AIF1|CD6|CD81|HLA-DMB|LMO1|PNP|PRKCQ|PTPRC|SFTPD|SOS2|LILRB4|SH3RF1|RASAL3|HAVCR2|LGALS9C,-1.8
MyList,GO Biological Processes,19,GO:0030859,polarized epithelial cell differentiation,19_GO:0032502 developmental process,-3.2,6.9,5.1,30293,23,953,5,0.52,0.23,2195|4983|7474|10413|284217,FAT1|OPHN1|WNT5A|YAP1|LAMA1,-1.8
MyList,GO Biological Processes,19,GO:0046887,positive regulation of hormone secretion,19_GO:0051179 localization,-3.2,2.9,4.1,30293,144,953,13,1.4,0.38,952|2550|2746|5028|5950|6664|6810|8111|8447|8673|8938|9501|51083,CD38|GABBR1|GLUD1|P2RY1|RBP4|SOX11|STX4|GPR68|DOC2B|VAMP8|BAIAP3|RPH3AL|GAL,-1.8
MyList,GO Biological Processes,19,GO:0032760,positive regulation of tumor necrosis factor production,19_GO:0048518 positive regulation of biological process,-3.2,3.2,4.2,30293,109,953,11,1.2,0.35,1191|1536|2214|5788|7098|7099|7474|10417|26137|84868|90865,CLU|CYBB|FCGR3A|PTPRC|TLR3|TLR4|WNT5A|SPON2|ZBTB20|HAVCR2|IL33,-1.8
MyList,GO Biological Processes,19,GO:1990748,cellular detoxification,19_GO:0098754 detoxification,-3.2,3.2,4.2,30293,109,953,11,1.2,0.35,348|2950|4257|4504|5052|6415|10549|55937|64359|84293|114112,APOE|GSTP1|MGST1|MT3|PRDX1|SELENOW|PRDX4|APOM|NXN|PRXL2A|TXNRD3,-1.8
MyList,GO Biological Processes,19,GO:0050728,negative regulation of inflammatory response,19_GO:0048519 negative regulation of biological process,-3.2,2.5,3.9,30293,201,953,16,1.7,0.42,240|348|613|2840|2950|3949|4067|4598|5580|5788|7114|7130|7525|58189|79651|90865,ALOX5|APOE|BCR|GPR17|GSTP1|LDLR|LYN|MVK|PRKCD|PTPRC|TMSB4X|TNFAIP6|YES1|WFDC1|RHBDF2|IL33,-1.8
MyList,GO Biological Processes,19,GO:0006898,receptor-mediated endocytosis,19_GO:0051179 localization,-3.2,2.7,4,30293,163,953,14,1.5,0.39,154|348|408|975|1174|3689|3949|6441|7430|7436|11006|11031|66000|85439,ADRB2|APOE|ARRB1|CD81|AP1S1|ITGB2|LDLR|SFTPD|EZR|VLDLR|LILRB4|RAB31|TMEM108|STON2,-1.8
MyList,GO Biological Processes,19,GO:0000226,microtubule cytoskeleton organization,19_GO:0009987 cellular process,-3.2,1.9,3.6,30293,548,953,32,3.4,0.58,1069|1070|1155|1642|1767|2697|3796|4134|5080|6993|7280|7430|10381|10382|11188|22919|22981|51115|51673|55968|79839|80323|81551|81624|83987|84617|117583|152185|161582|221421|260334|347733,CETN2|CETN3|TBCB|DDB1|DNAH5|GJA1|KIF2A|MAP4|PAX6|DYNLT1|TUBB2A|EZR|TUBB3|TUBB4A|NISCH|MAPRE1|NINL|RMDN1|TPPP3|NSFL1C|CCDC102B|CCDC68|STMN4|DIAPH3|CCDC8|TUBB6|PARD3B|SPICE1|DNAAF4|RSPH9|TUBB8B|TUBB2B,-1.8
MyList,GO Biological Processes,19,GO:0031330,negative regulation of cellular catabolic process,19_GO:0048519 negative regulation of biological process,-3.2,2.4,3.9,30293,221,953,17,1.8,0.43,493|3162|4504|5768|5987|7077|7248|9104|10758|11180|26471|51538|54541|64121|81892|92196|151176,ATP2B4|HMOX1|MT3|QSOX1|TRIM27|TIMP2|TSC1|RGN|TRAF3IP2|WDR6|NUPR1|ZCCHC17|DDIT4|RRAGC|SLIRP|DAPL1|ERFE,-1.8
MyList,GO Biological Processes,19,GO:0071219,cellular response to molecule of bacterial origin,19_GO:0044419 biological process involved in interspecies interaction between organisms,-3.2,2.4,3.9,30293,221,953,17,1.8,0.43,445|613|834|923|968|1524|1910|2635|2950|4067|7099|7474|9516|9646|10417|57088|84868,ASS1|BCR|CASP1|CD6|CD68|CX3CR1|EDNRB|GBP3|GSTP1|LYN|TLR4|WNT5A|LITAF|CTR9|SPON2|PLSCR4|HAVCR2,-1.8
MyList,GO Biological Processes,19,GO:0043583,ear development,19_GO:0032502 developmental process,-3.2,2.4,3.9,30293,221,953,17,1.8,0.43,613|780|1050|2247|2535|3638|3784|4646|5396|6657|6662|7474|7545|55636|65217|81624|388585,BCR|DDR1|CEBPA|FGF2|FZD2|INSIG1|KCNQ1|MYO6|PRRX1|SOX2|SOX9|WNT5A|ZIC1|CHD7|PCDH15|DIAPH3|HES5,-1.8
MyList,GO Biological Processes,19,GO:0010977,negative regulation of neuron projection development,19_GO:0032502 developmental process,-3.2,2.8,4,30293,145,953,13,1.4,0.38,348|393|952|1809|1948|2670|4504|7474|8829|8934|23189|23251|84062,APOE|ARHGAP4|CD38|DPYSL3|EFNB2|GFAP|MT3|WNT5A|NRP1|RAB29|KANK1|MINAR1|DTNBP1,-1.8
MyList,GO Biological Processes,19,GO:1901137,carbohydrate derivative biosynthetic process,19_GO:0008152 metabolic process,-3.2,1.8,3.6,30293,596,953,34,3.6,0.6,113|205|1603|2639|4166|4351|4718|4860|5636|5836|6480|6576|7372|8704|9200|9469|9761|22845|23205|29071|29880|51084|57171|64131|83539|83857|84002|84061|84532|84750|92126|113189|727936|100128731,ADCY7|AK4|DAD1|GCDH|CHST6|MPI|NDUFC2|PNP|PRPSAP2|PYGL|ST6GAL1|SLC25A1|UMPS|B4GALT2|HACD1|CHST3|MLEC|DOLK|ACSBG1|C1GALT1C1|ALG5|CRYL1|DOLPP1|XYLT1|CHST9|TMTC1|B3GNT5|MAGT1|ACSS1|FUT10|DSEL|CHST14|GXYLT2|OST4,-1.8
MyList,GO Biological Processes,19,GO:0090087,regulation of peptide transport,19_GO:0051179 localization,-3.2,2.5,3.9,30293,202,953,16,1.7,0.42,240|952|2550|2746|3741|5950|6422|6720|6810|8111|8447|8938|9501|51092|55636|94121,ALOX5|CD38|GABBR1|GLUD1|KCNA5|RBP4|SFRP1|SREBF1|STX4|GPR68|DOC2B|BAIAP3|RPH3AL|SIDT2|CHD7|SYTL4,-1.8
MyList,GO Biological Processes,19,GO:0002263,cell activation involved in immune response,19_GO:0002376 immune system process,-3.2,2.5,3.9,30293,202,953,16,1.7,0.42,136|613|1524|2214|3936|4067|5293|6284|6814|7099|7248|7462|54518|84868|90865|284021,ADORA2B|BCR|CX3CR1|FCGR3A|LCP1|LYN|PIK3CD|S100A13|STXBP3|TLR4|TSC1|LAT2|APBB1IP|HAVCR2|IL33|MILR1,-1.8
MyList,GO Biological Processes,19,GO:0090130,tissue migration,19_GO:0032501 multicellular organismal process,-3.2,3.2,4.1,30293,110,953,11,1.2,0.35,70|1948|2247|5872|6091|7474|8829|23189|55612|147372|340719,ACTC1|EFNB2|FGF2|RAB13|ROBO1|WNT5A|NRP1|KANK1|FERMT1|CCBE1|NANOS1,-1.8
MyList,GO Biological Processes,19,GO:0045833,negative regulation of lipid metabolic process,19_GO:0048519 negative regulation of biological process,-3.2,3.2,4.1,30293,110,953,11,1.2,0.35,33|190|238|348|3638|5154|6662|6720|8644|9023|54361,ACADL|NR0B1|ALK|APOE|INSIG1|PDGFA|SOX9|SREBF1|AKR1C3|CH25H|WNT4,-1.8
MyList,GO Biological Processes,19,GO:0071398,cellular response to fatty acid,19_GO:0050896 response to stimulus,-3.1,5.4,4.7,30293,35,953,6,0.63,0.26,445|1109|1645|3949|6720|8644,ASS1|AKR1C4|AKR1C1|LDLR|SREBF1|AKR1C3,-1.8
MyList,GO Biological Processes,19,GO:0043407,negative regulation of MAP kinase activity,19_GO:0048519 negative regulation of biological process,-3.1,4.6,4.5,30293,48,953,7,0.73,0.28,348|2950|4067|5580|6609|7345|81848,APOE|GSTP1|LYN|PRKCD|SMPD1|UCHL1|SPRY4,-1.8
MyList,GO Biological Processes,19,GO:0050954,sensory perception of mechanical stimulus,19_GO:0032501 multicellular organismal process,-3.1,2.6,3.9,30293,183,953,15,1.6,0.4,501|1032|1690|3784|4646|6335|7852|26519|26521|53405|55636|65217|81624|83862|375612,ALDH7A1|CDKN2D|COCH|KCNQ1|MYO6|SCN9A|CXCR4|TIMM10|TIMM8B|CLIC5|CHD7|PCDH15|DIAPH3|TMEM120A|LHFPL3,-1.8
MyList,GO Biological Processes,19,GO:0033673,negative regulation of kinase activity,19_GO:0048519 negative regulation of biological process,-3.1,2.6,3.9,30293,183,953,15,1.6,0.4,348|1050|2950|4067|5580|5788|5987|6609|7345|11006|25937|51637|81848|84062|161742,APOE|CEBPA|GSTP1|LYN|PRKCD|PTPRC|TRIM27|SMPD1|UCHL1|LILRB4|WWTR1|RTRAF|SPRY4|DTNBP1|SPRED1,-1.8
MyList,GO Biological Processes,19,GO:0003007,heart morphogenesis,19_GO:0032502 developmental process,-3.1,2.3,3.8,30293,263,953,19,2,0.45,70|187|655|1901|2535|2697|4087|5727|5950|6091|6662|6664|7474|8321|8829|10413|26508|55636|57216,ACTC1|APLNR|BMP7|S1PR1|FZD2|GJA1|SMAD2|PTCH1|RBP4|ROBO1|SOX9|SOX11|WNT5A|FZD1|NRP1|YAP1|HEYL|CHD7|VANGL2,-1.7
MyList,GO Biological Processes,19,GO:0033674,positive regulation of kinase activity,19_GO:0048518 positive regulation of biological process,-3.1,2.2,3.8,30293,305,953,21,2.2,0.48,154|238|493|780|2247|2261|4504|5154|5156|5245|5580|5788|6091|7098|7099|7474|8792|10979|23328|133619|146433,ADRB2|ALK|ATP2B4|DDR1|FGF2|FGFR3|MT3|PDGFA|PDGFRA|PHB1|PRKCD|PTPRC|ROBO1|TLR3|TLR4|WNT5A|TNFRSF11A|FERMT2|SASH1|PRRC1|IL34,-1.7
MyList,GO Biological Processes,19,GO:0032946,positive regulation of mononuclear cell proliferation,19_GO:0048518 positive regulation of biological process,-3.1,2.8,4,30293,146,953,13,1.4,0.38,199|923|952|975|2214|3109|4860|5588|5788|6480|7099|64926|84868,AIF1|CD6|CD38|CD81|FCGR3A|HLA-DMB|PNP|PRKCQ|PTPRC|ST6GAL1|TLR4|RASAL3|HAVCR2,-1.7
MyList,GO Biological Processes,19,GO:0032535,regulation of cellular component size,19_GO:0065007 biological regulation,-3.1,2.1,3.7,30293,370,953,24,2.5,0.51,348|358|361|393|1185|1955|2059|4504|4868|5580|7114|7248|7409|7430|7474|7477|8829|9168|23189|23580|57403|85477|118426|282991,APOE|AQP1|AQP4|ARHGAP4|CLCN6|MEGF9|EPS8|MT3|NPHS1|PRKCD|TMSB4X|TSC1|VAV1|EZR|WNT5A|WNT7B|NRP1|TMSB10|KANK1|CDC42EP4|RAB22A|SCIN|BORCS5|BLOC1S2,-1.7
MyList,GO Biological Processes,19,GO:0090175,regulation of establishment of planar polarity,19_GO:0032502 developmental process,-3.1,9.1,5.5,30293,14,953,4,0.42,0.21,2535|6422|7474|8321,FZD2|SFRP1|WNT5A|FZD1,-1.7
MyList,GO Biological Processes,19,GO:0016114,terpenoid biosynthetic process,19_GO:0008152 metabolic process,-3.1,9.1,5.5,30293,14,953,4,0.42,0.21,3157|4047|5947|10170,HMGCS1|LSS|RBP1|DHRS9,-1.7
MyList,GO Biological Processes,19,GO:2001234,negative regulation of apoptotic signaling pathway,19_GO:0048519 negative regulation of biological process,-3.1,2.3,3.8,30293,244,953,18,1.9,0.44,1032|1191|1524|2023|2139|2771|2950|3162|5831|8321|8682|8829|10413|10449|26574|54361|57630|83787,CDKN2D|CLU|CX3CR1|ENO1|EYA2|GNAI2|GSTP1|HMOX1|PYCR1|FZD1|PEA15|NRP1|YAP1|ACAA2|AATF|WNT4|SH3RF1|ARMC10,-1.7
MyList,GO Biological Processes,19,GO:0080164,regulation of nitric oxide metabolic process,19_GO:0008152 metabolic process,-3.1,4,4.3,30293,63,953,8,0.84,0.3,445|493|1191|1524|7099|9104|23564|23576,ASS1|ATP2B4|CLU|CX3CR1|TLR4|RGN|DDAH2|DDAH1,-1.7
MyList,GO Biological Processes,19,GO:1901224,positive regulation of non-canonical NF-kappaB signal transduction,19_GO:0048518 positive regulation of biological process,-3.1,4,4.3,30293,63,953,8,0.84,0.3,5245|7098|7099|7205|7805|23328|54976|84868,PHB1|TLR3|TLR4|TRIP6|LAPTM5|SASH1|ADISSP|HAVCR2,-1.7
MyList,GO Biological Processes,19,GO:0050714,positive regulation of protein secretion,19_GO:0051179 localization,-3.1,2.8,4,30293,147,953,13,1.4,0.38,952|2746|5950|6810|7099|8111|8447|8736|8938|9501|10972|79971|94121,CD38|GLUD1|RBP4|STX4|TLR4|GPR68|DOC2B|MYOM1|BAIAP3|RPH3AL|TMED10|WLS|SYTL4,-1.7
MyList,GO Biological Processes,19,GO:0018279,protein N-linked glycosylation via asparagine,19_GO:0008152 metabolic process,-3.1,6.6,5,30293,24,953,5,0.52,0.23,1603|6480|29880|84061|100128731,DAD1|ST6GAL1|ALG5|MAGT1|OST4,-1.7
MyList,GO Biological Processes,19,GO:0060907,positive regulation of macrophage cytokine production,19_GO:0002376 immune system process,-3.1,6.6,5,30293,24,953,5,0.52,0.23,7098|7099|7474|7805|10417,TLR3|TLR4|WNT5A|LAPTM5|SPON2,-1.7
MyList,GO Biological Processes,19,GO:0043302,positive regulation of leukocyte degranulation,19_GO:0002376 immune system process,-3.1,6.6,5,30293,24,953,5,0.52,0.23,136|3689|3822|6810|8673,ADORA2B|ITGB2|KLRC2|STX4|VAMP8,-1.7
MyList,GO Biological Processes,19,GO:0034381,plasma lipoprotein particle clearance,19_GO:0032501 multicellular organismal process,-3.1,6.6,5,30293,24,953,5,0.52,0.23,348|3162|3949|7436|55937,APOE|HMOX1|LDLR|VLDLR|APOM,-1.7
MyList,GO Biological Processes,19,GO:0034341,response to type II interferon,19_GO:0044419 biological process involved in interspecies interaction between organisms,-3.1,3,4,30293,129,953,12,1.3,0.36,71|199|361|445|834|2635|6810|6814|7098|7099|7474|23580,ACTG1|AIF1|AQP4|ASS1|CASP1|GBP3|STX4|STXBP3|TLR3|TLR4|WNT5A|CDC42EP4,-1.7
MyList,GO Biological Processes,19,GO:2000146,negative regulation of cell motility,19_GO:0040011 locomotion,-3.1,2,3.7,30293,394,953,25,2.6,0.52,199|348|393|493|613|1009|1524|1809|2247|2697|2768|3162|6091|6422|7130|9104|9289|11188|23189|54361|57522|60672|84312|90865|161742,AIF1|APOE|ARHGAP4|ATP2B4|BCR|CDH11|CX3CR1|DPYSL3|FGF2|GJA1|GNA12|HMOX1|ROBO1|SFRP1|TNFAIP6|RGN|ADGRG1|NISCH|KANK1|WNT4|SRGAP1|MIIP|BRMS1L|IL33|SPRED1,-1.7
MyList,GO Biological Processes,19,GO:0061138,morphogenesis of a branching epithelium,19_GO:0032502 developmental process,-3.1,2.7,3.9,30293,166,953,14,1.5,0.39,655|780|1512|2247|5361|5727|6299|6422|6662|7474|8829|10413|54361|284217,BMP7|DDR1|CTSH|FGF2|PLXNA1|PTCH1|SALL1|SFRP1|SOX9|WNT5A|NRP1|YAP1|WNT4|LAMA1,-1.7
MyList,GO Biological Processes,19,GO:0050900,leukocyte migration,19_GO:0002376 immune system process,-3.1,2.3,3.8,30293,245,953,18,1.9,0.44,240|613|1524|1901|1910|2059|3689|4067|4267|5293|5764|6404|6441|7409|7525|7852|8792|9023,ALOX5|BCR|CX3CR1|S1PR1|EDNRB|EPS8|ITGB2|LYN|CD99|PIK3CD|PTN|SELPLG|SFTPD|VAV1|YES1|CXCR4|TNFRSF11A|CH25H,-1.7
MyList,GO Biological Processes,19,GO:1903131,mononuclear cell differentiation,19_GO:0032502 developmental process,-3.1,2.1,3.7,30293,329,953,22,2.3,0.49,677|678|865|1316|3175|3821|4067|4495|4772|5293|5788|7248|7409|8111|8544|9308|9734|10758|54361|55509|55636|112616,ZFP36L1|ZFP36L2|CBFB|KLF6|ONECUT1|KLRC1|LYN|MT1G|NFATC1|PIK3CD|PTPRC|TSC1|VAV1|GPR68|PIR|CD83|HDAC9|TRAF3IP2|WNT4|BATF3|CHD7|CMTM7,-1.7
MyList,GO Biological Processes,19,GO:0014013,regulation of gliogenesis,19_GO:0032502 developmental process,-3.1,3.1,4.1,30293,112,953,11,1.2,0.35,2670|3949|4067|5764|5803|6664|7101|7852|90865|146433|388585,GFAP|LDLR|LYN|PTN|PTPRZ1|SOX11|NR2E1|CXCR4|IL33|IL34|HES5,-1.7
MyList,GO Biological Processes,19,GO:0022411,cellular component disassembly,19_GO:0009987 cellular process,-3.1,2.1,3.7,30293,351,953,23,2.4,0.5,712|713|714|718|1524|3796|3936|4134|5650|8444|8673|10973|11145|27341|29082|51375|54463|54541|57326|81551|81624|132671|285590,C1QA|C1QB|C1QC|C3|CX3CR1|KIF2A|LCP1|MAP4|KLK7|DYRK3|VAMP8|ASCC3|PLAAT3|RRP7A|CHMP4A|SNX7|RETREG1|DDIT4|PBXIP1|STMN4|DIAPH3|SPATA18|SH3PXD2B,-1.7
MyList,GO Biological Processes,19,GO:0006882,intracellular zinc ion homeostasis,19_GO:0042592 homeostatic process,-3.1,5.3,4.7,30293,36,953,6,0.63,0.26,4489|4495|4501|4502|4504|25800,MT1A|MT1G|MT1X|MT2A|MT3|SLC39A6,-1.7
MyList,GO Biological Processes,19,GO:0031349,positive regulation of defense response,19_GO:0048518 positive regulation of biological process,-3.1,2,3.6,30293,418,953,26,2.7,0.53,136|718|834|975|1050|3821|3822|3823|3949|4067|5245|5650|7098|7099|7409|7474|8673|8792|9865|23705|26471|55577|57590|84282|84868|90865,ADORA2B|C3|CASP1|CD81|CEBPA|KLRC1|KLRC2|KLRC3|LDLR|LYN|PHB1|KLK7|TLR3|TLR4|VAV1|WNT5A|VAMP8|TNFRSF11A|TRIL|CADM1|NUPR1|NAGK|WDFY1|RNF135|HAVCR2|IL33,-1.7
MyList,GO Biological Processes,19,GO:0072175,epithelial tube formation,19_GO:0032502 developmental process,-3.1,2.9,4,30293,130,953,12,1.3,0.36,655|2535|5727|6422|6662|7248|7474|8321|54361|57216|221074|388585,BMP7|FZD2|PTCH1|SFRP1|SOX9|TSC1|WNT5A|FZD1|WNT4|VANGL2|SLC39A12|HES5,-1.7
MyList,GO Biological Processes,19,GO:0050796,regulation of insulin secretion,19_GO:0051179 localization,-3.1,2.7,3.9,30293,167,953,14,1.5,0.39,240|952|2746|3741|5950|6422|6720|6810|8111|8447|8938|9501|51092|94121,ALOX5|CD38|GLUD1|KCNA5|RBP4|SFRP1|SREBF1|STX4|GPR68|DOC2B|BAIAP3|RPH3AL|SIDT2|SYTL4,-1.7
MyList,GO Biological Processes,19,GO:1990778,protein localization to cell periphery,19_GO:0051179 localization,-3.1,2.3,3.8,30293,246,953,18,1.9,0.44,288|975|2533|5028|5727|5872|7430|8631|8934|9914|11031|23043|63971|79651|115827|116372|196383|340348,ANK3|CD81|FYB1|P2RY1|PTCH1|RAB13|EZR|SKAP1|RAB29|ATP2C2|RAB31|TNIK|KIF13A|RHBDF2|RAB3C|LYPD1|RILPL2|TSPAN33,-1.7
MyList,GO Biological Processes,19,GO:0050769,positive regulation of neurogenesis,19_GO:0032502 developmental process,-3.1,2.3,3.8,30293,246,953,18,1.9,0.44,1462|1524|2247|2670|4067|4988|5080|5361|5764|5803|6091|6664|7101|7852|8829|63827|90865|146433,VCAN|CX3CR1|FGF2|GFAP|LYN|OPRM1|PAX6|PLXNA1|PTN|PTPRZ1|ROBO1|SOX11|NR2E1|CXCR4|NRP1|BCAN|IL33|IL34,-1.7
MyList,GO Biological Processes,19,GO:0002067,glandular epithelial cell differentiation,19_GO:0032502 developmental process,-3.1,4,4.3,30293,64,953,8,0.84,0.3,2247|3175|5080|6662|7474|10413|51092|54361,FGF2|ONECUT1|PAX6|SOX9|WNT5A|YAP1|SIDT2|WNT4,-1.7
MyList,GO Biological Processes,19,GO:0016042,lipid catabolic process,19_GO:0008152 metabolic process,-3.1,2.2,3.7,30293,288,953,20,2.1,0.46,30|33|1891|2109|2110|2639|3028|3712|5330|5920|6609|8309|8630|8644|10449|10455|11145|55862|56898|80339,ACAA1|ACADL|ECH1|ETFB|ETFDH|GCDH|HSD17B10|IVD|PLCB2|PLAAT4|SMPD1|ACOX2|HSD17B6|AKR1C3|ACAA2|ECI2|PLAAT3|ECHDC1|BDH2|PNPLA3,-1.7
MyList,GO Biological Processes,19,GO:0046634,regulation of alpha-beta T cell activation,19_GO:0002376 immune system process,-3.1,3.1,4,30293,113,953,11,1.2,0.35,865|975|4860|5588|5788|9308|11006|57630|64926|92196|654346,CBFB|CD81|PNP|PRKCQ|PTPRC|CD83|LILRB4|SH3RF1|RASAL3|DAPL1|LGALS9C,-1.7
MyList,GO Biological Processes,19,GO:1903557,positive regulation of tumor necrosis factor superfamily cytokine production,19_GO:0048518 positive regulation of biological process,-3.1,3.1,4,30293,113,953,11,1.2,0.35,1191|1536|2214|5788|7098|7099|7474|10417|26137|84868|90865,CLU|CYBB|FCGR3A|PTPRC|TLR3|TLR4|WNT5A|SPON2|ZBTB20|HAVCR2|IL33,-1.7
MyList,GO Biological Processes,19,GO:0007200,phospholipase C-activating G protein-coupled receptor signaling pathway,19_GO:0050896 response to stimulus,-3.1,3.3,4.1,30293,96,953,10,1,0.33,147|1524|1901|1910|4935|4988|5028|5330|23620|23683,ADRA1B|CX3CR1|S1PR1|EDNRB|GPR143|OPRM1|P2RY1|PLCB2|NTSR2|PRKD3,-1.7
MyList,GO Biological Processes,19,GO:0032869,cellular response to insulin stimulus,19_GO:0050896 response to stimulus,-3.1,2.8,3.9,30293,149,953,13,1.4,0.38,677|1176|2887|3638|5080|5786|5872|6464|6655|6720|9734|11031|80339,ZFP36L1|AP3S1|GRB10|INSIG1|PAX6|PTPRA|RAB13|SHC1|SOS2|SREBF1|HDAC9|RAB31|PNPLA3,-1.7
MyList,GO Biological Processes,19,GO:0023061,signal release,19_GO:0051179 localization,-3,2.5,3.8,30293,187,953,15,1.6,0.4,358|1910|2054|3784|4067|4087|5125|6720|6814|8111|8447|9501|51083|79971|94121,AQP1|EDNRB|STX2|KCNQ1|LYN|SMAD2|PCSK5|SREBF1|STXBP3|GPR68|DOC2B|RPH3AL|GAL|WLS|SYTL4,-1.7
MyList,GO Biological Processes,19,GO:0046890,regulation of lipid biosynthetic process,19_GO:0008152 metabolic process,-3,2.5,3.8,30293,187,953,15,1.6,0.4,33|190|348|718|2171|3638|3949|5154|5580|6720|8644|9104|26137|54361|221395,ACADL|NR0B1|APOE|C3|FABP5|INSIG1|LDLR|PDGFA|PRKCD|SREBF1|AKR1C3|RGN|ZBTB20|WNT4|ADGRF5,-1.7
MyList,GO Biological Processes,19,GO:0071216,cellular response to biotic stimulus,19_GO:0050896 response to stimulus,-3,2.3,3.7,30293,247,953,18,1.9,0.44,445|613|834|923|968|1524|1910|2635|2950|4067|7099|7474|9516|9646|10417|10628|57088|84868,ASS1|BCR|CASP1|CD6|CD68|CX3CR1|EDNRB|GBP3|GSTP1|LYN|TLR4|WNT5A|LITAF|CTR9|SPON2|TXNIP|PLSCR4|HAVCR2,-1.7
MyList,GO Biological Processes,19,GO:0031348,negative regulation of defense response,19_GO:0048519 negative regulation of biological process,-3,2.2,3.7,30293,289,953,20,2.1,0.46,2|240|348|613|2840|2950|3821|3949|4067|4598|5580|5788|7114|7130|7525|54625|58189|79651|84868|90865,A2M|ALOX5|APOE|BCR|GPR17|GSTP1|KLRC1|LDLR|LYN|MVK|PRKCD|PTPRC|TMSB4X|TNFAIP6|YES1|PARP14|WFDC1|RHBDF2|HAVCR2|IL33,-1.7
MyList,GO Biological Processes,19,GO:0000165,MAPK cascade,19_GO:0050896 response to stimulus,-3,2.5,3.8,30293,207,953,16,1.7,0.42,677|678|1512|2247|2261|2887|4868|4893|5021|5788|6662|7098|7099|7474|8682|23043,ZFP36L1|ZFP36L2|CTSH|FGF2|FGFR3|GRB10|NPHS1|NRAS|OXTR|PTPRC|SOX9|TLR3|TLR4|WNT5A|PEA15|TNIK,-1.7
MyList,GO Biological Processes,19,GO:0150076,neuroinflammatory response,19_GO:0050896 response to stimulus,-3,4.5,4.4,30293,50,953,7,0.73,0.28,199|712|1191|1524|3689|7098|90865,AIF1|C1QA|CLU|CX3CR1|ITGB2|TLR3|IL33,-1.7
MyList,GO Biological Processes,19,GO:0043114,regulation of vascular permeability,19_GO:0032501 multicellular organismal process,-3,4.5,4.4,30293,50,953,7,0.73,0.28,348|613|7525|9414|10979|23576|143282,APOE|BCR|YES1|TJP2|FERMT2|DDAH1|FGFBP3,-1.7
MyList,GO Biological Processes,19,GO:0002700,regulation of production of molecular mediator of immune response,19_GO:0002376 immune system process,-3,2.5,3.8,30293,188,953,15,1.6,0.4,975|5245|5650|5788|5950|6810|7098|7099|7474|7805|9516|9865|10417|11006|90865,CD81|PHB1|KLK7|PTPRC|RBP4|STX4|TLR3|TLR4|WNT5A|LAPTM5|LITAF|TRIL|SPON2|LILRB4|IL33,-1.7
MyList,GO Biological Processes,19,GO:0007565,female pregnancy,19_GO:0022414 reproductive process,-3,2.6,3.8,30293,169,953,14,1.5,0.39,113|780|952|1307|3691|5021|5125|5764|7372|8909|51673|53405|54361|84868,ADCY7|DDR1|CD38|COL16A1|ITGB4|OXTR|PCSK5|PTN|UMPS|ENDOU|TPPP3|CLIC5|WNT4|HAVCR2,-1.7
MyList,GO Biological Processes,19,GO:0016601,Rac protein signal transduction,19_GO:0050896 response to stimulus,-3,6.4,4.8,30293,25,953,5,0.52,0.23,199|2059|10160|11188|28988,AIF1|EPS8|FARP1|NISCH|DBNL,-1.7
MyList,GO Biological Processes,19,GO:0009308,amine metabolic process,19_GO:0008152 metabolic process,-3,3.3,4,30293,97,953,10,1,0.33,501|2639|3067|3176|4129|4947|6723|51582|51686|55349,ALDH7A1|GCDH|HDC|HNMT|MAOB|OAZ2|SRM|AZIN1|OAZ3|CHDH,-1.7
MyList,GO Biological Processes,19,GO:0002052,positive regulation of neuroblast proliferation,19_GO:0032502 developmental process,-3,5.2,4.6,30293,37,953,6,0.63,0.26,1462|1524|2247|5080|7101|63827,VCAN|CX3CR1|FGF2|PAX6|NR2E1|BCAN,-1.7
MyList,GO Biological Processes,19,GO:0060071,"Wnt signaling pathway, planar cell polarity pathway",19_GO:0050896 response to stimulus,-3,5.2,4.6,30293,37,953,6,0.63,0.26,2535|6422|7474|7477|8321|57216,FZD2|SFRP1|WNT5A|WNT7B|FZD1|VANGL2,-1.7
MyList,GO Biological Processes,19,GO:0010935,regulation of macrophage cytokine production,19_GO:0002376 immune system process,-3,5.2,4.6,30293,37,953,6,0.63,0.26,7098|7099|7474|7805|9516|10417,TLR3|TLR4|WNT5A|LAPTM5|LITAF|SPON2,-1.7
MyList,GO Biological Processes,19,GO:0006880,intracellular sequestering of iron ion,19_GO:0042592 homeostatic process,-3,14,6,30293,7,953,3,0.31,0.18,2495|2512|56898,FTH1|FTL|BDH2,-1.6
MyList,GO Biological Processes,19,GO:0016198,axon choice point recognition,19_GO:0032502 developmental process,-3,14,6,30293,7,953,3,0.31,0.18,2596|6091|64221,GAP43|ROBO1|ROBO3,-1.6
MyList,GO Biological Processes,19,GO:0021553,olfactory nerve development,19_GO:0032502 developmental process,-3,14,6,30293,7,953,3,0.31,0.18,5361|6299|55636,PLXNA1|SALL1|CHD7,-1.6
MyList,GO Biological Processes,19,GO:0034384,high-density lipoprotein particle clearance,19_GO:0032501 multicellular organismal process,-3,14,6,30293,7,953,3,0.31,0.18,348|3949|55937,APOE|LDLR|APOM,-1.6
MyList,GO Biological Processes,19,GO:0060710,chorio-allantoic fusion,19_GO:0032502 developmental process,-3,14,6,30293,7,953,3,0.31,0.18,655|677|7477,BMP7|ZFP36L1|WNT7B,-1.6
MyList,GO Biological Processes,19,GO:0032680,regulation of tumor necrosis factor production,19_GO:0032501 multicellular organismal process,-3,2.5,3.8,30293,189,953,15,1.6,0.4,1191|1524|1536|2214|2950|5788|5987|7098|7099|7474|10417|11006|26137|84868|90865,CLU|CX3CR1|CYBB|FCGR3A|GSTP1|PTPRC|TRIM27|TLR3|TLR4|WNT5A|SPON2|LILRB4|ZBTB20|HAVCR2|IL33,-1.6
MyList,GO Biological Processes,19,GO:0036293,response to decreased oxygen levels,19_GO:0050896 response to stimulus,-3,2.1,3.6,30293,313,953,21,2.2,0.48,205|358|655|677|952|1137|1536|3162|3741|4504|5021|6422|6657|7184|7248|7852|10449|51129|54541|126374|221074,AK4|AQP1|BMP7|ZFP36L1|CD38|CHRNA4|CYBB|HMOX1|KCNA5|MT3|OXTR|SFRP1|SOX2|HSP90B1|TSC1|CXCR4|ACAA2|ANGPTL4|DDIT4|WTIP|SLC39A12,-1.6
MyList,GO Biological Processes,19,GO:0062014,negative regulation of small molecule metabolic process,19_GO:0048519 negative regulation of biological process,-3,3,4,30293,115,953,11,1.2,0.35,33|348|493|3638|6662|8644|9023|26471|54361|54541|151176,ACADL|APOE|ATP2B4|INSIG1|SOX9|AKR1C3|CH25H|NUPR1|WNT4|DDIT4|ERFE,-1.6
MyList,GO Biological Processes,19,GO:0030336,negative regulation of cell migration,19_GO:0040011 locomotion,-3,2,3.6,30293,379,953,24,2.5,0.51,199|348|393|493|613|1009|1524|1809|2247|2697|2768|3162|6091|6422|7130|9289|11188|23189|54361|57522|60672|84312|90865|161742,AIF1|APOE|ARHGAP4|ATP2B4|BCR|CDH11|CX3CR1|DPYSL3|FGF2|GJA1|GNA12|HMOX1|ROBO1|SFRP1|TNFAIP6|ADGRG1|NISCH|KANK1|WNT4|SRGAP1|MIIP|BRMS1L|IL33|SPRED1,-1.6
MyList,GO Biological Processes,19,GO:0035567,non-canonical Wnt signaling pathway,19_GO:0050896 response to stimulus,-3,4.4,4.3,30293,51,953,7,0.73,0.28,2535|6422|7474|7477|8321|54361|57216,FZD2|SFRP1|WNT5A|WNT7B|FZD1|WNT4|VANGL2,-1.6
MyList,GO Biological Processes,19,GO:0070664,negative regulation of leukocyte proliferation,19_GO:0048519 negative regulation of biological process,-3,3.2,4,30293,98,953,10,1,0.33,2950|4067|6441|6664|7940|11006|51083|84868|90865|654346,GSTP1|LYN|SFTPD|SOX11|LST1|LILRB4|GAL|HAVCR2|IL33|LGALS9C,-1.6
MyList,GO Biological Processes,19,GO:1903037,regulation of leukocyte cell-cell adhesion,19_GO:0050789 regulation of biological process,-3,2,3.6,30293,380,953,24,2.5,0.51,199|240|445|865|923|975|1948|3109|3689|4067|4860|5588|5788|6441|7409|7525|7805|8631|9308|11006|64926|84868|92196|654346,AIF1|ALOX5|ASS1|CBFB|CD6|CD81|EFNB2|HLA-DMB|ITGB2|LYN|PNP|PRKCQ|PTPRC|SFTPD|VAV1|YES1|LAPTM5|SKAP1|CD83|LILRB4|RASAL3|HAVCR2|DAPL1|LGALS9C,-1.6
MyList,GO Biological Processes,19,GO:0072384,organelle transport along microtubule,19_GO:0051179 localization,-3,3.5,4.1,30293,82,953,9,0.94,0.31,1176|3281|7314|7345|63971|79443|84062|118426|282991,AP3S1|HSBP1|UBB|UCHL1|KIF13A|FYCO1|DTNBP1|BORCS5|BLOC1S2,-1.6
MyList,GO Biological Processes,19,GO:0030500,regulation of bone mineralization,19_GO:0032502 developmental process,-3,3.5,4.1,30293,82,953,9,0.94,0.31,154|240|655|1901|2697|2824|5764|6662|54361,ADRB2|ALOX5|BMP7|S1PR1|GJA1|GPM6B|PTN|SOX9|WNT4,-1.6
MyList,GO Biological Processes,19,GO:0002702,positive regulation of production of molecular mediator of immune response,19_GO:0002376 immune system process,-3,2.8,3.9,30293,134,953,12,1.3,0.36,975|5245|5650|5788|5950|6810|7098|7099|7474|7805|10417|90865,CD81|PHB1|KLK7|PTPRC|RBP4|STX4|TLR3|TLR4|WNT5A|LAPTM5|SPON2|IL33,-1.6
MyList,GO Biological Processes,19,GO:0071404,cellular response to low-density lipoprotein particle stimulus,19_GO:0050896 response to stimulus,-3,5,4.5,30293,38,953,6,0.63,0.26,968|975|3689|3949|7099|10628,CD68|CD81|ITGB2|LDLR|TLR4|TXNIP,-1.6
MyList,GO Biological Processes,19,GO:0046688,response to copper ion,19_GO:0050896 response to stimulus,-3,5,4.5,30293,38,953,6,0.63,0.26,358|4489|4495|4501|4502|4504,AQP1|MT1A|MT1G|MT1X|MT2A|MT3,-1.6
MyList,GO Biological Processes,19,GO:0003180,aortic valve morphogenesis,19_GO:0032502 developmental process,-3,5,4.5,30293,38,953,6,0.63,0.26,1009|4087|4772|6091|6662|26508,CDH11|SMAD2|NFATC1|ROBO1|SOX9|HEYL,-1.6
MyList,GO Biological Processes,19,GO:0055094,response to lipoprotein particle,19_GO:0050896 response to stimulus,-3,5,4.5,30293,38,953,6,0.63,0.26,968|975|3689|3949|7099|10628,CD68|CD81|ITGB2|LDLR|TLR4|TXNIP,-1.6
MyList,GO Biological Processes,19,GO:0110053,regulation of actin filament organization,19_GO:0050789 regulation of biological process,-2.9,2.2,3.6,30293,273,953,19,2,0.45,71|1901|1955|2059|4868|5580|5987|6422|7114|7248|8829|9168|9535|10979|23189|23580|27236|54361|85477,ACTG1|S1PR1|MEGF9|EPS8|NPHS1|PRKCD|TRIM27|SFRP1|TMSB4X|TSC1|NRP1|TMSB10|GMFG|FERMT2|KANK1|CDC42EP4|ARFIP1|WNT4|SCIN,-1.6
MyList,GO Biological Processes,19,GO:0060041,retina development in camera-type eye,19_GO:0032502 developmental process,-2.9,2.7,3.8,30293,153,953,13,1.4,0.38,493|5080|5156|5950|6094|6662|7101|8829|54549|55636|57381|84062|284217,ATP2B4|PAX6|PDGFRA|RBP4|ROM1|SOX9|NR2E1|NRP1|SDK2|CHD7|RHOJ|DTNBP1|LAMA1,-1.6
MyList,GO Biological Processes,19,GO:0050729,positive regulation of inflammatory response,19_GO:0048518 positive regulation of biological process,-2.9,2.7,3.8,30293,153,953,13,1.4,0.38,136|718|834|975|1050|3949|7098|7099|7474|8673|8792|26471|90865,ADORA2B|C3|CASP1|CD81|CEBPA|LDLR|TLR3|TLR4|WNT5A|VAMP8|TNFRSF11A|NUPR1|IL33,-1.6
MyList,GO Biological Processes,19,GO:0001525,angiogenesis,19_GO:0032502 developmental process,-2.9,2.1,3.6,30293,338,953,22,2.3,0.49,71|187|1901|1948|2247|2752|3162|5154|5156|6091|6464|7045|7101|8829|8862|9289|23251|51129|56005|57381|58504|147372,ACTG1|APLNR|S1PR1|EFNB2|FGF2|GLUL|HMOX1|PDGFA|PDGFRA|ROBO1|SHC1|TGFBI|NR2E1|NRP1|APLN|ADGRG1|MINAR1|ANGPTL4|MYDGF|RHOJ|ARHGAP22|CCBE1,-1.6
MyList,GO Biological Processes,19,GO:0002696,positive regulation of leukocyte activation,19_GO:0002376 immune system process,-2.9,2,3.5,30293,360,953,23,2.4,0.5,199|865|923|952|975|1050|1948|2214|3109|4067|4860|5588|5788|7099|7409|7474|7525|9308|11006|30011|64926|84868|90865,AIF1|CBFB|CD6|CD38|CD81|CEBPA|EFNB2|FCGR3A|HLA-DMB|LYN|PNP|PRKCQ|PTPRC|TLR4|VAV1|WNT5A|YES1|CD83|LILRB4|SH3KBP1|RASAL3|HAVCR2|IL33,-1.6
MyList,GO Biological Processes,19,GO:0001835,blastocyst hatching,19_GO:0032502 developmental process,-2.9,6.1,4.7,30293,26,953,5,0.52,0.23,9646|10161|57718|123920|196051,CTR9|LPAR6|PPP4R4|CMTM3|PLPP4,-1.6
MyList,GO Biological Processes,19,GO:0018904,ether metabolic process,19_GO:0008152 metabolic process,-2.9,6.1,4.7,30293,26,953,5,0.52,0.23,240|2052|2053|11145|54947,ALOX5|EPHX1|EPHX2|PLAAT3|LPCAT2,-1.6
MyList,GO Biological Processes,19,GO:0071684,organism emergence from protective structure,19_GO:0032501 multicellular organismal process,-2.9,6.1,4.7,30293,26,953,5,0.52,0.23,9646|10161|57718|123920|196051,CTR9|LPAR6|PPP4R4|CMTM3|PLPP4,-1.6
MyList,GO Biological Processes,19,GO:0035188,hatching,19_GO:0032502 developmental process,-2.9,6.1,4.7,30293,26,953,5,0.52,0.23,9646|10161|57718|123920|196051,CTR9|LPAR6|PPP4R4|CMTM3|PLPP4,-1.6
MyList,GO Biological Processes,19,GO:0038093,Fc receptor signaling pathway,19_GO:0002376 immune system process,-2.9,4.3,4.3,30293,52,953,7,0.73,0.28,2214|4067|5580|5588|7409|7525|196051,FCGR3A|LYN|PRKCD|PRKCQ|VAV1|YES1|PLPP4,-1.6
MyList,GO Biological Processes,19,GO:0010543,regulation of platelet activation,19_GO:0032501 multicellular organismal process,-2.9,4.3,4.3,30293,52,953,7,0.73,0.28,348|4067|5154|5156|5580|5588|7099,APOE|LYN|PDGFA|PDGFRA|PRKCD|PRKCQ|TLR4,-1.6
MyList,GO Biological Processes,19,GO:0019827,stem cell population maintenance,19_GO:0032502 developmental process,-2.9,3,3.9,30293,117,953,11,1.2,0.35,678|5396|6422|6657|6662|7101|8451|9646|10413|84750|388585,ZFP36L2|PRRX1|SFRP1|SOX2|SOX9|NR2E1|CUL4A|CTR9|YAP1|FUT10|HES5,-1.6
MyList,GO Biological Processes,19,GO:2000736,regulation of stem cell differentiation,19_GO:0032502 developmental process,-2.9,3.4,4,30293,83,953,9,0.94,0.31,678|2247|5156|5764|6660|6662|8321|10413|388585,ZFP36L2|FGF2|PDGFRA|PTN|SOX5|SOX9|FZD1|YAP1|HES5,-1.6
MyList,GO Biological Processes,19,GO:0001523,retinoid metabolic process,19_GO:0008152 metabolic process,-2.9,3.4,4,30293,83,953,9,0.94,0.31,1109|1645|5947|5950|8630|8644|10170|10901|59342,AKR1C4|AKR1C1|RBP1|RBP4|HSD17B6|AKR1C3|DHRS9|DHRS4|SCPEP1,-1.6
MyList,GO Biological Processes,19,GO:0007584,response to nutrient,19_GO:0050896 response to stimulus,-2.9,2.7,3.8,30293,154,953,13,1.4,0.38,2|445|590|594|655|1032|1452|1536|2771|3141|6422|6720|8644,A2M|ASS1|BCHE|BCKDHB|BMP7|CDKN2D|CSNK1A1|CYBB|GNAI2|HLCS|SFRP1|SREBF1|AKR1C3,-1.6
MyList,GO Biological Processes,19,GO:0048661,positive regulation of smooth muscle cell proliferation,19_GO:0048518 positive regulation of biological process,-2.9,3.2,3.9,30293,100,953,10,1,0.33,199|1901|2247|2697|2771|3162|3725|5245|7099|388585,AIF1|S1PR1|FGF2|GJA1|GNAI2|HMOX1|JUN|PHB1|TLR4|HES5,-1.6
MyList,GO Biological Processes,19,GO:1903039,positive regulation of leukocyte cell-cell adhesion,19_GO:0048518 positive regulation of biological process,-2.9,2.2,3.6,30293,275,953,19,2,0.45,199|240|865|923|975|1948|3109|3689|4067|4860|5588|5788|7409|7525|8631|9308|11006|64926|84868,AIF1|ALOX5|CBFB|CD6|CD81|EFNB2|HLA-DMB|ITGB2|LYN|PNP|PRKCQ|PTPRC|VAV1|YES1|SKAP1|CD83|LILRB4|RASAL3|HAVCR2,-1.6
MyList,GO Biological Processes,19,GO:0051493,regulation of cytoskeleton organization,19_GO:0050789 regulation of biological process,-2.9,1.8,3.4,30293,522,953,30,3.1,0.57,71|1901|1955|2059|2824|4868|5154|5156|5202|5580|5987|6422|7114|7248|8829|9168|9535|10382|10979|11170|22919|23189|23580|27236|29082|54361|81551|81624|85477|221074,ACTG1|S1PR1|MEGF9|EPS8|GPM6B|NPHS1|PDGFA|PDGFRA|PFDN2|PRKCD|TRIM27|SFRP1|TMSB4X|TSC1|NRP1|TMSB10|GMFG|TUBB4A|FERMT2|FAM107A|MAPRE1|KANK1|CDC42EP4|ARFIP1|CHMP4A|WNT4|STMN4|DIAPH3|SCIN|SLC39A12,-1.6
MyList,GO Biological Processes,19,GO:0048660,regulation of smooth muscle cell proliferation,19_GO:0050789 regulation of biological process,-2.9,2.6,3.7,30293,174,953,14,1.5,0.39,199|348|1901|2247|2697|2768|2771|3162|3725|5245|7099|8862|30008|388585,AIF1|APOE|S1PR1|FGF2|GJA1|GNA12|GNAI2|HMOX1|JUN|PHB1|TLR4|APLN|EFEMP2|HES5,-1.6
MyList,GO Biological Processes,19,GO:0017158,regulation of calcium ion-dependent exocytosis,19_GO:0051179 localization,-2.9,4.9,4.4,30293,39,953,6,0.63,0.26,2771|6814|8447|8938|9501|51760,GNAI2|STXBP3|DOC2B|BAIAP3|RPH3AL|SYT17,-1.6
MyList,GO Biological Processes,19,GO:0006958,"complement activation, classical pathway",19_GO:0002376 immune system process,-2.9,4.9,4.4,30293,39,953,6,0.63,0.26,712|713|714|716|718|1191,C1QA|C1QB|C1QC|C1S|C3|CLU,-1.6
MyList,GO Biological Processes,19,GO:0035025,positive regulation of Rho protein signal transduction,19_GO:0048518 positive regulation of biological process,-2.9,4.9,4.4,30293,39,953,6,0.63,0.26,408|1452|2840|6091|9289|10161,ARRB1|CSNK1A1|GPR17|ROBO1|ADGRG1|LPAR6,-1.6
MyList,GO Biological Processes,19,GO:0006979,response to oxidative stress,19_GO:0050896 response to stimulus,-2.9,2,3.5,30293,363,953,23,2.4,0.5,199|348|358|475|952|1137|2054|2110|2937|2950|3162|3725|3741|4257|4504|5052|5156|5580|5831|6810|10549|10628|23657,AIF1|APOE|AQP1|ATOX1|CD38|CHRNA4|STX2|ETFDH|GSS|GSTP1|HMOX1|JUN|KCNA5|MGST1|MT3|PRDX1|PDGFRA|PRKCD|PYCR1|STX4|PRDX4|TXNIP|SLC7A11,-1.6
MyList,GO Biological Processes,19,GO:1903555,regulation of tumor necrosis factor superfamily cytokine production,19_GO:0032501 multicellular organismal process,-2.9,2.5,3.7,30293,194,953,15,1.6,0.4,1191|1524|1536|2214|2950|5788|5987|7098|7099|7474|10417|11006|26137|84868|90865,CLU|CX3CR1|CYBB|FCGR3A|GSTP1|PTPRC|TRIM27|TLR3|TLR4|WNT5A|SPON2|LILRB4|ZBTB20|HAVCR2|IL33,-1.6
MyList,GO Biological Processes,19,GO:0072078,nephron tubule morphogenesis,19_GO:0032502 developmental process,-2.9,3.7,4.1,30293,68,953,8,0.84,0.3,2247|5727|6299|6662|54361|55083|55366|388585,FGF2|PTCH1|SALL1|SOX9|WNT4|KIF26B|LGR4|HES5,-1.6
MyList,GO Biological Processes,19,GO:0060688,regulation of morphogenesis of a branching structure,19_GO:0032502 developmental process,-2.9,4.2,4.2,30293,53,953,7,0.73,0.28,655|5154|6422|6662|7474|9500|55366,BMP7|PDGFA|SFRP1|SOX9|WNT5A|MAGED1|LGR4,-1.6
MyList,GO Biological Processes,19,GO:1902692,regulation of neuroblast proliferation,19_GO:0032502 developmental process,-2.9,4.2,4.2,30293,53,953,7,0.73,0.28,1462|1524|2247|5080|5764|7101|63827,VCAN|CX3CR1|FGF2|PAX6|PTN|NR2E1|BCAN,-1.6
MyList,GO Biological Processes,19,GO:0060445,branching involved in salivary gland morphogenesis,19_GO:0032502 developmental process,-2.9,7.9,5,30293,16,953,4,0.42,0.21,655|5361|8829|284217,BMP7|PLXNA1|NRP1|LAMA1,-1.6
MyList,GO Biological Processes,19,GO:1900006,positive regulation of dendrite development,19_GO:0032502 developmental process,-2.9,7.9,5,30293,16,953,4,0.42,0.21,238|655|5764|7436,ALK|BMP7|PTN|VLDLR,-1.6
MyList,GO Biological Processes,19,GO:0120162,positive regulation of cold-induced thermogenesis,19_GO:0042592 homeostatic process,-2.9,3.1,3.9,30293,101,953,10,1,0.33,33|154|2171|2628|2697|2887|5021|7852|63976|115209,ACADL|ADRB2|FABP5|GATM|GJA1|GRB10|OXTR|CXCR4|PRDM16|OMA1,-1.6
MyList,GO Biological Processes,19,GO:0010631,epithelial cell migration,19_GO:0032501 multicellular organismal process,-2.9,3.1,3.9,30293,101,953,10,1,0.33,1948|2247|5872|6091|7474|8829|23189|55612|147372|340719,EFNB2|FGF2|RAB13|ROBO1|WNT5A|NRP1|KANK1|FERMT1|CCBE1|NANOS1,-1.6
MyList,GO Biological Processes,19,GO:0009101,glycoprotein biosynthetic process,19_GO:0008152 metabolic process,-2.9,2.2,3.6,30293,277,953,19,2,0.45,1603|6480|8704|9469|9761|22845|29071|29880|57171|64131|83539|83857|84002|84061|84750|92126|113189|727936|100128731,DAD1|ST6GAL1|B4GALT2|CHST3|MLEC|DOLK|C1GALT1C1|ALG5|DOLPP1|XYLT1|CHST9|TMTC1|B3GNT5|MAGT1|FUT10|DSEL|CHST14|GXYLT2|OST4,-1.5
MyList,GO Biological Processes,19,GO:0090288,negative regulation of cellular response to growth factor stimulus,19_GO:0048519 negative regulation of biological process,-2.9,2.8,3.8,30293,137,953,12,1.3,0.36,493|2247|5654|6422|7130|7474|8321|8862|25805|54361|55959|81848,ATP2B4|FGF2|HTRA1|SFRP1|TNFAIP6|WNT5A|FZD1|APLN|BAMBI|WNT4|SULF2|SPRY4,-1.5
MyList,GO Biological Processes,19,GO:0048754,branching morphogenesis of an epithelial tube,19_GO:0032502 developmental process,-2.9,2.8,3.8,30293,137,953,12,1.3,0.36,655|780|1512|2247|5727|6299|6662|7474|8829|10413|54361|284217,BMP7|DDR1|CTSH|FGF2|PTCH1|SALL1|SOX9|WNT5A|NRP1|YAP1|WNT4|LAMA1,-1.5
MyList,GO Biological Processes,19,GO:0045807,positive regulation of endocytosis,19_GO:0051179 localization,-2.9,2.6,3.7,30293,156,953,13,1.4,0.38,348|408|613|718|967|1191|5788|6441|6609|7474|8862|11031|84062,APOE|ARRB1|BCR|C3|CD63|CLU|PTPRC|SFTPD|SMPD1|WNT5A|APLN|RAB31|DTNBP1,-1.5
MyList,GO Biological Processes,19,GO:0042398,cellular modified amino acid biosynthetic process,19_GO:0008152 metabolic process,-2.9,5.9,4.6,30293,27,953,5,0.52,0.23,223|501|2628|8424|55349,ALDH9A1|ALDH7A1|GATM|BBOX1|CHDH,-1.5
MyList,GO Biological Processes,19,GO:0055088,lipid homeostasis,19_GO:0042592 homeostatic process,-2.8,2.5,3.7,30293,176,953,14,1.5,0.39,348|1050|1645|2053|3638|3949|5947|8309|9734|10577|26137|51129|55937|80339,APOE|CEBPA|AKR1C1|EPHX2|INSIG1|LDLR|RBP1|ACOX2|HDAC9|NPC2|ZBTB20|ANGPTL4|APOM|PNPLA3,-1.5
MyList,GO Biological Processes,19,GO:0001763,morphogenesis of a branching structure,19_GO:0032502 developmental process,-2.8,2.5,3.7,30293,176,953,14,1.5,0.39,655|780|1512|2247|5361|5727|6299|6422|6662|7474|8829|10413|54361|284217,BMP7|DDR1|CTSH|FGF2|PLXNA1|PTCH1|SALL1|SFRP1|SOX9|WNT5A|NRP1|YAP1|WNT4|LAMA1,-1.5
MyList,GO Biological Processes,19,GO:0043065,positive regulation of apoptotic process,19_GO:0048518 positive regulation of biological process,-2.8,1.8,3.4,30293,550,953,31,3.3,0.57,655|1191|1512|1871|3162|3275|3725|4067|5245|5293|5580|5654|5788|6422|6609|7098|7099|7159|7314|7474|8644|8682|9263|9500|10628|23787|26471|51083|85477|115209|644186,BMP7|CLU|CTSH|E2F3|HMOX1|PRMT2|JUN|LYN|PHB1|PIK3CD|PRKCD|HTRA1|PTPRC|SFRP1|SMPD1|TLR3|TLR4|TP53BP2|UBB|WNT5A|AKR1C3|PEA15|STK17A|MAGED1|TXNIP|MTCH1|NUPR1|GAL|SCIN|OMA1|SYCE3,-1.5
MyList,GO Biological Processes,19,GO:0003203,endocardial cushion morphogenesis,19_GO:0032502 developmental process,-2.8,4.8,4.3,30293,40,953,6,0.63,0.26,187|655|4087|6091|6662|26508,APLNR|BMP7|SMAD2|ROBO1|SOX9|HEYL,-1.5
MyList,GO Biological Processes,19,GO:1903510,mucopolysaccharide metabolic process,19_GO:0008152 metabolic process,-2.8,3.3,3.9,30293,86,953,9,0.94,0.31,1910|2247|4166|7130|9469|64131|83539|92126|113189,EDNRB|FGF2|CHST6|TNFAIP6|CHST3|XYLT1|CHST9|DSEL|CHST14,-1.5
MyList,GO Biological Processes,19,GO:0007252,I-kappaB phosphorylation,19_GO:0050896 response to stimulus,-2.8,12,5.6,30293,8,953,3,0.31,0.18,7098|7099|10549,TLR3|TLR4|PRDX4,-1.5
MyList,GO Biological Processes,19,GO:0097577,sequestering of iron ion,19_GO:0042592 homeostatic process,-2.8,12,5.6,30293,8,953,3,0.31,0.18,2495|2512|56898,FTH1|FTL|BDH2,-1.5
MyList,GO Biological Processes,19,GO:0021886,hypothalamus gonadotrophin-releasing hormone neuron differentiation,19_GO:0032502 developmental process,-2.8,12,5.6,30293,8,953,3,0.31,0.18,5361|7314|8829,PLXNA1|UBB|NRP1,-1.5
MyList,GO Biological Processes,19,GO:0001973,G protein-coupled adenosine receptor signaling pathway,19_GO:0050896 response to stimulus,-2.8,12,5.6,30293,8,953,3,0.31,0.18,136|2771|5028,ADORA2B|GNAI2|P2RY1,-1.5
MyList,GO Biological Processes,19,GO:0060600,dichotomous subdivision of an epithelial terminal unit,19_GO:0032502 developmental process,-2.8,12,5.6,30293,8,953,3,0.31,0.18,1512|5361|8829,CTSH|PLXNA1|NRP1,-1.5
MyList,GO Biological Processes,19,GO:0021888,hypothalamus gonadotrophin-releasing hormone neuron development,19_GO:0032502 developmental process,-2.8,12,5.6,30293,8,953,3,0.31,0.18,5361|7314|8829,PLXNA1|UBB|NRP1,-1.5
MyList,GO Biological Processes,19,GO:0072282,metanephric nephron tubule morphogenesis,19_GO:0032502 developmental process,-2.8,12,5.6,30293,8,953,3,0.31,0.18,6662|55366|388585,SOX9|LGR4|HES5,-1.5
MyList,GO Biological Processes,19,GO:0035588,G protein-coupled purinergic receptor signaling pathway,19_GO:0050896 response to stimulus,-2.8,12,5.6,30293,8,953,3,0.31,0.18,136|2771|5028,ADORA2B|GNAI2|P2RY1,-1.5
MyList,GO Biological Processes,19,GO:0000820,regulation of glutamine family amino acid metabolic process,19_GO:0008152 metabolic process,-2.8,12,5.6,30293,8,953,3,0.31,0.18,493|9056|23657,ATP2B4|SLC7A7|SLC7A11,-1.5
MyList,GO Biological Processes,19,GO:0071800,podosome assembly,19_GO:0009987 cellular process,-2.8,12,5.6,30293,8,953,3,0.31,0.18,28988|81624|285590,DBNL|DIAPH3|SH3PXD2B,-1.5
MyList,GO Biological Processes,19,GO:0060022,hard palate development,19_GO:0032502 developmental process,-2.8,12,5.6,30293,8,953,3,0.31,0.18,2535|6664|8321,FZD2|SOX11|FZD1,-1.5
MyList,GO Biological Processes,19,GO:0001704,formation of primary germ layer,19_GO:0032502 developmental process,-2.8,2.9,3.8,30293,121,953,11,1.2,0.35,190|655|2139|3281|3689|3691|4087|6657|7474|9646|79971,NR0B1|BMP7|EYA2|HSBP1|ITGB2|ITGB4|SMAD2|SOX2|WNT5A|CTR9|WLS,-1.5
MyList,GO Biological Processes,19,GO:0046635,positive regulation of alpha-beta T cell activation,19_GO:0002376 immune system process,-2.8,3.6,4,30293,70,953,8,0.84,0.3,865|975|4860|5588|5788|9308|11006|64926,CBFB|CD81|PNP|PRKCQ|PTPRC|CD83|LILRB4|RASAL3,-1.5
MyList,GO Biological Processes,19,GO:0072088,nephron epithelium morphogenesis,19_GO:0032502 developmental process,-2.8,3.6,4,30293,70,953,8,0.84,0.3,2247|5727|6299|6662|54361|55083|55366|388585,FGF2|PTCH1|SALL1|SOX9|WNT4|KIF26B|LGR4|HES5,-1.5
MyList,GO Biological Processes,19,GO:0019058,viral life cycle,19_GO:0016032 viral process,-2.8,2.5,3.6,30293,178,953,14,1.5,0.39,348|975|1642|1948|3949|5125|5245|6404|6609|6993|7852|8673|8829|29082,APOE|CD81|DDB1|EFNB2|LDLR|PCSK5|PHB1|SELPLG|SMPD1|DYNLT1|CXCR4|VAMP8|NRP1|CHMP4A,-1.5
MyList,GO Biological Processes,19,GO:0044000,movement in host,19_GO:0044419 biological process involved in interspecies interaction between organisms,-2.8,2.7,3.7,30293,140,953,12,1.3,0.36,975|1642|1948|3949|5245|6404|6609|6993|7852|8673|8829|29082,CD81|DDB1|EFNB2|LDLR|PHB1|SELPLG|SMPD1|DYNLT1|CXCR4|VAMP8|NRP1|CHMP4A,-1.5
MyList,GO Biological Processes,19,GO:0050433,regulation of catecholamine secretion,19_GO:0051179 localization,-2.8,4,4.1,30293,55,953,7,0.73,0.28,1137|2550|5021|5028|6623|51760|84062,CHRNA4|GABBR1|OXTR|P2RY1|SNCG|SYT17|DTNBP1,-1.5
MyList,GO Biological Processes,19,GO:0021854,hypothalamus development,19_GO:0032502 developmental process,-2.8,5.7,4.5,30293,28,953,5,0.52,0.23,190|5361|6658|7314|8829,NR0B1|PLXNA1|SOX3|UBB|NRP1,-1.5
MyList,GO Biological Processes,19,GO:0030325,adrenal gland development,19_GO:0032502 developmental process,-2.8,5.7,4.5,30293,28,953,5,0.52,0.23,190|4087|5156|6299|54361,NR0B1|SMAD2|PDGFRA|SALL1|WNT4,-1.5
MyList,GO Biological Processes,19,GO:0048714,positive regulation of oligodendrocyte differentiation,19_GO:0032502 developmental process,-2.8,5.7,4.5,30293,28,953,5,0.52,0.23,5764|5803|7852|90865|146433,PTN|PTPRZ1|CXCR4|IL33|IL34,-1.5
MyList,GO Biological Processes,19,GO:0014009,glial cell proliferation,19_GO:0032502 developmental process,-2.8,5.7,4.5,30293,28,953,5,0.52,0.23,1191|2670|6664|90865|146433,CLU|GFAP|SOX11|IL33|IL34,-1.5
MyList,GO Biological Processes,19,GO:0090132,epithelium migration,19_GO:0032501 multicellular organismal process,-2.8,3.1,3.8,30293,104,953,10,1,0.33,1948|2247|5872|6091|7474|8829|23189|55612|147372|340719,EFNB2|FGF2|RAB13|ROBO1|WNT5A|NRP1|KANK1|FERMT1|CCBE1|NANOS1,-1.5
MyList,GO Biological Processes,19,GO:0032642,regulation of chemokine production,19_GO:0032501 multicellular organismal process,-2.8,3.1,3.8,30293,104,953,10,1,0.33,136|199|2950|3162|7098|7099|7474|11006|84868|90865,ADORA2B|AIF1|GSTP1|HMOX1|TLR3|TLR4|WNT5A|LILRB4|HAVCR2|IL33,-1.5
MyList,GO Biological Processes,19,GO:0044089,positive regulation of cellular component biogenesis,19_GO:0048518 positive regulation of biological process,-2.8,1.8,3.3,30293,508,953,29,3,0.56,655|1191|1307|1809|2059|3936|3987|4868|5021|6422|6662|7013|7099|7248|8631|8829|9780|10979|22919|23580|51100|51375|51673|54361|55612|57633|112574|202018|347902,BMP7|CLU|COL16A1|DPYSL3|EPS8|LCP1|LIMS1|NPHS1|OXTR|SFRP1|SOX9|TERF1|TLR4|TSC1|SKAP1|NRP1|PIEZO1|FERMT2|MAPRE1|CDC42EP4|SH3GLB1|SNX7|TPPP3|WNT4|FERMT1|LRRN1|SNX18|TAPT1|AMIGO2,-1.5
MyList,GO Biological Processes,19,GO:0003014,renal system process,19_GO:0032501 multicellular organismal process,-2.8,2.9,3.7,30293,122,953,11,1.2,0.35,358|361|613|1184|1910|2771|3784|5125|8644|55959|221395,AQP1|AQP4|BCR|CLCN5|EDNRB|GNAI2|KCNQ1|PCSK5|AKR1C3|SULF2|ADGRF5,-1.5
MyList,GO Biological Processes,19,GO:0045471,response to ethanol,19_GO:0050896 response to stimulus,-2.8,2.9,3.7,30293,122,953,11,1.2,0.35,113|1536|2059|2550|2742|4129|4988|5080|6480|6720|8792,ADCY7|CYBB|EPS8|GABBR1|GLRA2|MAOB|OPRM1|PAX6|ST6GAL1|SREBF1|TNFRSF11A,-1.5
MyList,GO Biological Processes,19,GO:0045444,fat cell differentiation,19_GO:0032502 developmental process,-2.8,2.9,3.7,30293,122,953,11,1.2,0.35,154|1050|4329|5156|6720|54463|59343|63976|80339|83862|221395,ADRB2|CEBPA|ALDH6A1|PDGFRA|SREBF1|RETREG1|SENP2|PRDM16|PNPLA3|TMEM120A|ADGRF5,-1.5
MyList,GO Biological Processes,19,GO:0001657,ureteric bud development,19_GO:0032502 developmental process,-2.8,3.3,3.9,30293,87,953,9,0.94,0.31,655|2247|4087|5727|6299|6422|6662|54361|55083,BMP7|FGF2|SMAD2|PTCH1|SALL1|SFRP1|SOX9|WNT4|KIF26B,-1.5
MyList,GO Biological Processes,19,GO:0043649,dicarboxylic acid catabolic process,19_GO:0008152 metabolic process,-2.8,7.5,4.8,30293,17,953,4,0.42,0.21,2746|2747|2752|137872,GLUD1|GLUD2|GLUL|ADHFE1,-1.5
MyList,GO Biological Processes,19,GO:0098974,postsynaptic actin cytoskeleton organization,19_GO:0009987 cellular process,-2.8,7.5,4.8,30293,17,953,4,0.42,0.21,71|7430|10160|28988,ACTG1|EZR|FARP1|DBNL,-1.5
MyList,GO Biological Processes,19,GO:0050872,white fat cell differentiation,19_GO:0032502 developmental process,-2.8,7.5,4.8,30293,17,953,4,0.42,0.21,1050|5156|54463|80339,CEBPA|PDGFRA|RETREG1|PNPLA3,-1.5
MyList,GO Biological Processes,19,GO:0045198,establishment of epithelial cell apical/basal polarity,19_GO:0032502 developmental process,-2.8,7.5,4.8,30293,17,953,4,0.42,0.21,2195|4983|7474|284217,FAT1|OPHN1|WNT5A|LAMA1,-1.5
MyList,GO Biological Processes,19,GO:0033623,regulation of integrin activation,19_GO:0050789 regulation of biological process,-2.8,7.5,4.8,30293,17,953,4,0.42,0.21,8631|9780|10979|55612,SKAP1|PIEZO1|FERMT2|FERMT1,-1.5
MyList,GO Biological Processes,19,GO:0007595,lactation,19_GO:0051179 localization,-2.8,4.7,4.2,30293,41,953,6,0.63,0.26,780|2697|5021|6776|7372|8862,DDR1|GJA1|OXTR|STAT5A|UMPS|APLN,-1.5
MyList,GO Biological Processes,19,GO:0071402,cellular response to lipoprotein particle stimulus,19_GO:0050896 response to stimulus,-2.8,4.7,4.2,30293,41,953,6,0.63,0.26,968|975|3689|3949|7099|10628,CD68|CD81|ITGB2|LDLR|TLR4|TXNIP,-1.5
MyList,GO Biological Processes,19,GO:0050805,negative regulation of synaptic transmission,19_GO:0048519 negative regulation of biological process,-2.8,4.7,4.2,30293,41,953,6,0.63,0.26,590|952|2550|2771|27253|57537,BCHE|CD38|GABBR1|GNAI2|PCDH17|SORCS2,-1.5
MyList,GO Biological Processes,19,GO:0090181,regulation of cholesterol metabolic process,19_GO:0008152 metabolic process,-2.8,4.7,4.2,30293,41,953,6,0.63,0.26,33|348|2053|3949|6720|9023,ACADL|APOE|EPHX2|LDLR|SREBF1|CH25H,-1.5
MyList,GO Biological Processes,19,GO:0001701,in utero embryonic development,19_GO:0032502 developmental process,-2.8,1.9,3.4,30293,393,953,24,2.5,0.51,655|677|1050|1603|2697|2768|4087|5156|5727|7477|8451|9646|10161|10413|10436|25949|27341|50814|55636|57718|64359|81624|123920|196051,BMP7|ZFP36L1|CEBPA|DAD1|GJA1|GNA12|SMAD2|PDGFRA|PTCH1|WNT7B|CUL4A|CTR9|LPAR6|YAP1|EMG1|SYF2|RRP7A|NSDHL|CHD7|PPP4R4|NXN|DIAPH3|CMTM3|PLPP4,-1.5
MyList,GO Biological Processes,19,GO:0034329,cell junction assembly,19_GO:0009987 cellular process,-2.8,2.1,3.5,30293,283,953,19,2,0.45,71|613|1006|1009|2556|2697|3691|4868|4983|5872|7205|7474|8321|8934|10160|10979|27253|28988|54549,ACTG1|BCR|CDH8|CDH11|GABRA3|GJA1|ITGB4|NPHS1|OPHN1|RAB13|TRIP6|WNT5A|FZD1|RAB29|FARP1|FERMT2|PCDH17|DBNL|SDK2,-1.5
MyList,GO Biological Processes,19,GO:0015850,organic hydroxy compound transport,19_GO:0051179 localization,-2.8,2.5,3.6,30293,180,953,14,1.5,0.39,348|358|1109|1191|1645|3784|3949|5950|10577|23673|55315|55937|57153|84925,APOE|AQP1|AKR1C4|CLU|AKR1C1|KCNQ1|LDLR|RBP4|NPC2|STX12|SLC29A3|APOM|SLC44A2|SLC49A4,-1.5
MyList,GO Biological Processes,19,GO:0042472,inner ear morphogenesis,19_GO:0032502 developmental process,-2.8,3,3.8,30293,105,953,10,1,0.33,613|2535|3638|3784|4646|5396|6662|7474|7545|55636,BCR|FZD2|INSIG1|KCNQ1|MYO6|PRRX1|SOX9|WNT5A|ZIC1|CHD7,-1.5
MyList,GO Biological Processes,19,GO:0072164,mesonephric tubule development,19_GO:0032502 developmental process,-2.7,3.3,3.8,30293,88,953,9,0.94,0.31,655|2247|4087|5727|6299|6422|6662|54361|55083,BMP7|FGF2|SMAD2|PTCH1|SALL1|SFRP1|SOX9|WNT4|KIF26B,-1.4
MyList,GO Biological Processes,19,GO:0016101,diterpenoid metabolic process,19_GO:0008152 metabolic process,-2.7,3.3,3.8,30293,88,953,9,0.94,0.31,1109|1645|5947|5950|8630|8644|10170|10901|59342,AKR1C4|AKR1C1|RBP1|RBP4|HSD17B6|AKR1C3|DHRS9|DHRS4|SCPEP1,-1.4
MyList,GO Biological Processes,19,GO:0072163,mesonephric epithelium development,19_GO:0032502 developmental process,-2.7,3.3,3.8,30293,88,953,9,0.94,0.31,655|2247|4087|5727|6299|6422|6662|54361|55083,BMP7|FGF2|SMAD2|PTCH1|SALL1|SFRP1|SOX9|WNT4|KIF26B,-1.4
MyList,GO Biological Processes,19,GO:0010976,positive regulation of neuron projection development,19_GO:0032502 developmental process,-2.7,2.6,3.6,30293,161,953,13,1.4,0.38,238|348|655|780|1272|1809|4067|5764|7436|7474|8321|64221|347733,ALK|APOE|BMP7|DDR1|CNTN1|DPYSL3|LYN|PTN|VLDLR|WNT5A|FZD1|ROBO3|TUBB2B,-1.4
MyList,GO Biological Processes,19,GO:1902895,positive regulation of miRNA transcription,19_GO:0048518 positive regulation of biological process,-2.7,4,4,30293,56,953,7,0.73,0.28,2247|3725|4613|5080|6720|7003|8862,FGF2|JUN|MYCN|PAX6|SREBF1|TEAD1|APLN,-1.4
MyList,GO Biological Processes,19,GO:0035019,somatic stem cell population maintenance,19_GO:0032502 developmental process,-2.7,4,4,30293,56,953,7,0.73,0.28,678|6422|6657|6662|7101|8451|10413,ZFP36L2|SFRP1|SOX2|SOX9|NR2E1|CUL4A|YAP1,-1.4
MyList,GO Biological Processes,19,GO:0031333,negative regulation of protein-containing complex assembly,19_GO:0048519 negative regulation of biological process,-2.7,2.7,3.6,30293,142,953,12,1.3,0.36,1191|1452|2059|5580|6662|7114|9168|10382|22919|23189|29103|85477,CLU|CSNK1A1|EPS8|PRKCD|SOX9|TMSB4X|TMSB10|TUBB4A|MAPRE1|KANK1|DNAJC15|SCIN,-1.4
MyList,GO Biological Processes,19,GO:0050921,positive regulation of chemotaxis,19_GO:0040011 locomotion,-2.7,2.7,3.6,30293,142,953,12,1.3,0.36,199|1524|1901|2247|5156|5764|6810|7114|7474|7852|8829|146433,AIF1|CX3CR1|S1PR1|FGF2|PDGFRA|PTN|STX4|TMSB4X|WNT5A|CXCR4|NRP1|IL34,-1.4
MyList,GO Biological Processes,19,GO:0061045,negative regulation of wound healing,19_GO:0048519 negative regulation of biological process,-2.7,3.5,3.9,30293,72,953,8,0.84,0.3,240|348|2247|5154|5156|5580|54361|58189,ALOX5|APOE|FGF2|PDGFA|PDGFRA|PRKCD|WNT4|WFDC1,-1.4
MyList,GO Biological Processes,19,GO:0061333,renal tubule morphogenesis,19_GO:0032502 developmental process,-2.7,3.5,3.9,30293,72,953,8,0.84,0.3,2247|5727|6299|6662|54361|55083|55366|388585,FGF2|PTCH1|SALL1|SOX9|WNT4|KIF26B|LGR4|HES5,-1.4
MyList,GO Biological Processes,19,GO:0032722,positive regulation of chemokine production,19_GO:0048518 positive regulation of biological process,-2.7,3.5,3.9,30293,72,953,8,0.84,0.3,136|199|3162|7098|7099|7474|84868|90865,ADORA2B|AIF1|HMOX1|TLR3|TLR4|WNT5A|HAVCR2|IL33,-1.4
MyList,GO Biological Processes,19,GO:0006487,protein N-linked glycosylation,19_GO:0008152 metabolic process,-2.7,3.5,3.9,30293,72,953,8,0.84,0.3,1603|6480|9761|22845|29880|57171|84061|100128731,DAD1|ST6GAL1|MLEC|DOLK|ALG5|DOLPP1|MAGT1|OST4,-1.4
MyList,GO Biological Processes,19,GO:0030203,glycosaminoglycan metabolic process,19_GO:0008152 metabolic process,-2.7,3,3.7,30293,106,953,10,1,0.33,1910|2247|4166|6448|7130|9469|64131|83539|92126|113189,EDNRB|FGF2|CHST6|SGSH|TNFAIP6|CHST3|XYLT1|CHST9|DSEL|CHST14,-1.4
MyList,GO Biological Processes,19,GO:0043473,pigmentation,19_GO:0043473 pigmentation,-2.7,3,3.7,30293,106,953,10,1,0.33,348|967|1174|1176|1910|4935|8934|63971|84062|282991,APOE|CD63|AP1S1|AP3S1|EDNRB|GPR143|RAB29|KIF13A|DTNBP1|BLOC1S2,-1.4
MyList,GO Biological Processes,19,GO:0095500,acetylcholine receptor signaling pathway,19_GO:0050896 response to stimulus,-2.7,4.5,4.1,30293,42,953,6,0.63,0.26,1137|2771|4062|4988|6001|116372,CHRNA4|GNAI2|LY6H|OPRM1|RGS10|LYPD1,-1.4
MyList,GO Biological Processes,19,GO:0051294,establishment of spindle orientation,19_GO:0051179 localization,-2.7,4.5,4.1,30293,42,953,6,0.63,0.26,2697|4134|5080|6993|22919|55968,GJA1|MAP4|PAX6|DYNLT1|MAPRE1|NSFL1C,-1.4
MyList,GO Biological Processes,19,GO:0046839,phospholipid dephosphorylation,19_GO:0008152 metabolic process,-2.7,4.5,4.1,30293,42,953,6,0.63,0.26,2053|8613|8897|54886|79948|196051,EPHX2|PLPP3|MTMR3|PLPPR1|PLPPR3|PLPP4,-1.4
MyList,GO Biological Processes,19,GO:0050671,positive regulation of lymphocyte proliferation,19_GO:0002376 immune system process,-2.7,2.7,3.6,30293,143,953,12,1.3,0.36,199|923|952|975|2214|3109|4860|5588|5788|7099|64926|84868,AIF1|CD6|CD38|CD81|FCGR3A|HLA-DMB|PNP|PRKCQ|PTPRC|TLR4|RASAL3|HAVCR2,-1.4
MyList,GO Biological Processes,19,GO:0000278,mitotic cell cycle,19_GO:0009987 cellular process,-2.7,1.7,3.3,30293,585,953,32,3.4,0.58,288|996|1069|1163|1871|2059|2697|3796|4134|5080|6993|7280|7319|8451|8453|10381|10382|11021|22919|25949|29082|51115|54962|55968|57348|81620|84617|112574|152185|200942|260334|347733,ANK3|CDC27|CETN2|CKS1B|E2F3|EPS8|GJA1|KIF2A|MAP4|PAX6|DYNLT1|TUBB2A|UBE2A|CUL4A|CUL2|TUBB3|TUBB4A|RAB35|MAPRE1|SYF2|CHMP4A|RMDN1|TIPIN|NSFL1C|TTYH1|CDT1|TUBB6|SNX18|SPICE1|KLHDC8B|TUBB8B|TUBB2B,-1.4
MyList,GO Biological Processes,19,GO:0045954,positive regulation of natural killer cell mediated cytotoxicity,19_GO:0044419 biological process involved in interspecies interaction between organisms,-2.7,5.5,4.4,30293,29,953,5,0.52,0.23,3821|3822|3823|7409|23705,KLRC1|KLRC2|KLRC3|VAV1|CADM1,-1.4
MyList,GO Biological Processes,19,GO:0071354,cellular response to interleukin-6,19_GO:0050896 response to stimulus,-2.7,5.5,4.4,30293,29,953,5,0.52,0.23,1050|5245|6404|9646|10413,CEBPA|PHB1|SELPLG|CTR9|YAP1,-1.4
MyList,GO Biological Processes,19,GO:0001816,cytokine production,19_GO:0032501 multicellular organismal process,-2.7,5.5,4.4,30293,29,953,5,0.52,0.23,834|4772|5125|7098|9289,CASP1|NFATC1|PCSK5|TLR3|ADGRG1,-1.4
MyList,GO Biological Processes,19,GO:0007435,salivary gland morphogenesis,19_GO:0032502 developmental process,-2.7,5.5,4.4,30293,29,953,5,0.52,0.23,655|5080|5361|8829|284217,BMP7|PAX6|PLXNA1|NRP1|LAMA1,-1.4
MyList,GO Biological Processes,19,GO:1901616,organic hydroxy compound catabolic process,19_GO:0008152 metabolic process,-2.7,3.9,4,30293,57,953,7,0.73,0.28,217|2184|4129|8630|8644|27233|197257,ALDH2|FAH|MAOB|HSD17B6|AKR1C3|SULT1C4|LDHD,-1.4
MyList,GO Biological Processes,19,GO:0061180,mammary gland epithelium development,19_GO:0032502 developmental process,-2.7,3.9,4,30293,57,953,7,0.73,0.28,780|2247|5727|7474|7477|9914|54361,DDR1|FGF2|PTCH1|WNT5A|WNT7B|ATP2C2|WNT4,-1.4
MyList,GO Biological Processes,19,GO:0070542,response to fatty acid,19_GO:0050896 response to stimulus,-2.7,3.9,4,30293,57,953,7,0.73,0.28,445|1109|1645|3949|6662|6720|8644,ASS1|AKR1C4|AKR1C1|LDLR|SOX9|SREBF1|AKR1C3,-1.4
MyList,GO Biological Processes,19,GO:0006956,complement activation,19_GO:0002376 immune system process,-2.7,3.9,4,30293,57,953,7,0.73,0.28,712|713|714|716|718|1191|1675,C1QA|C1QB|C1QC|C1S|C3|CLU|CFD,-1.4
MyList,GO Biological Processes,19,GO:0010565,regulation of cellular ketone metabolic process,19_GO:0008152 metabolic process,-2.7,2.6,3.6,30293,144,953,12,1.3,0.36,33|493|2171|3638|6662|6720|8644|9056|9104|23657|54361|151176,ACADL|ATP2B4|FABP5|INSIG1|SOX9|SREBF1|AKR1C3|SLC7A7|RGN|SLC7A11|WNT4|ERFE,-1.4
MyList,GO Biological Processes,19,GO:0035148,tube formation,19_GO:0032502 developmental process,-2.7,2.6,3.6,30293,144,953,12,1.3,0.36,655|2535|5727|6422|6662|7248|7474|8321|54361|57216|221074|388585,BMP7|FZD2|PTCH1|SFRP1|SOX9|TSC1|WNT5A|FZD1|WNT4|VANGL2|SLC39A12|HES5,-1.4
MyList,GO Biological Processes,19,GO:0045665,negative regulation of neuron differentiation,19_GO:0032502 developmental process,-2.7,3.5,3.8,30293,73,953,8,0.84,0.3,655|5080|6657|6658|6662|7101|58190|388585,BMP7|PAX6|SOX2|SOX3|SOX9|NR2E1|CTDSP1|HES5,-1.4
MyList,GO Biological Processes,19,GO:0071260,cellular response to mechanical stimulus,19_GO:0050896 response to stimulus,-2.7,3.5,3.8,30293,73,953,8,0.84,0.3,358|834|2247|6662|7098|7099|9780|90865,AQP1|CASP1|FGF2|SOX9|TLR3|TLR4|PIEZO1|IL33,-1.4
MyList,GO Biological Processes,19,GO:0030001,metal ion transport,19_GO:0051179 localization,-2.7,1.7,3.2,30293,636,953,34,3.6,0.6,358|392|475|493|1137|1910|2247|2495|2512|3741|3768|3782|3784|4504|4988|5330|5788|6335|7248|8912|9843|9914|10242|25800|27345|30061|51076|55013|57348|63933|84061|201266|221074|285195,AQP1|ARHGAP1|ATOX1|ATP2B4|CHRNA4|EDNRB|FGF2|FTH1|FTL|KCNA5|KCNJ12|KCNN3|KCNQ1|MT3|OPRM1|PLCB2|PTPRC|SCN9A|TSC1|CACNA1H|HEPH|ATP2C2|KCNMB2|SLC39A6|KCNMB4|SLC40A1|CUTC|MCUB|TTYH1|MCUR1|MAGT1|SLC39A11|SLC39A12|SLC9A9,-1.4
MyList,GO Biological Processes,19,GO:0006595,polyamine metabolic process,19_GO:0008152 metabolic process,-2.7,7.1,4.6,30293,18,953,4,0.42,0.21,4947|6723|51582|51686,OAZ2|SRM|AZIN1|OAZ3,-1.4
MyList,GO Biological Processes,19,GO:0010544,negative regulation of platelet activation,19_GO:0048519 negative regulation of biological process,-2.7,7.1,4.6,30293,18,953,4,0.42,0.21,348|5154|5156|5580,APOE|PDGFA|PDGFRA|PRKCD,-1.4
MyList,GO Biological Processes,19,GO:0006825,copper ion transport,19_GO:0051179 localization,-2.7,7.1,4.6,30293,18,953,4,0.42,0.21,475|9843|51076|201266,ATOX1|HEPH|CUTC|SLC39A11,-1.4
MyList,GO Biological Processes,19,GO:0002532,production of molecular mediator involved in inflammatory response,19_GO:0032501 multicellular organismal process,-2.7,7.1,4.6,30293,18,953,4,0.42,0.21,240|4067|7099|57326,ALOX5|LYN|TLR4|PBXIP1,-1.4
MyList,GO Biological Processes,19,GO:0051350,negative regulation of lyase activity,19_GO:0065007 biological regulation,-2.7,7.1,4.6,30293,18,953,4,0.42,0.21,1910|2771|2913|29085,EDNRB|GNAI2|GRM3|PHPT1,-1.4
MyList,GO Biological Processes,19,GO:0035329,hippo signaling,19_GO:0050896 response to stimulus,-2.7,7.1,4.6,30293,18,953,4,0.42,0.21,7003|10413|25937|92597,TEAD1|YAP1|WWTR1|MOB1B,-1.4
MyList,GO Biological Processes,19,GO:0048145,regulation of fibroblast proliferation,19_GO:0050789 regulation of biological process,-2.7,3.2,3.7,30293,90,953,9,0.94,0.31,358|2495|2950|5154|5156|6277|6422|7474|26471,AQP1|FTH1|GSTP1|PDGFA|PDGFRA|S100A6|SFRP1|WNT5A|NUPR1,-1.4
MyList,GO Biological Processes,19,GO:0010507,negative regulation of autophagy,19_GO:0048519 negative regulation of biological process,-2.7,3.2,3.7,30293,90,953,9,0.94,0.31,3162|5768|5987|7248|11180|26471|64121|92196|151176,HMOX1|QSOX1|TRIM27|TSC1|WDR6|NUPR1|RRAGC|DAPL1|ERFE,-1.4
MyList,GO Biological Processes,19,GO:1903307,positive regulation of regulated secretory pathway,19_GO:0051179 localization,-2.7,4.4,4.1,30293,43,953,6,0.63,0.26,136|3689|3822|6810|8447|8673,ADORA2B|ITGB2|KLRC2|STX4|DOC2B|VAMP8,-1.4
MyList,GO Biological Processes,19,GO:0003044,regulation of systemic arterial blood pressure mediated by a chemical signal,19_GO:0032501 multicellular organismal process,-2.7,4.4,4.1,30293,43,953,6,0.63,0.26,147|154|1910|5021|5125|6518,ADRA1B|ADRB2|EDNRB|OXTR|PCSK5|SLC2A5,-1.4
MyList,GO Biological Processes,19,GO:0046640,regulation of alpha-beta T cell proliferation,19_GO:0002376 immune system process,-2.7,4.4,4.1,30293,43,953,6,0.63,0.26,975|5588|5788|57630|64926|654346,CD81|PRKCQ|PTPRC|SH3RF1|RASAL3|LGALS9C,-1.4
MyList,GO Biological Processes,19,GO:0003176,aortic valve development,19_GO:0032502 developmental process,-2.7,4.4,4.1,30293,43,953,6,0.63,0.26,1009|4087|4772|6091|6662|26508,CDH11|SMAD2|NFATC1|ROBO1|SOX9|HEYL,-1.4
MyList,GO Biological Processes,19,GO:0071375,cellular response to peptide hormone stimulus,19_GO:0050896 response to stimulus,-2.7,2.2,3.4,30293,246,953,17,1.8,0.43,445|677|1176|2887|3638|4067|5080|5580|5786|5872|6464|6655|6720|6776|9734|11031|80339,ASS1|ZFP36L1|AP3S1|GRB10|INSIG1|LYN|PAX6|PRKCD|PTPRA|RAB13|SHC1|SOS2|SREBF1|STAT5A|HDAC9|RAB31|PNPLA3,-1.4
MyList,GO Biological Processes,19,GO:0050867,positive regulation of cell activation,19_GO:0048518 positive regulation of biological process,-2.7,1.9,3.3,30293,378,953,23,2.4,0.5,199|865|923|952|975|1050|1948|2214|3109|4067|4860|5588|5788|7099|7409|7474|7525|9308|11006|30011|64926|84868|90865,AIF1|CBFB|CD6|CD38|CD81|CEBPA|EFNB2|FCGR3A|HLA-DMB|LYN|PNP|PRKCQ|PTPRC|TLR4|VAV1|WNT5A|YES1|CD83|LILRB4|SH3KBP1|RASAL3|HAVCR2|IL33,-1.4
MyList,GO Biological Processes,19,GO:1901653,cellular response to peptide,19_GO:0050896 response to stimulus,-2.7,2,3.3,30293,311,953,20,2.1,0.46,154|445|677|1176|2697|2887|3638|4067|5080|5580|5786|5872|6464|6655|6720|6776|7099|9734|11031|80339,ADRB2|ASS1|ZFP36L1|AP3S1|GJA1|GRB10|INSIG1|LYN|PAX6|PRKCD|PTPRA|RAB13|SHC1|SOS2|SREBF1|STAT5A|TLR4|HDAC9|RAB31|PNPLA3,-1.4
MyList,GO Biological Processes,19,GO:1901890,positive regulation of cell junction assembly,19_GO:0048518 positive regulation of biological process,-2.7,2.9,3.6,30293,108,953,10,1,0.33,1307|3987|5021|6422|7248|8829|10979|54361|57633|347902,COL16A1|LIMS1|OXTR|SFRP1|TSC1|NRP1|FERMT2|WNT4|LRRN1|AMIGO2,-1.4
MyList,GO Biological Processes,19,GO:0051339,regulation of lyase activity,19_GO:0065007 biological regulation,-2.7,3.8,3.9,30293,58,953,7,0.73,0.28,136|154|1910|2771|2913|29085|55366,ADORA2B|ADRB2|EDNRB|GNAI2|GRM3|PHPT1|LGR4,-1.4
MyList,GO Biological Processes,19,GO:0003281,ventricular septum development,19_GO:0032502 developmental process,-2.6,3.4,3.8,30293,74,953,8,0.84,0.3,187|2535|6091|6299|6664|7474|8321|26508,APLNR|FZD2|ROBO1|SALL1|SOX11|WNT5A|FZD1|HEYL,-1.4
MyList,GO Biological Processes,19,GO:0016032,viral process,19_GO:0016032 viral process,-2.6,2.2,3.4,30293,247,953,17,1.8,0.43,348|975|1452|1642|1948|3725|3949|5125|5245|6404|6480|6609|6993|7852|8673|8829|29082,APOE|CD81|CSNK1A1|DDB1|EFNB2|JUN|LDLR|PCSK5|PHB1|SELPLG|ST6GAL1|SMPD1|DYNLT1|CXCR4|VAMP8|NRP1|CHMP4A,-1.4
MyList,GO Biological Processes,19,GO:0043032,positive regulation of macrophage activation,19_GO:0002376 immune system process,-2.6,5.3,4.2,30293,30,953,5,0.52,0.23,1050|7099|7474|84868|90865,CEBPA|TLR4|WNT5A|HAVCR2|IL33,-1.4
MyList,GO Biological Processes,19,GO:0007021,tubulin complex assembly,19_GO:0009987 cellular process,-2.6,11,5.2,30293,9,953,3,0.31,0.18,1155|6902|7411,TBCB|TBCA|VBP1,-1.4
MyList,GO Biological Processes,19,GO:0071578,zinc ion import across plasma membrane,19_GO:0051179 localization,-2.6,11,5.2,30293,9,953,3,0.31,0.18,25800|201266|221074,SLC39A6|SLC39A11|SLC39A12,-1.4
MyList,GO Biological Processes,19,GO:0002767,immune response-inhibiting cell surface receptor signaling pathway,19_GO:0002376 immune system process,-2.6,11,5.2,30293,9,953,3,0.31,0.18,3821|4067|11006,KLRC1|LYN|LILRB4,-1.4
MyList,GO Biological Processes,19,GO:0061518,microglial cell proliferation,19_GO:0032502 developmental process,-2.6,11,5.2,30293,9,953,3,0.31,0.18,1191|90865|146433,CLU|IL33|IL34,-1.4
MyList,GO Biological Processes,19,GO:0048819,regulation of hair follicle maturation,19_GO:0032502 developmental process,-2.6,11,5.2,30293,9,953,3,0.31,0.18,7474|51083|55612,WNT5A|GAL|FERMT1,-1.4
MyList,GO Biological Processes,19,GO:0034635,glutathione transport,19_GO:0051179 localization,-2.6,11,5.2,30293,9,953,3,0.31,0.18,2697|4257|23657,GJA1|MGST1|SLC7A11,-1.4
MyList,GO Biological Processes,19,GO:0061517,macrophage proliferation,19_GO:0009987 cellular process,-2.6,11,5.2,30293,9,953,3,0.31,0.18,1191|90865|146433,CLU|IL33|IL34,-1.4
MyList,GO Biological Processes,19,GO:0022406,membrane docking,19_GO:0009987 cellular process,-2.6,3.1,3.7,30293,91,953,9,0.94,0.31,2054|5872|6810|6814|7430|8673|23673|51134|115827,STX2|RAB13|STX4|STXBP3|EZR|VAMP8|STX12|CEP83|RAB3C,-1.4
MyList,GO Biological Processes,19,GO:0003206,cardiac chamber morphogenesis,19_GO:0032502 developmental process,-2.6,2.8,3.6,30293,127,953,11,1.2,0.35,187|655|2535|5950|6091|6664|7474|8321|8829|26508|55636,APLNR|BMP7|FZD2|RBP4|ROBO1|SOX11|WNT5A|FZD1|NRP1|HEYL|CHD7,-1.4
MyList,GO Biological Processes,19,GO:0006575,cellular modified amino acid metabolic process,19_GO:0008152 metabolic process,-2.6,2.8,3.6,30293,127,953,11,1.2,0.35,33|223|445|501|1757|2628|5033|8424|23743|55349|129642,ACADL|ALDH9A1|ASS1|ALDH7A1|SARDH|GATM|P4HA1|BBOX1|BHMT2|CHDH|MBOAT2,-1.4
MyList,GO Biological Processes,19,GO:0045598,regulation of fat cell differentiation,19_GO:0032502 developmental process,-2.6,2.6,3.5,30293,146,953,12,1.3,0.36,240|655|677|678|1050|3638|6239|6422|7474|10413|10979|25937,ALOX5|BMP7|ZFP36L1|ZFP36L2|CEBPA|INSIG1|RREB1|SFRP1|WNT5A|YAP1|FERMT2|WWTR1,-1.4
MyList,GO Biological Processes,19,GO:0007610,behavior,19_GO:0032501 multicellular organismal process,-2.6,1.7,3.2,30293,616,953,33,3.5,0.59,238|348|590|1137|1272|1524|2059|2628|3784|3949|4988|5021|5028|5080|5764|5803|6335|6448|6623|7101|7248|7345|7436|7545|8704|8862|10882|23657|27253|51083|55636|116372|161582,ALK|APOE|BCHE|CHRNA4|CNTN1|CX3CR1|EPS8|GATM|KCNQ1|LDLR|OPRM1|OXTR|P2RY1|PAX6|PTN|PTPRZ1|SCN9A|SGSH|SNCG|NR2E1|TSC1|UCHL1|VLDLR|ZIC1|B4GALT2|APLN|C1QL1|SLC7A11|PCDH17|GAL|CHD7|LYPD1|DNAAF4,-1.4
MyList,GO Biological Processes,19,GO:0050863,regulation of T cell activation,19_GO:0002376 immune system process,-2.6,1.9,3.3,30293,380,953,23,2.4,0.5,199|865|923|975|1948|3109|4004|4067|4860|5588|5788|6441|6655|7409|7525|7805|9308|11006|57630|64926|84868|92196|654346,AIF1|CBFB|CD6|CD81|EFNB2|HLA-DMB|LMO1|LYN|PNP|PRKCQ|PTPRC|SFTPD|SOS2|VAV1|YES1|LAPTM5|CD83|LILRB4|SH3RF1|RASAL3|HAVCR2|DAPL1|LGALS9C,-1.4
MyList,GO Biological Processes,19,GO:0051250,negative regulation of lymphocyte activation,19_GO:0002376 immune system process,-2.6,2.5,3.5,30293,166,953,13,1.4,0.38,865|3149|4067|6422|6441|6664|7805|7940|11006|51083|84868|92196|654346,CBFB|HMGB3|LYN|SFRP1|SFTPD|SOX11|LAPTM5|LST1|LILRB4|GAL|HAVCR2|DAPL1|LGALS9C,-1.4
MyList,GO Biological Processes,19,GO:0032689,negative regulation of type II interferon production,19_GO:0048519 negative regulation of biological process,-2.6,4.3,4,30293,44,953,6,0.63,0.26,7099|7805|11006|84868|90865|654346,TLR4|LAPTM5|LILRB4|HAVCR2|IL33|LGALS9C,-1.4
MyList,GO Biological Processes,19,GO:0045761,regulation of adenylate cyclase activity,19_GO:0065007 biological regulation,-2.6,4.3,4,30293,44,953,6,0.63,0.26,136|154|1910|2771|2913|55366,ADORA2B|ADRB2|EDNRB|GNAI2|GRM3|LGR4,-1.4
MyList,GO Biological Processes,19,GO:0046849,bone remodeling,19_GO:0032501 multicellular organismal process,-2.6,4.3,4,30293,44,953,6,0.63,0.26,154|1200|2697|5764|29887|55366,ADRB2|TPP1|GJA1|PTN|SNX10|LGR4,-1.4
MyList,GO Biological Processes,19,GO:0061383,trabecula morphogenesis,19_GO:0032502 developmental process,-2.6,4.3,4,30293,44,953,6,0.63,0.26,655|1901|5950|6422|30061|55636,BMP7|S1PR1|RBP4|SFRP1|SLC40A1|CHD7,-1.4
MyList,GO Biological Processes,19,GO:0030501,positive regulation of bone mineralization,19_GO:0032502 developmental process,-2.6,4.3,4,30293,44,953,6,0.63,0.26,154|240|655|2824|5764|54361,ADRB2|ALOX5|BMP7|GPM6B|PTN|WNT4,-1.4
MyList,GO Biological Processes,19,GO:0048706,embryonic skeletal system development,19_GO:0032502 developmental process,-2.6,2.7,3.5,30293,128,953,11,1.2,0.35,655|4087|5125|5156|5396|5950|6664|7474|55959|64131|202018,BMP7|SMAD2|PCSK5|PDGFRA|PRRX1|RBP4|SOX11|WNT5A|SULF2|XYLT1|TAPT1,-1.4
MyList,GO Biological Processes,19,GO:0030177,positive regulation of Wnt signaling pathway,19_GO:0048518 positive regulation of biological process,-2.6,2.6,3.5,30293,147,953,12,1.3,0.36,2247|6299|6422|7474|10413|22881|23189|25805|55366|55959|57326|79971,FGF2|SALL1|SFRP1|WNT5A|YAP1|ANKRD6|KANK1|BAMBI|LGR4|SULF2|PBXIP1|WLS,-1.4
MyList,GO Biological Processes,19,GO:0032272,negative regulation of protein polymerization,19_GO:0048519 negative regulation of biological process,-2.6,3.4,3.7,30293,75,953,8,0.84,0.3,2059|5580|7114|9168|10382|22919|23189|85477,EPS8|PRKCD|TMSB4X|TMSB10|TUBB4A|MAPRE1|KANK1|SCIN,-1.4
MyList,GO Biological Processes,19,GO:0016239,positive regulation of macroautophagy,19_GO:0048518 positive regulation of biological process,-2.6,3.4,3.7,30293,75,953,8,0.84,0.3,154|3162|10715|26353|51100|51375|79443|112574,ADRB2|HMOX1|CERS1|HSPB8|SH3GLB1|SNX7|FYCO1|SNX18,-1.4
MyList,GO Biological Processes,19,GO:0001823,mesonephros development,19_GO:0032502 developmental process,-2.6,3.1,3.7,30293,92,953,9,0.94,0.31,655|2247|4087|5727|6299|6422|6662|54361|55083,BMP7|FGF2|SMAD2|PTCH1|SALL1|SFRP1|SOX9|WNT4|KIF26B,-1.4
MyList,GO Biological Processes,19,GO:0046879,hormone secretion,19_GO:0051179 localization,-2.6,3.1,3.7,30293,92,953,9,0.94,0.31,358|3784|4067|4087|6720|6814|8111|51083|94121,AQP1|KCNQ1|LYN|SMAD2|SREBF1|STXBP3|GPR68|GAL|SYTL4,-1.4
MyList,GO Biological Processes,19,GO:2000628,regulation of miRNA metabolic process,19_GO:0008152 metabolic process,-2.6,3.1,3.7,30293,92,953,9,0.94,0.31,2247|3725|4613|5080|6662|6720|7003|8862|11006,FGF2|JUN|MYCN|PAX6|SOX9|SREBF1|TEAD1|APLN|LILRB4,-1.4
MyList,GO Biological Processes,19,GO:1903050,regulation of proteolysis involved in protein catabolic process,19_GO:0008152 metabolic process,-2.6,2.2,3.4,30293,228,953,16,1.7,0.42,348|1050|1191|1452|2768|4983|7314|7805|9104|9491|26471|55170|57630|79016|90865|161582,APOE|CEBPA|CLU|CSNK1A1|GNA12|OPHN1|UBB|LAPTM5|RGN|PSMF1|NUPR1|PRMT6|SH3RF1|DDA1|IL33|DNAAF4,-1.4
MyList,GO Biological Processes,19,GO:0046718,viral entry into host cell,19_GO:0016032 viral process,-2.6,2.9,3.6,30293,110,953,10,1,0.33,975|1948|3949|5245|6404|6609|6993|7852|8673|8829,CD81|EFNB2|LDLR|PHB1|SELPLG|SMPD1|DYNLT1|CXCR4|VAMP8|NRP1,-1.3
MyList,GO Biological Processes,19,GO:0030595,leukocyte chemotaxis,19_GO:0040011 locomotion,-2.6,2.6,3.5,30293,148,953,12,1.3,0.36,240|1524|1901|1910|3689|5293|5764|6441|7409|7852|8792|9023,ALOX5|CX3CR1|S1PR1|EDNRB|ITGB2|PIK3CD|PTN|SFTPD|VAV1|CXCR4|TNFRSF11A|CH25H,-1.3
MyList,GO Biological Processes,19,GO:0003184,pulmonary valve morphogenesis,19_GO:0032502 developmental process,-2.6,6.7,4.5,30293,19,953,4,0.42,0.21,4087|4772|6091|26508,SMAD2|NFATC1|ROBO1|HEYL,-1.3
MyList,GO Biological Processes,19,GO:0009310,amine catabolic process,19_GO:0008152 metabolic process,-2.6,6.7,4.5,30293,19,953,4,0.42,0.21,501|3176|4129|55349,ALDH7A1|HNMT|MAOB|CHDH,-1.3
MyList,GO Biological Processes,19,GO:0042402,cellular biogenic amine catabolic process,19_GO:0008152 metabolic process,-2.6,6.7,4.5,30293,19,953,4,0.42,0.21,501|3176|4129|55349,ALDH7A1|HNMT|MAOB|CHDH,-1.3
MyList,GO Biological Processes,19,GO:0060977,coronary vasculature morphogenesis,19_GO:0032502 developmental process,-2.6,6.7,4.5,30293,19,953,4,0.42,0.21,2247|6444|8829|161742,FGF2|SGCD|NRP1|SPRED1,-1.3
MyList,GO Biological Processes,19,GO:0001938,positive regulation of endothelial cell proliferation,19_GO:0048518 positive regulation of biological process,-2.6,2.9,3.5,30293,111,953,10,1,0.33,187|2247|3162|4893|5293|6776|7474|8829|8862|56005,APLNR|FGF2|HMOX1|NRAS|PIK3CD|STAT5A|WNT5A|NRP1|APLN|MYDGF,-1.3
MyList,GO Biological Processes,19,GO:0034612,response to tumor necrosis factor,19_GO:0050896 response to stimulus,-2.6,2.3,3.4,30293,209,953,15,1.6,0.4,330|445|677|678|1050|1524|2635|3987|4772|6422|6609|7114|8792|10758|349565,BIRC3|ASS1|ZFP36L1|ZFP36L2|CEBPA|CX3CR1|GBP3|LIMS1|NFATC1|SFRP1|SMPD1|TMSB4X|TNFRSF11A|TRAF3IP2|NMNAT3,-1.3
MyList,GO Biological Processes,19,GO:0090092,regulation of transmembrane receptor protein serine/threonine kinase signaling pathway,19_GO:0050896 response to stimulus,-2.6,2,3.2,30293,317,953,20,2.1,0.46,655|2734|3175|4087|5654|6422|6664|7130|7474|8321|25805|54756|54976|55612|56884|63976|64081|84312|161742|388585,BMP7|GLG1|ONECUT1|SMAD2|HTRA1|SFRP1|SOX11|TNFAIP6|WNT5A|FZD1|BAMBI|IL17RD|ADISSP|FERMT1|FSTL5|PRDM16|PBLD|BRMS1L|SPRED1|HES5,-1.3
MyList,GO Biological Processes,19,GO:0035108,limb morphogenesis,19_GO:0032502 developmental process,-2.6,2.6,3.4,30293,149,953,12,1.3,0.36,655|2697|2768|5125|5396|5727|6299|6662|7474|27152|51222|55636,BMP7|GJA1|GNA12|PCSK5|PRRX1|PTCH1|SALL1|SOX9|WNT5A|INTU|ZNF219|CHD7,-1.3
MyList,GO Biological Processes,19,GO:0035107,appendage morphogenesis,19_GO:0032502 developmental process,-2.6,2.6,3.4,30293,149,953,12,1.3,0.36,655|2697|2768|5125|5396|5727|6299|6662|7474|27152|51222|55636,BMP7|GJA1|GNA12|PCSK5|PRRX1|PTCH1|SALL1|SOX9|WNT5A|INTU|ZNF219|CHD7,-1.3
MyList,GO Biological Processes,19,GO:0032970,regulation of actin filament-based process,19_GO:0050789 regulation of biological process,-2.6,1.9,3.2,30293,385,953,23,2.4,0.5,71|1901|1955|2059|2824|4868|5154|5156|5580|5987|6422|7114|7248|8829|9168|9535|10979|11170|23189|23580|27236|54361|85477,ACTG1|S1PR1|MEGF9|EPS8|GPM6B|NPHS1|PDGFA|PDGFRA|PRKCD|TRIM27|SFRP1|TMSB4X|TSC1|NRP1|TMSB10|GMFG|FERMT2|FAM107A|KANK1|CDC42EP4|ARFIP1|WNT4|SCIN,-1.3
MyList,GO Biological Processes,19,GO:0071902,positive regulation of protein serine/threonine kinase activity,19_GO:0048518 positive regulation of biological process,-2.6,2.7,3.5,30293,130,953,11,1.2,0.35,154|493|2247|5154|6091|7099|7474|8792|10979|23328|146433,ADRB2|ATP2B4|FGF2|PDGFA|ROBO1|TLR4|WNT5A|TNFRSF11A|FERMT2|SASH1|IL34,-1.3
MyList,GO Biological Processes,19,GO:0042113,B cell activation,19_GO:0002376 immune system process,-2.6,2.4,3.4,30293,189,953,14,1.5,0.39,952|1137|1316|3175|5245|5293|5580|5788|7099|7462|8935|9734|10758|112616,CD38|CHRNA4|KLF6|ONECUT1|PHB1|PIK3CD|PRKCD|PTPRC|TLR4|LAT2|SKAP2|HDAC9|TRAF3IP2|CMTM7,-1.3
MyList,GO Biological Processes,19,GO:0022900,electron transport chain,19_GO:0008152 metabolic process,-2.6,2.4,3.4,30293,169,953,13,1.4,0.38,217|1109|1536|2109|2110|4129|4199|4718|8574|8630|26227|29103|83733,ALDH2|AKR1C4|CYBB|ETFB|ETFDH|MAOB|ME1|NDUFC2|AKR7A2|HSD17B6|PHGDH|DNAJC15|SLC25A18,-1.3
MyList,GO Biological Processes,19,GO:0070482,response to oxygen levels,19_GO:0050896 response to stimulus,-2.6,2,3.2,30293,340,953,21,2.2,0.48,205|358|655|677|952|1137|1536|3162|3741|4504|5021|6422|6657|7184|7248|7852|10449|51129|54541|126374|221074,AK4|AQP1|BMP7|ZFP36L1|CD38|CHRNA4|CYBB|HMOX1|KCNA5|MT3|OXTR|SFRP1|SOX2|HSP90B1|TSC1|CXCR4|ACAA2|ANGPTL4|DDIT4|WTIP|SLC39A12,-1.3
MyList,GO Biological Processes,19,GO:0051090,regulation of DNA-binding transcription factor activity,19_GO:0008152 metabolic process,-2.6,1.9,3.2,30293,386,953,23,2.4,0.5,190|238|307|408|655|1191|2535|3162|3275|5588|5727|5987|7099|7474|8321|8613|8792|10346|26471|26508|84868|170622|284434,NR0B1|ALK|ANXA4|ARRB1|BMP7|CLU|FZD2|HMOX1|PRMT2|PRKCQ|PTCH1|TRIM27|TLR4|WNT5A|FZD1|PLPP3|TNFRSF11A|TRIM22|NUPR1|HEYL|HAVCR2|COMMD6|NWD1,-1.3
MyList,GO Biological Processes,19,GO:0044409,entry into host,19_GO:0044419 biological process involved in interspecies interaction between organisms,-2.5,2.8,3.5,30293,112,953,10,1,0.33,975|1948|3949|5245|6404|6609|6993|7852|8673|8829,CD81|EFNB2|LDLR|PHB1|SELPLG|SMPD1|DYNLT1|CXCR4|VAMP8|NRP1,-1.3
MyList,GO Biological Processes,19,GO:0046660,female sex differentiation,19_GO:0022414 reproductive process,-2.5,2.8,3.5,30293,112,953,10,1,0.33,2|5156|5950|6422|7130|7314|7474|25976|54361|55636,A2M|PDGFRA|RBP4|SFRP1|TNFAIP6|UBB|WNT5A|TIPARP|WNT4|CHD7,-1.3
MyList,GO Biological Processes,19,GO:0044703,multi-organism reproductive process,19_GO:0022414 reproductive process,-2.5,2.3,3.3,30293,190,953,14,1.5,0.39,113|780|952|1307|3691|5021|5125|5764|7372|8909|51673|53405|54361|84868,ADCY7|DDR1|CD38|COL16A1|ITGB4|OXTR|PCSK5|PTN|UMPS|ENDOU|TPPP3|CLIC5|WNT4|HAVCR2,-1.3
MyList,GO Biological Processes,19,GO:0045921,positive regulation of exocytosis,19_GO:0051179 localization,-2.5,3.3,3.6,30293,77,953,8,0.84,0.3,136|3689|3822|5874|6810|8447|8673|94121,ADORA2B|ITGB2|KLRC2|RAB27B|STX4|DOC2B|VAMP8|SYTL4,-1.3
MyList,GO Biological Processes,19,GO:0035304,regulation of protein dephosphorylation,19_GO:0008152 metabolic process,-2.5,3.3,3.6,30293,77,953,8,0.84,0.3,2768|5580|5788|6609|7184|7248|57718|121665,GNA12|PRKCD|PTPRC|SMPD1|HSP90B1|TSC1|PPP4R4|SPPL3,-1.3
MyList,GO Biological Processes,19,GO:0043409,negative regulation of MAPK cascade,19_GO:0048519 negative regulation of biological process,-2.5,2.4,3.4,30293,170,953,13,1.4,0.38,348|2950|4067|5245|5580|5788|6609|7099|7345|7430|11006|81848|161742,APOE|GSTP1|LYN|PHB1|PRKCD|PTPRC|SMPD1|TLR4|UCHL1|EZR|LILRB4|SPRY4|SPRED1,-1.3
MyList,GO Biological Processes,19,GO:0050864,regulation of B cell activation,19_GO:0002376 immune system process,-2.5,2.7,3.5,30293,131,953,11,1.2,0.35,677|678|952|975|3149|4067|5788|6422|7099|7805|30011,ZFP36L1|ZFP36L2|CD38|CD81|HMGB3|LYN|PTPRC|SFRP1|TLR4|LAPTM5|SH3KBP1,-1.3
MyList,GO Biological Processes,19,GO:0019439,aromatic compound catabolic process,19_GO:0008152 metabolic process,-2.5,1.9,3.2,30293,388,953,23,2.4,0.5,30|677|678|2023|2052|2053|2184|3162|3176|4129|4860|5436|5445|8635|9939|10247|22875|23034|30833|51071|51092|79873|115752,ACAA1|ZFP36L1|ZFP36L2|ENO1|EPHX1|EPHX2|FAH|HMOX1|HNMT|MAOB|PNP|POLR2G|PON2|RNASET2|RBM8A|RIDA|ENPP4|SAMD4A|NT5C|DERA|SIDT2|NUDT18|DIS3L,-1.3
MyList,GO Biological Processes,19,GO:0005996,monosaccharide metabolic process,19_GO:0008152 metabolic process,-2.5,2.3,3.3,30293,191,953,14,1.5,0.39,2023|2171|3175|3784|4351|5950|6576|9104|55277|84750|92126|113189|115209|130589,ENO1|FABP5|ONECUT1|KCNQ1|MPI|RBP4|SLC25A1|RGN|FGGY|FUT10|DSEL|CHST14|OMA1|GALM,-1.3
MyList,GO Biological Processes,19,GO:0120161,regulation of cold-induced thermogenesis,19_GO:0042592 homeostatic process,-2.5,2.5,3.4,30293,151,953,12,1.3,0.36,33|154|2171|2628|2697|2887|5021|7099|7852|55366|63976|115209,ACADL|ADRB2|FABP5|GATM|GJA1|GRB10|OXTR|TLR4|CXCR4|LGR4|PRDM16|OMA1,-1.3
MyList,GO Biological Processes,19,GO:0061036,positive regulation of cartilage development,19_GO:0032502 developmental process,-2.5,5,4,30293,32,953,5,0.52,0.23,6660|6662|7474|51222|202018,SOX5|SOX9|WNT5A|ZNF219|TAPT1,-1.3
MyList,GO Biological Processes,19,GO:0031128,developmental induction,19_GO:0032502 developmental process,-2.5,5,4,30293,32,953,5,0.52,0.23,2247|6091|6299|6662|54361,FGF2|ROBO1|SALL1|SOX9|WNT4,-1.3
MyList,GO Biological Processes,19,GO:0007431,salivary gland development,19_GO:0032502 developmental process,-2.5,5,4,30293,32,953,5,0.52,0.23,655|5080|5361|8829|284217,BMP7|PAX6|PLXNA1|NRP1|LAMA1,-1.3
MyList,GO Biological Processes,19,GO:0048588,developmental cell growth,19_GO:0040007 growth,-2.5,2.8,3.5,30293,113,953,10,1,0.33,780|3275|5361|6662|7474|8829|55364|66000|81628|221074,DDR1|PRMT2|PLXNA1|SOX9|WNT5A|NRP1|IMPACT|TMEM108|TSC22D4|SLC39A12,-1.3
MyList,GO Biological Processes,19,GO:1903035,negative regulation of response to wounding,19_GO:0048519 negative regulation of biological process,-2.5,3,3.5,30293,95,953,9,0.94,0.31,240|348|2247|5154|5156|5580|54361|58189|90865,ALOX5|APOE|FGF2|PDGFA|PDGFRA|PRKCD|WNT4|WFDC1|IL33,-1.3
MyList,GO Biological Processes,19,GO:0003073,regulation of systemic arterial blood pressure,19_GO:0032501 multicellular organismal process,-2.5,3,3.5,30293,95,953,9,0.94,0.31,147|154|1910|5021|5125|6518|7873|23576|143872,ADRA1B|ADRB2|EDNRB|OXTR|PCSK5|SLC2A5|MANF|DDAH1|ARHGAP42,-1.3
MyList,GO Biological Processes,19,GO:0050856,regulation of T cell receptor signaling pathway,19_GO:0002376 immune system process,-2.5,4.1,3.8,30293,46,953,6,0.63,0.26,975|7430|7805|8934|11006|29085,CD81|EZR|LAPTM5|RAB29|LILRB4|PHPT1,-1.3
MyList,GO Biological Processes,19,GO:0048713,regulation of oligodendrocyte differentiation,19_GO:0032502 developmental process,-2.5,4.1,3.8,30293,46,953,6,0.63,0.26,5764|5803|7852|90865|146433|388585,PTN|PTPRZ1|CXCR4|IL33|IL34|HES5,-1.3
MyList,GO Biological Processes,19,GO:0019748,secondary metabolic process,19_GO:0008152 metabolic process,-2.5,4.1,3.8,30293,46,953,6,0.63,0.26,1109|1645|8574|8644|27233|56898,AKR1C4|AKR1C1|AKR7A2|AKR1C3|SULT1C4|BDH2,-1.3
MyList,GO Biological Processes,19,GO:0099188,postsynaptic cytoskeleton organization,19_GO:0009987 cellular process,-2.5,6.4,4.3,30293,20,953,4,0.42,0.21,71|7430|10160|28988,ACTG1|EZR|FARP1|DBNL,-1.3
MyList,GO Biological Processes,19,GO:2001185,"regulation of CD8-positive, alpha-beta T cell activation",19_GO:0002376 immune system process,-2.5,6.4,4.3,30293,20,953,4,0.42,0.21,865|11006|57630|92196,CBFB|LILRB4|SH3RF1|DAPL1,-1.3
MyList,GO Biological Processes,19,GO:1903689,"regulation of wound healing, spreading of epidermal cells",19_GO:0040011 locomotion,-2.5,9.5,4.9,30293,10,953,3,0.31,0.18,6239|10979|55612,RREB1|FERMT2|FERMT1,-1.3
MyList,GO Biological Processes,19,GO:0061299,retina vasculature morphogenesis in camera-type eye,19_GO:0032502 developmental process,-2.5,9.5,4.9,30293,10,953,3,0.31,0.18,8829|57381|284217,NRP1|RHOJ|LAMA1,-1.3
MyList,GO Biological Processes,19,GO:0036109,alpha-linolenic acid metabolic process,19_GO:0008152 metabolic process,-2.5,9.5,4.9,30293,10,953,3,0.31,0.18,30|3992|9415,ACAA1|FADS1|FADS2,-1.3
MyList,GO Biological Processes,19,GO:0009155,purine deoxyribonucleotide catabolic process,19_GO:0008152 metabolic process,-2.5,9.5,4.9,30293,10,953,3,0.31,0.18,4860|30833|79873,PNP|NT5C|NUDT18,-1.3
MyList,GO Biological Processes,19,GO:2000271,positive regulation of fibroblast apoptotic process,19_GO:0048518 positive regulation of biological process,-2.5,9.5,4.9,30293,10,953,3,0.31,0.18,6422|9263|26471,SFRP1|STK17A|NUPR1,-1.3
MyList,GO Biological Processes,19,GO:0051660,establishment of centrosome localization,19_GO:0051179 localization,-2.5,9.5,4.9,30293,10,953,3,0.31,0.18,7430|51134|117583,EZR|CEP83|PARD3B,-1.3
MyList,GO Biological Processes,19,GO:0051238,sequestering of metal ion,19_GO:0051179 localization,-2.5,9.5,4.9,30293,10,953,3,0.31,0.18,2495|2512|56898,FTH1|FTL|BDH2,-1.3
MyList,GO Biological Processes,19,GO:0051897,positive regulation of phosphatidylinositol 3-kinase/protein kinase B signal transduction,19_GO:0048518 positive regulation of biological process,-2.5,2.4,3.3,30293,172,953,13,1.4,0.38,1524|2247|2261|5154|5156|5245|6662|8644|10870|10979|55615|56005|151176,CX3CR1|FGF2|FGFR3|PDGFA|PDGFRA|PHB1|SOX9|AKR1C3|HCST|FERMT2|PRR5|MYDGF|ERFE,-1.3
MyList,GO Biological Processes,19,GO:0048640,negative regulation of developmental growth,19_GO:0040007 growth,-2.5,2.8,3.4,30293,114,953,10,1,0.33,154|393|2261|4504|5727|5950|7474|8829|23286|221476,ADRB2|ARHGAP4|FGFR3|MT3|PTCH1|RBP4|WNT5A|NRP1|WWC1|PI16,-1.3
MyList,GO Biological Processes,19,GO:1900024,regulation of substrate adhesion-dependent cell spreading,19_GO:0050789 regulation of biological process,-2.5,3.6,3.7,30293,62,953,7,0.73,0.28,3987|6239|6480|8829|10979|23189|81848,LIMS1|RREB1|ST6GAL1|NRP1|FERMT2|KANK1|SPRY4,-1.3
MyList,GO Biological Processes,19,GO:0060537,muscle tissue development,19_GO:0032502 developmental process,-2.5,1.9,3.1,30293,345,953,21,2.2,0.48,70|655|1901|2139|2697|4637|4868|5156|5727|5950|6444|6662|6664|7248|7474|8736|25976|26471|26508|30008|55636,ACTC1|BMP7|S1PR1|EYA2|GJA1|MYL6|NPHS1|PDGFRA|PTCH1|RBP4|SGCD|SOX9|SOX11|TSC1|WNT5A|MYOM1|TIPARP|NUPR1|HEYL|EFEMP2|CHD7,-1.3
MyList,GO Biological Processes,19,GO:0051260,protein homooligomerization,19_GO:0009987 cellular process,-2.5,2.3,3.3,30293,193,953,14,1.5,0.39,223|361|3028|3741|3768|4199|6094|8001|79047|83862|84282|115207|154881|200845,ALDH9A1|AQP4|HSD17B10|KCNA5|KCNJ12|ME1|ROM1|GLRA3|KCTD15|TMEM120A|RNF135|KCTD12|KCTD7|KCTD6,-1.2
MyList,GO Biological Processes,19,GO:0051216,cartilage development,19_GO:0032502 developmental process,-2.5,2.4,3.3,30293,173,953,13,1.4,0.38,655|2247|2261|5396|6660|6662|7045|7474|7477|55959|57326|202018|388585,BMP7|FGF2|FGFR3|PRRX1|SOX5|SOX9|TGFBI|WNT5A|WNT7B|SULF2|PBXIP1|TAPT1|HES5,-1.2
MyList,GO Biological Processes,19,GO:0045685,regulation of glial cell differentiation,19_GO:0032502 developmental process,-2.5,3.2,3.6,30293,79,953,8,0.84,0.3,3949|5764|5803|7101|7852|90865|146433|388585,LDLR|PTN|PTPRZ1|NR2E1|CXCR4|IL33|IL34|HES5,-1.2
MyList,GO Biological Processes,19,GO:0008089,anterograde axonal transport,19_GO:0051179 localization,-2.5,4.1,3.8,30293,47,953,6,0.63,0.26,1176|1740|5874|84062|127829|282991,AP3S1|DLG2|RAB27B|DTNBP1|ARL8A|BLOC1S2,-1.2
MyList,GO Biological Processes,19,GO:0098926,postsynaptic signal transduction,19_GO:0050896 response to stimulus,-2.5,4.1,3.8,30293,47,953,6,0.63,0.26,1137|2771|4062|4988|6001|116372,CHRNA4|GNAI2|LY6H|OPRM1|RGS10|LYPD1,-1.2
MyList,GO Biological Processes,19,GO:1905314,semi-lunar valve development,19_GO:0032502 developmental process,-2.5,4.1,3.8,30293,47,953,6,0.63,0.26,1009|4087|4772|6091|6662|26508,CDH11|SMAD2|NFATC1|ROBO1|SOX9|HEYL,-1.2
MyList,GO Biological Processes,19,GO:0061005,cell differentiation involved in kidney development,19_GO:0032502 developmental process,-2.5,4.1,3.8,30293,47,953,6,0.63,0.26,1910|4868|5727|6299|54361|55366,EDNRB|NPHS1|PTCH1|SALL1|WNT4|LGR4,-1.2
MyList,GO Biological Processes,19,GO:0048806,genitalia development,19_GO:0022414 reproductive process,-2.5,4.1,3.8,30293,47,953,6,0.63,0.26,1718|5156|5950|7474|55366|55636,DHCR24|PDGFRA|RBP4|WNT5A|LGR4|CHD7,-1.2
MyList,GO Biological Processes,19,GO:0014003,oligodendrocyte development,19_GO:0032502 developmental process,-2.5,4.1,3.8,30293,47,953,6,0.63,0.26,1191|1272|2824|4067|6664|388585,CLU|CNTN1|GPM6B|LYN|SOX11|HES5,-1.2
MyList,GO Biological Processes,19,GO:0016049,cell growth,19_GO:0040007 growth,-2.5,2.8,3.4,30293,115,953,10,1,0.33,780|3275|5361|6662|7474|8829|55364|66000|81628|221074,DDR1|PRMT2|PLXNA1|SOX9|WNT5A|NRP1|IMPACT|TMEM108|TSC22D4|SLC39A12,-1.2
MyList,GO Biological Processes,19,GO:0006163,purine nucleotide metabolic process,19_GO:0008152 metabolic process,-2.5,1.8,3.1,30293,463,953,26,2.7,0.53,113|205|952|1740|2023|2639|3157|3418|4199|4598|4718|4860|5636|6576|8460|9200|9414|23205|27233|30833|51071|55191|79873|80221|84532|349565,ADCY7|AK4|CD38|DLG2|ENO1|GCDH|HMGCS1|IDH2|ME1|MVK|NDUFC2|PNP|PRPSAP2|SLC25A1|TPST1|HACD1|TJP2|ACSBG1|SULT1C4|NT5C|DERA|NADSYN1|NUDT18|ACSF2|ACSS1|NMNAT3,-1.2
MyList,GO Biological Processes,19,GO:0070741,response to interleukin-6,19_GO:0050896 response to stimulus,-2.5,4.8,4,30293,33,953,5,0.52,0.23,1050|5245|6404|9646|10413,CEBPA|PHB1|SELPLG|CTR9|YAP1,-1.2
MyList,GO Biological Processes,19,GO:0140467,integrated stress response signaling,19_GO:0050896 response to stimulus,-2.5,4.8,4,30293,33,953,5,0.52,0.23,1050|3725|55364|55509|115209,CEBPA|JUN|IMPACT|BATF3|OMA1,-1.2
MyList,GO Biological Processes,19,GO:0000038,very long-chain fatty acid metabolic process,19_GO:0008152 metabolic process,-2.5,4.8,4,30293,33,953,5,0.52,0.23,30|8309|9200|23205|28965,ACAA1|ACOX2|HACD1|ACSBG1|SLC27A6,-1.2
MyList,GO Biological Processes,19,GO:0140747,regulation of ncRNA transcription,19_GO:0008152 metabolic process,-2.5,2.9,3.5,30293,97,953,9,0.94,0.31,2247|3725|4613|5080|6662|6720|7003|8862|11006,FGF2|JUN|MYCN|PAX6|SOX9|SREBF1|TEAD1|APLN|LILRB4,-1.2
MyList,GO Biological Processes,19,GO:0048762,mesenchymal cell differentiation,19_GO:0032502 developmental process,-2.4,2.4,3.3,30293,174,953,13,1.4,0.38,655|1910|5080|6422|6662|7474|8829|25800|25937|26508|54361|147906|202018,BMP7|EDNRB|PAX6|SFRP1|SOX9|WNT5A|NRP1|SLC39A6|WWTR1|HEYL|WNT4|DACT3|TAPT1,-1.2
MyList,GO Biological Processes,19,GO:0002090,regulation of receptor internalization,19_GO:0051179 localization,-2.4,3.5,3.6,30293,63,953,7,0.73,0.28,408|967|1948|4983|8862|54550|84062,ARRB1|CD63|EFNB2|OPHN1|APLN|NECAB2|DTNBP1,-1.2
MyList,GO Biological Processes,19,GO:0071384,cellular response to corticosteroid stimulus,19_GO:0050896 response to stimulus,-2.4,3.5,3.6,30293,63,953,7,0.73,0.28,358|445|677|678|8644|11170|54541,AQP1|ASS1|ZFP36L1|ZFP36L2|AKR1C3|FAM107A|DDIT4,-1.2
MyList,GO Biological Processes,19,GO:0048278,vesicle docking,19_GO:0051179 localization,-2.4,3.5,3.6,30293,63,953,7,0.73,0.28,2054|5872|6810|6814|23673|51134|115827,STX2|RAB13|STX4|STXBP3|STX12|CEP83|RAB3C,-1.2
MyList,GO Biological Processes,19,GO:0034109,homotypic cell-cell adhesion,19_GO:0009987 cellular process,-2.4,3.5,3.6,30293,63,953,7,0.73,0.28,71|4267|5156|6814|8613|9414|23657,ACTG1|CD99|PDGFRA|STXBP3|PLPP3|TJP2|SLC7A11,-1.2
MyList,GO Biological Processes,19,GO:0045860,positive regulation of protein kinase activity,19_GO:0048518 positive regulation of biological process,-2.4,2.1,3.2,30293,259,953,17,1.8,0.43,154|493|2247|4504|5154|5245|5580|5788|6091|7098|7099|7474|8792|10979|23328|133619|146433,ADRB2|ATP2B4|FGF2|MT3|PDGFA|PHB1|PRKCD|PTPRC|ROBO1|TLR3|TLR4|WNT5A|TNFRSF11A|FERMT2|SASH1|PRRC1|IL34,-1.2
MyList,GO Biological Processes,19,GO:0007492,endoderm development,19_GO:0032502 developmental process,-2.4,3.2,3.5,30293,80,953,8,0.84,0.3,190|677|3175|3281|3689|4087|6657|9646,NR0B1|ZFP36L1|ONECUT1|HSBP1|ITGB2|SMAD2|SOX2|CTR9,-1.2
MyList,GO Biological Processes,19,GO:1990138,neuron projection extension,19_GO:0040007 growth,-2.4,3.2,3.5,30293,80,953,8,0.84,0.3,780|5361|7474|8829|55364|66000|81628|221074,DDR1|PLXNA1|WNT5A|NRP1|IMPACT|TMEM108|TSC22D4|SLC39A12,-1.2
MyList,GO Biological Processes,19,GO:1903036,positive regulation of response to wounding,19_GO:0048518 positive regulation of biological process,-2.4,3.2,3.5,30293,80,953,8,0.84,0.3,71|5764|6239|7852|10979|22875|23189|55612,ACTG1|PTN|RREB1|CXCR4|FERMT2|ENPP4|KANK1|FERMT1,-1.2
MyList,GO Biological Processes,19,GO:0051604,protein maturation,19_GO:0008152 metabolic process,-2.4,1.8,3,30293,489,953,27,2.8,0.54,590|834|1155|1191|1512|1718|2734|5125|5202|5727|5768|5824|6902|7184|7411|10549|23184|27000|29100|63901|64215|64374|84750|90701|115209|121665|340348,BCHE|CASP1|TBCB|CLU|CTSH|DHCR24|GLG1|PCSK5|PFDN2|PTCH1|QSOX1|PEX19|TBCA|HSP90B1|VBP1|PRDX4|MESD|DNAJC2|TMEM208|FAM111A|DNAJC1|SIL1|FUT10|SEC11C|OMA1|SPPL3|TSPAN33,-1.2
MyList,GO Biological Processes,19,GO:0051251,positive regulation of lymphocyte activation,19_GO:0002376 immune system process,-2.4,2,3.1,30293,326,953,20,2.1,0.46,199|865|923|952|975|1948|2214|3109|4067|4860|5588|5788|7099|7409|7525|9308|11006|30011|64926|84868,AIF1|CBFB|CD6|CD38|CD81|EFNB2|FCGR3A|HLA-DMB|LYN|PNP|PRKCQ|PTPRC|TLR4|VAV1|YES1|CD83|LILRB4|SH3KBP1|RASAL3|HAVCR2,-1.2
MyList,GO Biological Processes,19,GO:0006366,transcription by RNA polymerase II,19_GO:0008152 metabolic process,-2.4,1.9,3.1,30293,395,953,23,2.4,0.5,154|865|1871|2247|2963|5080|5396|5436|6239|6660|6662|6720|6920|8458|8544|9070|9646|29079|30061|55250|55636|80227|84661,ADRB2|CBFB|E2F3|FGF2|GTF2F2|PAX6|PRRX1|POLR2G|RREB1|SOX5|SOX9|SREBF1|TCEA3|TTF2|PIR|ASH2L|CTR9|MED4|SLC40A1|ELP2|CHD7|PAAF1|DPY30,-1.2
MyList,GO Biological Processes,19,GO:0080135,regulation of cellular response to stress,19_GO:0050896 response to stimulus,-2.4,1.6,3,30293,661,953,34,3.6,0.6,240|655|1032|1191|2023|2139|2950|3638|4067|4988|5052|5396|5764|5792|7098|7099|7430|7474|7477|7873|8444|8451|9274|22881|23043|23328|23576|23657|26471|27000|57599|57630|78990|161742,ALOX5|BMP7|CDKN2D|CLU|ENO1|EYA2|GSTP1|INSIG1|LYN|OPRM1|PRDX1|PRRX1|PTN|PTPRF|TLR3|TLR4|EZR|WNT5A|WNT7B|MANF|DYRK3|CUL4A|BCL7C|ANKRD6|TNIK|SASH1|DDAH1|SLC7A11|NUPR1|DNAJC2|WDR48|SH3RF1|OTUB2|SPRED1,-1.2
MyList,GO Biological Processes,19,GO:0060425,lung morphogenesis,19_GO:0032502 developmental process,-2.4,4,3.7,30293,48,953,6,0.63,0.26,1512|6662|6664|7477|10413|284217,CTSH|SOX9|SOX11|WNT7B|YAP1|LAMA1,-1.2
MyList,GO Biological Processes,19,GO:0060976,coronary vasculature development,19_GO:0032502 developmental process,-2.4,4,3.7,30293,48,953,6,0.63,0.26,187|2247|6444|8829|8862|161742,APLNR|FGF2|SGCD|NRP1|APLN|SPRED1,-1.2
MyList,GO Biological Processes,19,GO:0030073,insulin secretion,19_GO:0051179 localization,-2.4,4,3.7,30293,48,953,6,0.63,0.26,4087|6720|6814|8111|51083|94121,SMAD2|SREBF1|STXBP3|GPR68|GAL|SYTL4,-1.2
MyList,GO Biological Processes,19,GO:0002861,regulation of inflammatory response to antigenic stimulus,19_GO:0002376 immune system process,-2.4,4,3.7,30293,48,953,6,0.63,0.26,718|975|2840|4067|7525|79651,C3|CD81|GPR17|LYN|YES1|RHBDF2,-1.2
MyList,GO Biological Processes,19,GO:0060008,Sertoli cell differentiation,19_GO:0022414 reproductive process,-2.4,6.1,4.2,30293,21,953,4,0.42,0.21,190|5872|6662|54361,NR0B1|RAB13|SOX9|WNT4,-1.2
MyList,GO Biological Processes,19,GO:0002042,cell migration involved in sprouting angiogenesis,19_GO:0032502 developmental process,-2.4,6.1,4.2,30293,21,953,4,0.42,0.21,1948|2247|6091|8829,EFNB2|FGF2|ROBO1|NRP1,-1.2
MyList,GO Biological Processes,19,GO:0010829,negative regulation of glucose transmembrane transport,19_GO:0051179 localization,-2.4,6.1,4.2,30293,21,953,4,0.42,0.21,2171|2887|6814|8682,FABP5|GRB10|STXBP3|PEA15,-1.2
MyList,GO Biological Processes,19,GO:2000738,positive regulation of stem cell differentiation,19_GO:0032502 developmental process,-2.4,6.1,4.2,30293,21,953,4,0.42,0.21,2247|5764|6660|6662,FGF2|PTN|SOX5|SOX9,-1.2
MyList,GO Biological Processes,19,GO:0001667,ameboidal-type cell migration,19_GO:0009987 cellular process,-2.4,2.3,3.2,30293,196,953,14,1.5,0.39,358|1910|1948|2247|3691|5080|5872|6091|7474|8829|23189|55612|147372|340719,AQP1|EDNRB|EFNB2|FGF2|ITGB4|PAX6|RAB13|ROBO1|WNT5A|NRP1|KANK1|FERMT1|CCBE1|NANOS1,-1.2
MyList,GO Biological Processes,19,GO:1903828,negative regulation of protein localization,19_GO:0051179 localization,-2.4,2.2,3.2,30293,217,953,15,1.6,0.4,348|1595|2824|3638|4988|6422|6720|7013|9500|11006|55612|55968|79651|94121|116372,APOE|CYP51A1|GPM6B|INSIG1|OPRM1|SFRP1|SREBF1|TERF1|MAGED1|LILRB4|FERMT1|NSFL1C|RHBDF2|SYTL4|LYPD1,-1.2
MyList,GO Biological Processes,19,GO:0043122,regulation of canonical NF-kappaB signal transduction,19_GO:0050896 response to stimulus,-2.4,2,3.1,30293,282,953,18,1.9,0.44,330|834|1524|2697|2950|3162|3987|6284|7098|7099|7114|7474|9516|10346|10758|11006|57153|79971,BIRC3|CASP1|CX3CR1|GJA1|GSTP1|HMOX1|LIMS1|S100A13|TLR3|TLR4|TMSB4X|WNT5A|LITAF|TRIM22|TRAF3IP2|LILRB4|SLC44A2|WLS,-1.2
MyList,GO Biological Processes,19,GO:0006022,aminoglycan metabolic process,19_GO:0008152 metabolic process,-2.4,2.7,3.4,30293,117,953,10,1,0.33,1910|2247|4166|6448|7130|9469|64131|83539|92126|113189,EDNRB|FGF2|CHST6|SGSH|TNFAIP6|CHST3|XYLT1|CHST9|DSEL|CHST14,-1.2
MyList,GO Biological Processes,19,GO:0006633,fatty acid biosynthetic process,19_GO:0008152 metabolic process,-2.4,2.7,3.4,30293,117,953,10,1,0.33,240|2950|3992|3995|8644|9200|9415|23205|79966|84532,ALOX5|GSTP1|FADS1|FADS3|AKR1C3|HACD1|FADS2|ACSBG1|SCD5|ACSS1,-1.2
MyList,GO Biological Processes,19,GO:0008654,phospholipid biosynthetic process,19_GO:0008152 metabolic process,-2.4,2.1,3.2,30293,239,953,16,1.7,0.42,2171|3157|3422|3992|4598|5293|8897|11145|22845|54947|57153|57171|80339|129642|221395|253558,FABP5|HMGCS1|IDI1|FADS1|MVK|PIK3CD|MTMR3|PLAAT3|DOLK|LPCAT2|SLC44A2|DOLPP1|PNPLA3|MBOAT2|ADGRF5|LCLAT1,-1.2
MyList,GO Biological Processes,19,GO:0030178,negative regulation of Wnt signaling pathway,19_GO:0048519 negative regulation of biological process,-2.4,2.3,3.2,30293,176,953,13,1.4,0.38,348|1452|2887|6422|6657|6662|7474|8321|22881|25937|55612|64359|147906,APOE|CSNK1A1|GRB10|SFRP1|SOX2|SOX9|WNT5A|FZD1|ANKRD6|WWTR1|FERMT1|NXN|DACT3,-1.2
MyList,GO Biological Processes,19,GO:1900015,regulation of cytokine production involved in inflammatory response,19_GO:0032501 multicellular organismal process,-2.4,3.1,3.5,30293,81,953,8,0.84,0.3,113|240|923|7098|7099|11006|53342|66005,ADCY7|ALOX5|CD6|TLR3|TLR4|LILRB4|IL17D|CHID1,-1.2
MyList,GO Biological Processes,19,GO:0140056,organelle localization by membrane tethering,19_GO:0051179 localization,-2.4,3.1,3.5,30293,81,953,8,0.84,0.3,2054|5872|6810|6814|8673|23673|51134|115827,STX2|RAB13|STX4|STXBP3|VAMP8|STX12|CEP83|RAB3C,-1.2
MyList,GO Biological Processes,19,GO:0045939,negative regulation of steroid metabolic process,19_GO:0048519 negative regulation of biological process,-2.4,4.7,3.9,30293,34,953,5,0.52,0.23,190|348|3638|9023|54361,NR0B1|APOE|INSIG1|CH25H|WNT4,-1.2
MyList,GO Biological Processes,19,GO:0002717,positive regulation of natural killer cell mediated immunity,19_GO:0044419 biological process involved in interspecies interaction between organisms,-2.4,4.7,3.9,30293,34,953,5,0.52,0.23,3821|3822|3823|7409|23705,KLRC1|KLRC2|KLRC3|VAV1|CADM1,-1.2
MyList,GO Biological Processes,19,GO:1903725,regulation of phospholipid metabolic process,19_GO:0008152 metabolic process,-2.4,4.7,3.9,30293,34,953,5,0.52,0.23,3949|5154|5580|8897|221395,LDLR|PDGFA|PRKCD|MTMR3|ADGRF5,-1.2
MyList,GO Biological Processes,19,GO:0071407,cellular response to organic cyclic compound,19_GO:0050896 response to stimulus,-2.4,1.8,3,30293,468,953,26,2.7,0.53,358|445|493|677|678|1050|3638|3784|4988|5028|5245|5727|6422|6751|7098|7101|7184|7430|8644|10413|11170|23209|25976|53829|54541|80339,AQP1|ASS1|ATP2B4|ZFP36L1|ZFP36L2|CEBPA|INSIG1|KCNQ1|OPRM1|P2RY1|PHB1|PTCH1|SFRP1|SSTR1|TLR3|NR2E1|HSP90B1|EZR|AKR1C3|YAP1|FAM107A|MLC1|TIPARP|P2RY13|DDIT4|PNPLA3,-1.2
MyList,GO Biological Processes,19,GO:0072521,purine-containing compound metabolic process,19_GO:0008152 metabolic process,-2.4,1.7,3,30293,492,953,27,2.8,0.54,113|205|952|1740|2023|2639|3157|3418|4199|4598|4718|4860|5636|6576|8460|9200|9414|22875|23205|27233|30833|51071|55191|79873|80221|84532|349565,ADCY7|AK4|CD38|DLG2|ENO1|GCDH|HMGCS1|IDH2|ME1|MVK|NDUFC2|PNP|PRPSAP2|SLC25A1|TPST1|HACD1|TJP2|ENPP4|ACSBG1|SULT1C4|NT5C|DERA|NADSYN1|NUDT18|ACSF2|ACSS1|NMNAT3,-1.2
MyList,GO Biological Processes,19,GO:0017015,regulation of transforming growth factor beta receptor signaling pathway,19_GO:0050896 response to stimulus,-2.4,2.3,3.2,30293,177,953,13,1.4,0.38,2734|3175|4087|5654|6664|25805|54756|54976|55612|63976|64081|84312|161742,GLG1|ONECUT1|SMAD2|HTRA1|SOX11|BAMBI|IL17RD|ADISSP|FERMT1|PRDM16|PBLD|BRMS1L|SPRED1,-1.2
MyList,GO Biological Processes,19,GO:0051701,biological process involved in interaction with host,19_GO:0044419 biological process involved in interspecies interaction between organisms,-2.4,2.4,3.2,30293,157,953,12,1.3,0.36,975|1642|1948|3949|5245|6404|6609|6993|7852|8673|8829|29082,CD81|DDB1|EFNB2|LDLR|PHB1|SELPLG|SMPD1|DYNLT1|CXCR4|VAMP8|NRP1|CHMP4A,-1.2
MyList,GO Biological Processes,19,GO:0031099,regeneration,19_GO:0032502 developmental process,-2.4,2.4,3.2,30293,157,953,12,1.3,0.36,975|2596|2670|2697|3936|5727|5764|5792|6657|9104|10413|55959,CD81|GAP43|GFAP|GJA1|LCP1|PTCH1|PTN|PTPRF|SOX2|RGN|YAP1|SULF2,-1.2
MyList,GO Biological Processes,19,GO:0044706,multi-multicellular organism process,19_GO:0032501 multicellular organismal process,-2.4,2.2,3.2,30293,198,953,14,1.5,0.39,113|780|952|1307|3691|5021|5125|5764|7372|8909|51673|53405|54361|84868,ADCY7|DDR1|CD38|COL16A1|ITGB4|OXTR|PCSK5|PTN|UMPS|ENDOU|TPPP3|CLIC5|WNT4|HAVCR2,-1.2
MyList,GO Biological Processes,19,GO:0061061,muscle structure development,19_GO:0032502 developmental process,-2.4,1.7,3,30293,518,953,28,2.9,0.55,70|71|187|445|975|1901|1910|2535|4604|4637|4868|4893|5156|6444|6662|6664|7248|7345|7474|8321|8736|8912|26471|26508|27295|30008|54361|55636,ACTC1|ACTG1|APLNR|ASS1|CD81|S1PR1|EDNRB|FZD2|MYBPC1|MYL6|NPHS1|NRAS|PDGFRA|SGCD|SOX9|SOX11|TSC1|UCHL1|WNT5A|FZD1|MYOM1|CACNA1H|NUPR1|HEYL|PDLIM3|EFEMP2|WNT4|CHD7,-1.2
MyList,GO Biological Processes,19,GO:0042269,regulation of natural killer cell mediated cytotoxicity,19_GO:0044419 biological process involved in interspecies interaction between organisms,-2.4,3.9,3.7,30293,49,953,6,0.63,0.26,3821|3822|3823|7409|23705|84868,KLRC1|KLRC2|KLRC3|VAV1|CADM1|HAVCR2,-1.2
MyList,GO Biological Processes,19,GO:0021889,olfactory bulb interneuron differentiation,19_GO:0032502 developmental process,-2.4,8.7,4.6,30293,11,953,3,0.31,0.18,6091|6299|7474,ROBO1|SALL1|WNT5A,-1.2
MyList,GO Biological Processes,19,GO:0072224,metanephric glomerulus development,19_GO:0032502 developmental process,-2.4,8.7,4.6,30293,11,953,3,0.31,0.18,358|5156|55366,AQP1|PDGFRA|LGR4,-1.2
MyList,GO Biological Processes,19,GO:0036152,phosphatidylethanolamine acyl-chain remodeling,19_GO:0008152 metabolic process,-2.4,8.7,4.6,30293,11,953,3,0.31,0.18,5920|11145|129642,PLAAT4|PLAAT3|MBOAT2,-1.2
MyList,GO Biological Processes,19,GO:0002765,immune response-inhibiting signal transduction,19_GO:0002376 immune system process,-2.4,8.7,4.6,30293,11,953,3,0.31,0.18,3821|4067|11006,KLRC1|LYN|LILRB4,-1.2
MyList,GO Biological Processes,19,GO:0046710,GDP metabolic process,19_GO:0008152 metabolic process,-2.4,8.7,4.6,30293,11,953,3,0.31,0.18,1740|9414|79873,DLG2|TJP2|NUDT18,-1.2
MyList,GO Biological Processes,19,GO:0042989,sequestering of actin monomers,19_GO:0051179 localization,-2.4,8.7,4.6,30293,11,953,3,0.31,0.18,7114|9168|85477,TMSB4X|TMSB10|SCIN,-1.2
MyList,GO Biological Processes,19,GO:0019233,sensory perception of pain,19_GO:0032501 multicellular organismal process,-2.4,3.4,3.5,30293,65,953,7,0.73,0.28,358|1137|4988|6335|7852|54463|83862,AQP1|CHRNA4|OPRM1|SCN9A|CXCR4|RETREG1|TMEM120A,-1.2
MyList,GO Biological Processes,19,GO:0090303,positive regulation of wound healing,19_GO:0048518 positive regulation of biological process,-2.4,3.4,3.5,30293,65,953,7,0.73,0.28,71|6239|7852|10979|22875|23189|55612,ACTG1|RREB1|CXCR4|FERMT2|ENPP4|KANK1|FERMT1,-1.2
MyList,GO Biological Processes,19,GO:0002088,lens development in camera-type eye,19_GO:0032502 developmental process,-2.4,3.1,3.4,30293,82,953,8,0.84,0.3,2195|2697|5080|6664|7474|7477|11145|23657,FAT1|GJA1|PAX6|SOX11|WNT5A|WNT7B|PLAAT3|SLC7A11,-1.2
MyList,GO Biological Processes,19,GO:0043406,positive regulation of MAP kinase activity,19_GO:0048518 positive regulation of biological process,-2.4,3.1,3.4,30293,82,953,8,0.84,0.3,2247|5154|6091|7099|7474|8792|23328|146433,FGF2|PDGFA|ROBO1|TLR4|WNT5A|TNFRSF11A|SASH1|IL34,-1.2
MyList,GO Biological Processes,19,GO:0003158,endothelium development,19_GO:0032502 developmental process,-2.4,2.9,3.4,30293,100,953,9,0.94,0.31,1901|1910|2535|7430|7852|8321|8829|9414|30061,S1PR1|EDNRB|FZD2|EZR|CXCR4|FZD1|NRP1|TJP2|SLC40A1,-1.2
MyList,GO Biological Processes,19,GO:0002758,innate immune response-activating signaling pathway,19_GO:0044419 biological process involved in interspecies interaction between organisms,-2.4,2.5,3.3,30293,138,953,11,1.2,0.35,834|3821|3822|3823|4067|5245|7098|7099|9865|84282|84868,CASP1|KLRC1|KLRC2|KLRC3|LYN|PHB1|TLR3|TLR4|TRIL|RNF135|HAVCR2,-1.2
MyList,GO Biological Processes,19,GO:0042401,biogenic amine biosynthetic process,19_GO:0008152 metabolic process,-2.3,4.5,3.8,30293,35,953,5,0.52,0.23,3067|4947|6723|51582|51686,HDC|OAZ2|SRM|AZIN1|OAZ3,-1.1
MyList,GO Biological Processes,19,GO:0000132,establishment of mitotic spindle orientation,19_GO:0051179 localization,-2.3,4.5,3.8,30293,35,953,5,0.52,0.23,2697|5080|6993|22919|55968,GJA1|PAX6|DYNLT1|MAPRE1|NSFL1C,-1.1
MyList,GO Biological Processes,19,GO:0048048,embryonic eye morphogenesis,19_GO:0032502 developmental process,-2.3,4.5,3.8,30293,35,953,5,0.52,0.23,655|2202|5080|6664|7474,BMP7|EFEMP1|PAX6|SOX11|WNT5A,-1.1
MyList,GO Biological Processes,19,GO:0061081,positive regulation of myeloid leukocyte cytokine production involved in immune response,19_GO:0002376 immune system process,-2.3,4.5,3.8,30293,35,953,5,0.52,0.23,7098|7099|7474|7805|10417,TLR3|TLR4|WNT5A|LAPTM5|SPON2,-1.1
MyList,GO Biological Processes,19,GO:0030277,maintenance of gastrointestinal epithelium,19_GO:0042592 homeostatic process,-2.3,5.8,4,30293,22,953,4,0.42,0.21,5950|6662|7099|64081,RBP4|SOX9|TLR4|PBLD,-1.1
MyList,GO Biological Processes,19,GO:0007530,sex determination,19_GO:0022414 reproductive process,-2.3,5.8,4,30293,22,953,4,0.42,0.21,190|6658|6662|54361,NR0B1|SOX3|SOX9|WNT4,-1.1
MyList,GO Biological Processes,19,GO:0035089,establishment of apical/basal cell polarity,19_GO:0009987 cellular process,-2.3,5.8,4,30293,22,953,4,0.42,0.21,2195|4983|7474|284217,FAT1|OPHN1|WNT5A|LAMA1,-1.1
MyList,GO Biological Processes,19,GO:0010866,regulation of triglyceride biosynthetic process,19_GO:0008152 metabolic process,-2.3,5.8,4,30293,22,953,4,0.42,0.21,718|3949|6720|9104,C3|LDLR|SREBF1|RGN,-1.1
MyList,GO Biological Processes,19,GO:0003309,type B pancreatic cell differentiation,19_GO:0032502 developmental process,-2.3,5.8,4,30293,22,953,4,0.42,0.21,3175|5080|7474|51092,ONECUT1|PAX6|WNT5A|SIDT2,-1.1
MyList,GO Biological Processes,19,GO:0032496,response to lipopolysaccharide,19_GO:0044419 biological process involved in interspecies interaction between organisms,-2.3,1.9,3,30293,332,953,20,2.1,0.46,445|613|834|923|968|1524|1910|2635|2950|4067|4129|7099|7474|8792|9516|9646|10417|57088|63826|84868,ASS1|BCR|CASP1|CD6|CD68|CX3CR1|EDNRB|GBP3|GSTP1|LYN|MAOB|TLR4|WNT5A|TNFRSF11A|LITAF|CTR9|SPON2|PLSCR4|SRR|HAVCR2,-1.1
MyList,GO Biological Processes,19,GO:0001649,osteoblast differentiation,19_GO:0032502 developmental process,-2.3,2.5,3.2,30293,139,953,11,1.2,0.35,865|1462|2247|2550|2697|5245|6422|6657|25840|25937|55366,CBFB|VCAN|FGF2|GABBR1|GJA1|PHB1|SFRP1|SOX2|TMT1A|WWTR1|LGR4,-1.1
MyList,GO Biological Processes,19,GO:0045446,endothelial cell differentiation,19_GO:0032502 developmental process,-2.3,3.1,3.4,30293,83,953,8,0.84,0.3,1901|1910|2535|7430|7852|8321|8829|9414,S1PR1|EDNRB|FZD2|EZR|CXCR4|FZD1|NRP1|TJP2,-1.1
MyList,GO Biological Processes,19,GO:1901657,glycosyl compound metabolic process,19_GO:0008152 metabolic process,-2.3,3.1,3.4,30293,83,953,8,0.84,0.3,1109|1645|4860|8574|8644|22875|27233|51071,AKR1C4|AKR1C1|PNP|AKR7A2|AKR1C3|ENPP4|SULT1C4|DERA,-1.1
MyList,GO Biological Processes,19,GO:0051258,protein polymerization,19_GO:0009987 cellular process,-2.3,2.8,3.3,30293,101,953,9,0.94,0.31,199|4134|9051|11170|22919|29082|51673|81624|84282,AIF1|MAP4|PSTPIP1|FAM107A|MAPRE1|CHMP4A|TPPP3|DIAPH3|RNF135,-1.1
MyList,GO Biological Processes,19,GO:0060840,artery development,19_GO:0032502 developmental process,-2.3,2.8,3.3,30293,101,953,9,0.94,0.31,187|348|3949|5396|6091|8829|30008|55636|221395,APLNR|APOE|LDLR|PRRX1|ROBO1|NRP1|EFEMP2|CHD7|ADGRF5,-1.1
MyList,GO Biological Processes,19,GO:0032755,positive regulation of interleukin-6 production,19_GO:0048518 positive regulation of biological process,-2.3,2.8,3.3,30293,101,953,9,0.94,0.31,136|199|7098|7099|7474|10417|26137|53342|90865,ADORA2B|AIF1|TLR3|TLR4|WNT5A|SPON2|ZBTB20|IL17D|IL33,-1.1
MyList,GO Biological Processes,19,GO:0010717,regulation of epithelial to mesenchymal transition,19_GO:0032502 developmental process,-2.3,2.6,3.3,30293,120,953,10,1,0.33,655|4087|6422|10979|25805|25937|54756|147906|152007|161742,BMP7|SMAD2|SFRP1|FERMT2|BAMBI|WWTR1|IL17RD|DACT3|GLIPR2|SPRED1,-1.1
MyList,GO Biological Processes,19,GO:0033865,nucleoside bisphosphate metabolic process,19_GO:0008152 metabolic process,-2.3,2.6,3.3,30293,120,953,10,1,0.33,2639|3157|4598|6576|8460|9200|23205|27233|80221|84532,GCDH|HMGCS1|MVK|SLC25A1|TPST1|HACD1|ACSBG1|SULT1C4|ACSF2|ACSS1,-1.1
MyList,GO Biological Processes,19,GO:0034032,purine nucleoside bisphosphate metabolic process,19_GO:0008152 metabolic process,-2.3,2.6,3.3,30293,120,953,10,1,0.33,2639|3157|4598|6576|8460|9200|23205|27233|80221|84532,GCDH|HMGCS1|MVK|SLC25A1|TPST1|HACD1|ACSBG1|SULT1C4|ACSF2|ACSS1,-1.1
MyList,GO Biological Processes,19,GO:0033875,ribonucleoside bisphosphate metabolic process,19_GO:0008152 metabolic process,-2.3,2.6,3.3,30293,120,953,10,1,0.33,2639|3157|4598|6576|8460|9200|23205|27233|80221|84532,GCDH|HMGCS1|MVK|SLC25A1|TPST1|HACD1|ACSBG1|SULT1C4|ACSF2|ACSS1,-1.1
MyList,GO Biological Processes,19,GO:1903844,regulation of cellular response to transforming growth factor beta stimulus,19_GO:0050896 response to stimulus,-2.3,2.3,3.1,30293,180,953,13,1.4,0.38,2734|3175|4087|5654|6664|25805|54756|54976|55612|63976|64081|84312|161742,GLG1|ONECUT1|SMAD2|HTRA1|SOX11|BAMBI|IL17RD|ADISSP|FERMT1|PRDM16|PBLD|BRMS1L|SPRED1,-1.1
MyList,GO Biological Processes,19,GO:0009615,response to virus,19_GO:0044419 biological process involved in interspecies interaction between organisms,-2.3,1.8,3,30293,380,953,22,2.3,0.49,834|1174|1191|2023|2635|5245|5788|5987|6609|7098|7852|8673|10346|10417|10577|51191|54541|55509|57705|84282|90865|220001,CASP1|AP1S1|CLU|ENO1|GBP3|PHB1|PTPRC|TRIM27|SMPD1|TLR3|CXCR4|VAMP8|TRIM22|SPON2|NPC2|HERC5|DDIT4|BATF3|WDFY4|RNF135|IL33|VWCE,-1.1
MyList,GO Biological Processes,19,GO:0007605,sensory perception of sound,19_GO:0032501 multicellular organismal process,-2.3,2.4,3.2,30293,160,953,12,1.3,0.36,501|1032|1690|3784|4646|26519|26521|53405|55636|65217|81624|375612,ALDH7A1|CDKN2D|COCH|KCNQ1|MYO6|TIMM10|TIMM8B|CLIC5|CHD7|PCDH15|DIAPH3|LHFPL3,-1.1
MyList,GO Biological Processes,19,GO:0001841,neural tube formation,19_GO:0032502 developmental process,-2.3,2.8,3.3,30293,102,953,9,0.94,0.31,655|2535|5727|6422|7248|7474|8321|57216|221074,BMP7|FZD2|PTCH1|SFRP1|TSC1|WNT5A|FZD1|VANGL2|SLC39A12,-1.1
MyList,GO Biological Processes,19,GO:0001936,regulation of endothelial cell proliferation,19_GO:0050789 regulation of biological process,-2.3,2.3,3.1,30293,181,953,13,1.4,0.38,187|240|348|2247|3162|4893|5293|6678|6776|7474|8829|8862|56005,APLNR|ALOX5|APOE|FGF2|HMOX1|NRAS|PIK3CD|SPARC|STAT5A|WNT5A|NRP1|APLN|MYDGF,-1.1
MyList,GO Biological Processes,19,GO:0044403,biological process involved in symbiotic interaction,19_GO:0044419 biological process involved in interspecies interaction between organisms,-2.3,2,3,30293,267,953,17,1.8,0.43,348|975|1524|1642|1948|2040|3725|3949|5245|6404|6609|6993|7852|8673|8829|8934|29082,APOE|CD81|CX3CR1|DDB1|EFNB2|STOM|JUN|LDLR|PHB1|SELPLG|SMPD1|DYNLT1|CXCR4|VAMP8|NRP1|RAB29|CHMP4A,-1.1
MyList,GO Biological Processes,19,GO:0098660,inorganic ion transmembrane transport,19_GO:0051179 localization,-2.3,1.6,2.8,30293,724,953,36,3.8,0.62,358|493|1184|1185|1910|2247|2556|2742|3741|3768|3782|3784|4988|5330|5788|6335|7439|8001|8912|8992|9914|10242|23155|25800|27345|30061|53405|55013|57348|63933|83733|84061|84329|201266|221074|285195,AQP1|ATP2B4|CLCN5|CLCN6|EDNRB|FGF2|GABRA3|GLRA2|KCNA5|KCNJ12|KCNN3|KCNQ1|OPRM1|PLCB2|PTPRC|SCN9A|BEST1|GLRA3|CACNA1H|ATP6V0E1|ATP2C2|KCNMB2|CLCC1|SLC39A6|KCNMB4|SLC40A1|CLIC5|MCUB|TTYH1|MCUR1|SLC25A18|MAGT1|HVCN1|SLC39A11|SLC39A12|SLC9A9,-1.1
MyList,GO Biological Processes,19,GO:0051055,negative regulation of lipid biosynthetic process,19_GO:0048519 negative regulation of biological process,-2.3,3.3,3.4,30293,67,953,7,0.73,0.28,33|190|348|3638|5154|8644|54361,ACADL|NR0B1|APOE|INSIG1|PDGFA|AKR1C3|WNT4,-1.1
MyList,GO Biological Processes,19,GO:0090050,positive regulation of cell migration involved in sprouting angiogenesis,19_GO:0040011 locomotion,-2.3,4.4,3.7,30293,36,953,5,0.52,0.23,2247|3162|8829|9734|57381,FGF2|HMOX1|NRP1|HDAC9|RHOJ,-1.1
MyList,GO Biological Processes,19,GO:0009309,amine biosynthetic process,19_GO:0008152 metabolic process,-2.3,4.4,3.7,30293,36,953,5,0.52,0.23,3067|4947|6723|51582|51686,HDC|OAZ2|SRM|AZIN1|OAZ3,-1.1
MyList,GO Biological Processes,19,GO:1901570,fatty acid derivative biosynthetic process,19_GO:0008152 metabolic process,-2.3,3.7,3.5,30293,51,953,6,0.63,0.26,240|2639|3155|6576|9200|23205,ALOX5|GCDH|HMGCL|SLC25A1|HACD1|ACSBG1,-1.1
MyList,GO Biological Processes,19,GO:0003197,endocardial cushion development,19_GO:0032502 developmental process,-2.3,3.7,3.5,30293,51,953,6,0.63,0.26,187|655|4087|6091|6662|26508,APLNR|BMP7|SMAD2|ROBO1|SOX9|HEYL,-1.1
MyList,GO Biological Processes,19,GO:0034198,cellular response to amino acid starvation,19_GO:0050896 response to stimulus,-2.3,3.7,3.5,30293,51,953,6,0.63,0.26,26001|51100|55364|64121|92196|652968,RNF167|SH3GLB1|IMPACT|RRAGC|DAPL1|CASTOR1,-1.1
MyList,GO Biological Processes,19,GO:0097190,apoptotic signaling pathway,19_GO:0050896 response to stimulus,-2.3,1.9,3,30293,313,953,19,2,0.45,952|1191|2139|2261|5580|5788|6422|7098|7159|8451|8453|10413|26471|54361|54541|79017|90865|92196|282991,CD38|CLU|EYA2|FGFR3|PRKCD|PTPRC|SFRP1|TLR3|TP53BP2|CUL4A|CUL2|YAP1|NUPR1|WNT4|DDIT4|GGCT|IL33|DAPL1|BLOC1S2,-1.1
MyList,GO Biological Processes,19,GO:0009743,response to carbohydrate,19_GO:0050896 response to stimulus,-2.3,2.3,3.1,30293,182,953,13,1.4,0.38,677|2752|4067|4087|4199|5080|6518|6720|10628|26137|51092|80339|81620,ZFP36L1|GLUL|LYN|SMAD2|ME1|PAX6|SLC2A5|SREBF1|TXNIP|ZBTB20|SIDT2|PNPLA3|CDT1,-1.1
MyList,GO Biological Processes,19,GO:0007005,mitochondrion organization,19_GO:0009987 cellular process,-2.3,1.8,2.9,30293,430,953,24,2.5,0.51,1050|1191|2139|3028|3155|4082|4718|5245|8934|10449|23787|26519|26521|51375|54463|79017|81892|84303|92667|115209|132671|282991|284184|440574,CEBPA|CLU|EYA2|HSD17B10|HMGCL|MARCKS|NDUFC2|PHB1|RAB29|ACAA2|MTCH1|TIMM10|TIMM8B|SNX7|RETREG1|GGCT|SLIRP|CHCHD6|MGME1|OMA1|SPATA18|BLOC1S2|NDUFAF8|MICOS10,-1.1
MyList,GO Biological Processes,19,GO:0070167,regulation of biomineral tissue development,19_GO:0032502 developmental process,-2.3,2.8,3.3,30293,103,953,9,0.94,0.31,154|240|655|1901|2697|2824|5764|6662|54361,ADRB2|ALOX5|BMP7|S1PR1|GJA1|GPM6B|PTN|SOX9|WNT4,-1.1
MyList,GO Biological Processes,19,GO:0009914,hormone transport,19_GO:0051179 localization,-2.3,2.8,3.3,30293,103,953,9,0.94,0.31,358|3784|4067|4087|6720|6814|8111|51083|94121,AQP1|KCNQ1|LYN|SMAD2|SREBF1|STXBP3|GPR68|GAL|SYTL4,-1.1
MyList,GO Biological Processes,19,GO:0030510,regulation of BMP signaling pathway,19_GO:0050896 response to stimulus,-2.3,2.6,3.2,30293,122,953,10,1,0.33,4087|5654|6422|6664|7130|7474|8321|25805|56884|388585,SMAD2|HTRA1|SFRP1|SOX11|TNFAIP6|WNT5A|FZD1|BAMBI|FSTL5|HES5,-1.1
MyList,GO Biological Processes,19,GO:0019221,cytokine-mediated signaling pathway,19_GO:0050896 response to stimulus,-2.3,1.8,2.9,30293,383,953,22,2.3,0.49,330|1050|1438|1524|1796|2840|3597|3987|4067|4504|6776|7114|7852|8792|9646|10413|10758|11006|54756|55540|90865|146433,BIRC3|CEBPA|CSF2RA|CX3CR1|DOK1|GPR17|IL13RA1|LIMS1|LYN|MT3|STAT5A|TMSB4X|CXCR4|TNFRSF11A|CTR9|YAP1|TRAF3IP2|LILRB4|IL17RD|IL17RB|IL33|IL34,-1.1
MyList,GO Biological Processes,19,GO:0071230,cellular response to amino acid stimulus,19_GO:0050896 response to stimulus,-2.3,3,3.3,30293,85,953,8,0.84,0.3,445|1307|1536|2742|5156|64121|80339|652968,ASS1|COL16A1|CYBB|GLRA2|PDGFRA|RRAGC|PNPLA3|CASTOR1,-1.1
MyList,GO Biological Processes,19,GO:1990858,cellular response to lectin,19_GO:0050896 response to stimulus,-2.3,5.5,3.9,30293,23,953,4,0.42,0.21,3821|3822|3823|4067,KLRC1|KLRC2|KLRC3|LYN,-1.1
MyList,GO Biological Processes,19,GO:1990840,response to lectin,19_GO:0050896 response to stimulus,-2.3,5.5,3.9,30293,23,953,4,0.42,0.21,3821|3822|3823|4067,KLRC1|KLRC2|KLRC3|LYN,-1.1
MyList,GO Biological Processes,19,GO:1905508,protein localization to microtubule organizing center,19_GO:0051179 localization,-2.3,5.5,3.9,30293,23,953,4,0.42,0.21,2804|22919|29887|51134,GOLGB1|MAPRE1|SNX10|CEP83,-1.1
MyList,GO Biological Processes,19,GO:0071539,protein localization to centrosome,19_GO:0051179 localization,-2.3,5.5,3.9,30293,23,953,4,0.42,0.21,2804|22919|29887|51134,GOLGB1|MAPRE1|SNX10|CEP83,-1.1
MyList,GO Biological Processes,19,GO:0006929,substrate-dependent cell migration,19_GO:0009987 cellular process,-2.3,5.5,3.9,30293,23,953,4,0.42,0.21,4983|5788|6091|8829,OPHN1|PTPRC|ROBO1|NRP1,-1.1
MyList,GO Biological Processes,19,GO:0003177,pulmonary valve development,19_GO:0032502 developmental process,-2.3,5.5,3.9,30293,23,953,4,0.42,0.21,4087|4772|6091|26508,SMAD2|NFATC1|ROBO1|HEYL,-1.1
MyList,GO Biological Processes,19,GO:0002223,stimulatory C-type lectin receptor signaling pathway,19_GO:0044419 biological process involved in interspecies interaction between organisms,-2.3,5.5,3.9,30293,23,953,4,0.42,0.21,3821|3822|3823|4067,KLRC1|KLRC2|KLRC3|LYN,-1.1
MyList,GO Biological Processes,19,GO:0071356,cellular response to tumor necrosis factor,19_GO:0050896 response to stimulus,-2.3,2.3,3.1,30293,183,953,13,1.4,0.38,330|445|677|678|1050|1524|2635|3987|4772|6422|7114|8792|10758,BIRC3|ASS1|ZFP36L1|ZFP36L2|CEBPA|CX3CR1|GBP3|LIMS1|NFATC1|SFRP1|TMSB4X|TNFRSF11A|TRAF3IP2,-1.1
MyList,GO Biological Processes,19,GO:0030100,regulation of endocytosis,19_GO:0051179 localization,-2.3,2,3,30293,292,953,18,1.9,0.44,71|348|408|613|718|967|1191|1948|4983|5788|6441|6609|7474|8862|11031|54550|84062|85439,ACTG1|APOE|ARRB1|BCR|C3|CD63|CLU|EFNB2|OPHN1|PTPRC|SFTPD|SMPD1|WNT5A|APLN|RAB31|NECAB2|DTNBP1|STON2,-1.1
MyList,GO Biological Processes,19,GO:0071300,cellular response to retinoic acid,19_GO:0050896 response to stimulus,-2.3,3.3,3.4,30293,68,953,7,0.73,0.28,358|4067|6662|7474|7477|7525|10413,AQP1|LYN|SOX9|WNT5A|WNT7B|YES1|YAP1,-1.1
MyList,GO Biological Processes,19,GO:0007266,Rho protein signal transduction,19_GO:0050896 response to stimulus,-2.3,3.3,3.4,30293,68,953,7,0.73,0.28,392|393|2059|2768|9289|23580|57381,ARHGAP1|ARHGAP4|EPS8|GNA12|ADGRG1|CDC42EP4|RHOJ,-1.1
MyList,GO Biological Processes,19,GO:0006091,generation of precursor metabolites and energy,19_GO:0008152 metabolic process,-2.3,1.8,2.9,30293,408,953,23,2.4,0.5,217|1050|1109|1536|2023|2109|2110|3155|3418|4129|4199|4504|4718|5836|8574|8630|8908|26227|29103|51071|83733|84532|221395,ALDH2|CEBPA|AKR1C4|CYBB|ENO1|ETFB|ETFDH|HMGCL|IDH2|MAOB|ME1|MT3|NDUFC2|PYGL|AKR7A2|HSD17B6|GYG2|PHGDH|DNAJC15|DERA|SLC25A18|ACSS1|ADGRF5,-1.1
MyList,GO Biological Processes,19,GO:0006054,N-acetylneuraminate metabolic process,19_GO:0008152 metabolic process,-2.3,7.9,4.3,30293,12,953,3,0.31,0.18,6480|55577|55907,ST6GAL1|NAGK|CMAS,-1.1
MyList,GO Biological Processes,19,GO:0021670,lateral ventricle development,19_GO:0032502 developmental process,-2.3,7.9,4.3,30293,12,953,3,0.31,0.18,358|1767|25911,AQP1|DNAH5|DPCD,-1.1
MyList,GO Biological Processes,19,GO:0072077,renal vesicle morphogenesis,19_GO:0032502 developmental process,-2.3,7.9,4.3,30293,12,953,3,0.31,0.18,6299|54361|55083,SALL1|WNT4|KIF26B,-1.1
MyList,GO Biological Processes,19,GO:0072070,loop of Henle development,19_GO:0032502 developmental process,-2.3,7.9,4.3,30293,12,953,3,0.31,0.18,358|7477|388585,AQP1|WNT7B|HES5,-1.1
MyList,GO Biological Processes,19,GO:0035493,SNARE complex assembly,19_GO:0051179 localization,-2.3,7.9,4.3,30293,12,953,3,0.31,0.18,6810|8673|29091,STX4|VAMP8|STXBP6,-1.1
MyList,GO Biological Processes,19,GO:0007494,midgut development,19_GO:0032502 developmental process,-2.3,7.9,4.3,30293,12,953,3,0.31,0.18,445|1910|7474,ASS1|EDNRB|WNT5A,-1.1
MyList,GO Biological Processes,19,GO:2001046,positive regulation of integrin-mediated signaling pathway,19_GO:0048518 positive regulation of biological process,-2.3,7.9,4.3,30293,12,953,3,0.31,0.18,967|3987|284217,CD63|LIMS1|LAMA1,-1.1
MyList,GO Biological Processes,19,GO:0009437,carnitine metabolic process,19_GO:0008152 metabolic process,-2.3,7.9,4.3,30293,12,953,3,0.31,0.18,33|223|8424,ACADL|ALDH9A1|BBOX1,-1.1
MyList,GO Biological Processes,19,GO:0006991,response to sterol depletion,19_GO:0050896 response to stimulus,-2.3,7.9,4.3,30293,12,953,3,0.31,0.18,3638|4067|6720,INSIG1|LYN|SREBF1,-1.1
MyList,GO Biological Processes,19,GO:0035303,regulation of dephosphorylation,19_GO:0008152 metabolic process,-2.3,2.8,3.2,30293,104,953,9,0.94,0.31,2768|5580|5788|6609|7184|7248|8897|57718|121665,GNA12|PRKCD|PTPRC|SMPD1|HSP90B1|TSC1|MTMR3|PPP4R4|SPPL3,-1.1
MyList,GO Biological Processes,19,GO:0042102,positive regulation of T cell proliferation,19_GO:0002376 immune system process,-2.3,2.8,3.2,30293,104,953,9,0.94,0.31,199|923|975|3109|4860|5588|5788|64926|84868,AIF1|CD6|CD81|HLA-DMB|PNP|PRKCQ|PTPRC|RASAL3|HAVCR2,-1.1
MyList,GO Biological Processes,19,GO:0090090,negative regulation of canonical Wnt signaling pathway,19_GO:0048519 negative regulation of biological process,-2.2,2.4,3.1,30293,143,953,11,1.2,0.35,348|1452|6422|6657|6662|7474|8321|22881|25937|55612|147906,APOE|CSNK1A1|SFRP1|SOX2|SOX9|WNT5A|FZD1|ANKRD6|WWTR1|FERMT1|DACT3,-1.1
MyList,GO Biological Processes,19,GO:0010324,membrane invagination,19_GO:0009987 cellular process,-2.2,3.7,3.5,30293,52,953,6,0.63,0.26,199|3689|9938|29082|51454|112574,AIF1|ITGB2|ARHGAP25|CHMP4A|GULP1|SNX18,-1.1
MyList,GO Biological Processes,19,GO:0021872,forebrain generation of neurons,19_GO:0032502 developmental process,-2.2,3.7,3.5,30293,52,953,6,0.63,0.26,5080|5361|7101|7314|8829|388585,PAX6|PLXNA1|NR2E1|UBB|NRP1|HES5,-1.1
MyList,GO Biological Processes,19,GO:0032024,positive regulation of insulin secretion,19_GO:0051179 localization,-2.2,3,3.3,30293,86,953,8,0.84,0.3,952|2746|5950|6810|8111|8447|8938|9501,CD38|GLUD1|RBP4|STX4|GPR68|DOC2B|BAIAP3|RPH3AL,-1.1
MyList,GO Biological Processes,19,GO:0006812,monoatomic cation transport,19_GO:0051179 localization,-2.2,1.5,2.8,30293,781,953,38,4,0.63,358|392|475|493|1137|1910|2247|2495|2512|3741|3768|3782|3784|4504|4988|5330|5788|6335|7248|8912|8992|9780|9843|9914|10242|25800|27345|30061|51076|55013|57348|63933|83733|84061|84329|201266|221074|285195,AQP1|ARHGAP1|ATOX1|ATP2B4|CHRNA4|EDNRB|FGF2|FTH1|FTL|KCNA5|KCNJ12|KCNN3|KCNQ1|MT3|OPRM1|PLCB2|PTPRC|SCN9A|TSC1|CACNA1H|ATP6V0E1|PIEZO1|HEPH|ATP2C2|KCNMB2|SLC39A6|KCNMB4|SLC40A1|CUTC|MCUB|TTYH1|MCUR1|SLC25A18|MAGT1|HVCN1|SLC39A11|SLC39A12|SLC9A9,-1.1
MyList,GO Biological Processes,19,GO:0048008,platelet-derived growth factor receptor signaling pathway,19_GO:0050896 response to stimulus,-2.2,4.3,3.6,30293,37,953,5,0.52,0.23,5154|5156|8829|10628|25976,PDGFA|PDGFRA|NRP1|TXNIP|TIPARP,-1.1
MyList,GO Biological Processes,19,GO:0014059,regulation of dopamine secretion,19_GO:0051179 localization,-2.2,4.3,3.6,30293,37,953,5,0.52,0.23,1137|2550|6623|51760|84062,CHRNA4|GABBR1|SNCG|SYT17|DTNBP1,-1.1
MyList,GO Biological Processes,19,GO:0051145,smooth muscle cell differentiation,19_GO:0032502 developmental process,-2.2,4.3,3.6,30293,37,953,5,0.52,0.23,187|1910|6662|30008|54361,APLNR|EDNRB|SOX9|EFEMP2|WNT4,-1.1
MyList,GO Biological Processes,19,GO:0031018,endocrine pancreas development,19_GO:0032502 developmental process,-2.2,4.3,3.6,30293,37,953,5,0.52,0.23,3175|5080|6662|7474|51092,ONECUT1|PAX6|SOX9|WNT5A|SIDT2,-1.1
MyList,GO Biological Processes,19,GO:2000630,positive regulation of miRNA metabolic process,19_GO:0048518 positive regulation of biological process,-2.2,3.2,3.3,30293,69,953,7,0.73,0.28,2247|3725|4613|5080|6720|7003|8862,FGF2|JUN|MYCN|PAX6|SREBF1|TEAD1|APLN,-1.1
MyList,GO Biological Processes,19,GO:0019229,regulation of vasoconstriction,19_GO:0032501 multicellular organismal process,-2.2,3.2,3.3,30293,69,953,7,0.73,0.28,147|952|3741|5021|10242|27345|143872,ADRA1B|CD38|KCNA5|OXTR|KCNMB2|KCNMB4|ARHGAP42,-1.1
MyList,GO Biological Processes,19,GO:0046470,phosphatidylcholine metabolic process,19_GO:0008152 metabolic process,-2.2,3.2,3.3,30293,69,953,7,0.73,0.28,1622|2171|5920|11145|54947|57153|129642,DBI|FABP5|PLAAT4|PLAAT3|LPCAT2|SLC44A2|MBOAT2,-1.1
MyList,GO Biological Processes,19,GO:0030534,adult behavior,19_GO:0032501 multicellular organismal process,-2.2,2.4,3.1,30293,144,953,11,1.2,0.35,238|1137|2059|4988|6623|7248|7345|7545|23657|27253|55636,ALK|CHRNA4|EPS8|OPRM1|SNCG|TSC1|UCHL1|ZIC1|SLC7A11|PCDH17|CHD7,-1.1
MyList,GO Biological Processes,19,GO:0007389,pattern specification process,19_GO:0032502 developmental process,-2.2,1.7,2.8,30293,459,953,25,2.6,0.52,187|655|712|718|1767|2697|4087|5080|5125|5727|6422|7474|7477|7545|8829|9289|25911|26508|27152|29880|57216|79971|161582|219670|388585,APLNR|BMP7|C1QA|C3|DNAH5|GJA1|SMAD2|PAX6|PCSK5|PTCH1|SFRP1|WNT5A|WNT7B|ZIC1|NRP1|ADGRG1|DPCD|HEYL|INTU|ALG5|VANGL2|WLS|DNAAF4|ENKUR|HES5,-1.1
MyList,GO Biological Processes,19,GO:0071214,cellular response to abiotic stimulus,19_GO:0050896 response to stimulus,-2.2,1.9,2.9,30293,318,953,19,2,0.45,358|677|834|1642|2247|2697|5580|6422|6609|6662|7098|7099|8111|8451|9780|10413|10715|84329|90865,AQP1|ZFP36L1|CASP1|DDB1|FGF2|GJA1|PRKCD|SFRP1|SMPD1|SOX9|TLR3|TLR4|GPR68|CUL4A|PIEZO1|YAP1|CERS1|HVCN1|IL33,-1.1
MyList,GO Biological Processes,19,GO:0104004,cellular response to environmental stimulus,19_GO:0050896 response to stimulus,-2.2,1.9,2.9,30293,318,953,19,2,0.45,358|677|834|1642|2247|2697|5580|6422|6609|6662|7098|7099|8111|8451|9780|10413|10715|84329|90865,AQP1|ZFP36L1|CASP1|DDB1|FGF2|GJA1|PRKCD|SFRP1|SMPD1|SOX9|TLR3|TLR4|GPR68|CUL4A|PIEZO1|YAP1|CERS1|HVCN1|IL33,-1.1
MyList,GO Biological Processes,19,GO:0001837,epithelial to mesenchymal transition,19_GO:0032502 developmental process,-2.2,2.9,3.2,30293,87,953,8,0.84,0.3,655|6422|6662|7474|25800|26508|54361|147906,BMP7|SFRP1|SOX9|WNT5A|SLC39A6|HEYL|WNT4|DACT3,-1.1
MyList,GO Biological Processes,19,GO:0044344,cellular response to fibroblast growth factor stimulus,19_GO:0050896 response to stimulus,-2.2,2.9,3.2,30293,87,953,8,0.84,0.3,677|678|2247|2261|5080|6422|7474|54361,ZFP36L1|ZFP36L2|FGF2|FGFR3|PAX6|SFRP1|WNT5A|WNT4,-1.1
MyList,GO Biological Processes,19,GO:0043123,positive regulation of canonical NF-kappaB signal transduction,19_GO:0048518 positive regulation of biological process,-2.2,2.1,3,30293,207,953,14,1.5,0.39,330|834|1524|2697|3162|3987|6284|7098|7099|9516|10346|10758|57153|79971,BIRC3|CASP1|CX3CR1|GJA1|HMOX1|LIMS1|S100A13|TLR3|TLR4|LITAF|TRIM22|TRAF3IP2|SLC44A2|WLS,-1
MyList,GO Biological Processes,19,GO:0003002,regionalization,19_GO:0032502 developmental process,-2.2,1.8,2.9,30293,412,953,23,2.4,0.5,187|712|718|1767|2697|4087|5080|5125|5727|6422|7474|7477|8829|9289|25911|26508|27152|29880|57216|79971|161582|219670|388585,APLNR|C1QA|C3|DNAH5|GJA1|SMAD2|PAX6|PCSK5|PTCH1|SFRP1|WNT5A|WNT7B|NRP1|ADGRG1|DPCD|HEYL|INTU|ALG5|VANGL2|WLS|DNAAF4|ENKUR|HES5,-1
MyList,GO Biological Processes,19,GO:0008217,regulation of blood pressure,19_GO:0032501 multicellular organismal process,-2.2,2.2,3,30293,186,953,13,1.4,0.38,147|154|1910|2768|3784|5021|5125|6518|7873|8862|23576|59342|143872,ADRA1B|ADRB2|EDNRB|GNA12|KCNQ1|OXTR|PCSK5|SLC2A5|MANF|APLN|DDAH1|SCPEP1|ARHGAP42,-1
MyList,GO Biological Processes,19,GO:0050870,positive regulation of T cell activation,19_GO:0002376 immune system process,-2.2,2,2.9,30293,251,953,16,1.7,0.42,199|865|923|975|1948|3109|4067|4860|5588|5788|7409|7525|9308|11006|64926|84868,AIF1|CBFB|CD6|CD81|EFNB2|HLA-DMB|LYN|PNP|PRKCQ|PTPRC|VAV1|YES1|CD83|LILRB4|RASAL3|HAVCR2,-1
MyList,GO Biological Processes,19,GO:0071385,cellular response to glucocorticoid stimulus,19_GO:0050896 response to stimulus,-2.2,3.6,3.4,30293,53,953,6,0.63,0.26,358|445|677|678|11170|54541,AQP1|ASS1|ZFP36L1|ZFP36L2|FAM107A|DDIT4,-1
MyList,GO Biological Processes,19,GO:0045197,establishment or maintenance of epithelial cell apical/basal polarity,19_GO:0009987 cellular process,-2.2,3.6,3.4,30293,53,953,6,0.63,0.26,1740|2195|4983|7474|117583|284217,DLG2|FAT1|OPHN1|WNT5A|PARD3B|LAMA1,-1
MyList,GO Biological Processes,19,GO:0002715,regulation of natural killer cell mediated immunity,19_GO:0044419 biological process involved in interspecies interaction between organisms,-2.2,3.6,3.4,30293,53,953,6,0.63,0.26,3821|3822|3823|7409|23705|84868,KLRC1|KLRC2|KLRC3|VAV1|CADM1|HAVCR2,-1
MyList,GO Biological Processes,19,GO:0010639,negative regulation of organelle organization,19_GO:0048519 negative regulation of biological process,-2.2,1.9,2.9,30293,342,953,20,2.1,0.46,655|1191|1901|2059|4134|5580|7013|7114|9168|9535|10382|10413|10449|10493|22919|23189|26471|81624|85477|115209,BMP7|CLU|S1PR1|EPS8|MAP4|PRKCD|TERF1|TMSB4X|TMSB10|GMFG|TUBB4A|YAP1|ACAA2|VAT1|MAPRE1|KANK1|NUPR1|DIAPH3|SCIN|OMA1,-1
MyList,GO Biological Processes,19,GO:0061162,establishment of monopolar cell polarity,19_GO:0009987 cellular process,-2.2,5.3,3.8,30293,24,953,4,0.42,0.21,2195|4983|7474|284217,FAT1|OPHN1|WNT5A|LAMA1,-1
MyList,GO Biological Processes,19,GO:0002922,positive regulation of humoral immune response,19_GO:0002376 immune system process,-2.2,5.3,3.8,30293,24,953,4,0.42,0.21,718|5245|5650|5788,C3|PHB1|KLK7|PTPRC,-1
MyList,GO Biological Processes,19,GO:0097150,neuronal stem cell population maintenance,19_GO:0032502 developmental process,-2.2,5.3,3.8,30293,24,953,4,0.42,0.21,5396|6657|84750|388585,PRRX1|SOX2|FUT10|HES5,-1
MyList,GO Biological Processes,19,GO:0046641,positive regulation of alpha-beta T cell proliferation,19_GO:0002376 immune system process,-2.2,5.3,3.8,30293,24,953,4,0.42,0.21,975|5588|5788|64926,CD81|PRKCQ|PTPRC|RASAL3,-1
MyList,GO Biological Processes,19,GO:0046626,regulation of insulin receptor signaling pathway,19_GO:0050896 response to stimulus,-2.2,3.2,3.3,30293,70,953,7,0.73,0.28,2771|2887|5580|5588|23189|27131|151176,GNAI2|GRB10|PRKCD|PRKCQ|KANK1|SNX5|ERFE,-1
MyList,GO Biological Processes,19,GO:0048844,artery morphogenesis,19_GO:0032502 developmental process,-2.2,3.2,3.3,30293,70,953,7,0.73,0.28,348|3949|5396|8829|30008|55636|221395,APOE|LDLR|PRRX1|NRP1|EFEMP2|CHD7|ADGRF5,-1
MyList,GO Biological Processes,19,GO:0031016,pancreas development,19_GO:0032502 developmental process,-2.2,3.2,3.3,30293,70,953,7,0.73,0.28,3175|4087|5080|6662|7474|51092|79971,ONECUT1|SMAD2|PAX6|SOX9|WNT5A|SIDT2|WLS,-1
MyList,GO Biological Processes,19,GO:0051235,maintenance of location,19_GO:0051179 localization,-2.2,2.3,3,30293,166,953,12,1.3,0.36,288|348|2495|2512|3638|7114|7184|9168|10577|11079|56898|85477,ANK3|APOE|FTH1|FTL|INSIG1|TMSB4X|HSP90B1|TMSB10|NPC2|RER1|BDH2|SCIN,-1
MyList,GO Biological Processes,19,GO:0061448,connective tissue development,19_GO:0032502 developmental process,-2.2,2.1,2.9,30293,230,953,15,1.6,0.4,655|2247|2261|5396|6660|6662|7045|7314|7474|7477|55959|57326|202018|285590|388585,BMP7|FGF2|FGFR3|PRRX1|SOX5|SOX9|TGFBI|UBB|WNT5A|WNT7B|SULF2|PBXIP1|TAPT1|SH3PXD2B|HES5,-1
MyList,GO Biological Processes,19,GO:0050890,cognition,19_GO:0032501 multicellular organismal process,-2.2,1.9,2.9,30293,320,953,19,2,0.45,348|590|1137|1524|2628|3949|5021|5080|5764|5803|7248|7436|8704|10882|11170|23657|55636|84061|161582,APOE|BCHE|CHRNA4|CX3CR1|GATM|LDLR|OXTR|PAX6|PTN|PTPRZ1|TSC1|VLDLR|B4GALT2|C1QL1|FAM107A|SLC7A11|CHD7|MAGT1|DNAAF4,-1
MyList,GO Biological Processes,19,GO:0015833,peptide transport,19_GO:0051179 localization,-2.2,2.9,3.2,30293,88,953,8,0.84,0.3,358|4087|6720|6814|8111|23657|51083|94121,AQP1|SMAD2|SREBF1|STXBP3|GPR68|SLC7A11|GAL|SYTL4,-1
MyList,GO Biological Processes,19,GO:0006576,biogenic amine metabolic process,19_GO:0008152 metabolic process,-2.2,2.9,3.2,30293,88,953,8,0.84,0.3,2639|3067|3176|4129|4947|6723|51582|51686,GCDH|HDC|HNMT|MAOB|OAZ2|SRM|AZIN1|OAZ3,-1
MyList,GO Biological Processes,19,GO:0042552,myelination,19_GO:0032502 developmental process,-2.2,2.5,3.1,30293,126,953,10,1,0.33,1191|1272|2824|3691|7248|7852|10100|23114|23205|388585,CLU|CNTN1|GPM6B|ITGB4|TSC1|CXCR4|TSPAN2|NFASC|ACSBG1|HES5,-1
MyList,GO Biological Processes,19,GO:0042471,ear morphogenesis,19_GO:0032502 developmental process,-2.2,2.5,3.1,30293,126,953,10,1,0.33,613|2535|3638|3784|4646|5396|6662|7474|7545|55636,BCR|FZD2|INSIG1|KCNQ1|MYO6|PRRX1|SOX9|WNT5A|ZIC1|CHD7,-1
MyList,GO Biological Processes,19,GO:0051592,response to calcium ion,19_GO:0050896 response to stimulus,-2.2,2.4,3,30293,146,953,11,1.2,0.35,6609|7474|8437|8644|10242|10628|27132|27345|51760|140576|221184,SMPD1|WNT5A|RASAL1|AKR1C3|KCNMB2|TXNIP|CPNE7|KCNMB4|SYT17|S100A16|CPNE2,-1
MyList,GO Biological Processes,19,GO:0072593,reactive oxygen species metabolic process,19_GO:0008152 metabolic process,-2.2,2.7,3.1,30293,107,953,9,0.94,0.31,1536|4129|4504|5052|6441|7409|10549|54541|285590,CYBB|MAOB|MT3|PRDX1|SFTPD|VAV1|PRDX4|DDIT4|SH3PXD2B,-1
MyList,GO Biological Processes,19,GO:1990928,response to amino acid starvation,19_GO:0050896 response to stimulus,-2.2,3.5,3.4,30293,54,953,6,0.63,0.26,26001|51100|55364|64121|92196|652968,RNF167|SH3GLB1|IMPACT|RRAGC|DAPL1|CASTOR1,-1
MyList,GO Biological Processes,19,GO:0031279,regulation of cyclase activity,19_GO:0065007 biological regulation,-2.2,3.5,3.4,30293,54,953,6,0.63,0.26,136|154|1910|2771|2913|55366,ADORA2B|ADRB2|EDNRB|GNAI2|GRM3|LGR4,-1
MyList,GO Biological Processes,19,GO:0048260,positive regulation of receptor-mediated endocytosis,19_GO:0051179 localization,-2.2,3.5,3.4,30293,54,953,6,0.63,0.26,408|718|967|1191|8862|84062,ARRB1|C3|CD63|CLU|APLN|DTNBP1,-1
MyList,GO Biological Processes,19,GO:0006826,iron ion transport,19_GO:0051179 localization,-2.2,3.5,3.4,30293,54,953,6,0.63,0.26,392|2495|2512|9843|30061|57348,ARHGAP1|FTH1|FTL|HEPH|SLC40A1|TTYH1,-1
MyList,GO Biological Processes,19,GO:0070169,positive regulation of biomineral tissue development,19_GO:0032502 developmental process,-2.2,3.5,3.4,30293,54,953,6,0.63,0.26,154|240|655|2824|5764|54361,ADRB2|ALOX5|BMP7|GPM6B|PTN|WNT4,-1
MyList,GO Biological Processes,19,GO:0048872,homeostasis of number of cells,19_GO:0042592 homeostatic process,-2.2,2,2.9,30293,276,953,17,1.8,0.43,613|1524|3162|3784|4067|5052|6655|6662|8444|9289|9469|10758|30061|55366|57599|81624|221395,BCR|CX3CR1|HMOX1|KCNQ1|LYN|PRDX1|SOS2|SOX9|DYRK3|ADGRG1|CHST3|TRAF3IP2|SLC40A1|LGR4|WDR48|DIAPH3|ADGRF5,-1
MyList,GO Biological Processes,19,GO:0002831,regulation of response to biotic stimulus,19_GO:0050896 response to stimulus,-2.2,1.7,2.8,30293,513,953,27,2.8,0.54,2|330|348|834|1452|3821|3822|3823|4067|5245|5650|7098|7099|7409|7474|9865|10346|10758|23328|23705|51191|54625|55366|55577|57590|84282|84868,A2M|BIRC3|APOE|CASP1|CSNK1A1|KLRC1|KLRC2|KLRC3|LYN|PHB1|KLK7|TLR3|TLR4|VAV1|WNT5A|TRIL|TRIM22|TRAF3IP2|SASH1|CADM1|HERC5|PARP14|LGR4|NAGK|WDFY1|RNF135|HAVCR2,-1
MyList,GO Biological Processes,19,GO:0072089,stem cell proliferation,19_GO:0009987 cellular process,-2.2,3.1,3.2,30293,71,953,7,0.73,0.28,1050|2247|5396|5727|6662|7474|7477,CEBPA|FGF2|PRRX1|PTCH1|SOX9|WNT5A|WNT7B,-1
MyList,GO Biological Processes,19,GO:0030301,cholesterol transport,19_GO:0051179 localization,-2.2,3.1,3.2,30293,71,953,7,0.73,0.28,348|1191|1645|3949|10577|23673|55937,APOE|CLU|AKR1C1|LDLR|NPC2|STX12|APOM,-1
MyList,GO Biological Processes,19,GO:0030072,peptide hormone secretion,19_GO:0051179 localization,-2.2,3.1,3.2,30293,71,953,7,0.73,0.28,358|4087|6720|6814|8111|51083|94121,AQP1|SMAD2|SREBF1|STXBP3|GPR68|GAL|SYTL4,-1
MyList,GO Biological Processes,19,GO:0042593,glucose homeostasis,19_GO:0042592 homeostatic process,-2.2,2.1,2.9,30293,210,953,14,1.5,0.39,240|1050|2171|5080|5727|5836|5950|6814|9501|26137|51092|54976|81628|221395,ALOX5|CEBPA|FABP5|PAX6|PTCH1|PYGL|RBP4|STXBP3|RPH3AL|ZBTB20|SIDT2|ADISSP|TSC22D4|ADGRF5,-1
MyList,GO Biological Processes,19,GO:0034762,regulation of transmembrane transport,19_GO:0051179 localization,-2.2,1.7,2.8,30293,489,953,26,2.7,0.53,154|187|288|493|718|967|2040|2171|2887|3768|3784|4067|4947|4988|6814|7114|7525|8682|51083|51582|51686|53826|55636|151176|254263|729993,ADRB2|APLNR|ANK3|ATP2B4|C3|CD63|STOM|FABP5|GRB10|KCNJ12|KCNQ1|LYN|OAZ2|OPRM1|STXBP3|TMSB4X|YES1|PEA15|GAL|AZIN1|OAZ3|FXYD6|CHD7|ERFE|CNIH2|SHISA9,-1
MyList,GO Biological Processes,19,GO:0071695,anatomical structure maturation,19_GO:0032502 developmental process,-2.2,2.1,2.9,30293,232,953,15,1.6,0.4,712|718|865|1050|1524|1901|2261|2697|8938|10882|23787|29887|64131|81624|388585,C1QA|C3|CBFB|CEBPA|CX3CR1|S1PR1|FGFR3|GJA1|BAIAP3|C1QL1|MTCH1|SNX10|XYLT1|DIAPH3|HES5,-1
MyList,GO Biological Processes,19,GO:0050672,negative regulation of lymphocyte proliferation,19_GO:0002376 immune system process,-2.2,2.9,3.2,30293,89,953,8,0.84,0.3,4067|6441|6664|7940|11006|51083|84868|654346,LYN|SFTPD|SOX11|LST1|LILRB4|GAL|HAVCR2|LGALS9C,-1
MyList,GO Biological Processes,19,GO:0043648,dicarboxylic acid metabolic process,19_GO:0008152 metabolic process,-2.2,2.9,3.2,30293,89,953,8,0.84,0.3,445|2746|2747|2752|3418|4199|84706|137872,ASS1|GLUD1|GLUD2|GLUL|IDH2|ME1|GPT2|ADHFE1,-1
MyList,GO Biological Processes,19,GO:2000243,positive regulation of reproductive process,19_GO:0022414 reproductive process,-2.2,2.9,3.2,30293,89,953,8,0.84,0.3,1910|5021|5028|6662|7474|8912|54361|644186,EDNRB|OXTR|P2RY1|SOX9|WNT5A|CACNA1H|WNT4|SYCE3,-1
MyList,GO Biological Processes,19,GO:0046889,positive regulation of lipid biosynthetic process,19_GO:0048518 positive regulation of biological process,-2.2,2.9,3.2,30293,89,953,8,0.84,0.3,348|3949|5580|6720|9104|26137|54361|221395,APOE|LDLR|PRKCD|SREBF1|RGN|ZBTB20|WNT4|ADGRF5,-1
MyList,GO Biological Processes,19,GO:0021979,hypothalamus cell differentiation,19_GO:0032502 developmental process,-2.2,7.3,4.1,30293,13,953,3,0.31,0.18,5361|7314|8829,PLXNA1|UBB|NRP1,-1
MyList,GO Biological Processes,19,GO:1905939,regulation of gonad development,19_GO:0022414 reproductive process,-2.2,7.3,4.1,30293,13,953,3,0.31,0.18,6662|26471|54361,SOX9|NUPR1|WNT4,-1
MyList,GO Biological Processes,19,GO:0009950,dorsal/ventral axis specification,19_GO:0032502 developmental process,-2.2,7.3,4.1,30293,13,953,3,0.31,0.18,4087|5080|6422,SMAD2|PAX6|SFRP1,-1
MyList,GO Biological Processes,19,GO:0072087,renal vesicle development,19_GO:0032502 developmental process,-2.2,7.3,4.1,30293,13,953,3,0.31,0.18,6299|54361|55083,SALL1|WNT4|KIF26B,-1
MyList,GO Biological Processes,19,GO:0006521,regulation of cellular amino acid metabolic process,19_GO:0008152 metabolic process,-2.2,7.3,4.1,30293,13,953,3,0.31,0.18,493|9056|23657,ATP2B4|SLC7A7|SLC7A11,-1
MyList,GO Biological Processes,19,GO:0045986,negative regulation of smooth muscle contraction,19_GO:0048519 negative regulation of biological process,-2.2,7.3,4.1,30293,13,953,3,0.31,0.18,136|154|143872,ADORA2B|ADRB2|ARHGAP42,-1
MyList,GO Biological Processes,19,GO:0061136,regulation of proteasomal protein catabolic process,19_GO:0008152 metabolic process,-2.2,2.2,2.9,30293,189,953,13,1.4,0.38,348|1050|1191|1452|2768|4983|7314|9491|26471|57630|79016|90865|161582,APOE|CEBPA|CLU|CSNK1A1|GNA12|OPHN1|UBB|PSMF1|NUPR1|SH3RF1|DDA1|IL33|DNAAF4,-1
MyList,GO Biological Processes,19,GO:0030308,negative regulation of cell growth,19_GO:0040007 growth,-2.2,2.2,2.9,30293,189,953,13,1.4,0.38,393|1032|2023|2697|4504|5245|6422|7474|8829|23251|58189|147906|221476,ARHGAP4|CDKN2D|ENO1|GJA1|MT3|PHB1|SFRP1|WNT5A|NRP1|MINAR1|WFDC1|DACT3|PI16,-1
MyList,GO Biological Processes,19,GO:0003205,cardiac chamber development,19_GO:0032502 developmental process,-2.2,2.3,3,30293,168,953,12,1.3,0.36,187|655|2535|5950|6091|6299|6664|7474|8321|8829|26508|55636,APLNR|BMP7|FZD2|RBP4|ROBO1|SALL1|SOX11|WNT5A|FZD1|NRP1|HEYL|CHD7,-1
MyList,GO Biological Processes,19,GO:1901361,organic cyclic compound catabolic process,19_GO:0008152 metabolic process,-2.2,1.8,2.8,30293,417,953,23,2.4,0.5,30|677|678|2023|2053|2184|3162|3176|4129|4329|4860|5436|8630|8635|9939|10247|22875|23034|30833|51071|51092|79873|115752,ACAA1|ZFP36L1|ZFP36L2|ENO1|EPHX2|FAH|HMOX1|HNMT|MAOB|ALDH6A1|PNP|POLR2G|HSD17B6|RNASET2|RBM8A|RIDA|ENPP4|SAMD4A|NT5C|DERA|SIDT2|NUDT18|DIS3L,-1
MyList,GO Biological Processes,19,GO:0033500,carbohydrate homeostasis,19_GO:0042592 homeostatic process,-2.1,2.1,2.9,30293,211,953,14,1.5,0.39,240|1050|2171|5080|5727|5836|5950|6814|9501|26137|51092|54976|81628|221395,ALOX5|CEBPA|FABP5|PAX6|PTCH1|PYGL|RBP4|STXBP3|RPH3AL|ZBTB20|SIDT2|ADISSP|TSC22D4|ADGRF5,-1
MyList,GO Biological Processes,19,GO:0006636,unsaturated fatty acid biosynthetic process,19_GO:0008152 metabolic process,-2.1,4.1,3.5,30293,39,953,5,0.52,0.23,3992|3995|8644|9415|79966,FADS1|FADS3|AKR1C3|FADS2|SCD5,-1
MyList,GO Biological Processes,19,GO:0008206,bile acid metabolic process,19_GO:0008152 metabolic process,-2.1,4.1,3.5,30293,39,953,5,0.52,0.23,30|1109|1645|3028|8309,ACAA1|AKR1C4|AKR1C1|HSD17B10|ACOX2,-1
MyList,GO Biological Processes,19,GO:1901661,quinone metabolic process,19_GO:0008152 metabolic process,-2.1,4.1,3.5,30293,39,953,5,0.52,0.23,1109|1645|8574|8644|27233,AKR1C4|AKR1C1|AKR7A2|AKR1C3|SULT1C4,-1
MyList,GO Biological Processes,19,GO:0045429,positive regulation of nitric oxide biosynthetic process,19_GO:0048518 positive regulation of biological process,-2.1,4.1,3.5,30293,39,953,5,0.52,0.23,445|1191|7099|23564|23576,ASS1|CLU|TLR4|DDAH2|DDAH1,-1
MyList,GO Biological Processes,19,GO:0060155,platelet dense granule organization,19_GO:0009987 cellular process,-2.1,5.1,3.7,30293,25,953,4,0.42,0.21,1174|1176|84062|282991,AP1S1|AP3S1|DTNBP1|BLOC1S2,-1
MyList,GO Biological Processes,19,GO:0061339,establishment or maintenance of monopolar cell polarity,19_GO:0009987 cellular process,-2.1,5.1,3.7,30293,25,953,4,0.42,0.21,2195|4983|7474|284217,FAT1|OPHN1|WNT5A|LAMA1,-1
MyList,GO Biological Processes,19,GO:0019934,cGMP-mediated signaling,19_GO:0050896 response to stimulus,-2.1,5.1,3.7,30293,25,953,4,0.42,0.21,136|348|358|1910,ADORA2B|APOE|AQP1|EDNRB,-1
MyList,GO Biological Processes,19,GO:2000178,negative regulation of neural precursor cell proliferation,19_GO:0048519 negative regulation of biological process,-2.1,5.1,3.7,30293,25,953,4,0.42,0.21,5080|5764|7101|7474,PAX6|PTN|NR2E1|WNT5A,-1
MyList,GO Biological Processes,19,GO:0003272,endocardial cushion formation,19_GO:0032502 developmental process,-2.1,5.1,3.7,30293,25,953,4,0.42,0.21,187|655|6091|26508,APLNR|BMP7|ROBO1|HEYL,-1
MyList,GO Biological Processes,19,GO:0050860,negative regulation of T cell receptor signaling pathway,19_GO:0002376 immune system process,-2.1,5.1,3.7,30293,25,953,4,0.42,0.21,7430|7805|11006|29085,EZR|LAPTM5|LILRB4|PHPT1,-1
MyList,GO Biological Processes,19,GO:0006869,lipid transport,19_GO:0051179 localization,-2.1,1.8,2.8,30293,347,953,20,2.1,0.46,348|1109|1191|1645|2171|2173|3784|3949|5375|5947|5950|7436|10577|23673|26207|28965|51454|55937|57088|151176,APOE|AKR1C4|CLU|AKR1C1|FABP5|FABP7|KCNQ1|LDLR|PMP2|RBP1|RBP4|VLDLR|NPC2|STX12|PITPNC1|SLC27A6|GULP1|APOM|PLSCR4|ERFE,-1
MyList,GO Biological Processes,19,GO:0007272,ensheathment of neurons,19_GO:0032502 developmental process,-2.1,2.5,3,30293,128,953,10,1,0.33,1191|1272|2824|3691|7248|7852|10100|23114|23205|388585,CLU|CNTN1|GPM6B|ITGB4|TSC1|CXCR4|TSPAN2|NFASC|ACSBG1|HES5,-1
MyList,GO Biological Processes,19,GO:0008366,axon ensheathment,19_GO:0032502 developmental process,-2.1,2.5,3,30293,128,953,10,1,0.33,1191|1272|2824|3691|7248|7852|10100|23114|23205|388585,CLU|CNTN1|GPM6B|ITGB4|TSC1|CXCR4|TSPAN2|NFASC|ACSBG1|HES5,-1
MyList,GO Biological Processes,19,GO:0046683,response to organophosphorus,19_GO:0050896 response to stimulus,-2.1,2.5,3,30293,128,953,10,1,0.33,358|445|594|677|1645|3784|5028|6720|7184|7430,AQP1|ASS1|BCKDHB|ZFP36L1|AKR1C1|KCNQ1|P2RY1|SREBF1|HSP90B1|EZR,-1
MyList,GO Biological Processes,19,GO:0001706,endoderm formation,19_GO:0032502 developmental process,-2.1,3.5,3.3,30293,55,953,6,0.63,0.26,190|3281|3689|4087|6657|9646,NR0B1|HSBP1|ITGB2|SMAD2|SOX2|CTR9,-0.99
MyList,GO Biological Processes,19,GO:0032945,negative regulation of mononuclear cell proliferation,19_GO:0048519 negative regulation of biological process,-2.1,2.8,3.1,30293,90,953,8,0.84,0.3,4067|6441|6664|7940|11006|51083|84868|654346,LYN|SFTPD|SOX11|LST1|LILRB4|GAL|HAVCR2|LGALS9C,-0.99
MyList,GO Biological Processes,19,GO:0001570,vasculogenesis,19_GO:0032502 developmental process,-2.1,3.1,3.2,30293,72,953,7,0.73,0.28,187|677|7477|8829|10413|25976|161742,APLNR|ZFP36L1|WNT7B|NRP1|YAP1|TIPARP|SPRED1,-0.99
MyList,GO Biological Processes,19,GO:0140962,multicellular organismal-level chemical homeostasis,19_GO:0042592 homeostatic process,-2.1,3.1,3.2,30293,72,953,7,0.73,0.28,358|361|1512|3162|6441|30061|221395,AQP1|AQP4|CTSH|HMOX1|SFTPD|SLC40A1|ADGRF5,-0.99
MyList,GO Biological Processes,19,GO:1900076,regulation of cellular response to insulin stimulus,19_GO:0050896 response to stimulus,-2.1,3.1,3.2,30293,72,953,7,0.73,0.28,2771|2887|5580|5588|23189|27131|151176,GNAI2|GRB10|PRKCD|PRKCQ|KANK1|SNX5|ERFE,-0.99
MyList,GO Biological Processes,19,GO:0021543,pallium development,19_GO:0032502 developmental process,-2.1,2.2,2.9,30293,191,953,13,1.4,0.38,238|493|5080|6091|7101|7248|7280|7545|9289|63827|66000|84750|347733,ALK|ATP2B4|PAX6|ROBO1|NR2E1|TSC1|TUBB2A|ZIC1|ADGRG1|BCAN|TMEM108|FUT10|TUBB2B,-0.98
MyList,GO Biological Processes,19,GO:0006637,acyl-CoA metabolic process,19_GO:0008152 metabolic process,-2.1,2.8,3.1,30293,91,953,8,0.84,0.3,2639|3157|4598|6576|9200|23205|80221|84532,GCDH|HMGCS1|MVK|SLC25A1|HACD1|ACSBG1|ACSF2|ACSS1,-0.97
MyList,GO Biological Processes,19,GO:0035383,thioester metabolic process,19_GO:0008152 metabolic process,-2.1,2.8,3.1,30293,91,953,8,0.84,0.3,2639|3157|4598|6576|9200|23205|80221|84532,GCDH|HMGCS1|MVK|SLC25A1|HACD1|ACSBG1|ACSF2|ACSS1,-0.97
MyList,GO Biological Processes,19,GO:1902476,chloride transmembrane transport,19_GO:0051179 localization,-2.1,2.6,3,30293,110,953,9,0.94,0.31,1184|1185|2556|2742|7439|8001|23155|53405|57348,CLCN5|CLCN6|GABRA3|GLRA2|BEST1|GLRA3|CLCC1|CLIC5|TTYH1,-0.96
MyList,GO Biological Processes,19,GO:1903522,regulation of blood circulation,19_GO:0032501 multicellular organismal process,-2.1,2,2.8,30293,258,953,16,1.7,0.42,147|493|952|1573|1910|2697|3741|3768|3784|5021|6720|8862|8912|10242|27345|143872,ADRA1B|ATP2B4|CD38|CYP2J2|EDNRB|GJA1|KCNA5|KCNJ12|KCNQ1|OXTR|SREBF1|APLN|CACNA1H|KCNMB2|KCNMB4|ARHGAP42,-0.96
MyList,GO Biological Processes,19,GO:0007009,plasma membrane organization,19_GO:0009987 cellular process,-2.1,2.3,2.9,30293,150,953,11,1.2,0.35,288|1191|2054|5788|6609|6810|7852|29082|57088|94121|112574,ANK3|CLU|STX2|PTPRC|SMPD1|STX4|CXCR4|CHMP4A|PLSCR4|SYTL4|SNX18,-0.96
MyList,GO Biological Processes,19,GO:0003170,heart valve development,19_GO:0032502 developmental process,-2.1,3,3.2,30293,73,953,7,0.73,0.28,187|1009|4087|4772|6091|6662|26508,APLNR|CDH11|SMAD2|NFATC1|ROBO1|SOX9|HEYL,-0.96
MyList,GO Biological Processes,19,GO:0033143,regulation of intracellular steroid hormone receptor signaling pathway,19_GO:0050896 response to stimulus,-2.1,3,3.2,30293,73,953,7,0.73,0.28,190|3275|5245|6422|10413|26508|161582,NR0B1|PRMT2|PHB1|SFRP1|YAP1|HEYL|DNAAF4,-0.96
MyList,GO Biological Processes,19,GO:0040001,establishment of mitotic spindle localization,19_GO:0051179 localization,-2.1,4,3.4,30293,40,953,5,0.52,0.23,2697|5080|6993|22919|55968,GJA1|PAX6|DYNLT1|MAPRE1|NSFL1C,-0.96
MyList,GO Biological Processes,19,GO:0007007,inner mitochondrial membrane organization,19_GO:0009987 cellular process,-2.1,4,3.4,30293,40,953,5,0.52,0.23,26519|26521|84303|115209|440574,TIMM10|TIMM8B|CHCHD6|OMA1|MICOS10,-0.96
MyList,GO Biological Processes,19,GO:1904407,positive regulation of nitric oxide metabolic process,19_GO:0048518 positive regulation of biological process,-2.1,4,3.4,30293,40,953,5,0.52,0.23,445|1191|7099|23564|23576,ASS1|CLU|TLR4|DDAH2|DDAH1,-0.96
MyList,GO Biological Processes,19,GO:0009167,purine ribonucleoside monophosphate metabolic process,19_GO:0008152 metabolic process,-2.1,4,3.4,30293,40,953,5,0.52,0.23,205|1740|4860|9414|30833,AK4|DLG2|PNP|TJP2|NT5C,-0.96
MyList,GO Biological Processes,19,GO:0002833,positive regulation of response to biotic stimulus,19_GO:0048518 positive regulation of biological process,-2.1,1.9,2.8,30293,304,953,18,1.9,0.44,834|3821|3822|3823|4067|5245|5650|7098|7099|7409|7474|9865|23328|23705|55577|57590|84282|84868,CASP1|KLRC1|KLRC2|KLRC3|LYN|PHB1|KLK7|TLR3|TLR4|VAV1|WNT5A|TRIL|SASH1|CADM1|NAGK|WDFY1|RNF135|HAVCR2,-0.96
MyList,GO Biological Processes,19,GO:0060675,ureteric bud morphogenesis,19_GO:0032502 developmental process,-2.1,3.4,3.2,30293,56,953,6,0.63,0.26,2247|5727|6299|6662|54361|55083,FGF2|PTCH1|SALL1|SOX9|WNT4|KIF26B,-0.96
MyList,GO Biological Processes,19,GO:0007159,leukocyte cell-cell adhesion,19_GO:0009987 cellular process,-2.1,3.4,3.2,30293,56,953,6,0.63,0.26,655|1524|3689|5788|6404|7430,BMP7|CX3CR1|ITGB2|PTPRC|SELPLG|EZR,-0.96
MyList,GO Biological Processes,19,GO:0051058,negative regulation of small GTPase mediated signal transduction,19_GO:0048519 negative regulation of biological process,-2.1,3.4,3.2,30293,56,953,6,0.63,0.26,8437|9938|23189|64926|81848|143872,RASAL1|ARHGAP25|KANK1|RASAL3|SPRY4|ARHGAP42,-0.96
MyList,GO Biological Processes,19,GO:0050777,negative regulation of immune response,19_GO:0002376 immune system process,-2.1,2.1,2.9,30293,193,953,13,1.4,0.38,2|613|2840|3821|4067|5788|5987|7525|11006|54625|79651|84868|90865,A2M|BCR|GPR17|KLRC1|LYN|PTPRC|TRIM27|YES1|LILRB4|PARP14|RHBDF2|HAVCR2|IL33,-0.95
MyList,GO Biological Processes,19,GO:0003401,axis elongation,19_GO:0040007 growth,-2.1,4.9,3.6,30293,26,953,4,0.42,0.21,6422|6662|7474|10413,SFRP1|SOX9|WNT5A|YAP1,-0.95
MyList,GO Biological Processes,19,GO:0001911,negative regulation of leukocyte mediated cytotoxicity,19_GO:0002376 immune system process,-2.1,4.9,3.6,30293,26,953,4,0.42,0.21,1524|3821|5788|84868,CX3CR1|KLRC1|PTPRC|HAVCR2,-0.95
MyList,GO Biological Processes,19,GO:0032291,axon ensheathment in central nervous system,19_GO:0032502 developmental process,-2.1,4.9,3.6,30293,26,953,4,0.42,0.21,1191|1272|2824|388585,CLU|CNTN1|GPM6B|HES5,-0.95
MyList,GO Biological Processes,19,GO:0002053,positive regulation of mesenchymal cell proliferation,19_GO:0048518 positive regulation of biological process,-2.1,4.9,3.6,30293,26,953,4,0.42,0.21,5154|5396|6662|7474,PDGFA|PRRX1|SOX9|WNT5A,-0.95
MyList,GO Biological Processes,19,GO:0022010,central nervous system myelination,19_GO:0032502 developmental process,-2.1,4.9,3.6,30293,26,953,4,0.42,0.21,1191|1272|2824|388585,CLU|CNTN1|GPM6B|HES5,-0.95
MyList,GO Biological Processes,19,GO:0048745,smooth muscle tissue development,19_GO:0032502 developmental process,-2.1,4.9,3.6,30293,26,953,4,0.42,0.21,5727|6662|25976|30008,PTCH1|SOX9|TIPARP|EFEMP2,-0.95
MyList,GO Biological Processes,19,GO:0048596,embryonic camera-type eye morphogenesis,19_GO:0032502 developmental process,-2.1,4.9,3.6,30293,26,953,4,0.42,0.21,655|5080|6664|7474,BMP7|PAX6|SOX11|WNT5A,-0.95
MyList,GO Biological Processes,19,GO:0090277,positive regulation of peptide hormone secretion,19_GO:0051179 localization,-2.1,2.6,3,30293,111,953,9,0.94,0.31,952|2550|2746|5950|6810|8111|8447|8938|9501,CD38|GABBR1|GLUD1|RBP4|STX4|GPR68|DOC2B|BAIAP3|RPH3AL,-0.95
MyList,GO Biological Processes,19,GO:0048593,camera-type eye morphogenesis,19_GO:0032502 developmental process,-2.1,2.4,2.9,30293,131,953,10,1,0.33,358|655|2195|5080|5950|6094|6662|6664|7474|54549,AQP1|BMP7|FAT1|PAX6|RBP4|ROM1|SOX9|SOX11|WNT5A|SDK2,-0.94
MyList,GO Biological Processes,19,GO:0016197,endosomal transport,19_GO:0051179 localization,-2.1,2,2.8,30293,260,953,16,1.7,0.42,392|5872|5987|8934|8938|11021|23673|25938|27131|27147|29082|51375|81624|84661|112574|282991,ARHGAP1|RAB13|TRIM27|RAB29|BAIAP3|RAB35|STX12|HEATR5A|SNX5|DENND2A|CHMP4A|SNX7|DIAPH3|DPY30|SNX18|BLOC1S2,-0.94
MyList,GO Biological Processes,19,GO:0060415,muscle tissue morphogenesis,19_GO:0032502 developmental process,-2.1,3,3.1,30293,74,953,7,0.73,0.28,70|1901|2535|7474|8321|30008|55636,ACTC1|S1PR1|FZD2|WNT5A|FZD1|EFEMP2|CHD7,-0.94
MyList,GO Biological Processes,19,GO:0002790,peptide secretion,19_GO:0051179 localization,-2.1,3,3.1,30293,74,953,7,0.73,0.28,358|4087|6720|6814|8111|51083|94121,AQP1|SMAD2|SREBF1|STXBP3|GPR68|GAL|SYTL4,-0.94
MyList,GO Biological Processes,19,GO:0070373,negative regulation of ERK1 and ERK2 cascade,19_GO:0048519 negative regulation of biological process,-2.1,3,3.1,30293,74,953,7,0.73,0.28,2950|4067|5245|5788|7099|7430|161742,GSTP1|LYN|PHB1|PTPRC|TLR4|EZR|SPRED1,-0.94
MyList,GO Biological Processes,19,GO:0014015,positive regulation of gliogenesis,19_GO:0032502 developmental process,-2.1,3,3.1,30293,74,953,7,0.73,0.28,2670|4067|5764|5803|7852|90865|146433,GFAP|LYN|PTN|PTPRZ1|CXCR4|IL33|IL34,-0.94
MyList,GO Biological Processes,19,GO:0050709,negative regulation of protein secretion,19_GO:0051179 localization,-2.1,3,3.1,30293,74,953,7,0.73,0.28,348|1595|4988|6422|6720|79651|94121,APOE|CYP51A1|OPRM1|SFRP1|SREBF1|RHBDF2|SYTL4,-0.94
MyList,GO Biological Processes,19,GO:0060348,bone development,19_GO:0032502 developmental process,-2.1,2.1,2.8,30293,194,953,13,1.4,0.38,2261|2697|2734|3638|5358|5636|5788|6662|8111|29887|55959|64131|285590,FGFR3|GJA1|GLG1|INSIG1|PLS3|PRPSAP2|PTPRC|SOX9|GPR68|SNX10|SULF2|XYLT1|SH3PXD2B,-0.94
MyList,GO Biological Processes,19,GO:0007512,adult heart development,19_GO:0032502 developmental process,-2.1,6.8,3.9,30293,14,953,3,0.31,0.18,187|2697|55636,APLNR|GJA1|CHD7,-0.94
MyList,GO Biological Processes,19,GO:0071361,cellular response to ethanol,19_GO:0050896 response to stimulus,-2.1,6.8,3.9,30293,14,953,3,0.31,0.18,113|1536|2742,ADCY7|CYBB|GLRA2,-0.94
MyList,GO Biological Processes,19,GO:0007194,negative regulation of adenylate cyclase activity,19_GO:0065007 biological regulation,-2.1,6.8,3.9,30293,14,953,3,0.31,0.18,1910|2771|2913,EDNRB|GNAI2|GRM3,-0.94
MyList,GO Biological Processes,19,GO:0090594,inflammatory response to wounding,19_GO:0050896 response to stimulus,-2.1,6.8,3.9,30293,14,953,3,0.31,0.18,3162|7098|7099,HMOX1|TLR3|TLR4,-0.94
MyList,GO Biological Processes,19,GO:0016322,neuron remodeling,19_GO:0032502 developmental process,-2.1,6.8,3.9,30293,14,953,3,0.31,0.18,712|718|10882,C1QA|C3|C1QL1,-0.94
MyList,GO Biological Processes,19,GO:0006465,signal peptide processing,19_GO:0008152 metabolic process,-2.1,6.8,3.9,30293,14,953,3,0.31,0.18,5125|90701|121665,PCSK5|SEC11C|SPPL3,-0.94
MyList,GO Biological Processes,19,GO:0010867,positive regulation of triglyceride biosynthetic process,19_GO:0048518 positive regulation of biological process,-2.1,6.8,3.9,30293,14,953,3,0.31,0.18,3949|6720|9104,LDLR|SREBF1|RGN,-0.94
MyList,GO Biological Processes,19,GO:0086014,atrial cardiac muscle cell action potential,19_GO:0032501 multicellular organismal process,-2.1,6.8,3.9,30293,14,953,3,0.31,0.18,2697|3741|3784,GJA1|KCNA5|KCNQ1,-0.94
MyList,GO Biological Processes,19,GO:0036151,phosphatidylcholine acyl-chain remodeling,19_GO:0008152 metabolic process,-2.1,6.8,3.9,30293,14,953,3,0.31,0.18,1622|54947|129642,DBI|LPCAT2|MBOAT2,-0.94
MyList,GO Biological Processes,19,GO:0070102,interleukin-6-mediated signaling pathway,19_GO:0050896 response to stimulus,-2.1,6.8,3.9,30293,14,953,3,0.31,0.18,1050|9646|10413,CEBPA|CTR9|YAP1,-0.94
MyList,GO Biological Processes,19,GO:0086026,atrial cardiac muscle cell to AV node cell signaling,19_GO:0032501 multicellular organismal process,-2.1,6.8,3.9,30293,14,953,3,0.31,0.18,2697|3741|3784,GJA1|KCNA5|KCNQ1,-0.94
MyList,GO Biological Processes,19,GO:0140052,cellular response to oxidised low-density lipoprotein particle stimulus,19_GO:0050896 response to stimulus,-2.1,6.8,3.9,30293,14,953,3,0.31,0.18,968|7099|10628,CD68|TLR4|TXNIP,-0.94
MyList,GO Biological Processes,19,GO:0002237,response to molecule of bacterial origin,19_GO:0044419 biological process involved in interspecies interaction between organisms,-2.1,1.8,2.7,30293,353,953,20,2.1,0.46,445|613|834|923|968|1524|1910|2635|2950|4067|4129|7099|7474|8792|9516|9646|10417|57088|63826|84868,ASS1|BCR|CASP1|CD6|CD68|CX3CR1|EDNRB|GBP3|GSTP1|LYN|MAOB|TLR4|WNT5A|TNFRSF11A|LITAF|CTR9|SPON2|PLSCR4|SRR|HAVCR2,-0.94
MyList,GO Biological Processes,19,GO:0019932,second-messenger-mediated signaling,19_GO:0050896 response to stimulus,-2.1,2,2.8,30293,238,953,15,1.6,0.4,136|348|358|1524|1910|2214|4772|4935|5788|6444|6662|7462|7852|23576|51083,ADORA2B|APOE|AQP1|CX3CR1|EDNRB|FCGR3A|NFATC1|GPR143|PTPRC|SGCD|SOX9|LAT2|CXCR4|DDAH1|GAL,-0.94
MyList,GO Biological Processes,19,GO:0072171,mesonephric tubule morphogenesis,19_GO:0032502 developmental process,-2.1,3.3,3.2,30293,57,953,6,0.63,0.26,2247|5727|6299|6662|54361|55083,FGF2|PTCH1|SALL1|SOX9|WNT4|KIF26B,-0.94
MyList,GO Biological Processes,19,GO:0051293,establishment of spindle localization,19_GO:0051179 localization,-2.1,3.3,3.2,30293,57,953,6,0.63,0.26,2697|4134|5080|6993|22919|55968,GJA1|MAP4|PAX6|DYNLT1|MAPRE1|NSFL1C,-0.94
MyList,GO Biological Processes,19,GO:0061245,establishment or maintenance of bipolar cell polarity,19_GO:0009987 cellular process,-2.1,3.3,3.2,30293,57,953,6,0.63,0.26,1740|2195|4983|7474|117583|284217,DLG2|FAT1|OPHN1|WNT5A|PARD3B|LAMA1,-0.94
MyList,GO Biological Processes,19,GO:0035088,establishment or maintenance of apical/basal cell polarity,19_GO:0009987 cellular process,-2.1,3.3,3.2,30293,57,953,6,0.63,0.26,1740|2195|4983|7474|117583|284217,DLG2|FAT1|OPHN1|WNT5A|PARD3B|LAMA1,-0.94
MyList,GO Biological Processes,19,GO:0048638,regulation of developmental growth,19_GO:0040007 growth,-2.1,1.8,2.7,30293,330,953,19,2,0.45,154|348|393|2247|2261|4504|5727|5950|6776|7430|7474|7852|8437|8829|10413|23286|51760|55636|221476,ADRB2|APOE|ARHGAP4|FGF2|FGFR3|MT3|PTCH1|RBP4|STAT5A|EZR|WNT5A|CXCR4|RASAL1|NRP1|YAP1|WWC1|SYT17|CHD7|PI16,-0.94
MyList,GO Biological Processes,19,GO:0001824,blastocyst development,19_GO:0032502 developmental process,-2,2.6,3,30293,112,953,9,0.94,0.31,1603|9646|10161|10413|10436|27341|57718|123920|196051,DAD1|CTR9|LPAR6|YAP1|EMG1|RRP7A|PPP4R4|CMTM3|PLPP4,-0.94
MyList,GO Biological Processes,19,GO:0055086,nucleobase-containing small molecule metabolic process,19_GO:0008152 metabolic process,-2,1.6,2.6,30293,599,953,30,3.1,0.57,113|205|952|1740|2023|2639|3157|3418|4199|4329|4351|4598|4718|4860|5636|6576|7372|8460|9200|9414|22875|23205|27233|30833|51071|55191|79873|80221|84532|349565,ADCY7|AK4|CD38|DLG2|ENO1|GCDH|HMGCS1|IDH2|ME1|ALDH6A1|MPI|MVK|NDUFC2|PNP|PRPSAP2|SLC25A1|UMPS|TPST1|HACD1|TJP2|ENPP4|ACSBG1|SULT1C4|NT5C|DERA|NADSYN1|NUDT18|ACSF2|ACSS1|NMNAT3,-0.94
MyList,GO Biological Processes,19,GO:0007044,cell-substrate junction assembly,19_GO:0009987 cellular process,-2,3.9,3.3,30293,41,953,5,0.52,0.23,613|1009|3691|7205|10979,BCR|CDH11|ITGB4|TRIP6|FERMT2,-0.94
MyList,GO Biological Processes,19,GO:0032814,regulation of natural killer cell activation,19_GO:0002376 immune system process,-2,3.9,3.3,30293,41,953,5,0.52,0.23,2214|3821|3822|3823|84868,FCGR3A|KLRC1|KLRC2|KLRC3|HAVCR2,-0.94
MyList,GO Biological Processes,19,GO:0032570,response to progesterone,19_GO:0050896 response to stimulus,-2,3.9,3.3,30293,41,953,5,0.52,0.23,952|5021|6720|10413|10628,CD38|OXTR|SREBF1|YAP1|TXNIP,-0.94
MyList,GO Biological Processes,19,GO:0021700,developmental maturation,19_GO:0032502 developmental process,-2,1.9,2.8,30293,284,953,17,1.8,0.43,712|718|865|967|1050|1524|1901|2261|2697|8938|10882|23787|29887|63827|64131|81624|388585,C1QA|C3|CBFB|CD63|CEBPA|CX3CR1|S1PR1|FGFR3|GJA1|BAIAP3|C1QL1|MTCH1|SNX10|BCAN|XYLT1|DIAPH3|HES5,-0.94
MyList,GO Biological Processes,19,GO:0009117,nucleotide metabolic process,19_GO:0008152 metabolic process,-2,1.6,2.7,30293,524,953,27,2.8,0.54,113|205|952|1740|2023|2639|3157|3418|4199|4598|4718|4860|5636|6576|7372|8460|9200|9414|23205|27233|30833|51071|55191|79873|80221|84532|349565,ADCY7|AK4|CD38|DLG2|ENO1|GCDH|HMGCS1|IDH2|ME1|MVK|NDUFC2|PNP|PRPSAP2|SLC25A1|UMPS|TPST1|HACD1|TJP2|ACSBG1|SULT1C4|NT5C|DERA|NADSYN1|NUDT18|ACSF2|ACSS1|NMNAT3,-0.94
MyList,GO Biological Processes,19,GO:0032147,activation of protein kinase activity,19_GO:0048518 positive regulation of biological process,-2,3,3.1,30293,75,953,7,0.73,0.28,154|4504|5245|5580|7098|7474|133619,ADRB2|MT3|PHB1|PRKCD|TLR3|WNT5A|PRRC1,-0.92
MyList,GO Biological Processes,19,GO:0007193,adenylate cyclase-inhibiting G protein-coupled receptor signaling pathway,19_GO:0050896 response to stimulus,-2,3,3.1,30293,75,953,7,0.73,0.28,113|1901|2550|2771|2913|4988|5028,ADCY7|S1PR1|GABBR1|GNAI2|GRM3|OPRM1|P2RY1,-0.92
MyList,GO Biological Processes,19,GO:0002793,positive regulation of peptide secretion,19_GO:0051179 localization,-2,2.5,2.9,30293,113,953,9,0.94,0.31,952|2550|2746|5950|6810|8111|8447|8938|9501,CD38|GABBR1|GLUD1|RBP4|STX4|GPR68|DOC2B|BAIAP3|RPH3AL,-0.91
MyList,GO Biological Processes,19,GO:0007006,mitochondrial membrane organization,19_GO:0009987 cellular process,-2,2.5,2.9,30293,113,953,9,0.94,0.31,2139|10449|23787|26519|26521|84303|115209|282991|440574,EYA2|ACAA2|MTCH1|TIMM10|TIMM8B|CHCHD6|OMA1|BLOC1S2|MICOS10,-0.91
MyList,GO Biological Processes,19,GO:1904950,negative regulation of establishment of protein localization,19_GO:0051179 localization,-2,2.4,2.9,30293,133,953,10,1,0.33,348|1595|3638|4988|6422|6720|7013|55612|79651|94121,APOE|CYP51A1|INSIG1|OPRM1|SFRP1|SREBF1|TERF1|FERMT1|RHBDF2|SYTL4,-0.91
MyList,GO Biological Processes,19,GO:0030162,regulation of proteolysis,19_GO:0008152 metabolic process,-2,1.6,2.6,30293,602,953,30,3.1,0.57,330|348|358|834|1032|1050|1191|1452|1512|2023|2734|2768|4067|4983|6091|6657|7077|7314|7805|9104|9491|23787|26471|55170|57630|64215|79016|90865|147372|161582,BIRC3|APOE|AQP1|CASP1|CDKN2D|CEBPA|CLU|CSNK1A1|CTSH|ENO1|GLG1|GNA12|LYN|OPHN1|ROBO1|SOX2|TIMP2|UBB|LAPTM5|RGN|PSMF1|MTCH1|NUPR1|PRMT6|SH3RF1|DNAJC1|DDA1|IL33|CCBE1|DNAAF4,-0.91
MyList,GO Biological Processes,19,GO:0042759,long-chain fatty acid biosynthetic process,19_GO:0008152 metabolic process,-2,4.7,3.5,30293,27,953,4,0.42,0.21,240|2950|3992|23205,ALOX5|GSTP1|FADS1|ACSBG1,-0.91
MyList,GO Biological Processes,19,GO:0030204,chondroitin sulfate metabolic process,19_GO:0008152 metabolic process,-2,4.7,3.5,30293,27,953,4,0.42,0.21,9469|64131|83539|92126,CHST3|XYLT1|CHST9|DSEL,-0.91
MyList,GO Biological Processes,19,GO:0060441,epithelial tube branching involved in lung morphogenesis,19_GO:0032502 developmental process,-2,4.7,3.5,30293,27,953,4,0.42,0.21,1512|6662|10413|284217,CTSH|SOX9|YAP1|LAMA1,-0.91
MyList,GO Biological Processes,19,GO:0010463,mesenchymal cell proliferation,19_GO:0009987 cellular process,-2,4.7,3.5,30293,27,953,4,0.42,0.21,655|5396|6662|7474,BMP7|PRRX1|SOX9|WNT5A,-0.91
MyList,GO Biological Processes,19,GO:0046949,fatty-acyl-CoA biosynthetic process,19_GO:0008152 metabolic process,-2,4.7,3.5,30293,27,953,4,0.42,0.21,2639|6576|9200|23205,GCDH|SLC25A1|HACD1|ACSBG1,-0.91
MyList,GO Biological Processes,19,GO:0002092,positive regulation of receptor internalization,19_GO:0051179 localization,-2,4.7,3.5,30293,27,953,4,0.42,0.21,408|967|8862|84062,ARRB1|CD63|APLN|DTNBP1,-0.91
MyList,GO Biological Processes,19,GO:0071229,cellular response to acid chemical,19_GO:0050896 response to stimulus,-2,2.7,3,30293,94,953,8,0.84,0.3,445|1307|1536|2742|5156|64121|80339|652968,ASS1|COL16A1|CYBB|GLRA2|PDGFRA|RRAGC|PNPLA3|CASTOR1,-0.91
MyList,GO Biological Processes,19,GO:1902905,positive regulation of supramolecular fiber organization,19_GO:0048518 positive regulation of biological process,-2,2.2,2.8,30293,175,953,12,1.3,0.36,348|1191|4868|5987|6422|8829|10979|22919|23580|30008|54361|85477,APOE|CLU|NPHS1|TRIM27|SFRP1|NRP1|FERMT2|MAPRE1|CDC42EP4|EFEMP2|WNT4|SCIN,-0.91
MyList,GO Biological Processes,19,GO:0043161,proteasome-mediated ubiquitin-dependent protein catabolic process,19_GO:0008152 metabolic process,-2,1.8,2.7,30293,357,953,20,2.1,0.46,408|996|1452|1642|5688|5689|7184|7319|7345|7993|8451|8453|8881|9320|9491|10973|25937|26232|51528|55968,ARRB1|CDC27|CSNK1A1|DDB1|PSMA7|PSMB1|HSP90B1|UBE2A|UCHL1|UBXN8|CUL4A|CUL2|CDC16|TRIP12|PSMF1|ASCC3|WWTR1|FBXO2|JKAMP|NSFL1C,-0.9
MyList,GO Biological Processes,19,GO:0090101,negative regulation of transmembrane receptor protein serine/threonine kinase signaling pathway,19_GO:0048519 negative regulation of biological process,-2,2.1,2.8,30293,197,953,13,1.4,0.38,2734|3175|5654|6422|7130|7474|8321|25805|54756|63976|64081|84312|161742,GLG1|ONECUT1|HTRA1|SFRP1|TNFAIP6|WNT5A|FZD1|BAMBI|IL17RD|PRDM16|PBLD|BRMS1L|SPRED1,-0.9
MyList,GO Biological Processes,19,GO:0043413,macromolecule glycosylation,19_GO:0008152 metabolic process,-2,2,2.8,30293,219,953,14,1.5,0.39,1603|6480|8704|9761|22845|29071|29880|57171|83857|84002|84061|84750|727936|100128731,DAD1|ST6GAL1|B4GALT2|MLEC|DOLK|C1GALT1C1|ALG5|DOLPP1|TMTC1|B3GNT5|MAGT1|FUT10|GXYLT2|OST4,-0.9
MyList,GO Biological Processes,19,GO:0060249,anatomical structure homeostasis,19_GO:0042592 homeostatic process,-2,2,2.8,30293,219,953,14,1.5,0.39,71|154|1200|2697|5950|6662|7099|9414|10413|25937|29887|64081|65217|340719,ACTG1|ADRB2|TPP1|GJA1|RBP4|SOX9|TLR4|TJP2|YAP1|WWTR1|SNX10|PBLD|PCDH15|NANOS1,-0.9
MyList,GO Biological Processes,19,GO:0001894,tissue homeostasis,19_GO:0042592 homeostatic process,-2,2,2.8,30293,219,953,14,1.5,0.39,71|154|1200|2697|5950|6662|7099|9414|10413|25937|29887|64081|65217|340719,ACTG1|ADRB2|TPP1|GJA1|RBP4|SOX9|TLR4|TJP2|YAP1|WWTR1|SNX10|PBLD|PCDH15|NANOS1,-0.9
MyList,GO Biological Processes,19,GO:0006457,protein folding,19_GO:0008152 metabolic process,-2,2,2.8,30293,219,953,14,1.5,0.39,1155|1191|5202|5768|5824|6902|7184|7411|10549|23184|27000|64215|64374|84750,TBCB|CLU|PFDN2|QSOX1|PEX19|TBCA|HSP90B1|VBP1|PRDX4|MESD|DNAJC2|DNAJC1|SIL1|FUT10,-0.9
MyList,GO Biological Processes,19,GO:0006486,protein glycosylation,19_GO:0008152 metabolic process,-2,2,2.8,30293,219,953,14,1.5,0.39,1603|6480|8704|9761|22845|29071|29880|57171|83857|84002|84061|84750|727936|100128731,DAD1|ST6GAL1|B4GALT2|MLEC|DOLK|C1GALT1C1|ALG5|DOLPP1|TMTC1|B3GNT5|MAGT1|FUT10|GXYLT2|OST4,-0.9
MyList,GO Biological Processes,19,GO:0071616,acyl-CoA biosynthetic process,19_GO:0008152 metabolic process,-2,3.8,3.3,30293,42,953,5,0.52,0.23,2639|6576|9200|23205|84532,GCDH|SLC25A1|HACD1|ACSBG1|ACSS1,-0.9
MyList,GO Biological Processes,19,GO:0006040,amino sugar metabolic process,19_GO:0008152 metabolic process,-2,3.8,3.3,30293,42,953,5,0.52,0.23,4166|6480|9469|55577|55907,CHST6|ST6GAL1|CHST3|NAGK|CMAS,-0.9
MyList,GO Biological Processes,19,GO:0047496,vesicle transport along microtubule,19_GO:0051179 localization,-2,3.8,3.3,30293,42,953,5,0.52,0.23,1176|63971|79443|84062|282991,AP3S1|KIF13A|FYCO1|DTNBP1|BLOC1S2,-0.9
MyList,GO Biological Processes,19,GO:0009126,purine nucleoside monophosphate metabolic process,19_GO:0008152 metabolic process,-2,3.8,3.3,30293,42,953,5,0.52,0.23,205|1740|4860|9414|30833,AK4|DLG2|PNP|TJP2|NT5C,-0.9
MyList,GO Biological Processes,19,GO:0035307,positive regulation of protein dephosphorylation,19_GO:0048518 positive regulation of biological process,-2,3.8,3.3,30293,42,953,5,0.52,0.23,2768|5580|5788|6609|121665,GNA12|PRKCD|PTPRC|SMPD1|SPPL3,-0.9
MyList,GO Biological Processes,19,GO:0035384,thioester biosynthetic process,19_GO:0008152 metabolic process,-2,3.8,3.3,30293,42,953,5,0.52,0.23,2639|6576|9200|23205|84532,GCDH|SLC25A1|HACD1|ACSBG1|ACSS1,-0.9
MyList,GO Biological Processes,19,GO:0051057,positive regulation of small GTPase mediated signal transduction,19_GO:0048518 positive regulation of biological process,-2,2.9,3,30293,76,953,7,0.73,0.28,408|1452|2840|6091|6655|9289|10161,ARRB1|CSNK1A1|GPR17|ROBO1|SOS2|ADGRG1|LPAR6,-0.9
MyList,GO Biological Processes,19,GO:2000242,negative regulation of reproductive process,19_GO:0022414 reproductive process,-2,2.9,3,30293,76,953,7,0.73,0.28,655|1642|2697|7474|9104|10549|54361,BMP7|DDB1|GJA1|WNT5A|RGN|PRDX4|WNT4,-0.9
MyList,GO Biological Processes,19,GO:0070252,actin-mediated cell contraction,19_GO:0009987 cellular process,-2,2.9,3,30293,76,953,7,0.73,0.28,70|2697|3741|3784|4637|6335|6444,ACTC1|GJA1|KCNA5|KCNQ1|MYL6|SCN9A|SGCD,-0.9
MyList,GO Biological Processes,19,GO:0003015,heart process,19_GO:0032501 multicellular organismal process,-2,2.5,2.9,30293,114,953,9,0.94,0.31,70|2697|3741|3784|6335|6444|7852|10413|25937,ACTC1|GJA1|KCNA5|KCNQ1|SCN9A|SGCD|CXCR4|YAP1|WWTR1,-0.9
MyList,GO Biological Processes,19,GO:0008544,epidermis development,19_GO:0032502 developmental process,-2,1.8,2.7,30293,334,953,19,2,0.45,613|2171|2247|3784|4646|5080|5154|5650|5727|6662|7474|8644|10413|10628|11166|27152|50814|55366|388585,BCR|FABP5|FGF2|KCNQ1|MYO6|PAX6|PDGFA|KLK7|PTCH1|SOX9|WNT5A|AKR1C3|YAP1|TXNIP|SOX21|INTU|NSDHL|LGR4|HES5,-0.9
MyList_MCODE_ALL,GO Biological Processes,19,GO:0071805,potassium ion transmembrane transport,19_GO:0051179 localization,-6.8,1.8e+02,23,30293,165,3,3,1e+02,27,3782|10242|27345,KCNN3|KCNMB2|KCNMB4,-4.5
MyList_MCODE_ALL,GO Biological Processes,19,GO:0006813,potassium ion transport,19_GO:0051179 localization,-6.7,1.7e+02,23,30293,176,3,3,1e+02,27,3782|10242|27345,KCNN3|KCNMB2|KCNMB4,-4.5
MyList_MCODE_ALL,GO Biological Processes,19,GO:0098662,inorganic cation transmembrane transport,19_GO:0051179 localization,-5.1,48,12,30293,628,3,3,1e+02,27,3782|10242|27345,KCNN3|KCNMB2|KCNMB4,-3.2
MyList_MCODE_ALL,GO Biological Processes,19,GO:0030001,metal ion transport,19_GO:0051179 localization,-5,48,12,30293,636,3,3,1e+02,27,3782|10242|27345,KCNN3|KCNMB2|KCNMB4,-3.2
MyList_MCODE_ALL,GO Biological Processes,19,GO:0098655,monoatomic cation transmembrane transport,19_GO:0051179 localization,-5,47,12,30293,644,3,3,1e+02,27,3782|10242|27345,KCNN3|KCNMB2|KCNMB4,-3.2
MyList_MCODE_ALL,GO Biological Processes,19,GO:0098660,inorganic ion transmembrane transport,19_GO:0051179 localization,-4.9,42,11,30293,724,3,3,1e+02,27,3782|10242|27345,KCNN3|KCNMB2|KCNMB4,-3.1
MyList_MCODE_ALL,GO Biological Processes,19,GO:0006812,monoatomic cation transport,19_GO:0051179 localization,-4.8,39,11,30293,781,3,3,1e+02,27,3782|10242|27345,KCNN3|KCNMB2|KCNMB4,-3
MyList_SUB2_MCODE_1,GO Biological Processes,19,GO:0071805,potassium ion transmembrane transport,19_GO:0051179 localization,-6.8,1.8e+02,23,30293,165,3,3,1e+02,27,3782|10242|27345,KCNN3|KCNMB2|KCNMB4,-4.5
MyList_SUB2_MCODE_1,GO Biological Processes,19,GO:0006813,potassium ion transport,19_GO:0051179 localization,-6.7,1.7e+02,23,30293,176,3,3,1e+02,27,3782|10242|27345,KCNN3|KCNMB2|KCNMB4,-4.5
MyList_SUB2_MCODE_1,GO Biological Processes,19,GO:0098662,inorganic cation transmembrane transport,19_GO:0051179 localization,-5.1,48,12,30293,628,3,3,1e+02,27,3782|10242|27345,KCNN3|KCNMB2|KCNMB4,-3.2
MyList_SUB2_MCODE_1,GO Biological Processes,19,GO:0030001,metal ion transport,19_GO:0051179 localization,-5,48,12,30293,636,3,3,1e+02,27,3782|10242|27345,KCNN3|KCNMB2|KCNMB4,-3.2
MyList_SUB2_MCODE_1,GO Biological Processes,19,GO:0098655,monoatomic cation transmembrane transport,19_GO:0051179 localization,-5,47,12,30293,644,3,3,1e+02,27,3782|10242|27345,KCNN3|KCNMB2|KCNMB4,-3.2
MyList_SUB2_MCODE_1,GO Biological Processes,19,GO:0098660,inorganic ion transmembrane transport,19_GO:0051179 localization,-4.9,42,11,30293,724,3,3,1e+02,27,3782|10242|27345,KCNN3|KCNMB2|KCNMB4,-3.1
MyList_SUB2_MCODE_1,GO Biological Processes,19,GO:0006812,monoatomic cation transport,19_GO:0051179 localization,-4.8,39,11,30293,781,3,3,1e+02,27,3782|10242|27345,KCNN3|KCNMB2|KCNMB4,-3
