_MEMBER_MyList,_LogP_MyList,GO,_PATTERN_,_RANK_,GiniIndex,Category,CategoryID,Description,PARENT_GO,LogP,Enrichment,Z-score,#TotalGeneInLibrary,#GeneInGO,#GeneInHitList,#GeneInGOAndHitList,%InGO,STDV %InGO,GeneID,Hits,Log(q-value),EvidenceCutoff,GROUP_ID,FirstInGroupByEnrichment,FirstInGroupByLogP,BestLogPInGroup,BestEnrichmentInGroup,URL
1,-37.83540986567802,GO:0002181,M1,1,0,GO Biological Processes,19,cytoplasmic translation,19_GO:0008152 metabolic process,-37.83540986567802,14.091703933944412,23.480136728786427,30293,123,769,44,5.721716514954486,0.8375405287772841,2197|3646|4736|6130|6132|6133|6134|6135|6141|6143|6144|6147|6156|6159|6161|6164|6165|6167|6168|6169|6170|6171|6175|6176|6187|6191|6193|6201|6202|6203|6205|6207|6208|6217|6223|6227|6228|6230|6232|6233|6235|9045|11224|23521,FAU|EIF3E|RPL10A|RPL7A|RPL8|RPL9|RPL10|RPL11|RPL18|RPL19|RPL21|RPL23A|RPL30|RPL29|RPL32|RPL34|RPL35A|RPL37|RPL37A|RPL38|RPL39|RPL41|RPLP0|RPLP1|RPS2|RPS4X|RPS5|RPS7|RPS8|RPS9|RPS11|RPS13|RPS14|RPS16|RPS19|RPS21|RPS23|RPS25|RPS27|RPS27A|RPS29|RPL14|RPL35|RPL13A,-33.65793108313569,0,1,1,1,-37.83540986567802,14.091703933944412,
1,-29.2805370244225,GO:0043043,M1,1,0,GO Biological Processes,19,peptide biosynthetic process,19_GO:0008152 metabolic process,-29.2805370244225,5.880903370537228,16.295627928052255,30293,422,769,63,8.192457737321197,0.9889699952152513,1915|1937|2193|2197|2681|2730|3646|4528|4736|5122|6130|6132|6133|6134|6135|6141|6143|6144|6147|6156|6159|6161|6164|6165|6167|6168|6169|6170|6171|6175|6176|6187|6191|6193|6201|6202|6203|6205|6207|6208|6217|6223|6227|6228|6230|6232|6233|6235|7407|9045|10605|10884|11224|23521|28973|51264|63931|64949|84545|90480|116540|140032|100288805,EEF1A1|EEF1G|FARSA|FAU|GGTA1|GCLM|EIF3E|MTIF2|RPL10A|PCSK1|RPL7A|RPL8|RPL9|RPL10|RPL11|RPL18|RPL19|RPL21|RPL23A|RPL30|RPL29|RPL32|RPL34|RPL35A|RPL37|RPL37A|RPL38|RPL39|RPL41|RPLP0|RPLP1|RPS2|RPS4X|RPS5|RPS7|RPS8|RPS9|RPS11|RPS13|RPS14|RPS16|RPS19|RPS21|RPS23|RPS25|RPS27|RPS27A|RPS29|VARS1|RPL14|PAIP1|MRPS30|RPL35|RPL13A|MRPS18B|MRPL27|MRPS14|MRPS26|MRPL43|GADD45GIP1|MRPL53|RPS4Y2|HYDIN2,-25.40408823754416,0,1,0,0,-37.83540986567802,14.091703933944412,
1,-28.43510434310766,GO:0006412,M1,1,0,GO Biological Processes,19,translation,19_GO:0008152 metabolic process,-28.43510434310766,6.014155391655664,16.147229411441995,30293,393,769,60,7.802340702210663,0.9671842887260464,1915|1937|2193|2197|3646|4528|4736|6130|6132|6133|6134|6135|6141|6143|6144|6147|6156|6159|6161|6164|6165|6167|6168|6169|6170|6171|6175|6176|6187|6191|6193|6201|6202|6203|6205|6207|6208|6217|6223|6227|6228|6230|6232|6233|6235|7407|9045|10605|10884|11224|23521|28973|51264|63931|64949|84545|90480|116540|140032|100288805,EEF1A1|EEF1G|FARSA|FAU|EIF3E|MTIF2|RPL10A|RPL7A|RPL8|RPL9|RPL10|RPL11|RPL18|RPL19|RPL21|RPL23A|RPL30|RPL29|RPL32|RPL34|RPL35A|RPL37|RPL37A|RPL38|RPL39|RPL41|RPLP0|RPLP1|RPS2|RPS4X|RPS5|RPS7|RPS8|RPS9|RPS11|RPS13|RPS14|RPS16|RPS19|RPS21|RPS23|RPS25|RPS27|RPS27A|RPS29|VARS1|RPL14|PAIP1|MRPS30|RPL35|RPL13A|MRPS18B|MRPL27|MRPS14|MRPS26|MRPL43|GADD45GIP1|MRPL53|RPS4Y2|HYDIN2,-24.734746815285,0,1,0,0,-37.83540986567802,14.091703933944412,
1,-26.70842547119351,GO:0006518,M1,1,0,GO Biological Processes,19,peptide metabolic process,19_GO:0008152 metabolic process,-26.70842547119351,5.048387137500475,14.954690650253237,30293,515,769,66,8.58257477243173,1.0100901139927787,165|1915|1937|2193|2197|2681|2730|3646|4528|4736|5122|6130|6132|6133|6134|6135|6141|6143|6144|6147|6156|6159|6161|6164|6165|6167|6168|6169|6170|6171|6175|6176|6187|6191|6193|6201|6202|6203|6205|6207|6208|6217|6223|6227|6228|6230|6232|6233|6235|6447|7407|9045|10605|10884|11224|23521|28973|51264|63931|64949|84545|90480|116540|138199|140032|100288805,AEBP1|EEF1A1|EEF1G|FARSA|FAU|GGTA1|GCLM|EIF3E|MTIF2|RPL10A|PCSK1|RPL7A|RPL8|RPL9|RPL10|RPL11|RPL18|RPL19|RPL21|RPL23A|RPL30|RPL29|RPL32|RPL34|RPL35A|RPL37|RPL37A|RPL38|RPL39|RPL41|RPLP0|RPLP1|RPS2|RPS4X|RPS5|RPS7|RPS8|RPS9|RPS11|RPS13|RPS14|RPS16|RPS19|RPS21|RPS23|RPS25|RPS27|RPS27A|RPS29|SCG5|VARS1|RPL14|PAIP1|MRPS30|RPL35|RPL13A|MRPS18B|MRPL27|MRPS14|MRPS26|MRPL43|GADD45GIP1|MRPL53|CARNMT1|RPS4Y2|HYDIN2,-23.13300667997915,0,1,0,0,-37.83540986567802,14.091703933944412,
1,-23.735841172155425,GO:0043604,M1,1,0,GO Biological Processes,19,amide biosynthetic process,19_GO:0008152 metabolic process,-23.735841172155425,4.617461428904862,13.76633042443196,30293,546,769,64,8.322496749024708,0.9960818707929704,435|1915|1937|2193|2197|2681|2730|3646|4528|4736|5122|6130|6132|6133|6134|6135|6141|6143|6144|6147|6156|6159|6161|6164|6165|6167|6168|6169|6170|6171|6175|6176|6187|6191|6193|6201|6202|6203|6205|6207|6208|6217|6223|6227|6228|6230|6232|6233|6235|7407|9045|10605|10884|11224|23521|28973|51264|63931|64949|84545|90480|116540|140032|100288805,ASL|EEF1A1|EEF1G|FARSA|FAU|GGTA1|GCLM|EIF3E|MTIF2|RPL10A|PCSK1|RPL7A|RPL8|RPL9|RPL10|RPL11|RPL18|RPL19|RPL21|RPL23A|RPL30|RPL29|RPL32|RPL34|RPL35A|RPL37|RPL37A|RPL38|RPL39|RPL41|RPLP0|RPLP1|RPS2|RPS4X|RPS5|RPS7|RPS8|RPS9|RPS11|RPS13|RPS14|RPS16|RPS19|RPS21|RPS23|RPS25|RPS27|RPS27A|RPS29|VARS1|RPL14|PAIP1|MRPS30|RPL35|RPL13A|MRPS18B|MRPL27|MRPS14|MRPS26|MRPL43|GADD45GIP1|MRPL53|RPS4Y2|HYDIN2,-20.25733239394912,0,1,0,0,-37.83540986567802,14.091703933944412,
1,-12.545058676303558,GO:0042254,M1,1,0,GO Biological Processes,19,ribosome biogenesis,19_GO:0009987 cellular process,-12.545058676303558,4.390908036742234,9.747916721456285,30293,314,769,35,4.551365409622887,0.7516099874958296,2091|2971|4736|5393|6130|6134|6135|6147|6165|6169|6175|6191|6193|6201|6202|6203|6205|6207|6208|6217|6223|6227|6228|6230|6232|9045|10199|11224|22984|23160|23195|26574|29889|55646|92856,FBL|GTF3A|RPL10A|EXOSC9|RPL7A|RPL10|RPL11|RPL23A|RPL35A|RPL38|RPLP0|RPS4X|RPS5|RPS7|RPS8|RPS9|RPS11|RPS13|RPS14|RPS16|RPS19|RPS21|RPS23|RPS25|RPS27|RPL14|MPHOSPH10|RPL35|PDCD11|WDR43|MDN1|AATF|GNL2|LYAR|IMP4,-9.145731144144879,0,1,0,0,-37.83540986567802,14.091703933944412,
1,-10.885164048221958,GO:0042274,M1,1,0,GO Biological Processes,19,ribosomal small subunit biogenesis,19_GO:0009987 cellular process,-10.885164048221958,7.2666178494325,10.281578906321478,30293,103,769,19,2.4707412223667102,0.5597807020554725,2091|6191|6193|6201|6202|6203|6205|6207|6208|6217|6223|6227|6228|6230|6232|10199|23160|26574|92856,FBL|RPS4X|RPS5|RPS7|RPS8|RPS9|RPS11|RPS13|RPS14|RPS16|RPS19|RPS21|RPS23|RPS25|RPS27|MPHOSPH10|WDR43|AATF|IMP4,-7.552783305693892,0,1,0,0,-37.83540986567802,14.091703933944412,
1,-8.791046439097046,GO:0022613,M1,1,0,GO Biological Processes,19,ribonucleoprotein complex biogenesis,19_GO:0009987 cellular process,-8.791046439097046,3.042526985737998,7.371815909827183,30293,492,769,38,4.9414824447334205,0.7815575756855582,2091|2971|3646|4736|5393|6130|6134|6135|6147|6165|6169|6175|6191|6193|6201|6202|6203|6205|6207|6208|6217|6223|6227|6228|6230|6232|6880|9045|10199|11224|22984|23160|23195|23451|26574|29889|55646|92856,FBL|GTF3A|EIF3E|RPL10A|EXOSC9|RPL7A|RPL10|RPL11|RPL23A|RPL35A|RPL38|RPLP0|RPS4X|RPS5|RPS7|RPS8|RPS9|RPS11|RPS13|RPS14|RPS16|RPS19|RPS21|RPS23|RPS25|RPS27|TAF9|RPL14|MPHOSPH10|RPL35|PDCD11|WDR43|MDN1|SF3B1|AATF|GNL2|LYAR|IMP4,-5.611537332880085,0,1,0,0,-37.83540986567802,14.091703933944412,
1,-7.457865730261217,GO:0016072,M1,1,0,GO Biological Processes,19,rRNA metabolic process,19_GO:0008152 metabolic process,-7.457865730261217,3.7516874109852,7.079159872153588,30293,252,769,24,3.120936280884265,0.6270385582010519,2091|2971|4736|5393|6130|6135|6165|6201|6202|6208|6217|6223|6227|6230|6232|9045|10199|10595|11224|22984|23160|55646|64425|92856,FBL|GTF3A|RPL10A|EXOSC9|RPL7A|RPL11|RPL35A|RPS7|RPS8|RPS14|RPS16|RPS19|RPS21|RPS25|RPS27|RPL14|MPHOSPH10|ERN2|RPL35|PDCD11|WDR43|LYAR|POLR1E|IMP4,-4.602606242452814,0,1,0,0,-37.83540986567802,14.091703933944412,
1,-6.690087295541153,GO:0006364,M1,1,0,GO Biological Processes,19,rRNA processing,19_GO:0008152 metabolic process,-6.690087295541153,3.794711349184572,6.6834689234518905,30293,218,769,21,2.730819245773732,0.5877206315366091,2091|4736|5393|6130|6135|6165|6201|6202|6208|6217|6223|6227|6230|6232|9045|10199|11224|22984|23160|55646|92856,FBL|RPL10A|EXOSC9|RPL7A|RPL11|RPL35A|RPS7|RPS8|RPS14|RPS16|RPS19|RPS21|RPS25|RPS27|RPL14|MPHOSPH10|RPL35|PDCD11|WDR43|LYAR|IMP4,-4.017758491318736,0,1,0,0,-37.83540986567802,14.091703933944412,
1,-4.718861729290408,GO:0034660,M1,1,0,GO Biological Processes,19,ncRNA metabolic process,19_GO:0008152 metabolic process,-4.718861729290408,2.2954403238264716,4.865069102698819,30293,532,769,31,4.031209362808843,0.709282946538113,2091|2193|2971|4736|5393|6130|6135|6165|6201|6202|6208|6217|6223|6227|6230|6232|7407|8518|9045|9698|10199|10595|11224|22984|23160|55646|64425|79828|91801|92856|285381,FBL|FARSA|GTF3A|RPL10A|EXOSC9|RPL7A|RPL11|RPL35A|RPS7|RPS8|RPS14|RPS16|RPS19|RPS21|RPS25|RPS27|VARS1|ELP1|RPL14|PUM1|MPHOSPH10|ERN2|RPL35|PDCD11|WDR43|LYAR|POLR1E|METTL8|ALKBH8|IMP4|DPH3,-2.4498679656267353,0,1,0,0,-37.83540986567802,14.091703933944412,
1,-4.5604909344972615,GO:0034470,M1,1,0,GO Biological Processes,19,ncRNA processing,19_GO:0008152 metabolic process,-4.5604909344972615,2.4620448634590377,4.8459442862381525,30293,416,769,26,3.3810143042912872,0.6517658046518952,2091|4736|5393|6130|6135|6165|6201|6202|6208|6217|6223|6227|6230|6232|8518|9045|9698|10199|11224|22984|23160|55646|79828|91801|92856|285381,FBL|RPL10A|EXOSC9|RPL7A|RPL11|RPL35A|RPS7|RPS8|RPS14|RPS16|RPS19|RPS21|RPS25|RPS27|ELP1|RPL14|PUM1|MPHOSPH10|RPL35|PDCD11|WDR43|LYAR|METTL8|ALKBH8|IMP4|DPH3,-2.3420535442760326,0,1,0,0,-37.83540986567802,14.091703933944412,
1,-4.269992367984555,GO:0030490,M1,1,0,GO Biological Processes,19,maturation of SSU-rRNA,19_GO:0008152 metabolic process,-4.269992367984555,5.9460706136369215,5.8163013448760505,30293,53,769,8,1.0403120936280885,0.3658877017432317,6202|6208|6217|6223|6227|10199|23160|92856,RPS8|RPS14|RPS16|RPS19|RPS21|MPHOSPH10|WDR43|IMP4,-2.156971574669151,0,1,0,0,-37.83540986567802,14.091703933944412,
1,-2.689626182703017,GO:0000462,M1,1,0,GO Biological Processes,19,"maturation of SSU-rRNA from tricistronic rRNA transcript (SSU-rRNA, 5.8S rRNA, LSU-rRNA)",19_GO:0008152 metabolic process,-2.689626182703017,5.47121080768675,4.332145253696492,30293,36,769,5,0.6501950585175552,0.2898292224783175,6202|6217|6223|6227|23160,RPS8|RPS16|RPS19|RPS21|WDR43,-1.0896391999979196,0,1,0,0,-37.83540986567802,14.091703933944412,
1,-9.592876281083567,GO:0048667,M1,1,0,GO Biological Processes,19,cell morphogenesis involved in neuron differentiation,19_GO:0032502 developmental process,-9.592876281083567,3.312569452653978,7.886179864498632,30293,440,769,37,4.811443433029909,0.7717326826122444,582|1123|1385|1436|1501|1600|1946|2051|2290|2297|3800|3908|4208|5879|6259|6277|6794|7007|7162|7414|7422|7976|8650|10211|10752|22891|25830|25987|26257|56978|59277|64072|81565|84612|113246|170961|729920,BBS1|CHN1|CREB1|CSF1R|CTNND2|DAB1|EFNA5|EPHB6|FOXG1|FOXD1|KIF5C|LAMA2|MEF2C|RAC1|RYK|S100A6|STK11|TECTA|TPBG|VCL|VEGFA|FZD3|NUMB|FLOT1|CHL1|ZNF365|SULT4A1|TSKU|NKX2-8|PRDM8|NTN4|CDH23|NDEL1|PARD6B|C12orf57|ANKRD24|CRPPA,-6.318487485533189,0,2,1,1,-9.592876281083567,3.312569452653978,
1,-8.648875770712895,GO:0000902,M1,1,0,GO Biological Processes,19,cell morphogenesis,19_GO:0032502 developmental process,-8.648875770712895,2.6648014992733113,7.086230207989087,30293,680,769,46,5.981794538361508,0.8551820070591011,87|538|582|604|1004|1012|1123|1365|1385|1436|1501|1600|1946|2051|2290|2297|3708|3800|3908|4208|5879|6259|6277|6794|7007|7162|7414|7422|7976|8650|10211|10752|22891|25830|25987|26257|56978|59277|64072|81565|84612|113246|122786|168002|170961|729920,ACTN1|ATP7A|BBS1|BCL6|CDH6|CDH13|CHN1|CLDN3|CREB1|CSF1R|CTNND2|DAB1|EFNA5|EPHB6|FOXG1|FOXD1|ITPR1|KIF5C|LAMA2|MEF2C|RAC1|RYK|S100A6|STK11|TECTA|TPBG|VCL|VEGFA|FZD3|NUMB|FLOT1|CHL1|ZNF365|SULT4A1|TSKU|NKX2-8|PRDM8|NTN4|CDH23|NDEL1|PARD6B|C12orf57|FRMD6|DACT2|ANKRD24|CRPPA,-5.550578234218197,0,2,0,0,-9.592876281083567,3.312569452653978,
1,-7.972787372679493,GO:0031175,M1,1,0,GO Biological Processes,19,neuron projection development,19_GO:0032502 developmental process,-7.972787372679493,2.5653723613466095,6.71793354979538,30293,691,769,45,5.851755526657997,0.8464202213179647,538|582|706|1123|1385|1436|1495|1501|1600|1946|2051|2290|2297|3146|3800|3908|5879|6259|6277|6794|6801|7007|7162|7414|7422|7431|7976|8650|9315|10211|10752|22891|23057|25830|25987|26257|55607|56978|59277|64072|81565|84612|113246|170961|729920,ATP7A|BBS1|TSPO|CHN1|CREB1|CSF1R|CTNNA1|CTNND2|DAB1|EFNA5|EPHB6|FOXG1|FOXD1|HMGB1|KIF5C|LAMA2|RAC1|RYK|S100A6|STK11|STRN|TECTA|TPBG|VCL|VEGFA|VIM|FZD3|NUMB|NREP|FLOT1|CHL1|ZNF365|NMNAT2|SULT4A1|TSKU|NKX2-8|PPP1R9A|PRDM8|NTN4|CDH23|NDEL1|PARD6B|C12orf57|ANKRD24|CRPPA,-4.984646964031904,0,2,0,0,-9.592876281083567,3.312569452653978,
1,-7.339681860320765,GO:0061564,M1,1,0,GO Biological Processes,19,axon development,19_GO:0032502 developmental process,-7.339681860320765,2.994220831570136,6.650000712508137,30293,421,769,32,4.161248374512354,0.7201437956185002,706|1123|1385|1436|1495|1600|1946|2051|2290|2297|3800|3908|5879|6259|6277|6794|7414|7422|7976|8650|9315|10211|10752|23057|25987|26257|56978|59277|81565|84612|113246|729920,TSPO|CHN1|CREB1|CSF1R|CTNNA1|DAB1|EFNA5|EPHB6|FOXG1|FOXD1|KIF5C|LAMA2|RAC1|RYK|S100A6|STK11|VCL|VEGFA|FZD3|NUMB|NREP|FLOT1|CHL1|NMNAT2|TSKU|NKX2-8|PRDM8|NTN4|NDEL1|PARD6B|C12orf57|CRPPA,-4.523930913796036,0,2,0,0,-9.592876281083567,3.312569452653978,
1,-6.558895503099295,GO:0007409,M1,1,0,GO Biological Processes,19,axonogenesis,19_GO:0032502 developmental process,-6.558895503099295,3.0136505432504066,6.2550761344300145,30293,366,769,28,3.6410923276983094,0.6754584046980635,1123|1385|1436|1600|1946|2051|2290|2297|3800|3908|5879|6259|6277|6794|7414|7422|7976|8650|10211|10752|25987|26257|56978|59277|81565|84612|113246|729920,CHN1|CREB1|CSF1R|DAB1|EFNA5|EPHB6|FOXG1|FOXD1|KIF5C|LAMA2|RAC1|RYK|S100A6|STK11|VCL|VEGFA|FZD3|NUMB|FLOT1|CHL1|TSKU|NKX2-8|PRDM8|NTN4|NDEL1|PARD6B|C12orf57|CRPPA,-3.89993066043486,0,2,0,0,-9.592876281083567,3.312569452653978,
1,-6.452334227167339,GO:0048812,M1,1,0,GO Biological Processes,19,neuron projection morphogenesis,19_GO:0032502 developmental process,-6.452334227167339,2.6858671237734963,6.0340911251789375,30293,484,769,33,4.291287386215865,0.7308131737428611,538|1123|1385|1436|1501|1600|1946|2051|2290|2297|3800|3908|5879|6259|6277|6794|7162|7414|7422|7976|8650|10211|10752|22891|25830|25987|26257|56978|59277|81565|84612|113246|729920,ATP7A|CHN1|CREB1|CSF1R|CTNND2|DAB1|EFNA5|EPHB6|FOXG1|FOXD1|KIF5C|LAMA2|RAC1|RYK|S100A6|STK11|TPBG|VCL|VEGFA|FZD3|NUMB|FLOT1|CHL1|ZNF365|SULT4A1|TSKU|NKX2-8|PRDM8|NTN4|NDEL1|PARD6B|C12orf57|CRPPA,-3.818923488975292,0,2,0,0,-9.592876281083567,3.312569452653978,
1,-6.351885924026567,GO:0120039,M1,1,0,GO Biological Processes,19,plasma membrane bounded cell projection morphogenesis,19_GO:0032502 developmental process,-6.351885924026567,2.6584042697471824,5.966877269260923,30293,489,769,33,4.291287386215865,0.7308131737428611,538|1123|1385|1436|1501|1600|1946|2051|2290|2297|3800|3908|5879|6259|6277|6794|7162|7414|7422|7976|8650|10211|10752|22891|25830|25987|26257|56978|59277|81565|84612|113246|729920,ATP7A|CHN1|CREB1|CSF1R|CTNND2|DAB1|EFNA5|EPHB6|FOXG1|FOXD1|KIF5C|LAMA2|RAC1|RYK|S100A6|STK11|TPBG|VCL|VEGFA|FZD3|NUMB|FLOT1|CHL1|ZNF365|SULT4A1|TSKU|NKX2-8|PRDM8|NTN4|NDEL1|PARD6B|C12orf57|CRPPA,-3.7541907381010544,0,2,0,0,-9.592876281083567,3.312569452653978,
1,-6.253038050843733,GO:0048858,M1,1,0,GO Biological Processes,19,cell projection morphogenesis,19_GO:0032502 developmental process,-6.253038050843733,2.631497343940025,5.900496350876328,30293,494,769,33,4.291287386215865,0.7308131737428611,538|1123|1385|1436|1501|1600|1946|2051|2290|2297|3800|3908|5879|6259|6277|6794|7162|7414|7422|7976|8650|10211|10752|22891|25830|25987|26257|56978|59277|81565|84612|113246|729920,ATP7A|CHN1|CREB1|CSF1R|CTNND2|DAB1|EFNA5|EPHB6|FOXG1|FOXD1|KIF5C|LAMA2|RAC1|RYK|S100A6|STK11|TPBG|VCL|VEGFA|FZD3|NUMB|FLOT1|CHL1|ZNF365|SULT4A1|TSKU|NKX2-8|PRDM8|NTN4|NDEL1|PARD6B|C12orf57|CRPPA,-3.6776192596293726,0,2,0,0,-9.592876281083567,3.312569452653978,
1,-5.585171277196908,GO:0032989,M1,1,0,GO Biological Processes,19,cellular anatomical entity morphogenesis,19_GO:0032502 developmental process,-5.585171277196908,2.3440294898386873,5.389339716146627,30293,605,769,36,4.681404421326398,0.7617522189941792,538|1123|1385|1436|1501|1600|1946|2051|2290|2297|3800|3908|5159|5879|6259|6277|6794|7139|7162|7414|7422|7976|8650|10211|10752|22891|25830|25987|26257|54468|56978|59277|81565|84612|113246|729920,ATP7A|CHN1|CREB1|CSF1R|CTNND2|DAB1|EFNA5|EPHB6|FOXG1|FOXD1|KIF5C|LAMA2|PDGFRB|RAC1|RYK|S100A6|STK11|TNNT2|TPBG|VCL|VEGFA|FZD3|NUMB|FLOT1|CHL1|ZNF365|SULT4A1|TSKU|NKX2-8|MIOS|PRDM8|NTN4|NDEL1|PARD6B|C12orf57|CRPPA,-3.1319683642553744,0,2,0,0,-9.592876281083567,3.312569452653978,
1,-3.1658250800260794,GO:0007411,M1,1,0,GO Biological Processes,19,axon guidance,19_GO:0032502 developmental process,-3.1658250800260794,2.62618118768964,3.95136789240582,30293,225,769,15,1.9505851755526658,0.4987027841076265,1123|1436|1946|2051|2290|2297|3800|3908|5879|6259|7422|7976|10752|59277|729920,CHN1|CSF1R|EFNA5|EPHB6|FOXG1|FOXD1|KIF5C|LAMA2|RAC1|RYK|VEGFA|FZD3|CHL1|NTN4|CRPPA,-1.4024440749124527,0,2,0,0,-9.592876281083567,3.312569452653978,
1,-3.1658250800260794,GO:0097485,M1,1,0,GO Biological Processes,19,neuron projection guidance,19_GO:0032502 developmental process,-3.1658250800260794,2.62618118768964,3.95136789240582,30293,225,769,15,1.9505851755526658,0.4987027841076265,1123|1436|1946|2051|2290|2297|3800|3908|5879|6259|7422|7976|10752|59277|729920,CHN1|CSF1R|EFNA5|EPHB6|FOXG1|FOXD1|KIF5C|LAMA2|RAC1|RYK|VEGFA|FZD3|CHL1|NTN4|CRPPA,-1.4024440749124527,0,2,0,0,-9.592876281083567,3.312569452653978,
1,-8.747623430264182,GO:0002399,M1,1,0,GO Biological Processes,19,MHC class II protein complex assembly,19_GO:0009987 cellular process,-8.747623430264182,19.696358907672302,12.072581697157958,30293,16,769,8,1.0403120936280885,0.3658877017432317,567|3113|3119|3122|3123|3125|3126|3127,B2M|HLA-DPA1|HLA-DQB1|HLA-DRA|HLA-DRB1|HLA-DRB3|HLA-DRB4|HLA-DRB5,-5.611537332880085,0,3,1,1,-8.747623430264182,39.392717815344604,
1,-8.747623430264182,GO:0002503,M1,1,0,GO Biological Processes,19,peptide antigen assembly with MHC class II protein complex,19_GO:0002376 immune system process,-8.747623430264182,19.696358907672302,12.072581697157958,30293,16,769,8,1.0403120936280885,0.3658877017432317,567|3113|3119|3122|3123|3125|3126|3127,B2M|HLA-DPA1|HLA-DQB1|HLA-DRA|HLA-DRB1|HLA-DRB3|HLA-DRB4|HLA-DRB5,-5.611537332880085,0,3,0,0,-8.747623430264182,39.392717815344604,
1,-7.796078002951647,GO:0002396,M1,1,0,GO Biological Processes,19,MHC protein complex assembly,19_GO:0009987 cellular process,-7.796078002951647,15.757087126137842,10.654362142639286,30293,20,769,8,1.0403120936280885,0.3658877017432317,567|3113|3119|3122|3123|3125|3126|3127,B2M|HLA-DPA1|HLA-DQB1|HLA-DRA|HLA-DRB1|HLA-DRB3|HLA-DRB4|HLA-DRB5,-4.873871725512631,0,3,0,0,-8.747623430264182,39.392717815344604,
1,-7.796078002951647,GO:0002501,M1,1,0,GO Biological Processes,19,peptide antigen assembly with MHC protein complex,19_GO:0002376 immune system process,-7.796078002951647,15.757087126137842,10.654362142639286,30293,20,769,8,1.0403120936280885,0.3658877017432317,567|3113|3119|3122|3123|3125|3126|3127,B2M|HLA-DPA1|HLA-DQB1|HLA-DRA|HLA-DRB1|HLA-DRB3|HLA-DRB4|HLA-DRB5,-4.873871725512631,0,3,0,0,-8.747623430264182,39.392717815344604,
1,-6.150572912447019,GO:0002478,M1,1,0,GO Biological Processes,19,antigen processing and presentation of exogenous peptide antigen,19_GO:0002376 immune system process,-6.150572912447019,8.64718195946589,7.907803193221534,30293,41,769,9,1.1703511053315996,0.3878274468226617,567|3113|3119|3122|3123|3125|3126|3127|3133,B2M|HLA-DPA1|HLA-DQB1|HLA-DRA|HLA-DRB1|HLA-DRB3|HLA-DRB4|HLA-DRB5|HLA-E,-3.62630664368004,0,3,0,0,-8.747623430264182,39.392717815344604,
1,-6.106760396423978,GO:0019886,M1,1,0,GO Biological Processes,19,antigen processing and presentation of exogenous peptide antigen via MHC class II,19_GO:0002376 immune system process,-6.106760396423978,10.165862662024415,8.240336081849836,30293,31,769,8,1.0403120936280885,0.3658877017432317,567|3113|3119|3122|3123|3125|3126|3127,B2M|HLA-DPA1|HLA-DQB1|HLA-DRA|HLA-DRB1|HLA-DRB3|HLA-DRB4|HLA-DRB5,-3.592039445563229,0,3,0,0,-8.747623430264182,39.392717815344604,
1,-5.880743258008338,GO:0002495,M1,1,0,GO Biological Processes,19,antigen processing and presentation of peptide antigen via MHC class II,19_GO:0002376 immune system process,-5.880743258008338,9.549749773416874,7.930771881064358,30293,33,769,8,1.0403120936280885,0.3658877017432317,567|3113|3119|3122|3123|3125|3126|3127,B2M|HLA-DPA1|HLA-DQB1|HLA-DRA|HLA-DRB1|HLA-DRB3|HLA-DRB4|HLA-DRB5,-3.384505712841603,0,3,0,0,-8.747623430264182,39.392717815344604,
1,-5.773981246406776,GO:0002504,M1,1,0,GO Biological Processes,19,antigen processing and presentation of peptide or polysaccharide antigen via MHC class II,19_GO:0002376 immune system process,-5.773981246406776,9.268874780081083,7.785708395924308,30293,34,769,8,1.0403120936280885,0.3658877017432317,567|3113|3119|3122|3123|3125|3126|3127,B2M|HLA-DPA1|HLA-DQB1|HLA-DRA|HLA-DRB1|HLA-DRB3|HLA-DRB4|HLA-DRB5,-3.2875967444897256,0,3,0,0,-8.747623430264182,39.392717815344604,
1,-5.384766332804097,GO:0019884,M1,1,0,GO Biological Processes,19,antigen processing and presentation of exogenous antigen,19_GO:0002376 immune system process,-5.384766332804097,7.090689206762029,6.956303986237232,30293,50,769,9,1.1703511053315996,0.3878274468226617,567|3113|3119|3122|3123|3125|3126|3127|3133,B2M|HLA-DPA1|HLA-DQB1|HLA-DRA|HLA-DRB1|HLA-DRB3|HLA-DRB4|HLA-DRB5|HLA-E,-2.9631624059342663,0,3,0,0,-8.747623430264182,39.392717815344604,
1,-4.7879009201947484,GO:0002469,M1,1,0,GO Biological Processes,19,myeloid dendritic cell antigen processing and presentation,19_GO:0002376 immune system process,-4.7879009201947484,39.392717815344604,10.732462833586865,30293,3,769,3,0.39011703511053314,0.22479440747191654,3122|3123|3125,HLA-DRA|HLA-DRB1|HLA-DRB3,-2.5025167403429065,0,3,0,0,-8.747623430264182,39.392717815344604,
1,-4.166653310695568,GO:0048002,M1,1,0,GO Biological Processes,19,antigen processing and presentation of peptide antigen,19_GO:0002376 immune system process,-4.166653310695568,5.06477800483002,5.494859749014135,30293,70,769,9,1.1703511053315996,0.3878274468226617,567|3113|3119|3122|3123|3125|3126|3127|3133,B2M|HLA-DPA1|HLA-DQB1|HLA-DRA|HLA-DRB1|HLA-DRB3|HLA-DRB4|HLA-DRB5|HLA-E,-2.086084541161302,0,3,0,0,-8.747623430264182,39.392717815344604,
1,-3.8045227809742603,GO:0002468,M1,1,0,GO Biological Processes,19,dendritic cell antigen processing and presentation,19_GO:0002376 immune system process,-3.8045227809742603,23.63563068920676,8.169243648207676,30293,5,769,3,0.39011703511053314,0.22479440747191654,3122|3123|3125,HLA-DRA|HLA-DRB1|HLA-DRB3,-1.8117354292495367,0,3,0,0,-8.747623430264182,39.392717815344604,
1,-3.568908326171735,GO:0002819,M1,1,0,GO Biological Processes,19,regulation of adaptive immune response,19_GO:0002376 immune system process,-3.568908326171735,2.8684017826707233,4.342641574624555,30293,206,769,15,1.9505851755526658,0.4987027841076265,113|301|567|604|3122|3123|3125|3133|3146|3572|4208|5321|6693|51571|54209,ADCY7|ANXA1|B2M|BCL6|HLA-DRA|HLA-DRB1|HLA-DRB3|HLA-E|HMGB1|IL6ST|MEF2C|PLA2G4A|SPN|CYRIB|TREM2,-1.6632711501659114,0,3,0,0,-8.747623430264182,39.392717815344604,
1,-3.495067077416015,GO:0019882,M1,1,0,GO Biological Processes,19,antigen processing and presentation,19_GO:0002376 immune system process,-3.495067077416015,3.787761328398519,4.596078533434149,30293,104,769,10,1.3003901170351104,0.4085369838353505,567|3113|3119|3122|3123|3125|3126|3127|3133|9474,B2M|HLA-DPA1|HLA-DQB1|HLA-DRA|HLA-DRB1|HLA-DRB3|HLA-DRB4|HLA-DRB5|HLA-E|ATG5,-1.6142534851352237,0,3,0,0,-8.747623430264182,39.392717815344604,
1,-2.9257081574141224,GO:0019883,M1,1,0,GO Biological Processes,19,antigen processing and presentation of endogenous antigen,19_GO:0002376 immune system process,-2.9257081574141224,6.155112158647594,4.708808357905585,30293,32,769,5,0.6501950585175552,0.2898292224783175,567|3122|3123|3133|9474,B2M|HLA-DRA|HLA-DRB1|HLA-E|ATG5,-1.2381878542966345,0,3,0,0,-8.747623430264182,39.392717815344604,
1,-2.913359055384359,GO:0002840,M1,1,0,GO Biological Processes,19,regulation of T cell mediated immune response to tumor cell,19_GO:0002376 immune system process,-2.913359055384359,13.130905938448201,5.8741822533500265,30293,9,769,3,0.39011703511053314,0.22479440747191654,3123|3125|3146,HLA-DRB1|HLA-DRB3|HMGB1,-1.230220283240822,0,3,0,0,-8.747623430264182,39.392717815344604,
1,-2.9003560794257783,GO:0002822,M1,1,0,GO Biological Processes,19,regulation of adaptive immune response based on somatic recombination of immune receptors built from immunoglobulin superfamily domains,19_GO:0002376 immune system process,-2.9003560794257783,2.6811797465941356,3.7616007894498042,30293,191,769,13,1.6905071521456436,0.4648823568385354,301|567|604|3122|3123|3125|3133|3146|4208|5321|6693|51571|54209,ANXA1|B2M|BCL6|HLA-DRA|HLA-DRB1|HLA-DRB3|HLA-E|HMGB1|MEF2C|PLA2G4A|SPN|CYRIB|TREM2,-1.222761343944436,0,3,0,0,-8.747623430264182,39.392717815344604,
1,-2.5199387043156958,GO:0043380,M1,1,0,GO Biological Processes,19,regulation of memory T cell differentiation,19_GO:0002376 immune system process,-2.5199387043156958,9.848179453836151,4.947650164835625,30293,12,769,3,0.39011703511053314,0.22479440747191654,604|3122|3123,BCL6|HLA-DRA|HLA-DRB1,-0.9789478181267387,0,3,0,0,-8.747623430264182,39.392717815344604,
1,-2.4838695411254044,GO:0001916,M1,1,0,GO Biological Processes,19,positive regulation of T cell mediated cytotoxicity,19_GO:0002376 immune system process,-2.4838695411254044,4.924089726918075,4.007968013402707,30293,40,769,5,0.6501950585175552,0.2898292224783175,567|3122|3123|3133|51571,B2M|HLA-DRA|HLA-DRB1|HLA-E|CYRIB,-0.9494026769750141,0,3,0,0,-8.747623430264182,39.392717815344604,
1,-2.467433358359921,GO:0002483,M1,1,0,GO Biological Processes,19,antigen processing and presentation of endogenous peptide antigen,19_GO:0002376 immune system process,-2.467433358359921,6.302834850455136,4.280808390132786,30293,25,769,4,0.5201560468140443,0.2594007357379462,567|3122|3123|3133,B2M|HLA-DRA|HLA-DRB1|HLA-E,-0.9431670895929423,0,3,0,0,-8.747623430264182,39.392717815344604,
1,-2.4262035455376587,GO:0002709,M1,1,0,GO Biological Processes,19,regulation of T cell mediated immunity,19_GO:0002376 immune system process,-2.4262035455376587,3.183249924472291,3.511561439598242,30293,99,769,8,1.0403120936280885,0.3658877017432317,567|3122|3123|3125|3133|3146|6693|51571,B2M|HLA-DRA|HLA-DRB1|HLA-DRB3|HLA-E|HMGB1|SPN|CYRIB,-0.9152427435502171,0,3,0,0,-8.747623430264182,39.392717815344604,
1,-2.2403928420402344,GO:0002821,M1,1,0,GO Biological Processes,19,positive regulation of adaptive immune response,19_GO:0002376 immune system process,-2.2403928420402344,2.748329149907763,3.2115385048250955,30293,129,769,9,1.1703511053315996,0.3878274468226617,567|3122|3123|3125|3133|3572|5321|51571|54209,B2M|HLA-DRA|HLA-DRB1|HLA-DRB3|HLA-E|IL6ST|PLA2G4A|CYRIB|TREM2,-0.7880085805793811,0,3,0,0,-8.747623430264182,39.392717815344604,
1,-2.090464600384185,GO:0002711,M1,1,0,GO Biological Processes,19,positive regulation of T cell mediated immunity,19_GO:0002376 immune system process,-2.090464600384185,3.4254537230734434,3.2552257595856853,30293,69,769,6,0.7802340702210663,0.31728415518844433,567|3122|3123|3125|3133|51571,B2M|HLA-DRA|HLA-DRB1|HLA-DRB3|HLA-E|CYRIB,-0.6867722628230559,0,3,0,0,-8.747623430264182,39.392717815344604,
1,-2.0659254135273093,GO:0001914,M1,1,0,GO Biological Processes,19,regulation of T cell mediated cytotoxicity,19_GO:0002376 immune system process,-2.0659254135273093,3.93927178153446,3.357003996825617,30293,50,769,5,0.6501950585175552,0.2898292224783175,567|3122|3123|3133|51571,B2M|HLA-DRA|HLA-DRB1|HLA-E|CYRIB,-0.674487841227541,0,3,0,0,-8.747623430264182,39.392717815344604,
1,-8.182595067186245,GO:0030097,M1,1,0,GO Biological Processes,19,hemopoiesis,19_GO:0032502 developmental process,-8.182595067186245,2.6068710318978043,6.839649082216177,30293,680,769,45,5.851755526657997,0.8464202213179647,87|301|302|538|567|604|915|1385|1436|1958|2322|2353|3087|3123|3146|3956|4208|6208|6223|6693|6794|6850|7422|7704|7922|9474|9840|23648|29781|51341|51522|54209|55008|55646|65018|79876|112616|114609|122618|135228|147808|167153|168002|204851|387357,ACTN1|ANXA1|ANXA2|ATP7A|B2M|BCL6|CD3D|CREB1|CSF1R|EGR1|FLT3|FOS|HHEX|HLA-DRB1|HMGB1|LGALS1|MEF2C|RPS14|RPS19|SPN|STK11|SYK|VEGFA|ZBTB16|SLC39A7|ATG5|TESPA1|SSBP3|NCAPH2|ZBTB7A|TMEM14C|TREM2|HERC6|LYAR|PINK1|UBA5|CMTM7|TIRAP|PLD4|CD109|ZNF784|TENT2|DACT2|HIPK1|THEMIS,-5.11905963695076,0,4,1,1,-8.182595067186245,3.151417425227568,
1,-3.774517707772218,GO:0030099,M1,1,0,GO Biological Processes,19,myeloid cell differentiation,19_GO:0032502 developmental process,-3.774517707772218,2.589832659140303,4.382786375021303,30293,289,769,19,2.4707412223667102,0.5597807020554725,87|302|604|1385|1436|2353|3123|4208|6208|6223|7422|7704|51341|51522|54209|55646|79876|114609|135228,ACTN1|ANXA2|BCL6|CREB1|CSF1R|FOS|HLA-DRB1|MEF2C|RPS14|RPS19|VEGFA|ZBTB16|ZBTB7A|TMEM14C|TREM2|LYAR|UBA5|TIRAP|CD109,-1.7901635235843572,0,4,0,0,-8.182595067186245,3.151417425227568,
1,-3.0814518754042535,GO:0048871,M1,1,0,GO Biological Processes,19,multicellular organismal-level homeostasis,19_GO:0042592 homeostatic process,-3.0814518754042535,1.9008133388435833,3.599911830527831,30293,601,769,29,3.7711313394018204,0.6869503499558784,301|567|582|604|1149|1365|1958|2322|3146|3908|4208|4846|4938|5025|6208|6223|6343|6794|7036|7414|7422|11215|25987|51341|51522|55646|64072|79876|85015,ANXA1|B2M|BBS1|BCL6|CIDEA|CLDN3|EGR1|FLT3|HMGB1|LAMA2|MEF2C|NOS3|OAS1|P2RX4|RPS14|RPS19|SCT|STK11|TFR2|VCL|VEGFA|AKAP11|TSKU|ZBTB7A|TMEM14C|LYAR|CDH23|UBA5|USP45,-1.3461885488827747,0,4,0,0,-8.182595067186245,3.151417425227568,
1,-2.5731063525475144,GO:0002262,M1,1,0,GO Biological Processes,19,myeloid cell homeostasis,19_GO:0042592 homeostatic process,-2.5731063525475144,2.8753808624339126,3.550605666083198,30293,137,769,10,1.3003901170351104,0.4085369838353505,301|604|3146|6208|6223|7422|51341|51522|55646|79876,ANXA1|BCL6|HMGB1|RPS14|RPS19|VEGFA|ZBTB7A|TMEM14C|LYAR|UBA5,-1.0147209006319347,0,4,0,0,-8.182595067186245,3.151417425227568,
1,-2.399521072336132,GO:0030218,M1,1,0,GO Biological Processes,19,erythrocyte differentiation,19_GO:0042592 homeostatic process,-2.399521072336132,3.151417425227568,3.4778519785806625,30293,100,769,8,1.0403120936280885,0.3658877017432317,604|6208|6223|7422|51341|51522|55646|79876,BCL6|RPS14|RPS19|VEGFA|ZBTB7A|TMEM14C|LYAR|UBA5,-0.8959842884278975,0,4,0,0,-8.182595067186245,3.151417425227568,
1,-2.175158251350055,GO:0034101,M1,1,0,GO Biological Processes,19,erythrocyte homeostasis,19_GO:0042592 homeostatic process,-2.175158251350055,2.891208646997769,3.192301069519096,30293,109,769,8,1.0403120936280885,0.3658877017432317,604|6208|6223|7422|51341|51522|55646|79876,BCL6|RPS14|RPS19|VEGFA|ZBTB7A|TMEM14C|LYAR|UBA5,-0.750454770243638,0,4,0,0,-8.182595067186245,3.151417425227568,
1,-7.959368359182179,GO:1903039,M1,1,0,GO Biological Processes,19,positive regulation of leukocyte cell-cell adhesion,19_GO:0048518 positive regulation of biological process,-7.959368359182179,3.724402411632581,7.3246397915735235,30293,275,769,26,3.3810143042912872,0.6517658046518952,240|301|567|604|857|960|3113|3119|3122|3123|3125|3126|3127|3133|3146|3485|3572|3956|6347|6595|6693|6850|7704|9840|51571|126259,ALOX5|ANXA1|B2M|BCL6|CAV1|CD44|HLA-DPA1|HLA-DQB1|HLA-DRA|HLA-DRB1|HLA-DRB3|HLA-DRB4|HLA-DRB5|HLA-E|HMGB1|IGFBP2|IL6ST|LGALS1|CCL2|SMARCA2|SPN|SYK|ZBTB16|TESPA1|CYRIB|TMIGD2,-4.984646964031904,0,5,1,1,-7.959368359182179,4.774874886708437,
1,-7.958005763918301,GO:0045785,M1,1,0,GO Biological Processes,19,positive regulation of cell adhesion,19_GO:0048518 positive regulation of biological process,-7.958005763918301,2.936103191205809,6.92246269148442,30293,483,769,36,4.681404421326398,0.7617522189941792,240|301|567|604|857|960|1012|3113|3119|3122|3123|3125|3126|3127|3133|3146|3485|3572|3908|3956|4739|5212|5879|6347|6595|6693|6850|7422|7704|9840|10211|25930|30008|51571|126259|342184,ALOX5|ANXA1|B2M|BCL6|CAV1|CD44|CDH13|HLA-DPA1|HLA-DQB1|HLA-DRA|HLA-DRB1|HLA-DRB3|HLA-DRB4|HLA-DRB5|HLA-E|HMGB1|IGFBP2|IL6ST|LAMA2|LGALS1|NEDD9|VIT|RAC1|CCL2|SMARCA2|SPN|SYK|VEGFA|ZBTB16|TESPA1|FLOT1|PTPN23|EFEMP2|CYRIB|TMIGD2|FMN1,-4.984646964031904,0,5,0,0,-7.959368359182179,4.774874886708437,
1,-7.695976465985207,GO:0022409,M1,1,0,GO Biological Processes,19,positive regulation of cell-cell adhesion,19_GO:0048518 positive regulation of biological process,-7.695976465985207,3.4148486031877674,7.041859302920491,30293,323,769,28,3.6410923276983094,0.6754584046980635,240|301|567|604|857|960|3113|3119|3122|3123|3125|3126|3127|3133|3146|3485|3572|3956|6347|6595|6693|6850|7704|9840|10211|25930|51571|126259,ALOX5|ANXA1|B2M|BCL6|CAV1|CD44|HLA-DPA1|HLA-DQB1|HLA-DRA|HLA-DRB1|HLA-DRB3|HLA-DRB4|HLA-DRB5|HLA-E|HMGB1|IGFBP2|IL6ST|LGALS1|CCL2|SMARCA2|SPN|SYK|ZBTB16|TESPA1|FLOT1|PTPN23|CYRIB|TMIGD2,-4.797251284395713,0,5,0,0,-7.959368359182179,4.774874886708437,
1,-7.490987247225678,GO:0050870,M1,1,0,GO Biological Processes,19,positive regulation of T cell activation,19_GO:0002376 immune system process,-7.490987247225678,3.766634372781954,7.103358829707647,30293,251,769,24,3.120936280884265,0.6270385582010519,301|567|604|857|3113|3119|3122|3123|3125|3126|3127|3133|3146|3485|3572|3956|6347|6595|6693|6850|7704|9840|51571|126259,ANXA1|B2M|BCL6|CAV1|HLA-DPA1|HLA-DQB1|HLA-DRA|HLA-DRB1|HLA-DRB3|HLA-DRB4|HLA-DRB5|HLA-E|HMGB1|IGFBP2|IL6ST|LGALS1|CCL2|SMARCA2|SPN|SYK|ZBTB16|TESPA1|CYRIB|TMIGD2,-4.614538460347337,0,5,0,0,-7.959368359182179,4.774874886708437,
1,-7.24862798257559,GO:0002696,M1,1,0,GO Biological Processes,19,positive regulation of leukocyte activation,19_GO:0002376 immune system process,-7.24862798257559,3.173302268458315,6.6947722377611845,30293,360,769,29,3.7711313394018204,0.6869503499558784,301|567|604|857|914|3113|3119|3122|3123|3125|3126|3127|3133|3146|3485|3572|3956|4208|5321|6347|6595|6693|6850|7704|9840|51571|54209|114609|126259,ANXA1|B2M|BCL6|CAV1|CD2|HLA-DPA1|HLA-DQB1|HLA-DRA|HLA-DRB1|HLA-DRB3|HLA-DRB4|HLA-DRB5|HLA-E|HMGB1|IGFBP2|IL6ST|LGALS1|MEF2C|PLA2G4A|CCL2|SMARCA2|SPN|SYK|ZBTB16|TESPA1|CYRIB|TREM2|TIRAP|TMIGD2,-4.451360441744873,0,5,0,0,-7.959368359182179,4.774874886708437,
1,-7.208877250346195,GO:0022407,M1,1,0,GO Biological Processes,19,regulation of cell-cell adhesion,19_GO:0050789 regulation of biological process,-7.208877250346195,2.790982031451541,6.477290925613282,30293,494,769,35,4.551365409622887,0.7516099874958296,240|301|567|604|857|960|1946|3113|3119|3122|3123|3125|3126|3127|3133|3146|3485|3572|3956|6347|6595|6693|6850|7422|7704|7805|9840|10211|23075|25930|51201|51571|84830|126259|340481,ALOX5|ANXA1|B2M|BCL6|CAV1|CD44|EFNA5|HLA-DPA1|HLA-DQB1|HLA-DRA|HLA-DRB1|HLA-DRB3|HLA-DRB4|HLA-DRB5|HLA-E|HMGB1|IGFBP2|IL6ST|LGALS1|CCL2|SMARCA2|SPN|SYK|VEGFA|ZBTB16|LAPTM5|TESPA1|FLOT1|SWAP70|PTPN23|ZDHHC2|CYRIB|ADTRP|TMIGD2|ZDHHC21,-4.42933847647591,0,5,0,0,-7.959368359182179,4.774874886708437,
1,-6.79624389140014,GO:0050867,M1,1,0,GO Biological Processes,19,positive regulation of cell activation,19_GO:0048518 positive regulation of biological process,-6.79624389140014,3.022192636626967,6.385037711441172,30293,378,769,29,3.7711313394018204,0.6869503499558784,301|567|604|857|914|3113|3119|3122|3123|3125|3126|3127|3133|3146|3485|3572|3956|4208|5321|6347|6595|6693|6850|7704|9840|51571|54209|114609|126259,ANXA1|B2M|BCL6|CAV1|CD2|HLA-DPA1|HLA-DQB1|HLA-DRA|HLA-DRB1|HLA-DRB3|HLA-DRB4|HLA-DRB5|HLA-E|HMGB1|IGFBP2|IL6ST|LGALS1|MEF2C|PLA2G4A|CCL2|SMARCA2|SPN|SYK|ZBTB16|TESPA1|CYRIB|TREM2|TIRAP|TMIGD2,-4.09588636357748,0,5,0,0,-7.959368359182179,4.774874886708437,
1,-6.747937571142936,GO:1903037,M1,1,0,GO Biological Processes,19,regulation of leukocyte cell-cell adhesion,19_GO:0050789 regulation of biological process,-6.747937571142936,3.0062863595920883,6.3517629095761,30293,380,769,29,3.7711313394018204,0.6869503499558784,240|301|567|604|857|960|3113|3119|3122|3123|3125|3126|3127|3133|3146|3485|3572|3956|6347|6595|6693|6850|7704|7805|9840|51571|84830|126259|340481,ALOX5|ANXA1|B2M|BCL6|CAV1|CD44|HLA-DPA1|HLA-DQB1|HLA-DRA|HLA-DRB1|HLA-DRB3|HLA-DRB4|HLA-DRB5|HLA-E|HMGB1|IGFBP2|IL6ST|LGALS1|CCL2|SMARCA2|SPN|SYK|ZBTB16|LAPTM5|TESPA1|CYRIB|ADTRP|TMIGD2|ZDHHC21,-4.061820482434886,0,5,0,0,-7.959368359182179,4.774874886708437,
1,-6.481361283469946,GO:0051251,M1,1,0,GO Biological Processes,19,positive regulation of lymphocyte activation,19_GO:0002376 immune system process,-6.481361283469946,3.141750500610306,6.274737886745426,30293,326,769,26,3.3810143042912872,0.6517658046518952,301|567|604|857|3113|3119|3122|3123|3125|3126|3127|3133|3146|3485|3572|3956|4208|6347|6595|6693|6850|7704|9840|51571|114609|126259,ANXA1|B2M|BCL6|CAV1|HLA-DPA1|HLA-DQB1|HLA-DRA|HLA-DRB1|HLA-DRB3|HLA-DRB4|HLA-DRB5|HLA-E|HMGB1|IGFBP2|IL6ST|LGALS1|MEF2C|CCL2|SMARCA2|SPN|SYK|ZBTB16|TESPA1|CYRIB|TIRAP|TMIGD2,-3.8353614179698785,0,5,0,0,-7.959368359182179,4.774874886708437,
1,-6.230107804634427,GO:0050863,M1,1,0,GO Biological Processes,19,regulation of T cell activation,19_GO:0002376 immune system process,-6.230107804634427,2.902621312709602,6.023566589714005,30293,380,769,28,3.6410923276983094,0.6754584046980635,301|567|604|639|857|914|2177|3113|3119|3122|3123|3125|3126|3127|3133|3146|3485|3572|3956|6347|6595|6693|6850|7704|7805|9840|51571|126259,ANXA1|B2M|BCL6|PRDM1|CAV1|CD2|FANCD2|HLA-DPA1|HLA-DQB1|HLA-DRA|HLA-DRB1|HLA-DRB3|HLA-DRB4|HLA-DRB5|HLA-E|HMGB1|IGFBP2|IL6ST|LGALS1|CCL2|SMARCA2|SPN|SYK|ZBTB16|LAPTM5|TESPA1|CYRIB|TMIGD2,-3.66541287881184,0,5,0,0,-7.959368359182179,4.774874886708437,
1,-6.164313393755463,GO:0002694,M1,1,0,GO Biological Processes,19,regulation of leukocyte activation,19_GO:0002376 immune system process,-6.164313393755463,2.483603925310693,5.776124673035992,30293,571,769,36,4.681404421326398,0.7617522189941792,301|567|604|639|857|914|2177|2896|3113|3119|3122|3123|3125|3126|3127|3133|3146|3485|3572|3956|4208|4739|5321|6347|6595|6693|6850|7704|7805|9840|9867|51083|51571|54209|114609|126259,ANXA1|B2M|BCL6|PRDM1|CAV1|CD2|FANCD2|GRN|HLA-DPA1|HLA-DQB1|HLA-DRA|HLA-DRB1|HLA-DRB3|HLA-DRB4|HLA-DRB5|HLA-E|HMGB1|IGFBP2|IL6ST|LGALS1|MEF2C|NEDD9|PLA2G4A|CCL2|SMARCA2|SPN|SYK|ZBTB16|LAPTM5|TESPA1|PJA2|GAL|CYRIB|TREM2|TIRAP|TMIGD2,-3.630287287699328,0,5,0,0,-7.959368359182179,4.774874886708437,
1,-6.036230714257613,GO:0050865,M1,1,0,GO Biological Processes,19,regulation of cell activation,19_GO:0032501 multicellular organismal process,-6.036230714257613,2.3836357913743553,5.654822519403686,30293,628,769,38,4.9414824447334205,0.7815575756855582,301|567|604|639|857|914|2177|2896|3113|3119|3122|3123|3125|3126|3127|3133|3146|3485|3572|3956|4208|4739|4846|5321|6347|6595|6693|6850|7056|7704|7805|9840|9867|51083|51571|54209|114609|126259,ANXA1|B2M|BCL6|PRDM1|CAV1|CD2|FANCD2|GRN|HLA-DPA1|HLA-DQB1|HLA-DRA|HLA-DRB1|HLA-DRB3|HLA-DRB4|HLA-DRB5|HLA-E|HMGB1|IGFBP2|IL6ST|LGALS1|MEF2C|NEDD9|NOS3|PLA2G4A|CCL2|SMARCA2|SPN|SYK|THBD|ZBTB16|LAPTM5|TESPA1|PJA2|GAL|CYRIB|TREM2|TIRAP|TMIGD2,-3.5308497896510076,0,5,0,0,-7.959368359182179,4.774874886708437,
1,-5.594107420280125,GO:0051249,M1,1,0,GO Biological Processes,19,regulation of lymphocyte activation,19_GO:0002376 immune system process,-5.594107420280125,2.4961722180020343,5.472000750970712,30293,505,769,32,4.161248374512354,0.7201437956185002,301|567|604|639|857|914|2177|3113|3119|3122|3123|3125|3126|3127|3133|3146|3485|3572|3956|4208|4739|6347|6595|6693|6850|7704|7805|9840|51083|51571|114609|126259,ANXA1|B2M|BCL6|PRDM1|CAV1|CD2|FANCD2|HLA-DPA1|HLA-DQB1|HLA-DRA|HLA-DRB1|HLA-DRB3|HLA-DRB4|HLA-DRB5|HLA-E|HMGB1|IGFBP2|IL6ST|LGALS1|MEF2C|NEDD9|CCL2|SMARCA2|SPN|SYK|ZBTB16|LAPTM5|TESPA1|GAL|CYRIB|TIRAP|TMIGD2,-3.1326319813726013,0,5,0,0,-7.959368359182179,4.774874886708437,
1,-5.34513369086003,GO:1903706,M1,1,0,GO Biological Processes,19,regulation of hemopoiesis,19_GO:0002376 immune system process,-5.34513369086003,2.6137348313498787,5.387695758320526,30293,422,769,28,3.6410923276983094,0.6754584046980635,301|567|604|639|914|1230|1385|2177|2353|3122|3123|3146|3303|4208|4739|6595|6850|7704|8294|8362|8363|9646|9840|54209|56892|84293|121504|222166,ANXA1|B2M|BCL6|PRDM1|CD2|CCR1|CREB1|FANCD2|FOS|HLA-DRA|HLA-DRB1|HMGB1|HSPA1A|MEF2C|NEDD9|SMARCA2|SYK|ZBTB16|H4C9|H4C12|H4C11|CTR9|TESPA1|TREM2|TCIM|PRXL2A|H4C16|MTURN,-2.9529847433284746,0,5,0,0,-7.959368359182179,4.774874886708437,
1,-4.33299420967675,GO:0045637,M1,1,0,GO Biological Processes,19,regulation of myeloid cell differentiation,19_GO:0002376 immune system process,-4.33299420967675,3.07190918743513,4.954909089440496,30293,218,769,17,2.210663198959688,0.5302050638900828,567|1230|1385|2353|3123|3303|4208|4739|7704|8294|8362|8363|9646|54209|84293|121504|222166,B2M|CCR1|CREB1|FOS|HLA-DRB1|HSPA1A|MEF2C|NEDD9|ZBTB16|H4C9|H4C12|H4C11|CTR9|TREM2|PRXL2A|H4C16|MTURN,-2.1765685569088697,0,5,0,0,-7.959368359182179,4.774874886708437,
1,-3.522187745404245,GO:0070665,M1,1,0,GO Biological Processes,19,positive regulation of leukocyte proliferation,19_GO:0048518 positive regulation of biological process,-3.522187745404245,3.122593485362682,4.398817436940531,30293,164,769,13,1.6905071521456436,0.4648823568385354,301|604|1436|3113|3133|3146|3485|3572|4208|6693|6850|114609|126259,ANXA1|BCL6|CSF1R|HLA-DPA1|HLA-E|HMGB1|IGFBP2|IL6ST|MEF2C|SPN|SYK|TIRAP|TMIGD2,-1.6283954878177633,0,5,0,0,-7.959368359182179,4.774874886708437,
1,-3.5206760617334067,GO:0050671,M1,1,0,GO Biological Processes,19,positive regulation of lymphocyte proliferation,19_GO:0002376 immune system process,-3.5206760617334067,3.3056826138750712,4.460293432604523,30293,143,769,12,1.5604681404421326,0.4469398234177268,301|604|3113|3133|3146|3485|3572|4208|6693|6850|114609|126259,ANXA1|BCL6|HLA-DPA1|HLA-E|HMGB1|IGFBP2|IL6ST|MEF2C|SPN|SYK|TIRAP|TMIGD2,-1.6283954878177633,0,5,0,0,-7.959368359182179,4.774874886708437,
1,-3.4684576291203193,GO:1902107,M1,1,0,GO Biological Processes,19,positive regulation of leukocyte differentiation,19_GO:0002376 immune system process,-3.4684576291203193,2.933500262844811,4.291838684476088,30293,188,769,14,1.8205461638491547,0.48211204721837686,301|604|1230|1385|2353|3122|3123|3146|4739|6595|6850|7704|9840|54209,ANXA1|BCL6|CCR1|CREB1|FOS|HLA-DRA|HLA-DRB1|HMGB1|NEDD9|SMARCA2|SYK|ZBTB16|TESPA1|TREM2,-1.5941749039984858,0,5,0,0,-7.959368359182179,4.774874886708437,
1,-3.4684576291203193,GO:1903708,M1,1,0,GO Biological Processes,19,positive regulation of hemopoiesis,19_GO:0002376 immune system process,-3.4684576291203193,2.933500262844811,4.291838684476088,30293,188,769,14,1.8205461638491547,0.48211204721837686,301|604|1230|1385|2353|3122|3123|3146|4739|6595|6850|7704|9840|54209,ANXA1|BCL6|CCR1|CREB1|FOS|HLA-DRA|HLA-DRB1|HMGB1|NEDD9|SMARCA2|SYK|ZBTB16|TESPA1|TREM2,-1.5941749039984858,0,5,0,0,-7.959368359182179,4.774874886708437,
1,-3.437959555992301,GO:0032946,M1,1,0,GO Biological Processes,19,positive regulation of mononuclear cell proliferation,19_GO:0048518 positive regulation of biological process,-3.437959555992301,3.23775762865846,4.374283932134757,30293,146,769,12,1.5604681404421326,0.4469398234177268,301|604|3113|3133|3146|3485|3572|4208|6693|6850|114609|126259,ANXA1|BCL6|HLA-DPA1|HLA-E|HMGB1|IGFBP2|IL6ST|MEF2C|SPN|SYK|TIRAP|TMIGD2,-1.5785441084127398,0,5,0,0,-7.959368359182179,4.774874886708437,
1,-3.3230006769481664,GO:0046637,M1,1,0,GO Biological Processes,19,regulation of alpha-beta T cell differentiation,19_GO:0002376 immune system process,-3.3230006769481664,4.3769686461494,4.629972450161562,30293,72,769,8,1.0403120936280885,0.3658877017432317,301|604|639|3122|3123|3146|6850|7704,ANXA1|BCL6|PRDM1|HLA-DRA|HLA-DRB1|HMGB1|SYK|ZBTB16,-1.5015477515989666,0,5,0,0,-7.959368359182179,4.774874886708437,
1,-3.2070118136679873,GO:0046634,M1,1,0,GO Biological Processes,19,regulation of alpha-beta T cell activation,19_GO:0002376 immune system process,-3.2070118136679873,3.486081222596867,4.273015449122791,30293,113,769,10,1.3003901170351104,0.4085369838353505,301|604|639|3122|3123|3125|3133|3146|6850|7704,ANXA1|BCL6|PRDM1|HLA-DRA|HLA-DRB1|HLA-DRB3|HLA-E|HMGB1|SYK|ZBTB16,-1.430933571907209,0,5,0,0,-7.959368359182179,4.774874886708437,
1,-2.8718551036036155,GO:0042102,M1,1,0,GO Biological Processes,19,positive regulation of T cell proliferation,19_GO:0002376 immune system process,-2.8718551036036155,3.408985195558668,3.971604395211373,30293,104,769,9,1.1703511053315996,0.3878274468226617,301|3113|3133|3146|3485|3572|6693|6850|126259,ANXA1|HLA-DPA1|HLA-E|HMGB1|IGFBP2|IL6ST|SPN|SYK|TMIGD2,-1.203578843392396,0,5,0,0,-7.959368359182179,4.774874886708437,
1,-2.8465457783036485,GO:0070663,M1,1,0,GO Biological Processes,19,regulation of leukocyte proliferation,19_GO:0050789 regulation of biological process,-2.8465457783036485,2.3606123035412496,3.603967201992721,30293,267,769,16,2.080624187256177,0.51471635694872,301|604|1436|3087|3113|3123|3133|3146|3485|3572|4208|6693|6850|51083|114609|126259,ANXA1|BCL6|CSF1R|HHEX|HLA-DPA1|HLA-DRB1|HLA-E|HMGB1|IGFBP2|IL6ST|MEF2C|SPN|SYK|GAL|TIRAP|TMIGD2,-1.1856082695321308,0,5,0,0,-7.959368359182179,4.774874886708437,
1,-2.7317527883652017,GO:1902105,M1,1,0,GO Biological Processes,19,regulation of leukocyte differentiation,19_GO:0002376 immune system process,-2.7317527883652017,2.175058038884058,3.442595761555579,30293,326,769,18,2.340702210663199,0.545213638740881,301|604|639|914|1230|1385|2177|2353|3122|3123|3146|4739|6595|6850|7704|9840|54209|84293,ANXA1|BCL6|PRDM1|CD2|CCR1|CREB1|FANCD2|FOS|HLA-DRA|HLA-DRB1|HMGB1|NEDD9|SMARCA2|SYK|ZBTB16|TESPA1|TREM2|PRXL2A,-1.1166393927403662,0,5,0,0,-7.959368359182179,4.774874886708437,
1,-2.702988590501916,GO:0046635,M1,1,0,GO Biological Processes,19,positive regulation of alpha-beta T cell activation,19_GO:0002376 immune system process,-2.702988590501916,3.9392717815344604,3.9733747290935186,30293,70,769,7,0.9102730819245773,0.34248140459762805,301|3122|3123|3125|3133|6850|7704,ANXA1|HLA-DRA|HLA-DRB1|HLA-DRB3|HLA-E|SYK|ZBTB16,-1.0985359751783472,0,5,0,0,-7.959368359182179,4.774874886708437,
1,-2.624973205362277,GO:0045580,M1,1,0,GO Biological Processes,19,regulation of T cell differentiation,19_GO:0002376 immune system process,-2.624973205362277,2.611671899359863,3.509826639688557,30293,181,769,12,1.5604681404421326,0.4469398234177268,301|604|639|914|2177|3122|3123|3146|6595|6850|7704|9840,ANXA1|BCL6|PRDM1|CD2|FANCD2|HLA-DRA|HLA-DRB1|HMGB1|SMARCA2|SYK|ZBTB16|TESPA1,-1.0507693653749655,0,5,0,0,-7.959368359182179,4.774874886708437,
1,-2.504567258113098,GO:0050670,M1,1,0,GO Biological Processes,19,regulation of lymphocyte proliferation,19_GO:0002376 immune system process,-2.504567258113098,2.326995989092086,3.309921834557695,30293,237,769,14,1.8205461638491547,0.48211204721837686,301|604|3113|3123|3133|3146|3485|3572|4208|6693|6850|51083|114609|126259,ANXA1|BCL6|HLA-DPA1|HLA-DRB1|HLA-E|HMGB1|IGFBP2|IL6ST|MEF2C|SPN|SYK|GAL|TIRAP|TMIGD2,-0.9645782050832865,0,5,0,0,-7.959368359182179,4.774874886708437,
1,-2.439732015498097,GO:0032944,M1,1,0,GO Biological Processes,19,regulation of mononuclear cell proliferation,19_GO:0050789 regulation of biological process,-2.439732015498097,2.2883736490241677,3.2408073154805224,30293,241,769,14,1.8205461638491547,0.48211204721837686,301|604|3113|3123|3133|3146|3485|3572|4208|6693|6850|51083|114609|126259,ANXA1|BCL6|HLA-DPA1|HLA-DRB1|HLA-E|HMGB1|IGFBP2|IL6ST|MEF2C|SPN|SYK|GAL|TIRAP|TMIGD2,-0.9207418451206353,0,5,0,0,-7.959368359182179,4.774874886708437,
1,-2.3984683419289228,GO:0050777,M1,1,0,GO Biological Processes,19,negative regulation of immune response,19_GO:0002376 immune system process,-2.3984683419289228,2.4492881543219442,3.259790538572313,30293,193,769,12,1.5604681404421326,0.4469398234177268,301|604|2896|3123|3133|4938|6223|6693|6850|9474|54209|55646,ANXA1|BCL6|GRN|HLA-DRB1|HLA-E|OAS1|RPS19|SPN|SYK|ATG5|TREM2|LYAR,-0.8958507001244119,0,5,0,0,-7.959368359182179,4.774874886708437,
1,-2.296416139632868,GO:0046631,M1,1,0,GO Biological Processes,19,alpha-beta T cell activation,19_GO:0002376 immune system process,-2.296416139632868,3.0302090627188156,3.347130256988598,30293,104,769,8,1.0403120936280885,0.3658877017432317,301|538|604|915|3133|3146|6693|6850,ANXA1|ATP7A|BCL6|CD3D|HLA-E|HMGB1|SPN|SYK,-0.826507533188482,0,5,0,0,-7.959368359182179,4.774874886708437,
1,-2.2425746350635953,GO:0002263,M1,1,0,GO Biological Processes,19,cell activation involved in immune response,19_GO:0002376 immune system process,-2.2425746350635953,2.340161454376907,3.084281739715514,30293,202,769,12,1.5604681404421326,0.4469398234177268,538|604|1113|2896|3146|3956|6693|6850|8773|23075|54209|56892,ATP7A|BCL6|CHGA|GRN|HMGB1|LGALS1|SPN|SYK|SNAP23|SWAP70|TREM2|TCIM,-0.7880085805793811,0,5,0,0,-7.959368359182179,4.774874886708437,
1,-2.2120481358815343,GO:0007162,M1,1,0,GO Biological Processes,19,negative regulation of cell adhesion,19_GO:0048519 negative regulation of biological process,-2.2120481358815343,2.033172532404883,2.9509082177579837,30293,310,769,16,2.080624187256177,0.51471635694872,301|604|1012|1600|1843|1946|3123|3133|3146|6693|7422|7805|23075|84830|90102|168002,ANXA1|BCL6|CDH13|DAB1|DUSP1|EFNA5|HLA-DRB1|HLA-E|HMGB1|SPN|VEGFA|LAPTM5|SWAP70|ADTRP|PHLDB2|DACT2,-0.7765084310684107,0,5,0,0,-7.959368359182179,4.774874886708437,
1,-2.170373079992129,GO:0042129,M1,1,0,GO Biological Processes,19,regulation of T cell proliferation,19_GO:0002376 immune system process,-2.170373079992129,2.3940325744132083,3.035861497748062,30293,181,769,11,1.4304291287386215,0.4281948461201359,301|604|3113|3123|3133|3146|3485|3572|6693|6850|126259,ANXA1|BCL6|HLA-DPA1|HLA-DRB1|HLA-E|HMGB1|IGFBP2|IL6ST|SPN|SYK|TMIGD2,-0.7472426331608255,0,5,0,0,-7.959368359182179,4.774874886708437,
1,-2.140497299491013,GO:0002861,M1,1,0,GO Biological Processes,19,regulation of inflammatory response to antigenic stimulus,19_GO:0002376 immune system process,-2.140497299491013,4.103408105765062,3.472739925132354,30293,48,769,5,0.6501950585175552,0.2898292224783175,3123|3133|6693|6850|54209,HLA-DRB1|HLA-E|SPN|SYK|TREM2,-0.7249463553692198,0,5,0,0,-7.959368359182179,4.774874886708437,
1,-2.066560628058485,GO:0045619,M1,1,0,GO Biological Processes,19,regulation of lymphocyte differentiation,19_GO:0002376 immune system process,-2.066560628058485,2.2193080459349073,2.882065661490384,30293,213,769,12,1.5604681404421326,0.4469398234177268,301|604|639|914|2177|3122|3123|3146|6595|6850|7704|9840,ANXA1|BCL6|PRDM1|CD2|FANCD2|HLA-DRA|HLA-DRB1|HMGB1|SMARCA2|SYK|ZBTB16|TESPA1,-0.674487841227541,0,5,0,0,-7.959368359182179,4.774874886708437,
1,-2.036149302236182,GO:0050866,M1,1,0,GO Biological Processes,19,negative regulation of cell activation,19_GO:0048519 negative regulation of biological process,-2.036149302236182,2.1986633199262102,2.846633224209148,30293,215,769,12,1.5604681404421326,0.4469398234177268,301|604|2896|3123|3133|3146|4846|6693|7056|7805|51083|54209,ANXA1|BCL6|GRN|HLA-DRB1|HLA-E|HMGB1|NOS3|SPN|THBD|LAPTM5|GAL|TREM2,-0.6510622091921133,0,5,0,0,-7.959368359182179,4.774874886708437,
1,-2.026965297750068,GO:0002862,M1,1,0,GO Biological Processes,19,negative regulation of inflammatory response to antigenic stimulus,19_GO:0002376 immune system process,-2.026965297750068,4.774874886708437,3.501584537494459,30293,33,769,4,0.5201560468140443,0.2594007357379462,3123|6693|6850|54209,HLA-DRB1|SPN|SYK|TREM2,-0.6474461589449415,0,5,0,0,-7.959368359182179,4.774874886708437,
1,-2.0146741343683363,GO:0002697,M1,1,0,GO Biological Processes,19,regulation of immune effector process,19_GO:0002376 immune system process,-2.0146741343683363,1.8513548842720702,2.7060845270539526,30293,383,769,18,2.340702210663199,0.545213638740881,301|567|604|2896|3075|3122|3123|3125|3133|3146|6223|6693|6850|7805|8673|9474|51571|54209,ANXA1|B2M|BCL6|GRN|CFH|HLA-DRA|HLA-DRB1|HLA-DRB3|HLA-E|HMGB1|RPS19|SPN|SYK|LAPTM5|VAMP8|ATG5|CYRIB|TREM2,-0.6406524674744277,0,5,0,0,-7.959368359182179,4.774874886708437,
1,-7.409470860349944,GO:0001775,M1,1,0,GO Biological Processes,19,cell activation,19_GO:0032501 multicellular organismal process,-7.409470860349944,2.45522479458519,6.387122189661569,30293,722,769,45,5.851755526657997,0.8464202213179647,301|538|567|604|896|914|915|960|1113|1192|1958|2322|2730|2778|2896|3043|3087|3133|3146|3937|3956|4193|4208|5025|5579|6693|6794|6850|7414|7922|8773|9474|9840|10627|23075|23236|29781|51341|54209|56892|57152|57823|112616|200081|387357,ANXA1|ATP7A|B2M|BCL6|CCND3|CD2|CD3D|CD44|CHGA|CLIC1|EGR1|FLT3|GCLM|GNAS|GRN|HBB|HHEX|HLA-E|HMGB1|LCP2|LGALS1|MDM2|MEF2C|P2RX4|PRKCB|SPN|STK11|SYK|VCL|SLC39A7|SNAP23|ATG5|TESPA1|MYL12A|SWAP70|PLCB1|NCAPH2|ZBTB7A|TREM2|TCIM|SLURP1|SLAMF7|CMTM7|TXLNA|THEMIS,-4.574414758629827,0,6,1,1,-7.409470860349944,3.080994689468293,
1,-5.364600546485511,GO:0002521,M1,1,0,GO Biological Processes,19,leukocyte differentiation,19_GO:0032502 developmental process,-5.364600546485511,2.619943227623869,5.401921114944783,30293,421,769,28,3.6410923276983094,0.6754584046980635,301|302|538|567|604|915|1385|1436|1958|2322|2353|3087|3123|3146|3956|6693|6794|6850|7422|7922|9474|9840|29781|51341|54209|112616|135228|387357,ANXA1|ANXA2|ATP7A|B2M|BCL6|CD3D|CREB1|CSF1R|EGR1|FLT3|FOS|HHEX|HLA-DRB1|HMGB1|LGALS1|SPN|STK11|SYK|VEGFA|SLC39A7|ATG5|TESPA1|NCAPH2|ZBTB7A|TREM2|CMTM7|CD109|THEMIS,-2.9529847433284746,0,6,0,0,-7.409470860349944,3.080994689468293,
1,-5.356402045229655,GO:1903131,M1,1,0,GO Biological Processes,19,mononuclear cell differentiation,19_GO:0032502 developmental process,-5.356402045229655,2.8736329105418554,5.514702728442482,30293,329,769,24,3.120936280884265,0.6270385582010519,301|538|567|604|915|1436|1958|2322|2353|3087|3146|3956|6693|6794|6850|7422|7922|9474|9840|29781|51341|54209|112616|387357,ANXA1|ATP7A|B2M|BCL6|CD3D|CSF1R|EGR1|FLT3|FOS|HHEX|HMGB1|LGALS1|SPN|STK11|SYK|VEGFA|SLC39A7|ATG5|TESPA1|NCAPH2|ZBTB7A|TREM2|CMTM7|THEMIS,-2.9529847433284746,0,6,0,0,-7.409470860349944,3.080994689468293,
1,-4.893229781289943,GO:0045321,M1,1,0,GO Biological Processes,19,leukocyte activation,19_GO:0002376 immune system process,-4.893229781289943,2.2397197420095596,4.941650085044463,30293,598,769,34,4.421326397919376,0.7412993483705937,301|538|567|604|896|914|915|960|1113|1958|2322|2896|3087|3133|3146|3937|3956|4208|5579|6693|6794|6850|7922|8773|9474|9840|23075|29781|51341|54209|57823|112616|200081|387357,ANXA1|ATP7A|B2M|BCL6|CCND3|CD2|CD3D|CD44|CHGA|EGR1|FLT3|GRN|HHEX|HLA-E|HMGB1|LCP2|LGALS1|MEF2C|PRKCB|SPN|STK11|SYK|SLC39A7|SNAP23|ATG5|TESPA1|SWAP70|NCAPH2|ZBTB7A|TREM2|SLAMF7|CMTM7|TXLNA|THEMIS,-2.577887104026046,0,6,0,0,-7.409470860349944,3.080994689468293,
1,-4.824527179714725,GO:0046649,M1,1,0,GO Biological Processes,19,lymphocyte activation,19_GO:0002376 immune system process,-4.824527179714725,2.4050290876736704,4.981182006070094,30293,475,769,29,3.7711313394018204,0.6869503499558784,301|538|567|604|896|914|915|960|1958|2322|3087|3133|3146|3956|4208|5579|6693|6794|6850|7922|9474|9840|23075|29781|51341|57823|112616|200081|387357,ANXA1|ATP7A|B2M|BCL6|CCND3|CD2|CD3D|CD44|EGR1|FLT3|HHEX|HLA-E|HMGB1|LGALS1|MEF2C|PRKCB|SPN|STK11|SYK|SLC39A7|ATG5|TESPA1|SWAP70|NCAPH2|ZBTB7A|SLAMF7|CMTM7|TXLNA|THEMIS,-2.5162801169033786,0,6,0,0,-7.409470860349944,3.080994689468293,
1,-4.28817096636822,GO:0030098,M1,1,0,GO Biological Processes,19,lymphocyte differentiation,19_GO:0002376 immune system process,-4.28817096636822,2.7451371299891707,4.794087985360975,30293,287,769,20,2.600780234070221,0.5739398725899987,301|538|567|604|915|1958|2322|3087|3146|3956|6693|6794|6850|7922|9474|9840|29781|51341|112616|387357,ANXA1|ATP7A|B2M|BCL6|CD3D|EGR1|FLT3|HHEX|HMGB1|LGALS1|SPN|STK11|SYK|SLC39A7|ATG5|TESPA1|NCAPH2|ZBTB7A|CMTM7|THEMIS,-2.1637706273093174,0,6,0,0,-7.409470860349944,3.080994689468293,
1,-3.687468320111492,GO:0030217,M1,1,0,GO Biological Processes,19,T cell differentiation,19_GO:0002376 immune system process,-3.687468320111492,3.080994689468293,4.506639407958374,30293,179,769,14,1.8205461638491547,0.48211204721837686,301|538|567|604|915|1958|3146|6693|6794|6850|9474|9840|29781|387357,ANXA1|ATP7A|B2M|BCL6|CD3D|EGR1|HMGB1|SPN|STK11|SYK|ATG5|TESPA1|NCAPH2|THEMIS,-1.7352988192950323,0,6,0,0,-7.409470860349944,3.080994689468293,
1,-3.289521625071673,GO:0042110,M1,1,0,GO Biological Processes,19,T cell activation,19_GO:0002376 immune system process,-3.289521625071673,2.3685494888973024,3.9468398982840553,30293,316,769,19,2.4707412223667102,0.5597807020554725,301|538|567|604|896|914|915|960|1958|3133|3146|6693|6794|6850|9474|9840|29781|57823|387357,ANXA1|ATP7A|B2M|BCL6|CCND3|CD2|CD3D|CD44|EGR1|HLA-E|HMGB1|SPN|STK11|SYK|ATG5|TESPA1|NCAPH2|SLAMF7|THEMIS,-1.4787239380474395,0,6,0,0,-7.409470860349944,3.080994689468293,
1,-2.4714883405266876,GO:0042113,M1,1,0,GO Biological Processes,19,B cell activation,19_GO:0002376 immune system process,-2.4714883405266876,2.5011249406568,3.340990076942369,30293,189,769,12,1.5604681404421326,0.4469398234177268,604|2322|3087|3956|4208|5579|6850|7922|23075|51341|112616|200081,BCL6|FLT3|HHEX|LGALS1|MEF2C|PRKCB|SYK|SLC39A7|SWAP70|ZBTB7A|CMTM7|TXLNA,-0.9431670895929423,0,6,0,0,-7.409470860349944,3.080994689468293,
1,-7.1430613281619,GO:1903530,M1,1,0,GO Biological Processes,19,regulation of secretion by cell,19_GO:0051179 localization,-7.1430613281619,2.640076326248845,6.36248685640113,30293,567,769,38,4.9414824447334205,0.7815575756855582,111|240|301|302|706|1113|1385|1946|2692|3123|3708|4208|5025|5122|5321|5579|6343|6447|6850|7036|7447|8622|8655|8673|9001|9627|23236|25930|26509|51083|51124|54209|65018|84830|94121|134957|285381|415116,ADCY5|ALOX5|ANXA1|ANXA2|TSPO|CHGA|CREB1|EFNA5|GHRHR|HLA-DRB1|ITPR1|MEF2C|P2RX4|PCSK1|PLA2G4A|PRKCB|SCT|SCG5|SYK|TFR2|VSNL1|PDE8B|DYNLL1|VAMP8|HAP1|SNCAIP|PLCB1|PTPN23|MYOF|GAL|IER3IP1|TREM2|PINK1|ADTRP|SYTL4|STXBP5|DPH3|PIM3,-4.380555893590396,0,7,1,1,-7.1430613281619,3.4119676847936273,
1,-7.0259289730173045,GO:0051046,M1,1,0,GO Biological Processes,19,regulation of secretion,19_GO:0051179 localization,-7.0259289730173045,2.537373128202551,6.247283597415401,30293,621,769,40,5.201560468140442,0.8007634649517047,111|240|301|302|706|1113|1385|1535|1946|2692|3123|3708|4208|5025|5122|5321|5579|6343|6447|6850|7036|7447|8622|8655|8673|9001|9474|9627|23236|25930|26509|51083|51124|54209|65018|84830|94121|134957|285381|415116,ADCY5|ALOX5|ANXA1|ANXA2|TSPO|CHGA|CREB1|CYBA|EFNA5|GHRHR|HLA-DRB1|ITPR1|MEF2C|P2RX4|PCSK1|PLA2G4A|PRKCB|SCT|SCG5|SYK|TFR2|VSNL1|PDE8B|DYNLL1|VAMP8|HAP1|ATG5|SNCAIP|PLCB1|PTPN23|MYOF|GAL|IER3IP1|TREM2|PINK1|ADTRP|SYTL4|STXBP5|DPH3|PIM3,-4.279813954633969,0,7,0,0,-7.1430613281619,3.4119676847936273,
1,-6.294462022621644,GO:0051047,M1,1,0,GO Biological Processes,19,positive regulation of secretion,19_GO:0051179 localization,-6.294462022621644,3.1564677736654327,6.179264109052433,30293,312,769,25,3.250975292587776,0.6395388952808602,302|1385|1535|2692|3123|3708|5025|5122|5321|5579|6343|6850|7036|7447|8655|8673|9474|23236|25930|51083|51124|54209|65018|94121|134957,ANXA2|CREB1|CYBA|GHRHR|HLA-DRB1|ITPR1|P2RX4|PCSK1|PLA2G4A|PRKCB|SCT|SYK|TFR2|VSNL1|DYNLL1|VAMP8|ATG5|PLCB1|PTPN23|GAL|IER3IP1|TREM2|PINK1|SYTL4|STXBP5,-3.708047847105821,0,7,0,0,-7.1430613281619,3.4119676847936273,
1,-6.17905545417507,GO:0046883,M1,1,0,GO Biological Processes,19,regulation of hormone secretion,19_GO:0051179 localization,-6.17905545417507,3.4119676847936273,6.2299584961332375,30293,254,769,22,2.860858257477243,0.6011490036165891,111|240|301|706|1113|1385|1946|2692|3123|3708|5579|6343|6447|7036|7447|8622|8655|8673|23236|51083|94121|415116,ADCY5|ALOX5|ANXA1|TSPO|CHGA|CREB1|EFNA5|GHRHR|HLA-DRB1|ITPR1|PRKCB|SCT|SCG5|TFR2|VSNL1|PDE8B|DYNLL1|VAMP8|PLCB1|GAL|SYTL4|PIM3,-3.630287287699328,0,7,0,0,-7.1430613281619,3.4119676847936273,
1,-5.766105522696029,GO:1903532,M1,1,0,GO Biological Processes,19,positive regulation of secretion by cell,19_GO:0051179 localization,-5.766105522696029,3.124250033630779,5.866267157043613,30293,290,769,23,2.990897269180754,0.6142481003592162,302|1385|2692|3123|3708|5025|5122|5321|5579|6343|6850|7036|7447|8655|8673|23236|25930|51083|51124|54209|65018|94121|134957,ANXA2|CREB1|GHRHR|HLA-DRB1|ITPR1|P2RX4|PCSK1|PLA2G4A|PRKCB|SCT|SYK|TFR2|VSNL1|DYNLL1|VAMP8|PLCB1|PTPN23|GAL|IER3IP1|TREM2|PINK1|SYTL4|STXBP5,-3.2875967444897256,0,7,0,0,-7.1430613281619,3.4119676847936273,
1,-4.686633945599812,GO:0050708,M1,1,0,GO Biological Processes,19,regulation of protein secretion,19_GO:0051179 localization,-4.686633945599812,2.9288266033713457,5.128313867283717,30293,269,769,20,2.600780234070221,0.5739398725899987,111|240|1113|1946|3123|3708|5122|5579|7447|8622|8655|23236|25930|51124|54209|84830|94121|134957|285381|415116,ADCY5|ALOX5|CHGA|EFNA5|HLA-DRB1|ITPR1|PCSK1|PRKCB|VSNL1|PDE8B|DYNLL1|PLCB1|PTPN23|IER3IP1|TREM2|ADTRP|SYTL4|STXBP5|DPH3|PIM3,-2.4334344491193716,0,7,0,0,-7.1430613281619,3.4119676847936273,
1,-4.6072142559708205,GO:0051223,M1,1,0,GO Biological Processes,19,regulation of protein transport,19_GO:0051179 localization,-4.6072142559708205,2.428318221493845,4.85951626203138,30293,438,769,27,3.5110533159947983,0.6637343972405395,111|240|1113|1946|3123|3708|4193|5116|5122|5579|6672|7447|7545|8622|8655|23236|25930|51124|51201|51614|54209|81565|84830|94121|134957|285381|415116,ADCY5|ALOX5|CHGA|EFNA5|HLA-DRB1|ITPR1|MDM2|PCNT|PCSK1|PRKCB|SP100|VSNL1|ZIC1|PDE8B|DYNLL1|PLCB1|PTPN23|IER3IP1|ZDHHC2|ERGIC3|TREM2|NDEL1|ADTRP|SYTL4|STXBP5|DPH3|PIM3,-2.3642339246720656,0,7,0,0,-7.1430613281619,3.4119676847936273,
1,-4.324663561765982,GO:0090276,M1,1,0,GO Biological Processes,19,regulation of peptide hormone secretion,19_GO:0051179 localization,-4.324663561765982,3.1994085535305263,4.998321409356711,30293,197,769,16,2.080624187256177,0.51471635694872,111|240|1113|1946|2692|3123|3708|5579|6343|7036|7447|8622|8655|23236|94121|415116,ADCY5|ALOX5|CHGA|EFNA5|GHRHR|HLA-DRB1|ITPR1|PRKCB|SCT|TFR2|VSNL1|PDE8B|DYNLL1|PLCB1|SYTL4|PIM3,-2.1765685569088697,0,7,0,0,-7.1430613281619,3.4119676847936273,
1,-4.245886723397911,GO:0002791,M1,1,0,GO Biological Processes,19,regulation of peptide secretion,19_GO:0051179 localization,-4.245886723397911,3.151417425227568,4.926590700697354,30293,200,769,16,2.080624187256177,0.51471635694872,111|240|1113|1946|2692|3123|3708|5579|6343|7036|7447|8622|8655|23236|94121|415116,ADCY5|ALOX5|CHGA|EFNA5|GHRHR|HLA-DRB1|ITPR1|PRKCB|SCT|TFR2|VSNL1|PDE8B|DYNLL1|PLCB1|SYTL4|PIM3,-2.139291896500759,0,7,0,0,-7.1430613281619,3.4119676847936273,
1,-4.221845674433668,GO:0010817,M1,1,0,GO Biological Processes,19,regulation of hormone levels,19_GO:0065007 biological regulation,-4.221845674433668,2.1925445908355066,4.508539467032757,30293,539,769,30,3.9011703511053315,0.6982216915579288,111|240|301|582|706|1113|1385|1946|1958|2297|2692|3123|3708|5122|5579|6343|6447|7036|7447|8622|8655|8673|8773|10050|23236|28231|51083|51635|94121|415116,ADCY5|ALOX5|ANXA1|BBS1|TSPO|CHGA|CREB1|EFNA5|EGR1|FOXD1|GHRHR|HLA-DRB1|ITPR1|PCSK1|PRKCB|SCT|SCG5|TFR2|VSNL1|PDE8B|DYNLL1|VAMP8|SNAP23|SLC17A4|PLCB1|SLCO4A1|GAL|DHRS7|SYTL4|PIM3,-2.1235481379389705,0,7,0,0,-7.1430613281619,3.4119676847936273,
1,-4.1943059443233475,GO:0090087,M1,1,0,GO Biological Processes,19,regulation of peptide transport,19_GO:0051179 localization,-4.1943059443233475,3.1202152725025427,4.879517484918217,30293,202,769,16,2.080624187256177,0.51471635694872,111|240|1113|1946|2692|3123|3708|5579|6343|7036|7447|8622|8655|23236|94121|415116,ADCY5|ALOX5|CHGA|EFNA5|GHRHR|HLA-DRB1|ITPR1|PRKCB|SCT|TFR2|VSNL1|PDE8B|DYNLL1|PLCB1|SYTL4|PIM3,-2.1030382081488486,0,7,0,0,-7.1430613281619,3.4119676847936273,
1,-3.9204767506802702,GO:1903829,M1,1,0,GO Biological Processes,19,positive regulation of protein localization,19_GO:0051179 localization,-3.9204767506802702,2.2112336403623787,4.321598855396039,30293,481,769,27,3.5110533159947983,0.6637343972405395,3123|3708|4193|4739|5116|5122|5579|6794|7443|7447|7545|8655|9475|10268|22873|23171|23184|23236|25930|29801|51124|51201|51614|54209|65018|94121|342667,HLA-DRB1|ITPR1|MDM2|NEDD9|PCNT|PCSK1|PRKCB|STK11|VRK1|VSNL1|ZIC1|DYNLL1|ROCK2|RAMP3|DZIP1|GPD1L|MESD|PLCB1|PTPN23|ZDHHC8|IER3IP1|ZDHHC2|ERGIC3|TREM2|PINK1|SYTL4|STAC2,-1.9043659703729228,0,7,0,0,-7.1430613281619,3.4119676847936273,
1,-3.5417347305876516,GO:0070201,M1,1,0,GO Biological Processes,19,regulation of establishment of protein localization,19_GO:0051179 localization,-3.5417347305876516,2.061674951083456,3.9985832073835144,30293,535,769,28,3.6410923276983094,0.6754584046980635,111|240|1113|1946|3123|3708|4193|5116|5122|5579|6672|7447|7545|8622|8655|23236|25930|51124|51201|51614|54209|65018|81565|84830|94121|134957|285381|415116,ADCY5|ALOX5|CHGA|EFNA5|HLA-DRB1|ITPR1|MDM2|PCNT|PCSK1|PRKCB|SP100|VSNL1|ZIC1|PDE8B|DYNLL1|PLCB1|PTPN23|IER3IP1|ZDHHC2|ERGIC3|TREM2|PINK1|NDEL1|ADTRP|SYTL4|STXBP5|DPH3|PIM3,-1.6407177522185734,0,7,0,0,-7.1430613281619,3.4119676847936273,
1,-3.49283486165309,GO:0046887,M1,1,0,GO Biological Processes,19,positive regulation of hormone secretion,19_GO:0051179 localization,-3.49283486165309,3.2827264846120503,4.431372042644516,30293,144,769,12,1.5604681404421326,0.4469398234177268,1385|2692|3123|3708|5579|6343|7036|7447|8655|8673|23236|51083,CREB1|GHRHR|HLA-DRB1|ITPR1|PRKCB|SCT|TFR2|VSNL1|DYNLL1|VAMP8|PLCB1|GAL,-1.6142091555204743,0,7,0,0,-7.1430613281619,3.4119676847936273,
1,-3.44591780854488,GO:0050796,M1,1,0,GO Biological Processes,19,regulation of insulin secretion,19_GO:0051179 localization,-3.44591780854488,3.066498991613652,4.32177589679121,30293,167,769,13,1.6905071521456436,0.4648823568385354,111|240|1113|1946|3123|3708|5579|7447|8622|8655|23236|94121|415116,ADCY5|ALOX5|CHGA|EFNA5|HLA-DRB1|ITPR1|PRKCB|VSNL1|PDE8B|DYNLL1|PLCB1|SYTL4|PIM3,-1.580192887058312,0,7,0,0,-7.1430613281619,3.4119676847936273,
1,-3.1649495094839573,GO:0051222,M1,1,0,GO Biological Processes,19,positive regulation of protein transport,19_GO:0051179 localization,-3.1649495094839573,2.5312589760864004,3.9156962038584093,30293,249,769,16,2.080624187256177,0.51471635694872,3123|3708|4193|5116|5122|5579|7447|7545|8655|23236|25930|51124|51201|51614|54209|94121,HLA-DRB1|ITPR1|MDM2|PCNT|PCSK1|PRKCB|VSNL1|ZIC1|DYNLL1|PLCB1|PTPN23|IER3IP1|ZDHHC2|ERGIC3|TREM2|SYTL4,-1.4024440749124527,0,7,0,0,-7.1430613281619,3.4119676847936273,
1,-2.8631613056172145,GO:0050714,M1,1,0,GO Biological Processes,19,positive regulation of protein secretion,19_GO:0051179 localization,-2.8631613056172145,2.9477543943455147,3.8204767269731312,30293,147,769,11,1.4304291287386215,0.4281948461201359,3123|3708|5122|5579|7447|8655|23236|25930|51124|54209|94121,HLA-DRB1|ITPR1|PCSK1|PRKCB|VSNL1|DYNLL1|PLCB1|PTPN23|IER3IP1|TREM2|SYTL4,-1.1989001231428311,0,7,0,0,-7.1430613281619,3.4119676847936273,
1,-2.6749681694982055,GO:0090277,M1,1,0,GO Biological Processes,19,positive regulation of peptide hormone secretion,19_GO:0051179 localization,-2.6749681694982055,3.194004147190103,3.737356030040946,30293,111,769,9,1.1703511053315996,0.3878274468226617,2692|3123|3708|5579|6343|7036|7447|8655|23236,GHRHR|HLA-DRB1|ITPR1|PRKCB|SCT|TFR2|VSNL1|DYNLL1|PLCB1,-1.0806881609245058,0,7,0,0,-7.1430613281619,3.4119676847936273,
1,-2.621866782806683,GO:0002793,M1,1,0,GO Biological Processes,19,positive regulation of peptide secretion,19_GO:0051179 localization,-2.621866782806683,3.1374731003371807,3.673836356112572,30293,113,769,9,1.1703511053315996,0.3878274468226617,2692|3123|3708|5579|6343|7036|7447|8655|23236,GHRHR|HLA-DRB1|ITPR1|PRKCB|SCT|TFR2|VSNL1|DYNLL1|PLCB1,-1.0507693653749655,0,7,0,0,-7.1430613281619,3.4119676847936273,
1,-2.386930346510534,GO:1904951,M1,1,0,GO Biological Processes,19,positive regulation of establishment of protein localization,19_GO:0051179 localization,-2.386930346510534,2.0669018606816616,3.1160211546166434,30293,324,769,17,2.210663198959688,0.5302050638900828,3123|3708|4193|5116|5122|5579|7447|7545|8655|23236|25930|51124|51201|51614|54209|65018|94121,HLA-DRB1|ITPR1|MDM2|PCNT|PCSK1|PRKCB|VSNL1|ZIC1|DYNLL1|PLCB1|PTPN23|IER3IP1|ZDHHC2|ERGIC3|TREM2|PINK1|SYTL4,-0.8888794605803304,0,7,0,0,-7.1430613281619,3.4119676847936273,
1,-6.881341482420302,GO:0050878,M1,1,0,GO Biological Processes,19,regulation of body fluid levels,19_GO:0065007 biological regulation,-6.881341482420302,3.1246348408771922,6.480153587951128,30293,353,769,28,3.6410923276983094,0.6754584046980635,302|308|538|595|857|1192|1385|1535|2030|2692|2778|3043|3705|4830|4846|6343|6850|7035|7056|7414|7422|8673|9474|10544|10627|11215|22875|84830,ANXA2|ANXA5|ATP7A|CCND1|CAV1|CLIC1|CREB1|CYBA|SLC29A1|GHRHR|GNAS|HBB|ITPK1|NME1|NOS3|SCT|SYK|TFPI|THBD|VCL|VEGFA|VAMP8|ATG5|PROCR|MYL12A|AKAP11|ENPP4|ADTRP,-4.151020731220199,0,8,1,1,-6.881341482420302,4.281817153841804,
1,-4.8920430264479124,GO:0009611,M1,1,0,GO Biological Processes,19,response to wounding,19_GO:0050896 response to stimulus,-4.8920430264479124,2.5203871588016686,5.076040553471048,30293,422,769,27,3.5110533159947983,0.6637343972405395,308|706|960|1192|1230|1495|2004|2778|3043|3705|5025|5122|5879|6850|7035|7056|7414|7422|9315|10544|10627|22875|25987|26509|54209|57413|94121,ANXA5|TSPO|CD44|CLIC1|CCR1|CTNNA1|ELK3|GNAS|HBB|ITPK1|P2RX4|PCSK1|RAC1|SYK|TFPI|THBD|VCL|VEGFA|NREP|PROCR|MYL12A|ENPP4|TSKU|MYOF|TREM2|TMIGD3|SYTL4,-2.577887104026046,0,8,0,0,-6.881341482420302,4.281817153841804,
1,-2.880874555885001,GO:0042060,M1,1,0,GO Biological Processes,19,wound healing,19_GO:0050896 response to stimulus,-2.880874555885001,2.2438889894816545,3.587324194376168,30293,316,769,18,2.340702210663199,0.545213638740881,308|960|1192|2004|2778|3043|3705|6850|7035|7056|7414|7422|10544|10627|22875|25987|26509|94121,ANXA5|CD44|CLIC1|ELK3|GNAS|HBB|ITPK1|SYK|TFPI|THBD|VCL|VEGFA|PROCR|MYL12A|ENPP4|TSKU|MYOF|SYTL4,-1.2058228933271113,0,8,0,0,-6.881341482420302,4.281817153841804,
1,-2.768027420808312,GO:0007596,M1,1,0,GO Biological Processes,19,blood coagulation,19_GO:0032501 multicellular organismal process,-2.768027420808312,2.716739159678938,3.6652044846037275,30293,174,769,12,1.5604681404421326,0.4469398234177268,308|1192|2778|3043|3705|6850|7035|7056|7414|10544|10627|22875,ANXA5|CLIC1|GNAS|HBB|ITPK1|SYK|TFPI|THBD|VCL|PROCR|MYL12A|ENPP4,-1.1345373441410618,0,8,0,0,-6.881341482420302,4.281817153841804,
1,-2.7262781498397777,GO:0050817,M1,1,0,GO Biological Processes,19,coagulation,19_GO:0032501 multicellular organismal process,-2.7262781498397777,2.6858671237734955,3.620039977248787,30293,176,769,12,1.5604681404421326,0.4469398234177268,308|1192|2778|3043|3705|6850|7035|7056|7414|10544|10627|22875,ANXA5|CLIC1|GNAS|HBB|ITPK1|SYK|TFPI|THBD|VCL|PROCR|MYL12A|ENPP4,-1.1158257334565156,0,8,0,0,-6.881341482420302,4.281817153841804,
1,-2.6448917514828003,GO:0007599,M1,1,0,GO Biological Processes,19,hemostasis,19_GO:0065007 biological regulation,-2.6448917514828003,2.62618118768964,3.531569185839634,30293,180,769,12,1.5604681404421326,0.4469398234177268,308|1192|2778|3043|3705|6850|7035|7056|7414|10544|10627|22875,ANXA5|CLIC1|GNAS|HBB|ITPK1|SYK|TFPI|THBD|VCL|PROCR|MYL12A|ENPP4,-1.0595897263363447,0,8,0,0,-6.881341482420302,4.281817153841804,
1,-2.2818414694366465,GO:0034109,M1,1,0,GO Biological Processes,19,homotypic cell-cell adhesion,19_GO:0009987 cellular process,-2.2818414694366465,3.7516874109852,3.528497740949573,30293,63,769,6,0.7802340702210663,0.31728415518844433,1192|2778|3043|7414|10627|54825,CLIC1|GNAS|HBB|VCL|MYL12A|CDHR2,-0.8170123885215353,0,8,0,0,-6.881341482420302,4.281817153841804,
1,-2.2191632693710925,GO:0070527,M1,1,0,GO Biological Processes,19,platelet aggregation,19_GO:0032501 multicellular organismal process,-2.2191632693710925,4.281817153841804,3.594940353366531,30293,46,769,5,0.6501950585175552,0.2898292224783175,1192|2778|3043|7414|10627,CLIC1|GNAS|HBB|VCL|MYL12A,-0.7820471763230139,0,8,0,0,-6.881341482420302,4.281817153841804,
1,-6.859312006899652,GO:0052372,M1,1,0,GO Biological Processes,19,modulation by symbiont of entry into host,19_GO:0044419 biological process involved in interspecies interaction between organisms,-6.859312006899652,7.737855285156976,8.144902468789832,30293,56,769,11,1.4304291287386215,0.4281948461201359,857|3123|3146|3956|8519|9023|10410|10581|23265|131578|222537,CAV1|HLA-DRB1|HMGB1|LGALS1|IFITM1|CH25H|IFITM3|IFITM2|EXOC7|LRRC15|HS3ST5,-4.144231222256285,0,9,1,1,-6.859312006899652,8.563634307683609,
1,-6.170424889637765,GO:0043903,M1,1,0,GO Biological Processes,19,regulation of biological process involved in symbiotic interaction,19_GO:0044419 biological process involved in interspecies interaction between organisms,-6.170424889637765,6.6664599379813945,7.380798344270823,30293,65,769,11,1.4304291287386215,0.4281948461201359,857|3123|3146|3956|8519|9023|10410|10581|23265|131578|222537,CAV1|HLA-DRB1|HMGB1|LGALS1|IFITM1|CH25H|IFITM3|IFITM2|EXOC7|LRRC15|HS3ST5,-3.630287287699328,0,9,0,0,-6.859312006899652,8.563634307683609,
1,-5.461119502117418,GO:0046596,M1,1,0,GO Biological Processes,19,regulation of viral entry into host cell,19_GO:0016032 viral process,-5.461119502117418,7.235397149757172,7.049885947811519,30293,49,769,9,1.1703511053315996,0.3878274468226617,3123|3146|3956|8519|9023|10410|10581|131578|222537,HLA-DRB1|HMGB1|LGALS1|IFITM1|CH25H|IFITM3|IFITM2|LRRC15|HS3ST5,-3.031828746581296,0,9,0,0,-6.859312006899652,8.563634307683609,
1,-3.620841510809158,GO:0046597,M1,1,0,GO Biological Processes,19,negative regulation of viral entry into host cell,19_GO:0016032 viral process,-3.620841510809158,8.563634307683609,5.856360142954731,30293,23,769,5,0.6501950585175552,0.2898292224783175,8519|9023|10410|10581|131578,IFITM1|CH25H|IFITM3|IFITM2|LRRC15,-1.6960105719767,0,9,0,0,-6.859312006899652,8.563634307683609,
1,-3.5206760617334067,GO:1903900,M1,1,0,GO Biological Processes,19,regulation of viral life cycle,19_GO:0016032 viral process,-3.5206760617334067,3.3056826138750712,4.460293432604523,30293,143,769,12,1.5604681404421326,0.4469398234177268,3123|3146|3956|4938|6590|8519|9023|10410|10581|26986|131578|222537,HLA-DRB1|HMGB1|LGALS1|OAS1|SLPI|IFITM1|CH25H|IFITM3|IFITM2|PABPC1|LRRC15|HS3ST5,-1.6283954878177633,0,9,0,0,-6.859312006899652,8.563634307683609,
1,-3.420931154436989,GO:0050792,M1,1,0,GO Biological Processes,19,regulation of viral process,19_GO:0016032 viral process,-3.420931154436989,3.0482460214254754,4.296479843319958,30293,168,769,13,1.6905071521456436,0.4648823568385354,3123|3146|3956|4938|6590|8519|9023|9474|10410|10581|26986|131578|222537,HLA-DRB1|HMGB1|LGALS1|OAS1|SLPI|IFITM1|CH25H|ATG5|IFITM3|IFITM2|PABPC1|LRRC15|HS3ST5,-1.5656716666285857,0,9,0,0,-6.859312006899652,8.563634307683609,
1,-3.3819697572526195,GO:0034340,M1,1,0,GO Biological Processes,19,response to type I interferon,19_GO:0044419 biological process involved in interspecies interaction between organisms,-3.3819697572526195,5.106463420507634,4.8743944613486265,30293,54,769,7,0.9102730819245773,0.34248140459762805,6672|8519|9023|10010|10410|10581|29072,SP100|IFITM1|CH25H|TANK|IFITM3|IFITM2|SETD2,-1.5328705781490348,0,9,0,0,-6.859312006899652,8.563634307683609,
1,-3.2009099880896295,GO:1903901,M1,1,0,GO Biological Processes,19,negative regulation of viral life cycle,19_GO:0016032 viral process,-3.2009099880896295,7.0344138955972495,5.155648695315935,30293,28,769,5,0.6501950585175552,0.2898292224783175,8519|9023|10410|10581|131578,IFITM1|CH25H|IFITM3|IFITM2|LRRC15,-1.428264922167245,0,9,0,0,-6.859312006899652,8.563634307683609,
1,-2.260149737106851,GO:0060337,M1,1,0,GO Biological Processes,19,type I interferon-mediated signaling pathway,19_GO:0044419 biological process involved in interspecies interaction between organisms,-2.260149737106851,4.3769686461493995,3.658680610023837,30293,45,769,5,0.6501950585175552,0.2898292224783175,6672|8519|10010|10410|10581,SP100|IFITM1|TANK|IFITM3|IFITM2,-0.8020022415482551,0,9,0,0,-6.859312006899652,8.563634307683609,
1,-2.2403928420402344,GO:0034341,M1,1,0,GO Biological Processes,19,response to type II interferon,19_GO:0044419 biological process involved in interspecies interaction between organisms,-2.2403928420402344,2.748329149907763,3.2115385048250955,30293,129,769,9,1.1703511053315996,0.3878274468226617,3113|6347|6672|7431|8519|8942|10410|10581|23521,HLA-DPA1|CCL2|SP100|VIM|IFITM1|KYNU|IFITM3|IFITM2|RPL13A,-0.7880085805793811,0,9,0,0,-6.859312006899652,8.563634307683609,
1,-2.2191632693710925,GO:0071357,M1,1,0,GO Biological Processes,19,cellular response to type I interferon,19_GO:0044419 biological process involved in interspecies interaction between organisms,-2.2191632693710925,4.281817153841804,3.594940353366531,30293,46,769,5,0.6501950585175552,0.2898292224783175,6672|8519|10010|10410|10581,SP100|IFITM1|TANK|IFITM3|IFITM2,-0.7820471763230139,0,9,0,0,-6.859312006899652,8.563634307683609,
1,-2.0211466266166926,GO:0048525,M1,1,0,GO Biological Processes,19,negative regulation of viral process,19_GO:0016032 viral process,-2.0211466266166926,2.9650432764237875,3.0630188380386287,30293,93,769,7,0.9102730819245773,0.34248140459762805,4938|6590|8519|9023|10410|10581|131578,OAS1|SLPI|IFITM1|CH25H|IFITM3|IFITM2|LRRC15,-0.6430083935279519,0,9,0,0,-6.859312006899652,8.563634307683609,
1,-6.400855395424528,GO:0007589,M1,1,0,GO Biological Processes,19,body fluid secretion,19_GO:0051179 localization,-6.400855395424528,6.302834850455136,7.420709332999705,30293,75,769,12,1.5604681404421326,0.4469398234177268,538|595|857|1385|1535|2030|2692|4830|6343|7422|8673|9474,ATP7A|CCND1|CAV1|CREB1|CYBA|SLC29A1|GHRHR|NME1|SCT|VEGFA|VAMP8|ATG5,-3.7796791136494927,0,10,1,1,-6.400855395424528,7.6863839639696785,
1,-5.120908845942974,GO:0007595,M1,1,0,GO Biological Processes,19,lactation,19_GO:0051179 localization,-5.120908845942974,7.6863839639696785,6.914260539588059,30293,41,769,8,1.0403120936280885,0.3658877017432317,538|595|857|1385|2030|2692|4830|7422,ATP7A|CCND1|CAV1|CREB1|SLC29A1|GHRHR|NME1|VEGFA,-2.7629739989425204,0,10,0,0,-6.400855395424528,7.6863839639696785,
1,-3.6206363235391295,GO:0046903,M1,1,0,GO Biological Processes,19,secretion,19_GO:0051179 localization,-3.6206363235391295,2.0850587879577485,4.063263644693838,30293,529,769,28,3.6410923276983094,0.6754584046980635,286|538|595|857|1113|1230|1385|1535|2030|2297|2692|4830|5321|6343|6850|7422|8673|8773|9001|9474|11336|23265|51083|60684|65018|94121|134957|200081,ANK1|ATP7A|CCND1|CAV1|CHGA|CCR1|CREB1|CYBA|SLC29A1|FOXD1|GHRHR|NME1|PLA2G4A|SCT|SYK|VEGFA|VAMP8|SNAP23|HAP1|ATG5|EXOC3|EXOC7|GAL|TRAPPC11|PINK1|SYTL4|STXBP5|TXLNA,-1.6960105719767,0,10,0,0,-6.400855395424528,7.6863839639696785,
1,-3.4508370722601027,GO:0030879,M1,1,0,GO Biological Processes,19,mammary gland development,19_GO:0032502 developmental process,-3.4508370722601027,3.4665591677503254,4.459773783500369,30293,125,769,11,1.4304291287386215,0.4281948461201359,538|595|857|1385|1436|2030|2692|4830|7422|25928|59350,ATP7A|CCND1|CAV1|CREB1|CSF1R|SLC29A1|GHRHR|NME1|VEGFA|SOSTDC1|RXFP1,-1.582988457143679,0,10,0,0,-6.400855395424528,7.6863839639696785,
1,-6.379783534748166,GO:0008285,M1,1,0,GO Biological Processes,19,negative regulation of cell population proliferation,19_GO:0048519 negative regulation of biological process,-6.379783534748166,2.2581812760388624,5.764314986269054,30293,785,769,45,5.851755526657997,0.8464202213179647,240|567|604|706|857|1012|1365|1436|1495|1602|1843|3123|3133|3303|3486|3489|3621|4000|4194|4208|4830|4846|6282|6347|6595|6693|6794|6801|7162|7704|8406|8462|8519|9863|10140|26257|30008|51083|51286|54209|57152|57413|135228|147912|339221,ALOX5|B2M|BCL6|TSPO|CAV1|CDH13|CLDN3|CSF1R|CTNNA1|DACH1|DUSP1|HLA-DRB1|HLA-E|HSPA1A|IGFBP3|IGFBP6|ING1|LMNA|MDM4|MEF2C|NME1|NOS3|S100A11|CCL2|SMARCA2|SPN|STK11|STRN|TPBG|ZBTB16|SRPX|KLF11|IFITM1|MAGI2|TOB1|NKX2-8|EFEMP2|GAL|CEND1|TREM2|SLURP1|TMIGD3|CD109|SIX5|ENPP7,-3.770506476272839,0,11,1,1,-6.379783534748166,2.2581812760388624,
1,-2.991309455031323,GO:0008283,M1,1,0,GO Biological Processes,19,cell population proliferation,19_GO:0009987 cellular process,-2.991309455031323,1.8111594397859587,3.494029326343736,30293,696,769,32,4.161248374512354,0.7201437956185002,582|595|599|604|639|857|896|1012|1436|1495|1602|1958|2290|2322|2353|3486|4208|4948|5159|6693|6794|7704|7976|8650|26257|54209|54468|65108|81565|135228|147912|204851,BBS1|CCND1|BCL2L2|BCL6|PRDM1|CAV1|CCND3|CDH13|CSF1R|CTNNA1|DACH1|EGR1|FOXG1|FLT3|FOS|IGFBP3|MEF2C|OCA2|PDGFRB|SPN|STK11|ZBTB16|FZD3|NUMB|NKX2-8|TREM2|MIOS|MARCKSL1|NDEL1|CD109|SIX5|HIPK1,-1.2764977804323332,0,11,0,0,-6.379783534748166,2.2581812760388624,
1,-5.711084228873317,GO:0050778,M1,1,0,GO Biological Processes,19,positive regulation of immune response,19_GO:0002376 immune system process,-5.711084228873317,2.3100667854677392,5.440574444545535,30293,648,769,38,4.9414824447334205,0.7815575756855582,301|567|857|915|1535|2357|3075|3113|3119|3122|3123|3125|3126|3127|3133|3146|3303|3572|3937|4208|4938|5321|5579|6223|6794|6850|7867|9698|9840|9867|10211|23643|51324|51571|54209|114609|126259|387357,ANXA1|B2M|CAV1|CD3D|CYBA|FPR1|CFH|HLA-DPA1|HLA-DQB1|HLA-DRA|HLA-DRB1|HLA-DRB3|HLA-DRB4|HLA-DRB5|HLA-E|HMGB1|HSPA1A|IL6ST|LCP2|MEF2C|OAS1|PLA2G4A|PRKCB|RPS19|STK11|SYK|MAPKAPK3|PUM1|TESPA1|PJA2|FLOT1|LY96|SPG21|CYRIB|TREM2|TIRAP|TMIGD2|THEMIS,-3.241175622428931,0,12,1,1,-5.711084228873317,2.9918519859755395,
1,-3.2793094524524093,GO:0002429,M1,1,0,GO Biological Processes,19,immune response-activating cell surface receptor signaling pathway,19_GO:0002376 immune system process,-3.2793094524524093,2.593759197718163,4.025716136429404,30293,243,769,16,2.080624187256177,0.51471635694872,915|2357|3119|3123|3125|3937|4208|4938|5579|6794|6850|23643|51324|114609|126259|387357,CD3D|FPR1|HLA-DQB1|HLA-DRB1|HLA-DRB3|LCP2|MEF2C|OAS1|PRKCB|STK11|SYK|LY96|SPG21|TIRAP|TMIGD2|THEMIS,-1.4787239380474395,0,12,0,0,-5.711084228873317,2.9918519859755395,
1,-3.1297738757267517,GO:0050851,M1,1,0,GO Biological Processes,19,antigen receptor-mediated signaling pathway,19_GO:0002376 immune system process,-3.1297738757267517,2.9918519859755395,4.0512547589193195,30293,158,769,12,1.5604681404421326,0.4469398234177268,915|3119|3123|3125|3937|4208|5579|6794|6850|51324|126259|387357,CD3D|HLA-DQB1|HLA-DRB1|HLA-DRB3|LCP2|MEF2C|PRKCB|STK11|SYK|SPG21|TMIGD2|THEMIS,-1.3722508416741872,0,12,0,0,-5.711084228873317,2.9918519859755395,
1,-2.7319127284224973,GO:0002768,M1,1,0,GO Biological Processes,19,immune response-regulating cell surface receptor signaling pathway,19_GO:0002376 immune system process,-2.7319127284224973,2.30030468994713,3.4894890963004777,30293,274,769,16,2.080624187256177,0.51471635694872,915|2357|3119|3123|3125|3937|4208|4938|5579|6794|6850|23643|51324|114609|126259|387357,CD3D|FPR1|HLA-DQB1|HLA-DRB1|HLA-DRB3|LCP2|MEF2C|OAS1|PRKCB|STK11|SYK|LY96|SPG21|TIRAP|TMIGD2|THEMIS,-1.1166393927403662,0,12,0,0,-5.711084228873317,2.9918519859755395,
1,-2.523870772057547,GO:0002757,M1,1,0,GO Biological Processes,19,immune response-activating signaling pathway,19_GO:0002376 immune system process,-2.523870772057547,2.1327267607033704,3.256274134201993,30293,314,769,17,2.210663198959688,0.5302050638900828,915|2357|3119|3123|3125|3937|4208|4938|5579|6794|6850|7867|23643|51324|114609|126259|387357,CD3D|FPR1|HLA-DQB1|HLA-DRB1|HLA-DRB3|LCP2|MEF2C|OAS1|PRKCB|STK11|SYK|MAPKAPK3|LY96|SPG21|TIRAP|TMIGD2|THEMIS,-0.9789478181267387,0,12,0,0,-5.711084228873317,2.9918519859755395,
1,-2.375254081445035,GO:0002253,M1,1,0,GO Biological Processes,19,activation of immune response,19_GO:0002376 immune system process,-2.375254081445035,1.9696358907672304,3.069799710955161,30293,380,769,19,2.4707412223667102,0.5597807020554725,915|2357|3075|3119|3123|3125|3146|3937|4208|4938|5579|6794|6850|7867|23643|51324|114609|126259|387357,CD3D|FPR1|CFH|HLA-DQB1|HLA-DRB1|HLA-DRB3|HMGB1|LCP2|MEF2C|OAS1|PRKCB|STK11|SYK|MAPKAPK3|LY96|SPG21|TIRAP|TMIGD2|THEMIS,-0.880608487941874,0,12,0,0,-5.711084228873317,2.9918519859755395,
1,-2.098779654985477,GO:0002764,M1,1,0,GO Biological Processes,19,immune response-regulating signaling pathway,19_GO:0002376 immune system process,-2.098779654985477,1.929902601904491,2.8117217203846696,30293,347,769,17,2.210663198959688,0.5302050638900828,915|2357|3119|3123|3125|3937|4208|4938|5579|6794|6850|7867|23643|51324|114609|126259|387357,CD3D|FPR1|HLA-DQB1|HLA-DRB1|HLA-DRB3|LCP2|MEF2C|OAS1|PRKCB|STK11|SYK|MAPKAPK3|LY96|SPG21|TIRAP|TMIGD2|THEMIS,-0.694355565807417,0,12,0,0,-5.711084228873317,2.9918519859755395,
1,-5.556564527227786,GO:0071345,M1,1,0,GO Biological Processes,19,cellular response to cytokine stimulus,19_GO:0050896 response to stimulus,-5.556564527227786,2.194431291343925,5.294311002814323,30293,736,769,41,5.331599479843953,0.8101549844269536,857|960|1230|1385|1436|1843|1958|2322|2353|2730|2731|3113|3309|3572|4171|4504|4691|4904|4938|5355|5740|6217|6347|6672|6850|7091|7431|8519|8531|8745|9646|10010|10376|10410|10581|11122|23236|23521|54209|54941|55818,CAV1|CD44|CCR1|CREB1|CSF1R|DUSP1|EGR1|FLT3|FOS|GCLM|GLDC|HLA-DPA1|HSPA5|IL6ST|MCM2|MT3|NCL|YBX1|OAS1|PLP2|PTGIS|RPS16|CCL2|SP100|SYK|TLE4|VIM|IFITM1|YBX3|ADAM23|CTR9|TANK|TUBA1B|IFITM3|IFITM2|PTPRT|PLCB1|RPL13A|TREM2|RNF125|KDM3A,-3.1114795045084316,0,13,1,1,-5.556564527227786,2.194431291343925,
1,-2.6853385762357775,GO:0019221,M1,1,0,GO Biological Processes,19,cytokine-mediated signaling pathway,19_GO:0050896 response to stimulus,-2.6853385762357775,2.057060982524522,3.359934172936419,30293,383,769,20,2.600780234070221,0.5739398725899987,857|960|1230|1436|1958|2322|3572|4504|4938|5355|6347|6672|6850|8519|9646|10010|10410|10581|23236|54209,CAV1|CD44|CCR1|CSF1R|EGR1|FLT3|IL6ST|MT3|OAS1|PLP2|CCL2|SP100|SYK|IFITM1|CTR9|TANK|IFITM3|IFITM2|PLCB1|TREM2,-1.0878352192458907,0,13,0,0,-5.556564527227786,2.194431291343925,
1,-5.532158359631422,GO:0042273,M1,1,0,GO Biological Processes,19,ribosomal large subunit biogenesis,19_GO:0009987 cellular process,-5.532158359631422,5.777598612917209,6.68570144385286,30293,75,769,11,1.4304291287386215,0.4281948461201359,2971|4736|6130|6134|6135|6147|6165|6175|9045|11224|23195,GTF3A|RPL10A|RPL7A|RPL10|RPL11|RPL23A|RPL35A|RPLP0|RPL14|RPL35|MDN1,-3.0950422665833437,0,14,1,1,-5.532158359631422,7.575522656797038,
1,-5.336680879433931,GO:0042255,M1,1,0,GO Biological Processes,19,ribosome assembly,19_GO:0009987 cellular process,-5.336680879433931,6.155112158647594,6.662784410521906,30293,64,769,10,1.3003901170351104,0.4085369838353505,6134|6135|6147|6169|6175|6193|6208|6223|6232|23195,RPL10|RPL11|RPL23A|RPL38|RPLP0|RPS5|RPS14|RPS19|RPS27|MDN1,-2.9515937863898625,0,14,0,0,-5.532158359631422,7.575522656797038,
1,-3.357074592264446,GO:0000027,M1,1,0,GO Biological Processes,19,ribosomal large subunit assembly,19_GO:0009987 cellular process,-3.357074592264446,7.575522656797038,5.413421080195732,30293,26,769,5,0.6501950585175552,0.2898292224783175,6134|6135|6147|6175|23195,RPL10|RPL11|RPL23A|RPLP0|MDN1,-1.5239880834072341,0,14,0,0,-5.532158359631422,7.575522656797038,
1,-2.1610436271592692,GO:0022618,M1,1,0,GO Biological Processes,19,protein-RNA complex assembly,19_GO:0009987 cellular process,-2.1610436271592692,2.1978769596544203,2.9623422294962385,30293,233,769,13,1.6905071521456436,0.4648823568385354,3646|6134|6135|6147|6169|6175|6193|6208|6223|6232|6880|23195|23451,EIF3E|RPL10|RPL11|RPL23A|RPL38|RPLP0|RPS5|RPS14|RPS19|RPS27|TAF9|MDN1|SF3B1,-0.7386771110120179,0,14,0,0,-5.532158359631422,7.575522656797038,
1,-2.016141764228574,GO:0071826,M1,1,0,GO Biological Processes,19,protein-RNA complex organization,19_GO:0009987 cellular process,-2.016141764228574,2.107429348146008,2.7972834310037697,30293,243,769,13,1.6905071521456436,0.4648823568385354,3646|6134|6135|6147|6169|6175|6193|6208|6223|6232|6880|23195|23451,EIF3E|RPL10|RPL11|RPL23A|RPL38|RPLP0|RPS5|RPS14|RPS19|RPS27|TAF9|MDN1|SF3B1,-0.6413816944245849,0,14,0,0,-5.532158359631422,7.575522656797038,
1,-5.347289735531082,GO:0070848,M1,1,0,GO Biological Processes,19,response to growth factor,19_GO:0050896 response to stimulus,-5.347289735531082,2.4288380926609388,5.2989235341811,30293,519,769,32,4.161248374512354,0.7201437956185002,301|538|857|960|1385|1795|1848|1915|1958|2186|2248|2322|2353|2730|3096|4193|4208|4691|5159|6347|7422|8287|8725|9001|9392|9475|9863|10817|25805|25928|51701|57154,ANXA1|ATP7A|CAV1|CD44|CREB1|DOCK3|DUSP6|EEF1A1|EGR1|BPTF|FGF3|FLT3|FOS|GCLM|HIVEP1|MDM2|MEF2C|NCL|PDGFRB|CCL2|VEGFA|USP9Y|URI1|HAP1|TGFBRAP1|ROCK2|MAGI2|FRS3|BAMBI|SOSTDC1|NLK|SMURF1,-2.9529847433284746,0,15,1,1,-5.347289735531082,2.4288380926609388,
1,-5.3156155761796,GO:0007167,M1,1,0,GO Biological Processes,19,enzyme-linked receptor protein signaling pathway,19_GO:0050896 response to stimulus,-5.3156155761796,2.2799643751646395,5.205548875218994,30293,622,769,36,4.681404421326398,0.7617522189941792,1123|1436|1795|1946|1958|2051|2248|2322|2353|2675|2689|3096|3572|3937|4739|5159|5879|6259|6850|7422|7431|7867|8287|9001|9392|9863|10628|10817|11122|23236|25791|25805|25928|51701|57154|81565,CHN1|CSF1R|DOCK3|EFNA5|EGR1|EPHB6|FGF3|FLT3|FOS|GFRA2|GH2|HIVEP1|IL6ST|LCP2|NEDD9|PDGFRB|RAC1|RYK|SYK|VEGFA|VIM|MAPKAPK3|USP9Y|HAP1|TGFBRAP1|MAGI2|TXNIP|FRS3|PTPRT|PLCB1|NGEF|BAMBI|SOSTDC1|NLK|SMURF1|NDEL1,-2.9374773430908596,0,15,0,0,-5.347289735531082,2.4288380926609388,
1,-5.027179158113371,GO:0071363,M1,1,0,GO Biological Processes,19,cellular response to growth factor stimulus,19_GO:0050896 response to stimulus,-5.027179158113371,2.421683472254791,5.1098459591288705,30293,488,769,30,3.9011703511053315,0.6982216915579288,301|538|857|960|1385|1795|1915|1958|2186|2248|2322|2353|2730|3096|4193|4208|4691|5159|6347|7422|8287|8725|9001|9392|9863|10817|25805|25928|51701|57154,ANXA1|ATP7A|CAV1|CD44|CREB1|DOCK3|EEF1A1|EGR1|BPTF|FGF3|FLT3|FOS|GCLM|HIVEP1|MDM2|MEF2C|NCL|PDGFRB|CCL2|VEGFA|USP9Y|URI1|HAP1|TGFBRAP1|MAGI2|FRS3|BAMBI|SOSTDC1|NLK|SMURF1,-2.6757751782718744,0,15,0,0,-5.347289735531082,2.4288380926609388,
1,-3.696044252954229,GO:0007169,M1,1,0,GO Biological Processes,19,transmembrane receptor protein tyrosine kinase signaling pathway,19_GO:0050896 response to stimulus,-3.696044252954229,2.2617828410724172,4.192357857572793,30293,418,769,24,3.120936280884265,0.6270385582010519,1123|1436|1795|1946|2051|2248|2322|2675|2689|3937|4739|5159|5879|6259|6850|7422|7867|9001|10628|10817|11122|23236|25791|81565,CHN1|CSF1R|DOCK3|EFNA5|EPHB6|FGF3|FLT3|GFRA2|GH2|LCP2|NEDD9|PDGFRB|RAC1|RYK|SYK|VEGFA|MAPKAPK3|HAP1|TXNIP|FRS3|PTPRT|PLCB1|NGEF|NDEL1,-1.7388675939624185,0,15,0,0,-5.347289735531082,2.4288380926609388,
1,-5.274040186144902,GO:0002931,M1,1,0,GO Biological Processes,19,response to ischemia,19_GO:0050896 response to stimulus,-5.274040186144902,6.06041812543763,6.5914038271403665,30293,65,769,10,1.3003901170351104,0.4085369838353505,599|857|1436|1958|4208|5025|9131|9475|54209|65018,BCL2L2|CAV1|CSF1R|EGR1|MEF2C|P2RX4|AIFM1|ROCK2|TREM2|PINK1,-2.902741377586467,0,16,1,1,-5.274040186144902,6.06041812543763,
1,-2.296416139632868,GO:0035303,M1,1,0,GO Biological Processes,19,regulation of dephosphorylation,19_GO:0008152 metabolic process,-2.296416139632868,3.0302090627188156,3.347130256988598,30293,104,769,8,1.0403120936280885,0.3658877017432317,4208|5159|8725|9475|9863|23075|65018|255919,MEF2C|PDGFRB|URI1|ROCK2|MAGI2|SWAP70|PINK1|CNEP1R1,-0.826507533188482,0,16,0,0,-5.274040186144902,6.06041812543763,
1,-5.1483388276302815,GO:1900152,M1,1,0,GO Biological Processes,19,"negative regulation of nuclear-transcribed mRNA catabolic process, deadenylation-dependent decay",19_GO:0048519 negative regulation of biological process,-5.1483388276302815,16.41363242306025,8.618864637245407,30293,12,769,5,0.6501950585175552,0.2898292224783175,4904|10140|10605|11044|26986,YBX1|TOB1|PAIP1|TENT4A|PABPC1,-2.7837734017308144,0,17,1,1,-5.1483388276302815,16.41363242306025,
1,-4.294796266374181,GO:0034248,M1,1,0,GO Biological Processes,19,regulation of amide metabolic process,19_GO:0008152 metabolic process,-4.294796266374181,2.2487968831594363,4.581043394302646,30293,508,769,29,3.7711313394018204,0.6869503499558784,3646|4528|4691|4904|6134|6169|6191|6203|6208|6253|7431|8518|8531|8550|9001|9475|10140|10605|23034|23057|23521|26986|28969|65018|65110|79828|149420|339221|347731,EIF3E|MTIF2|NCL|YBX1|RPL10|RPL38|RPS4X|RPS9|RPS14|RTN2|VIM|ELP1|YBX3|MAPKAPK5|HAP1|ROCK2|TOB1|PAIP1|SAMD4A|NMNAT2|RPL13A|PABPC1|BZW2|PINK1|UPF3A|METTL8|PDIK1L|ENPP7|LRRTM3,-2.1665355065020404,0,17,0,0,-5.1483388276302815,16.41363242306025,
1,-4.033399049071336,GO:0034250,M1,1,0,GO Biological Processes,19,positive regulation of amide metabolic process,19_GO:0048518 positive regulation of biological process,-4.033399049071336,3.3222774061134004,4.842055274273323,30293,166,769,14,1.8205461638491547,0.48211204721837686,3646|4904|6191|7431|8531|9475|10605|23034|26986|65018|65110|79828|339221|347731,EIF3E|YBX1|RPS4X|VIM|YBX3|ROCK2|PAIP1|SAMD4A|PABPC1|PINK1|UPF3A|METTL8|ENPP7|LRRTM3,-1.9894591748992307,0,17,0,0,-5.1483388276302815,16.41363242306025,
1,-3.79087332501389,GO:2000765,M1,1,0,GO Biological Processes,19,regulation of cytoplasmic translation,19_GO:0008152 metabolic process,-3.79087332501389,7.1623123300626546,5.716178209279409,30293,33,769,6,0.7802340702210663,0.31728415518844433,4904|8531|10605|23057|23521|26986,YBX1|YBX3|PAIP1|NMNAT2|RPL13A|PABPC1,-1.803726240641859,0,17,0,0,-5.1483388276302815,16.41363242306025,
1,-3.7387765556422328,GO:0031330,M1,1,0,GO Biological Processes,19,negative regulation of cellular catabolic process,19_GO:0048519 negative regulation of biological process,-3.7387765556422328,2.8519614707941794,4.459503132078376,30293,221,769,16,2.080624187256177,0.51471635694872,302|706|4504|4904|6625|8531|10140|10605|11044|11178|26986|54209|65018|65110|114609|167153,ANXA2|TSPO|MT3|YBX1|SNRNP70|YBX3|TOB1|PAIP1|TENT4A|LZTS1|PABPC1|TREM2|PINK1|UPF3A|TIRAP|TENT2,-1.765417755755835,0,17,0,0,-5.1483388276302815,16.41363242306025,
1,-3.5943449059488284,GO:0009895,M1,1,0,GO Biological Processes,19,negative regulation of catabolic process,19_GO:0048519 negative regulation of biological process,-3.5943449059488284,2.377146764719071,4.170107350386802,30293,348,769,21,2.730819245773732,0.5877206315366091,302|706|1149|4194|4504|4904|6135|6201|6625|6880|8531|10140|10605|11044|11178|26986|54209|65018|65110|114609|167153,ANXA2|TSPO|CIDEA|MDM4|MT3|YBX1|RPL11|RPS7|SNRNP70|TAF9|YBX3|TOB1|PAIP1|TENT4A|LZTS1|PABPC1|TREM2|PINK1|UPF3A|TIRAP|TENT2,-1.6782408021811084,0,17,0,0,-5.1483388276302815,16.41363242306025,
1,-3.5932684949930014,GO:0031329,M1,1,0,GO Biological Processes,19,regulation of cellular catabolic process,19_GO:0008152 metabolic process,-3.5932684949930014,1.8614694242244578,3.9416285027433147,30293,783,769,37,4.811443433029909,0.7717326826122444,302|706|1149|1915|2021|3146|3708|4504|4904|5393|5899|6625|6794|7431|7805|8531|9131|9474|9475|9698|10140|10605|11044|11152|11178|23034|23265|26986|29072|51341|54209|55847|65018|65110|114609|167153|339221,ANXA2|TSPO|CIDEA|EEF1A1|ENDOG|HMGB1|ITPR1|MT3|YBX1|EXOSC9|RALB|SNRNP70|STK11|VIM|LAPTM5|YBX3|AIFM1|ATG5|ROCK2|PUM1|TOB1|PAIP1|TENT4A|WDR45|LZTS1|SAMD4A|EXOC7|PABPC1|SETD2|ZBTB7A|TREM2|CISD1|PINK1|UPF3A|TIRAP|TENT2|ENPP7,-1.6782408021811084,0,17,0,0,-5.1483388276302815,16.41363242306025,
1,-3.5116018113137435,GO:1902369,M1,1,0,GO Biological Processes,19,negative regulation of RNA catabolic process,19_GO:0048519 negative regulation of biological process,-3.5116018113137435,4.170993651036487,4.724799619880111,30293,85,769,9,1.1703511053315996,0.3878274468226617,4904|8531|10140|10605|11044|26986|65110|114609|167153,YBX1|YBX3|TOB1|PAIP1|TENT4A|PABPC1|UPF3A|TIRAP|TENT2,-1.6283954878177633,0,17,0,0,-5.1483388276302815,16.41363242306025,
1,-3.372329225934179,GO:0006417,M1,1,0,GO Biological Processes,19,regulation of translation,19_GO:0008152 metabolic process,-3.372329225934179,2.1486936990187964,3.9172034851893045,30293,440,769,24,3.120936280884265,0.6270385582010519,3646|4528|4691|4904|6134|6169|6191|6203|6208|7431|8518|8531|8550|10140|10605|23034|23057|23521|26986|28969|65018|65110|79828|149420,EIF3E|MTIF2|NCL|YBX1|RPL10|RPL38|RPS4X|RPS9|RPS14|VIM|ELP1|YBX3|MAPKAPK5|TOB1|PAIP1|SAMD4A|NMNAT2|RPL13A|PABPC1|BZW2|PINK1|UPF3A|METTL8|PDIK1L,-1.5262260430165944,0,17,0,0,-5.1483388276302815,16.41363242306025,
1,-3.357074592264446,GO:1900151,M1,1,0,GO Biological Processes,19,"regulation of nuclear-transcribed mRNA catabolic process, deadenylation-dependent decay",19_GO:0048519 negative regulation of biological process,-3.357074592264446,7.575522656797038,5.413421080195732,30293,26,769,5,0.6501950585175552,0.2898292224783175,4904|10140|10605|11044|26986,YBX1|TOB1|PAIP1|TENT4A|PABPC1,-1.5239880834072341,0,17,0,0,-5.1483388276302815,16.41363242306025,
1,-3.3469375757689113,GO:2000767,M1,1,0,GO Biological Processes,19,positive regulation of cytoplasmic translation,19_GO:0048518 positive regulation of biological process,-3.3469375757689113,10.50472475075856,5.9423896743261055,30293,15,769,4,0.5201560468140443,0.2594007357379462,4904|8531|10605|26986,YBX1|YBX3|PAIP1|PABPC1,-1.5197068115607517,0,17,0,0,-5.1483388276302815,16.41363242306025,
1,-3.2822154993253823,GO:1902373,M1,1,0,GO Biological Processes,19,negative regulation of mRNA catabolic process,19_GO:0048519 negative regulation of biological process,-3.2822154993253823,4.317010171544614,4.579315320155147,30293,73,769,8,1.0403120936280885,0.3658877017432317,4904|8531|10140|10605|11044|26986|65110|114609,YBX1|YBX3|TOB1|PAIP1|TENT4A|PABPC1|UPF3A|TIRAP,-1.4787239380474395,0,17,0,0,-5.1483388276302815,16.41363242306025,
1,-3.087497474691562,GO:0045727,M1,1,0,GO Biological Processes,19,positive regulation of translation,19_GO:0048518 positive regulation of biological process,-3.087497474691562,3.139999246150657,4.066427585241215,30293,138,769,11,1.4304291287386215,0.4281948461201359,3646|4904|6191|7431|8531|10605|23034|26986|65018|65110|79828,EIF3E|YBX1|RPS4X|VIM|YBX3|PAIP1|SAMD4A|PABPC1|PINK1|UPF3A|METTL8,-1.3461885488827747,0,17,0,0,-5.1483388276302815,16.41363242306025,
1,-2.6366473423394723,GO:0070934,M1,1,0,GO Biological Processes,19,CRD-mediated mRNA stabilization,19_GO:0048519 negative regulation of biological process,-2.6366473423394723,10.743468495093982,5.21623556511692,30293,11,769,3,0.39011703511053314,0.22479440747191654,4904|10605|26986,YBX1|PAIP1|PABPC1,-1.05693121009577,0,17,0,0,-5.1483388276302815,16.41363242306025,
1,-2.4807104432204934,GO:1903312,M1,1,0,GO Biological Processes,19,negative regulation of mRNA metabolic process,19_GO:0048519 negative regulation of biological process,-2.4807104432204934,3.2488839435335755,3.580286229552799,30293,97,769,8,1.0403120936280885,0.3658877017432317,4904|8531|10140|10605|11044|26986|65110|114609,YBX1|YBX3|TOB1|PAIP1|TENT4A|PABPC1|UPF3A|TIRAP,-0.9476702501460095,0,17,0,0,-5.1483388276302815,16.41363242306025,
1,-2.228974221949701,GO:0060211,M1,1,0,GO Biological Processes,19,regulation of nuclear-transcribed mRNA poly(A) tail shortening,19_GO:0048519 negative regulation of biological process,-2.228974221949701,7.87854356306892,4.300491315155746,30293,15,769,3,0.39011703511053314,0.22479440747191654,10140|11044|26986,TOB1|TENT4A|PABPC1,-0.7843154430119395,0,17,0,0,-5.1483388276302815,16.41363242306025,
1,-5.012998644729196,GO:0007610,M1,1,0,GO Biological Processes,19,behavior,19_GO:0032501 multicellular organismal process,-5.012998644729196,2.23822260314458,5.010933404196876,30293,616,769,35,4.551365409622887,0.7516099874958296,111|435|538|567|582|706|1385|1600|1602|1958|2353|2743|2902|4208|4739|5025|6801|7162|7545|8622|9698|9867|10752|22876|23236|23259|29801|51083|51286|54209|55074|57152|64072|113246|256933,ADCY5|ASL|ATP7A|B2M|BBS1|TSPO|CREB1|DAB1|DACH1|EGR1|FOS|GLRB|GRIN1|MEF2C|NEDD9|P2RX4|STRN|TPBG|ZIC1|PDE8B|PUM1|PJA2|CHL1|INPP5F|PLCB1|DDHD2|ZDHHC8|GAL|CEND1|TREM2|OXR1|SLURP1|CDH23|C12orf57|NPB,-2.6680287748931097,0,18,1,1,-5.012998644729196,6.155112158647594,
1,-4.926518630382437,GO:0007626,M1,1,0,GO Biological Processes,19,locomotory behavior,19_GO:0032501 multicellular organismal process,-4.926518630382437,3.416715320718665,5.478119130858508,30293,196,769,17,2.210663198959688,0.5302050638900828,111|435|538|1600|1958|2743|6801|7545|9698|10752|22876|23259|29801|51286|55074|57152|64072,ADCY5|ASL|ATP7A|DAB1|EGR1|GLRB|STRN|ZIC1|PUM1|CHL1|INPP5F|DDHD2|ZDHHC8|CEND1|OXR1|SLURP1|CDH23,-2.5973058269863265,0,18,0,0,-5.012998644729196,6.155112158647594,
1,-2.980183926220499,GO:0008344,M1,1,0,GO Biological Processes,19,adult locomotory behavior,19_GO:0032501 multicellular organismal process,-2.980183926220499,3.8906387965772447,4.204226877532645,30293,81,769,8,1.0403120936280885,0.3658877017432317,1600|2743|7545|9698|10752|22876|51286|55074,DAB1|GLRB|ZIC1|PUM1|CHL1|INPP5F|CEND1|OXR1,-1.2710524740903342,0,18,0,0,-5.012998644729196,6.155112158647594,
1,-2.9257081574141224,GO:0007628,M1,1,0,GO Biological Processes,19,adult walking behavior,19_GO:0032501 multicellular organismal process,-2.9257081574141224,6.155112158647594,4.708808357905585,30293,32,769,5,0.6501950585175552,0.2898292224783175,1600|2743|7545|51286|55074,DAB1|GLRB|ZIC1|CEND1|OXR1,-1.2381878542966345,0,18,0,0,-5.012998644729196,6.155112158647594,
1,-2.7455156876161726,GO:0090659,M1,1,0,GO Biological Processes,19,walking behavior,19_GO:0032501 multicellular organismal process,-2.7455156876161726,5.6275311164778,4.4208197346069955,30293,35,769,5,0.6501950585175552,0.2898292224783175,1600|2743|7545|51286|55074,DAB1|GLRB|ZIC1|CEND1|OXR1,-1.1243394058411373,0,18,0,0,-5.012998644729196,6.155112158647594,
1,-4.923526260809574,GO:0016055,M1,1,0,GO Biological Processes,19,Wnt signaling pathway,19_GO:0050896 response to stimulus,-4.923526260809574,2.943939765559561,5.28357699501762,30293,281,769,21,2.730819245773732,0.5877206315366091,595|857|1501|2297|3087|5879|6259|6478|6801|7089|7090|7091|7976|9646|9863|11211|23184|25928|51701|57154|91147,CCND1|CAV1|CTNND2|FOXD1|HHEX|RAC1|RYK|SIAH2|STRN|TLE2|TLE3|TLE4|FZD3|CTR9|MAGI2|FZD10|MESD|SOSTDC1|NLK|SMURF1|TMEM67,-2.5973058269863265,0,19,1,1,-4.923526260809574,6.179249853387389,
1,-4.923526260809574,GO:0198738,M1,1,0,GO Biological Processes,19,cell-cell signaling by wnt,19_GO:0050789 regulation of biological process,-4.923526260809574,2.943939765559561,5.28357699501762,30293,281,769,21,2.730819245773732,0.5877206315366091,595|857|1501|2297|3087|5879|6259|6478|6801|7089|7090|7091|7976|9646|9863|11211|23184|25928|51701|57154|91147,CCND1|CAV1|CTNND2|FOXD1|HHEX|RAC1|RYK|SIAH2|STRN|TLE2|TLE3|TLE4|FZD3|CTR9|MAGI2|FZD10|MESD|SOSTDC1|NLK|SMURF1|TMEM67,-2.5973058269863265,0,19,0,0,-4.923526260809574,6.179249853387389,
1,-4.394227562243754,GO:0035567,M1,1,0,GO Biological Processes,19,non-canonical Wnt signaling pathway,19_GO:0050896 response to stimulus,-4.394227562243754,6.179249853387389,5.974289196348722,30293,51,769,8,1.0403120936280885,0.3658877017432317,5879|6259|7976|9863|11211|51701|57154|91147,RAC1|RYK|FZD3|MAGI2|FZD10|NLK|SMURF1|TMEM67,-2.207974855393926,0,19,0,0,-4.923526260809574,6.179249853387389,
1,-2.6356194858749773,GO:0060071,M1,1,0,GO Biological Processes,19,"Wnt signaling pathway, planar cell polarity pathway",19_GO:0050896 response to stimulus,-2.6356194858749773,5.323340245316838,4.246724303851122,30293,37,769,5,0.6501950585175552,0.2898292224783175,5879|6259|7976|9863|57154,RAC1|RYK|FZD3|MAGI2|SMURF1,-1.05693121009577,0,19,0,0,-4.923526260809574,6.179249853387389,
1,-4.812868047674845,GO:0120035,M1,1,0,GO Biological Processes,19,regulation of plasma membrane bounded cell projection organization,19_GO:0050789 regulation of biological process,-4.812868047674845,2.1617954898664724,4.8551654216188425,30293,656,769,36,4.681404421326398,0.7617522189941792,538|567|857|960|1123|1600|1946|2896|4193|4504|4739|5274|5879|6259|6794|7422|7431|8655|9001|9474|9863|11178|22873|22876|22891|25791|25987|26230|27067|54209|54825|57154|57520|81565|348110|386724,ATP7A|B2M|CAV1|CD44|CHN1|DAB1|EFNA5|GRN|MDM2|MT3|NEDD9|SERPINI1|RAC1|RYK|STK11|VEGFA|VIM|DYNLL1|HAP1|ATG5|MAGI2|LZTS1|DZIP1|INPP5F|ZNF365|NGEF|TSKU|TIAM2|STAU2|TREM2|CDHR2|SMURF1|HECW2|NDEL1|ARPIN|AMIGO3,-2.510450528524223,0,20,1,1,-4.812868047674845,2.9884130756468323,
1,-4.591880429335138,GO:0031344,M1,1,0,GO Biological Processes,19,regulation of cell projection organization,19_GO:0050789 regulation of biological process,-4.591880429335138,2.1103241686791754,4.697579270096042,30293,672,769,36,4.681404421326398,0.7617522189941792,538|567|857|960|1123|1600|1946|2896|4193|4504|4739|5274|5879|6259|6794|7422|7431|8655|9001|9474|9863|11178|22873|22876|22891|25791|25987|26230|27067|54209|54825|57154|57520|81565|348110|386724,ATP7A|B2M|CAV1|CD44|CHN1|DAB1|EFNA5|GRN|MDM2|MT3|NEDD9|SERPINI1|RAC1|RYK|STK11|VEGFA|VIM|DYNLL1|HAP1|ATG5|MAGI2|LZTS1|DZIP1|INPP5F|ZNF365|NGEF|TSKU|TIAM2|STAU2|TREM2|CDHR2|SMURF1|HECW2|NDEL1|ARPIN|AMIGO3,-2.353920899411434,0,20,0,0,-4.812868047674845,2.9884130756468323,
1,-3.912242936189443,GO:0051129,M1,1,0,GO Biological Processes,19,negative regulation of cellular component organization,19_GO:0048519 negative regulation of biological process,-3.912242936189443,1.953357908198906,4.196238835580542,30293,726,769,36,4.681404421326398,0.7617522189941792,302|567|599|706|857|1600|3146|3303|3309|4000|4193|4504|5879|5885|6259|7422|7431|9023|9474|9475|22876|22891|23075|23521|25791|25987|50853|51571|54209|65018|79822|84830|90102|91147|348110|386724,ANXA2|B2M|BCL2L2|TSPO|CAV1|DAB1|HMGB1|HSPA1A|HSPA5|LMNA|MDM2|MT3|RAC1|RAD21|RYK|VEGFA|VIM|CH25H|ATG5|ROCK2|INPP5F|ZNF365|SWAP70|RPL13A|NGEF|TSKU|VILL|CYRIB|TREM2|PINK1|ARHGAP28|ADTRP|PHLDB2|TMEM67|ARPIN|AMIGO3,-1.8991170094315575,0,20,0,0,-4.812868047674845,2.9884130756468323,
1,-3.114761957097875,GO:0010975,M1,1,0,GO Biological Processes,19,regulation of neuron projection development,19_GO:0032502 developmental process,-3.114761957097875,2.0597499511291293,3.692270844319836,30293,459,769,24,3.120936280884265,0.6270385582010519,567|1123|1600|1946|2896|4193|4504|5274|6259|6794|7422|7431|9863|11178|22876|22891|25791|25987|26230|27067|57154|57520|81565|386724,B2M|CHN1|DAB1|EFNA5|GRN|MDM2|MT3|SERPINI1|RYK|STK11|VEGFA|VIM|MAGI2|LZTS1|INPP5F|ZNF365|NGEF|TSKU|TIAM2|STAU2|SMURF1|HECW2|NDEL1|AMIGO3,-1.3621648111866194,0,20,0,0,-4.812868047674845,2.9884130756468323,
1,-2.9112784326521677,GO:0010977,M1,1,0,GO Biological Processes,19,negative regulation of neuron projection development,19_GO:0032502 developmental process,-2.9112784326521677,2.9884130756468323,3.873476306819104,30293,145,769,11,1.4304291287386215,0.4281948461201359,567|1600|4193|4504|6259|7431|22876|22891|25791|25987|386724,B2M|DAB1|MDM2|MT3|RYK|VIM|INPP5F|ZNF365|NGEF|TSKU|AMIGO3,-1.230220283240822,0,20,0,0,-4.812868047674845,2.9884130756468323,
1,-2.32778715563265,GO:0031345,M1,1,0,GO Biological Processes,19,negative regulation of cell projection organization,19_GO:0048519 negative regulation of biological process,-2.32778715563265,2.3995564151478943,3.180597248386194,30293,197,769,12,1.5604681404421326,0.4469398234177268,567|1600|4193|4504|6259|7431|22876|22891|25791|25987|348110|386724,B2M|DAB1|MDM2|MT3|RYK|VIM|INPP5F|ZNF365|NGEF|TSKU|ARPIN|AMIGO3,-0.8440353220139747,0,20,0,0,-4.812868047674845,2.9884130756468323,
1,-4.7933880516716725,GO:0010720,M1,1,0,GO Biological Processes,19,positive regulation of cell development,19_GO:0032502 developmental process,-4.7933880516716725,2.440256855817807,4.978998872494192,30293,452,769,28,3.6410923276983094,0.6754584046980635,301|604|706|1230|1385|1946|2290|2353|3122|3123|3146|3572|4673|4739|6595|6794|6850|7422|7704|7976|8650|9001|9840|22891|26230|27067|54209|57154,ANXA1|BCL6|TSPO|CCR1|CREB1|EFNA5|FOXG1|FOS|HLA-DRA|HLA-DRB1|HMGB1|IL6ST|NAP1L1|NEDD9|SMARCA2|STK11|SYK|VEGFA|ZBTB16|FZD3|NUMB|HAP1|TESPA1|ZNF365|TIAM2|STAU2|TREM2|SMURF1,-2.5025167403429065,0,21,1,1,-4.7933880516716725,2.440256855817807,
1,-3.7272620086532946,GO:0051960,M1,1,0,GO Biological Processes,19,regulation of nervous system development,19_GO:0032502 developmental process,-3.7272620086532946,2.1884843230747,4.181823544699669,30293,468,769,26,3.3810143042912872,0.6517658046518952,302|567|706|1495|1600|1946|2290|3572|4504|4673|6259|6794|7162|7422|7976|8650|9001|22891|26230|27067|54209|54674|55502|57154|347731|386724,ANXA2|B2M|TSPO|CTNNA1|DAB1|EFNA5|FOXG1|IL6ST|MT3|NAP1L1|RYK|STK11|TPBG|VEGFA|FZD3|NUMB|HAP1|ZNF365|TIAM2|STAU2|TREM2|LRRN3|HES6|SMURF1|LRRTM3|AMIGO3,-1.76462707415867,0,21,0,0,-4.7933880516716725,2.440256855817807,
1,-3.289677356214445,GO:0050767,M1,1,0,GO Biological Processes,19,regulation of neurogenesis,19_GO:0032502 developmental process,-3.289677356214445,2.205190310273744,3.8811091608414,30293,393,769,22,2.860858257477243,0.6011490036165891,302|567|706|1495|1600|1946|2290|3572|4504|4673|6259|6794|7422|7976|8650|9001|22891|26230|27067|54209|55502|57154,ANXA2|B2M|TSPO|CTNNA1|DAB1|EFNA5|FOXG1|IL6ST|MT3|NAP1L1|RYK|STK11|VEGFA|FZD3|NUMB|HAP1|ZNF365|TIAM2|STAU2|TREM2|HES6|SMURF1,-1.4787239380474395,0,21,0,0,-4.7933880516716725,2.440256855817807,
1,-3.2384820974309165,GO:0051962,M1,1,0,GO Biological Processes,19,positive regulation of nervous system development,19_GO:0032502 developmental process,-3.2384820974309165,2.4117990499190576,3.9258410076157153,30293,294,769,18,2.340702210663199,0.545213638740881,706|1946|2290|3572|4673|6794|7162|7422|7976|8650|9001|22891|26230|27067|54674|57154|347731|386724,TSPO|EFNA5|FOXG1|IL6ST|NAP1L1|STK11|TPBG|VEGFA|FZD3|NUMB|HAP1|ZNF365|TIAM2|STAU2|LRRN3|SMURF1|LRRTM3|AMIGO3,-1.4537002681482598,0,21,0,0,-4.7933880516716725,2.440256855817807,
1,-2.3611302056528163,GO:0050769,M1,1,0,GO Biological Processes,19,positive regulation of neurogenesis,19_GO:0032502 developmental process,-2.3611302056528163,2.2418619894911562,3.156311627738728,30293,246,769,14,1.8205461638491547,0.48211204721837686,706|1946|2290|3572|4673|6794|7422|7976|8650|9001|22891|26230|27067|57154,TSPO|EFNA5|FOXG1|IL6ST|NAP1L1|STK11|VEGFA|FZD3|NUMB|HAP1|ZNF365|TIAM2|STAU2|SMURF1,-0.8693931617127575,0,21,0,0,-4.7933880516716725,2.440256855817807,
1,-4.7879009201947484,GO:1904093,M1,1,0,GO Biological Processes,19,negative regulation of autophagic cell death,19_GO:0048519 negative regulation of biological process,-4.7879009201947484,39.392717815344604,10.732462833586865,30293,3,769,3,0.39011703511053314,0.22479440747191654,7805|9474|54209,LAPTM5|ATG5|TREM2,-2.5025167403429065,0,22,1,1,-4.7879009201947484,39.392717815344604,
1,-4.194157160016423,GO:1904092,M1,1,0,GO Biological Processes,19,regulation of autophagic cell death,19_GO:0050789 regulation of biological process,-4.194157160016423,29.54453836150845,9.21404008844769,30293,4,769,3,0.39011703511053314,0.22479440747191654,7805|9474|54209,LAPTM5|ATG5|TREM2,-2.1030382081488486,0,22,0,0,-4.7879009201947484,39.392717815344604,
1,-3.0811875623606486,GO:0051409,M1,1,0,GO Biological Processes,19,response to nitrosative stress,19_GO:0050896 response to stimulus,-3.0811875623606486,14.772269180754225,6.287474730121879,30293,8,769,3,0.39011703511053314,0.22479440747191654,1848|2730|9474,DUSP6|GCLM|ATG5,-1.3461885488827747,0,22,0,0,-4.7879009201947484,39.392717815344604,
1,-2.4142144716408414,GO:0070254,M1,1,0,GO Biological Processes,19,mucus secretion,19_GO:0051179 localization,-2.4142144716408414,9.090627188156446,4.70885671923253,30293,13,769,3,0.39011703511053314,0.22479440747191654,1535|8673|9474,CYBA|VAMP8|ATG5,-0.9097565962274151,0,22,0,0,-4.7879009201947484,39.392717815344604,
1,-2.3176872146813676,GO:0055012,M1,1,0,GO Biological Processes,19,ventricular cardiac muscle cell differentiation,19_GO:0032502 developmental process,-2.3176872146813676,8.4412966747167,4.494500355707859,30293,14,769,3,0.39011703511053314,0.22479440747191654,4000|4208|9474,LMNA|MEF2C|ATG5,-0.8409121492840644,0,22,0,0,-4.7879009201947484,39.392717815344604,
1,-2.2285969604476925,GO:0032941,M1,1,0,GO Biological Processes,19,secretion by tissue,19_GO:0051179 localization,-2.2285969604476925,5.433478319357876,3.8549608291030917,30293,29,769,4,0.5201560468140443,0.2594007357379462,1535|6343|8673|9474,CYBA|SCT|VAMP8|ATG5,-0.7843154430119395,0,22,0,0,-4.7879009201947484,39.392717815344604,
1,-4.759652198135503,GO:0050818,M1,1,0,GO Biological Processes,19,regulation of coagulation,19_GO:0032501 multicellular organismal process,-4.759652198135503,5.323340245316838,6.009450702664497,30293,74,769,10,1.3003901170351104,0.4085369838353505,302|308|857|4846|7035|7056|10544|22875|84830|222537,ANXA2|ANXA5|CAV1|NOS3|TFPI|THBD|PROCR|ENPP4|ADTRP|HS3ST5,-2.4798005068836217,0,23,1,1,-4.759652198135503,6.431464133117486,
1,-4.524659053442978,GO:0050819,M1,1,0,GO Biological Processes,19,negative regulation of coagulation,19_GO:0048519 negative regulation of biological process,-4.524659053442978,6.431464133117486,6.140940464329274,30293,49,769,8,1.0403120936280885,0.3658877017432317,302|308|4846|7035|7056|10544|84830|222537,ANXA2|ANXA5|NOS3|TFPI|THBD|PROCR|ADTRP|HS3ST5,-2.320308124500354,0,23,0,0,-4.759652198135503,6.431464133117486,
1,-4.274634379682952,GO:1903034,M1,1,0,GO Biological Processes,19,regulation of response to wounding,19_GO:0050896 response to stimulus,-4.274634379682952,3.319611051854882,5.009256637766312,30293,178,769,15,1.9505851755526658,0.4987027841076265,240|301|302|538|857|1365|2896|4846|7035|7056|22875|22876|84830|90102|135228,ALOX5|ANXA1|ANXA2|ATP7A|CAV1|CLDN3|GRN|NOS3|TFPI|THBD|ENPP4|INPP5F|ADTRP|PHLDB2|CD109,-2.1578534374942406,0,23,0,0,-4.759652198135503,6.431464133117486,
1,-4.069352834762869,GO:0061045,M1,1,0,GO Biological Processes,19,negative regulation of wound healing,19_GO:0048519 negative regulation of biological process,-4.069352834762869,4.9240897269180754,5.380099500867236,30293,72,769,9,1.1703511053315996,0.3878274468226617,240|302|1365|4846|7035|7056|84830|90102|135228,ALOX5|ANXA2|CLDN3|NOS3|TFPI|THBD|ADTRP|PHLDB2|CD109,-2.0107882994431296,0,23,0,0,-4.759652198135503,6.431464133117486,
1,-3.818696149916797,GO:1903035,M1,1,0,GO Biological Processes,19,negative regulation of response to wounding,19_GO:0048519 negative regulation of biological process,-3.818696149916797,4.146601875299432,4.957401057275856,30293,95,769,10,1.3003901170351104,0.4085369838353505,240|302|1365|4846|7035|7056|22876|84830|90102|135228,ALOX5|ANXA2|CLDN3|NOS3|TFPI|THBD|INPP5F|ADTRP|PHLDB2|CD109,-1.8201943146676438,0,23,0,0,-4.759652198135503,6.431464133117486,
1,-3.6936299053571577,GO:0061041,M1,1,0,GO Biological Processes,19,regulation of wound healing,19_GO:0050896 response to stimulus,-3.6936299053571577,3.450457034920695,4.639381155564852,30293,137,769,12,1.5604681404421326,0.4469398234177268,240|301|302|857|1365|4846|7035|7056|22875|84830|90102|135228,ALOX5|ANXA1|ANXA2|CAV1|CLDN3|NOS3|TFPI|THBD|ENPP4|ADTRP|PHLDB2|CD109,-1.7388675939624185,0,23,0,0,-4.759652198135503,6.431464133117486,
1,-3.2343523924332582,GO:0032102,M1,1,0,GO Biological Processes,19,negative regulation of response to external stimulus,19_GO:0048519 negative regulation of biological process,-3.2343523924332582,2.100944950151712,3.7974334084545758,30293,450,769,24,3.120936280884265,0.6270385582010519,240|302|1365|1843|2896|3123|3133|4846|4938|5740|6223|6259|6347|6693|6850|7035|7056|9474|22876|54209|55646|84830|90102|135228,ALOX5|ANXA2|CLDN3|DUSP1|GRN|HLA-DRB1|HLA-E|NOS3|OAS1|PTGIS|RPS19|RYK|CCL2|SPN|SYK|TFPI|THBD|ATG5|INPP5F|TREM2|LYAR|ADTRP|PHLDB2|CD109,-1.4513252907171519,0,23,0,0,-4.759652198135503,6.431464133117486,
1,-2.7393057068787177,GO:0030193,M1,1,0,GO Biological Processes,19,regulation of blood coagulation,19_GO:0032501 multicellular organismal process,-2.7393057068787177,3.9963626769190177,4.021448390533798,30293,69,769,7,0.9102730819245773,0.34248140459762805,302|857|4846|7035|7056|22875|84830,ANXA2|CAV1|NOS3|TFPI|THBD|ENPP4|ADTRP,-1.120535494869561,0,23,0,0,-4.759652198135503,6.431464133117486,
1,-2.667346403601841,GO:1900046,M1,1,0,GO Biological Processes,19,regulation of hemostasis,19_GO:0050789 regulation of biological process,-2.667346403601841,3.8837890803860877,3.926183670235816,30293,71,769,7,0.9102730819245773,0.34248140459762805,302|857|4846|7035|7056|22875|84830,ANXA2|CAV1|NOS3|TFPI|THBD|ENPP4|ADTRP,-1.0753283505680193,0,23,0,0,-4.759652198135503,6.431464133117486,
1,-2.260149737106851,GO:0030195,M1,1,0,GO Biological Processes,19,negative regulation of blood coagulation,19_GO:0048519 negative regulation of biological process,-2.260149737106851,4.3769686461493995,3.658680610023837,30293,45,769,5,0.6501950585175552,0.2898292224783175,302|4846|7035|7056|84830,ANXA2|NOS3|TFPI|THBD|ADTRP,-0.8020022415482551,0,23,0,0,-4.759652198135503,6.431464133117486,
1,-2.2191632693710925,GO:1900047,M1,1,0,GO Biological Processes,19,negative regulation of hemostasis,19_GO:0048519 negative regulation of biological process,-2.2191632693710925,4.281817153841804,3.594940353366531,30293,46,769,5,0.6501950585175552,0.2898292224783175,302|4846|7035|7056|84830,ANXA2|NOS3|TFPI|THBD|ADTRP,-0.7820471763230139,0,23,0,0,-4.759652198135503,6.431464133117486,
1,-4.753094966976112,GO:0071453,M1,1,0,GO Biological Processes,19,cellular response to oxygen levels,19_GO:0050896 response to stimulus,-4.753094966976112,3.6474738717911666,5.452830059832297,30293,162,769,15,1.9505851755526658,0.4987027841076265,538|857|2030|2353|4000|4193|4194|4504|5740|7422|9131|50809|54209|65018|84317,ATP7A|CAV1|SLC29A1|FOS|LMNA|MDM2|MDM4|MT3|PTGIS|VEGFA|AIFM1|HP1BP3|TREM2|PINK1|CCDC115,-2.4787061714257326,0,24,1,1,-4.753094966976112,3.684211018701294,
1,-4.244888671736956,GO:0071456,M1,1,0,GO Biological Processes,19,cellular response to hypoxia,19_GO:0050896 response to stimulus,-4.244888671736956,3.684211018701294,5.119070790325427,30293,139,769,13,1.6905071521456436,0.4648823568385354,538|2030|2353|4000|4193|4194|4504|5740|7422|9131|50809|54209|65018,ATP7A|SLC29A1|FOS|LMNA|MDM2|MDM4|MT3|PTGIS|VEGFA|AIFM1|HP1BP3|TREM2|PINK1,-2.139291896500759,0,24,0,0,-4.753094966976112,3.684211018701294,
1,-4.025294527612266,GO:0036294,M1,1,0,GO Biological Processes,19,cellular response to decreased oxygen levels,19_GO:0050896 response to stimulus,-4.025294527612266,3.507570764379999,4.901704439677916,30293,146,769,13,1.6905071521456436,0.4648823568385354,538|2030|2353|4000|4193|4194|4504|5740|7422|9131|50809|54209|65018,ATP7A|SLC29A1|FOS|LMNA|MDM2|MDM4|MT3|PTGIS|VEGFA|AIFM1|HP1BP3|TREM2|PINK1,-1.9876948314711795,0,24,0,0,-4.753094966976112,3.684211018701294,
1,-3.6033679013832254,GO:0062197,M1,1,0,GO Biological Processes,19,cellular response to chemical stress,19_GO:0050896 response to stimulus,-3.6033679013832254,2.5878427761905214,4.261124409527116,30293,274,769,18,2.340702210663199,0.545213638740881,538|706|857|2177|2353|3303|4193|4504|4846|8531|9131|9474|27067|29957|51526|51701|55074|65018,ATP7A|TSPO|CAV1|FANCD2|FOS|HSPA1A|MDM2|MT3|NOS3|YBX3|AIFM1|ATG5|STAU2|SLC25A24|OSER1|NLK|OXR1|PINK1,-1.6811616239442089,0,24,0,0,-4.753094966976112,3.684211018701294,
1,-3.310707881196312,GO:0070482,M1,1,0,GO Biological Processes,19,response to oxygen levels,19_GO:0050896 response to stimulus,-3.310707881196312,2.3172186950202707,3.9420009704538166,30293,340,769,20,2.600780234070221,0.5739398725899987,538|857|1365|1958|2030|2353|2977|3708|4000|4193|4194|4504|5740|5885|7422|9131|50809|54209|65018|84317,ATP7A|CAV1|CLDN3|EGR1|SLC29A1|FOS|GUCY1A2|ITPR1|LMNA|MDM2|MDM4|MT3|PTGIS|RAD21|VEGFA|AIFM1|HP1BP3|TREM2|PINK1|CCDC115,-1.4911639456544434,0,24,0,0,-4.753094966976112,3.684211018701294,
1,-3.1366823187546164,GO:0001666,M1,1,0,GO Biological Processes,19,response to hypoxia,19_GO:0050896 response to stimulus,-3.1366823187546164,2.3635630689206764,3.8305880494094766,30293,300,769,18,2.340702210663199,0.545213638740881,538|857|1365|1958|2030|2353|3708|4000|4193|4194|4504|5740|5885|7422|9131|50809|54209|65018,ATP7A|CAV1|CLDN3|EGR1|SLC29A1|FOS|ITPR1|LMNA|MDM2|MDM4|MT3|PTGIS|RAD21|VEGFA|AIFM1|HP1BP3|TREM2|PINK1,-1.3775048275320394,0,24,0,0,-4.753094966976112,3.684211018701294,
1,-2.9271778700639515,GO:0036293,M1,1,0,GO Biological Processes,19,response to decreased oxygen levels,19_GO:0050896 response to stimulus,-2.9271778700639515,2.2653959127035237,3.6318033717839677,30293,313,769,18,2.340702210663199,0.545213638740881,538|857|1365|1958|2030|2353|3708|4000|4193|4194|4504|5740|5885|7422|9131|50809|54209|65018,ATP7A|CAV1|CLDN3|EGR1|SLC29A1|FOS|ITPR1|LMNA|MDM2|MDM4|MT3|PTGIS|RAD21|VEGFA|AIFM1|HP1BP3|TREM2|PINK1,-1.2381878542966345,0,24,0,0,-4.753094966976112,3.684211018701294,
1,-2.590540935677178,GO:0006979,M1,1,0,GO Biological Processes,19,response to oxidative stress,19_GO:0050896 response to stimulus,-2.590540935677178,2.0618777919877345,3.2848386182792266,30293,363,769,19,2.4707412223667102,0.5597807020554725,538|2177|2353|2730|3039|3040|3043|3303|4193|4504|4846|9131|10628|27067|29957|51526|55074|65018|253827,ATP7A|FANCD2|FOS|GCLM|HBA1|HBA2|HBB|HSPA1A|MDM2|MT3|NOS3|AIFM1|TXNIP|STAU2|SLC25A24|OSER1|OXR1|PINK1|MSRB3,-1.0269039750109246,0,24,0,0,-4.753094966976112,3.684211018701294,
1,-2.3492207911680607,GO:0034599,M1,1,0,GO Biological Processes,19,cellular response to oxidative stress,19_GO:0050896 response to stimulus,-2.3492207911680607,2.317218695020271,3.1718483287646753,30293,221,769,13,1.6905071521456436,0.4648823568385354,538|2177|2353|3303|4193|4504|4846|9131|27067|29957|51526|55074|65018,ATP7A|FANCD2|FOS|HSPA1A|MDM2|MT3|NOS3|AIFM1|STAU2|SLC25A24|OSER1|OXR1|PINK1,-0.8592709698403727,0,24,0,0,-4.753094966976112,3.684211018701294,
1,-2.205475288373852,GO:0000302,M1,1,0,GO Biological Processes,19,response to reactive oxygen species,19_GO:0050896 response to stimulus,-2.205475288373852,2.4207815417250873,3.076869978786023,30293,179,769,11,1.4304291287386215,0.4281948461201359,538|2353|3039|3040|3043|4193|4504|4846|9131|10628|51526,ATP7A|FOS|HBA1|HBA2|HBB|MDM2|MT3|NOS3|AIFM1|TXNIP|OSER1,-0.772289488954206,0,24,0,0,-4.753094966976112,3.684211018701294,
1,-4.703656846757865,GO:1901890,M1,1,0,GO Biological Processes,19,positive regulation of cell junction assembly,19_GO:0048518 positive regulation of biological process,-4.703656846757865,4.3769686461494,5.673915474015293,30293,108,769,12,1.5604681404421326,0.4469398234177268,857|1365|1946|5879|7162|7422|10211|27067|54674|342184|347731|386724,CAV1|CLDN3|EFNA5|RAC1|TPBG|VEGFA|FLOT1|STAU2|LRRN3|FMN1|LRRTM3|AMIGO3,-2.4399919165992596,0,25,1,1,-4.703656846757865,4.3769686461494,
1,-4.695074835049172,GO:0044089,M1,1,0,GO Biological Processes,19,positive regulation of cellular component biogenesis,19_GO:0048518 positive regulation of biological process,-4.695074835049172,2.3263416032683817,4.865505769736666,30293,508,769,30,3.9011703511053315,0.6982216915579288,538|857|1113|1365|1778|1946|3303|5879|5899|6850|7162|7422|8655|9001|9475|10211|11124|11152|22873|23075|27067|54674|55729|65018|81565|90102|114609|342184|347731|386724,ATP7A|CAV1|CHGA|CLDN3|DYNC1H1|EFNA5|HSPA1A|RAC1|RALB|SYK|TPBG|VEGFA|DYNLL1|HAP1|ROCK2|FLOT1|FAF1|WDR45|DZIP1|SWAP70|STAU2|LRRN3|ATF7IP|PINK1|NDEL1|PHLDB2|TIRAP|FMN1|LRRTM3|AMIGO3,-2.4366741448829234,0,25,0,0,-4.703656846757865,4.3769686461494,
1,-4.408764015095124,GO:1901888,M1,1,0,GO Biological Processes,19,regulation of cell junction assembly,19_GO:0050789 regulation of biological process,-4.408764015095124,3.1147730365621316,5.022246937455314,30293,215,769,17,2.210663198959688,0.5302050638900828,857|1365|1946|4208|5879|7162|7414|7422|9475|10211|11178|27067|54674|90102|342184|347731|386724,CAV1|CLDN3|EFNA5|MEF2C|RAC1|TPBG|VCL|VEGFA|ROCK2|FLOT1|LZTS1|STAU2|LRRN3|PHLDB2|FMN1|LRRTM3|AMIGO3,-2.2180569668190464,0,25,0,0,-4.703656846757865,4.3769686461494,
1,-2.2818414694366465,GO:0051965,M1,1,0,GO Biological Processes,19,positive regulation of synapse assembly,19_GO:0032502 developmental process,-2.2818414694366465,3.7516874109852,3.528497740949573,30293,63,769,6,0.7802340702210663,0.31728415518844433,1946|7162|27067|54674|347731|386724,EFNA5|TPBG|STAU2|LRRN3|LRRTM3|AMIGO3,-0.8170123885215353,0,25,0,0,-4.703656846757865,4.3769686461494,
1,-2.039786194556148,GO:0051963,M1,1,0,GO Biological Processes,19,regulation of synapse assembly,19_GO:0032502 developmental process,-2.039786194556148,2.740362978458755,3.0177487242489125,30293,115,769,8,1.0403120936280885,0.3658877017432317,1946|4208|7162|11178|27067|54674|347731|386724,EFNA5|MEF2C|TPBG|LZTS1|STAU2|LRRN3|LRRTM3|AMIGO3,-0.6539980610339435,0,25,0,0,-4.703656846757865,4.3769686461494,
1,-4.652557890901753,GO:0045428,M1,1,0,GO Biological Processes,19,regulation of nitric oxide biosynthetic process,19_GO:0008152 metabolic process,-4.652557890901753,5.812040333411499,6.071559879867397,30293,61,769,9,1.1703511053315996,0.3878274468226617,435|706|857|3043|5025|5740|5879|8655|9475,ASL|TSPO|CAV1|HBB|P2RX4|PTGIS|RAC1|DYNLL1|ROCK2,-2.404498034073723,0,26,1,1,-4.652557890901753,11.586093475101352,
1,-4.537099698346907,GO:0080164,M1,1,0,GO Biological Processes,19,regulation of nitric oxide metabolic process,19_GO:0008152 metabolic process,-4.537099698346907,5.627531116477801,5.933898242031677,30293,63,769,9,1.1703511053315996,0.3878274468226617,435|706|857|3043|5025|5740|5879|8655|9475,ASL|TSPO|CAV1|HBB|P2RX4|PTGIS|RAC1|DYNLL1|ROCK2,-2.3281038643585195,0,26,0,0,-4.652557890901753,11.586093475101352,
1,-4.301395241861,GO:0045019,M1,1,0,GO Biological Processes,19,negative regulation of nitric oxide biosynthetic process,19_GO:0048519 negative regulation of biological process,-4.301395241861,11.586093475101352,7.046127257434609,30293,17,769,5,0.6501950585175552,0.2898292224783175,706|857|5740|8655|9475,TSPO|CAV1|PTGIS|DYNLL1|ROCK2,-2.169239438105335,0,26,0,0,-4.652557890901753,11.586093475101352,
1,-4.301395241861,GO:1904406,M1,1,0,GO Biological Processes,19,negative regulation of nitric oxide metabolic process,19_GO:0048519 negative regulation of biological process,-4.301395241861,11.586093475101352,7.046127257434609,30293,17,769,5,0.6501950585175552,0.2898292224783175,706|857|5740|8655|9475,TSPO|CAV1|PTGIS|DYNLL1|ROCK2,-2.169239438105335,0,26,0,0,-4.652557890901753,11.586093475101352,
1,-2.4364079421256966,GO:0032570,M1,1,0,GO Biological Processes,19,response to progesterone,19_GO:0050896 response to stimulus,-2.4364079421256966,4.803989977481049,3.9336325786876336,30293,41,769,5,0.6501950585175552,0.2898292224783175,706|857|2353|2354|10628,TSPO|CAV1|FOS|FOSB|TXNIP,-0.9207418451206353,0,26,0,0,-4.652557890901753,11.586093475101352,
1,-4.580177467836419,GO:0007420,M1,1,0,GO Biological Processes,19,brain development,19_GO:0032502 developmental process,-4.580177467836419,2.059041646469182,4.664697695542204,30293,727,769,38,4.9414824447334205,0.7815575756855582,357|538|582|738|1385|1436|1600|2177|2186|2290|2692|2902|3309|3738|5122|5453|6259|6343|7360|7545|7976|8650|8655|9001|22891|23236|23648|25987|26005|29072|51124|51286|56978|59345|81565|113246|339829|386724,SHROOM2|ATP7A|BBS1|VPS51|CREB1|CSF1R|DAB1|FANCD2|BPTF|FOXG1|GHRHR|GRIN1|HSPA5|KCNA3|PCSK1|POU3F1|RYK|SCT|UGP2|ZIC1|FZD3|NUMB|DYNLL1|HAP1|ZNF365|PLCB1|SSBP3|TSKU|C2CD3|SETD2|IER3IP1|CEND1|PRDM8|GNB4|NDEL1|C12orf57|CCDC39|AMIGO3,-2.3471813574442653,0,27,1,1,-4.580177467836419,2.059041646469182,
1,-3.973545842559296,GO:0060322,M1,1,0,GO Biological Processes,19,head development,19_GO:0032502 developmental process,-3.973545842559296,1.9265421840194275,4.222663760332786,30293,777,769,38,4.9414824447334205,0.7815575756855582,357|538|582|738|1385|1436|1600|2177|2186|2290|2692|2902|3309|3738|5122|5453|6259|6343|7360|7545|7976|8650|8655|9001|22891|23236|23648|25987|26005|29072|51124|51286|56978|59345|81565|113246|339829|386724,SHROOM2|ATP7A|BBS1|VPS51|CREB1|CSF1R|DAB1|FANCD2|BPTF|FOXG1|GHRHR|GRIN1|HSPA5|KCNA3|PCSK1|POU3F1|RYK|SCT|UGP2|ZIC1|FZD3|NUMB|DYNLL1|HAP1|ZNF365|PLCB1|SSBP3|TSKU|C2CD3|SETD2|IER3IP1|CEND1|PRDM8|GNB4|NDEL1|C12orf57|CCDC39|AMIGO3,-1.9390818602710689,0,27,0,0,-4.580177467836419,2.059041646469182,
1,-2.728270356609171,GO:0030900,M1,1,0,GO Biological Processes,19,forebrain development,19_GO:0032502 developmental process,-2.728270356609171,2.032548093666429,3.3846451494907837,30293,407,769,21,2.730819245773732,0.5877206315366091,538|582|1385|1436|1600|2290|2692|3738|5122|5453|6259|6343|7545|8650|9001|23236|25987|29072|56978|81565|113246,ATP7A|BBS1|CREB1|CSF1R|DAB1|FOXG1|GHRHR|KCNA3|PCSK1|POU3F1|RYK|SCT|ZIC1|NUMB|HAP1|PLCB1|TSKU|SETD2|PRDM8|NDEL1|C12orf57,-1.1166393927403662,0,27,0,0,-4.580177467836419,2.059041646469182,
1,-4.572341603716643,GO:0002685,M1,1,0,GO Biological Processes,19,regulation of leukocyte migration,19_GO:0040011 locomotion,-4.572341603716643,3.0829083507660995,5.117495463893936,30293,230,769,18,2.340702210663199,0.545213638740881,301|1230|1436|1843|1893|3146|4739|5025|5879|6347|6693|7422|8174|23075|23236|54209|84830|114609,ANXA1|CCR1|CSF1R|DUSP1|ECM1|HMGB1|NEDD9|P2RX4|RAC1|CCL2|SPN|VEGFA|MADCAM1|SWAP70|PLCB1|TREM2|ADTRP|TIRAP,-2.344252827819233,0,28,1,1,-4.572341603716643,3.6063755746442245,
1,-4.425309042695454,GO:0043410,M1,1,0,GO Biological Processes,19,positive regulation of MAPK cascade,19_GO:0048518 positive regulation of biological process,-4.425309042695454,2.326995989092086,4.699501463394496,30293,474,769,28,3.6410923276983094,0.6754584046980635,960|1230|1436|1647|2322|3123|3146|3486|3489|4208|4504|4616|5159|6259|6347|6850|7162|7422|7805|8622|9475|9867|10268|11211|23236|54209|114609|222166,CD44|CCR1|CSF1R|GADD45A|FLT3|HLA-DRB1|HMGB1|IGFBP3|IGFBP6|MEF2C|MT3|GADD45B|PDGFRB|RYK|CCL2|SYK|TPBG|VEGFA|LAPTM5|PDE8B|ROCK2|PJA2|RAMP3|FZD10|PLCB1|TREM2|TIRAP|MTURN,-2.2301014931927,0,28,0,0,-4.572341603716643,3.6063755746442245,
1,-4.148958801806956,GO:0050921,M1,1,0,GO Biological Processes,19,positive regulation of chemotaxis,19_GO:0040011 locomotion,-4.148958801806956,3.6063755746442245,5.0242339582100835,30293,142,769,13,1.6905071521456436,0.4648823568385354,1012|1230|1436|3146|4739|5025|5159|5879|7162|7422|23075|54209|114609,CDH13|CCR1|CSF1R|HMGB1|NEDD9|P2RX4|PDGFRB|RAC1|TPBG|VEGFA|SWAP70|TREM2|TIRAP,-2.071850564382197,0,28,0,0,-4.572341603716643,3.6063755746442245,
1,-4.067693150779602,GO:0050920,M1,1,0,GO Biological Processes,19,regulation of chemotaxis,19_GO:0040011 locomotion,-4.067693150779602,2.9243502308334426,4.717566401402361,30293,229,769,17,2.210663198959688,0.5302050638900828,1012|1230|1436|1843|3146|4739|5025|5159|5879|6259|6347|7162|7422|23075|51571|54209|114609,CDH13|CCR1|CSF1R|DUSP1|HMGB1|NEDD9|P2RX4|PDGFRB|RAC1|RYK|CCL2|TPBG|VEGFA|SWAP70|CYRIB|TREM2|TIRAP,-2.0107882994431296,0,28,0,0,-4.572341603716643,3.6063755746442245,
1,-3.5948810138474023,GO:0043408,M1,1,0,GO Biological Processes,19,regulation of MAPK cascade,19_GO:0050896 response to stimulus,-3.5948810138474023,1.94313854694525,3.9811290004327446,30293,669,769,33,4.291287386215865,0.7308131737428611,857|960|1230|1436|1647|1843|1848|2322|3123|3146|3486|3489|4208|4504|4616|5037|5159|6259|6347|6850|7162|7422|7805|8622|9475|9867|10268|11211|23236|54209|65018|114609|222166,CAV1|CD44|CCR1|CSF1R|GADD45A|DUSP1|DUSP6|FLT3|HLA-DRB1|HMGB1|IGFBP3|IGFBP6|MEF2C|MT3|GADD45B|PEBP1|PDGFRB|RYK|CCL2|SYK|TPBG|VEGFA|LAPTM5|PDE8B|ROCK2|PJA2|RAMP3|FZD10|PLCB1|TREM2|PINK1|TIRAP|MTURN,-1.6782408021811084,0,28,0,0,-4.572341603716643,3.6063755746442245,
1,-3.3576070221991237,GO:0002687,M1,1,0,GO Biological Processes,19,positive regulation of leukocyte migration,19_GO:0040011 locomotion,-3.3576070221991237,3.172567877745874,4.2904771496534195,30293,149,769,12,1.5604681404421326,0.4469398234177268,1230|1436|3146|4739|5025|5879|6693|7422|8174|23075|54209|114609,CCR1|CSF1R|HMGB1|NEDD9|P2RX4|RAC1|SPN|VEGFA|MADCAM1|SWAP70|TREM2|TIRAP,-1.5239880834072341,0,28,0,0,-4.572341603716643,3.6063755746442245,
1,-2.9217527080873875,GO:0002688,M1,1,0,GO Biological Processes,19,regulation of leukocyte chemotaxis,19_GO:0040011 locomotion,-2.9217527080873875,3.2026599849873656,3.950498565769782,30293,123,769,10,1.3003901170351104,0.4085369838353505,1230|1436|1843|3146|4739|5879|6347|7422|23075|114609,CCR1|CSF1R|DUSP1|HMGB1|NEDD9|RAC1|CCL2|VEGFA|SWAP70|TIRAP,-1.2356356193793376,0,28,0,0,-4.572341603716643,3.6063755746442245,
1,-2.8761511347910327,GO:0070374,M1,1,0,GO Biological Processes,19,positive regulation of ERK1 and ERK2 cascade,19_GO:0048518 positive regulation of biological process,-2.8761511347910327,2.553231710253817,3.6973061373414358,30293,216,769,14,1.8205461638491547,0.48211204721837686,960|1230|1436|3123|3146|4504|5159|6347|7162|8622|10268|54209|114609|222166,CD44|CCR1|CSF1R|HLA-DRB1|HMGB1|MT3|PDGFRB|CCL2|TPBG|PDE8B|RAMP3|TREM2|TIRAP|MTURN,-1.2047601553673535,0,28,0,0,-4.572341603716643,3.6063755746442245,
1,-2.875733905504804,GO:0040017,M1,1,0,GO Biological Processes,19,positive regulation of locomotion,19_GO:0040011 locomotion,-2.875733905504804,1.842562607491925,3.4210296919845984,30293,620,769,29,3.7711313394018204,0.6869503499558784,301|538|604|857|1012|1230|1365|1436|2896|3146|3309|4193|4739|4846|5025|5159|5879|6282|6693|7162|7422|7803|8174|8650|9475|23075|54209|114609|131578,ANXA1|ATP7A|BCL6|CAV1|CDH13|CCR1|CLDN3|CSF1R|GRN|HMGB1|HSPA5|MDM2|NEDD9|NOS3|P2RX4|PDGFRB|RAC1|S100A11|SPN|TPBG|VEGFA|PTP4A1|MADCAM1|NUMB|ROCK2|SWAP70|TREM2|TIRAP|LRRC15,-1.2047601553673535,0,28,0,0,-4.572341603716643,3.6063755746442245,
1,-2.7197721043549317,GO:2000147,M1,1,0,GO Biological Processes,19,positive regulation of cell motility,19_GO:0040011 locomotion,-2.7197721043549317,1.8201255756264834,3.2913423436505354,30293,606,769,28,3.6410923276983094,0.6754584046980635,301|538|604|857|1012|1230|1365|1436|2896|3146|3309|4193|4739|4846|5025|5159|5879|6282|6693|7422|7803|8174|8650|9475|23075|54209|114609|131578,ANXA1|ATP7A|BCL6|CAV1|CDH13|CCR1|CLDN3|CSF1R|GRN|HMGB1|HSPA5|MDM2|NEDD9|NOS3|P2RX4|PDGFRB|RAC1|S100A11|SPN|VEGFA|PTP4A1|MADCAM1|NUMB|ROCK2|SWAP70|TREM2|TIRAP|LRRC15,-1.1104950458796043,0,28,0,0,-4.572341603716643,3.6063755746442245,
1,-2.6985295939684226,GO:0030335,M1,1,0,GO Biological Processes,19,positive regulation of cell migration,19_GO:0040011 locomotion,-2.6985295939684226,1.836966115741458,3.2817549131573513,30293,579,769,27,3.5110533159947983,0.6637343972405395,301|538|857|1012|1230|1365|1436|2896|3146|3309|4193|4739|4846|5025|5159|5879|6282|6693|7422|7803|8174|8650|9475|23075|54209|114609|131578,ANXA1|ATP7A|CAV1|CDH13|CCR1|CLDN3|CSF1R|GRN|HMGB1|HSPA5|MDM2|NEDD9|NOS3|P2RX4|PDGFRB|RAC1|S100A11|SPN|VEGFA|PTP4A1|MADCAM1|NUMB|ROCK2|SWAP70|TREM2|TIRAP|LRRC15,-1.097392161631893,0,28,0,0,-4.572341603716643,3.6063755746442245,
1,-2.5945296794348716,GO:0002690,M1,1,0,GO Biological Processes,19,positive regulation of leukocyte chemotaxis,19_GO:0040011 locomotion,-2.5945296794348716,3.3886208873414714,3.7232720839485447,30293,93,769,8,1.0403120936280885,0.3658877017432317,1230|1436|3146|4739|5879|7422|23075|114609,CCR1|CSF1R|HMGB1|NEDD9|RAC1|VEGFA|SWAP70|TIRAP,-1.0298347536122847,0,28,0,0,-4.572341603716643,3.6063755746442245,
1,-2.5734509269209327,GO:0006954,M1,1,0,GO Biological Processes,19,inflammatory response,19_GO:0050896 response to stimulus,-2.5734509269209327,1.8224389024892522,3.176190846666735,30293,562,769,26,3.3810143042912872,0.6517658046518952,240|301|604|960|1230|1241|1436|1535|1893|2353|2357|2896|3123|3146|5879|6347|6850|7036|8773|9867|10628|23643|54209|57413|114609|122618,ALOX5|ANXA1|BCL6|CD44|CCR1|LTB4R|CSF1R|CYBA|ECM1|FOS|FPR1|GRN|HLA-DRB1|HMGB1|RAC1|CCL2|SYK|TFR2|SNAP23|PJA2|TXNIP|LY96|TREM2|TMIGD3|TIRAP|PLD4,-1.0147209006319347,0,28,0,0,-4.572341603716643,3.6063755746442245,
1,-2.2250669151826323,GO:0070372,M1,1,0,GO Biological Processes,19,regulation of ERK1 and ERK2 cascade,19_GO:0050896 response to stimulus,-2.2250669151826323,2.0397523787880703,2.964858173771308,30293,309,769,16,2.080624187256177,0.51471635694872,960|1230|1436|1848|3123|3146|4504|5159|6347|6850|7162|8622|10268|54209|114609|222166,CD44|CCR1|CSF1R|DUSP6|HLA-DRB1|HMGB1|MT3|PDGFRB|CCL2|SYK|TPBG|PDE8B|RAMP3|TREM2|TIRAP|MTURN,-0.7820471763230139,0,28,0,0,-4.572341603716643,3.6063755746442245,
1,-4.566769662148057,GO:0006605,M1,1,0,GO Biological Processes,19,protein targeting,19_GO:0051179 localization,-4.566769662148057,2.9700858670299506,5.068363782491551,30293,252,769,19,2.4707412223667102,0.5597807020554725,706|738|3309|6135|6727|7805|8266|9001|9049|9131|9804|51125|51201|55146|57154|66008|83955|340481|342538,TSPO|VPS51|HSPA5|RPL11|SRP14|LAPTM5|UBL4A|HAP1|AIP|AIFM1|TOMM20|GOLGA7|ZDHHC2|ZDHHC4|SMURF1|TRAK2|NACA4P|ZDHHC21|NACA2,-2.3435333890450596,0,29,1,1,-4.566769662148057,8.563634307683609,
1,-3.620841510809158,GO:0018230,M1,1,0,GO Biological Processes,19,peptidyl-L-cysteine S-palmitoylation,19_GO:0008152 metabolic process,-3.620841510809158,8.563634307683609,5.856360142954731,30293,23,769,5,0.6501950585175552,0.2898292224783175,29801|51125|51201|55146|340481,ZDHHC8|GOLGA7|ZDHHC2|ZDHHC4|ZDHHC21,-1.6960105719767,0,29,0,0,-4.566769662148057,8.563634307683609,
1,-3.620841510809158,GO:0018231,M1,1,0,GO Biological Processes,19,peptidyl-S-diacylglycerol-L-cysteine biosynthetic process from peptidyl-cysteine,19_GO:0008152 metabolic process,-3.620841510809158,8.563634307683609,5.856360142954731,30293,23,769,5,0.6501950585175552,0.2898292224783175,29801|51125|51201|55146|340481,ZDHHC8|GOLGA7|ZDHHC2|ZDHHC4|ZDHHC21,-1.6960105719767,0,29,0,0,-4.566769662148057,8.563634307683609,
1,-3.153454244958637,GO:0006612,M1,1,0,GO Biological Processes,19,protein targeting to membrane,19_GO:0051179 localization,-3.153454244958637,3.731941687769489,4.3041131824392815,30293,95,769,9,1.1703511053315996,0.3878274468226617,3309|6727|8266|51125|51201|55146|83955|340481|342538,HSPA5|SRP14|UBL4A|GOLGA7|ZDHHC2|ZDHHC4|NACA4P|ZDHHC21|NACA2,-1.3926159697545955,0,29,0,0,-4.566769662148057,8.563634307683609,
1,-2.9904183339589627,GO:0018345,M1,1,0,GO Biological Processes,19,protein palmitoylation,19_GO:0008152 metabolic process,-2.9904183339589627,6.3536641637652576,4.813075823354922,30293,31,769,5,0.6501950585175552,0.2898292224783175,29801|51125|51201|55146|340481,ZDHHC8|GOLGA7|ZDHHC2|ZDHHC4|ZDHHC21,-1.2764977804323332,0,29,0,0,-4.566769662148057,8.563634307683609,
1,-2.876890767825181,GO:0006497,M1,1,0,GO Biological Processes,19,protein lipidation,19_GO:0008152 metabolic process,-2.876890767825181,3.7516874109852005,4.075774154590036,30293,84,769,8,1.0403120936280885,0.3658877017432317,9474|10026|11152|29801|51125|51201|55146|340481,ATG5|PIGK|WDR45|ZDHHC8|GOLGA7|ZDHHC2|ZDHHC4|ZDHHC21,-1.2047601553673535,0,29,0,0,-4.566769662148057,8.563634307683609,
1,-2.803404949827784,GO:0018198,M1,1,0,GO Biological Processes,19,peptidyl-cysteine modification,19_GO:0008152 metabolic process,-2.803404949827784,5.793046737550676,4.512979724460163,30293,34,769,5,0.6501950585175552,0.2898292224783175,29801|51125|51201|55146|340481,ZDHHC8|GOLGA7|ZDHHC2|ZDHHC4|ZDHHC21,-1.1522654446753056,0,29,0,0,-4.566769662148057,8.563634307683609,
1,-2.684389026112594,GO:0042158,M1,1,0,GO Biological Processes,19,lipoprotein biosynthetic process,19_GO:0008152 metabolic process,-2.684389026112594,3.5015749169195205,3.835740981986052,30293,90,769,8,1.0403120936280885,0.3658877017432317,9474|10026|11152|29801|51125|51201|55146|340481,ATG5|PIGK|WDR45|ZDHHC8|GOLGA7|ZDHHC2|ZDHHC4|ZDHHC21,-1.0878352192458907,0,29,0,0,-4.566769662148057,8.563634307683609,
1,-4.540043506625768,GO:0006338,M1,1,0,GO Biological Processes,19,chromatin remodeling,19_GO:0009987 cellular process,-4.540043506625768,2.1244146741711267,4.67326056512697,30293,649,769,35,4.551365409622887,0.7516099874958296,604|2091|2186|3013|3146|4000|4171|4673|4675|5579|6595|6880|7443|7913|8294|8330|8348|8362|8363|8545|8968|8969|9646|10036|23314|23451|26040|29072|50809|51341|55766|55818|56978|92815|121504,BCL6|FBL|BPTF|H2AC7|HMGB1|LMNA|MCM2|NAP1L1|NAP1L3|PRKCB|SMARCA2|TAF9|VRK1|DEK|H4C9|H2AC15|H2BC17|H4C12|H4C11|CGGBP1|H3C7|H2AC11|CTR9|CHAF1A|SATB2|SF3B1|SETBP1|SETD2|HP1BP3|ZBTB7A|H2AJ|KDM3A|PRDM8|H2AC25|H4C16,-2.3281038643585195,0,30,1,1,-4.540043506625768,8.7539372922988,
1,-4.277495825994643,GO:0034728,M1,1,0,GO Biological Processes,19,nucleosome organization,19_GO:0009987 cellular process,-4.277495825994643,3.710908199996231,5.151269050842089,30293,138,769,13,1.6905071521456436,0.4648823568385354,4171|4673|4675|8294|8348|8362|8363|8968|10036|29072|50809|92815|121504,MCM2|NAP1L1|NAP1L3|H4C9|H2BC17|H4C12|H4C11|H3C7|CHAF1A|SETD2|HP1BP3|H2AC25|H4C16,-2.1578534374942406,0,30,0,0,-4.540043506625768,8.7539372922988,
1,-4.136544970366768,GO:0006325,M1,1,0,GO Biological Processes,19,chromatin organization,19_GO:0009987 cellular process,-4.136544970366768,1.9422452525896834,4.333771568032249,30293,791,769,39,5.071521456436931,0.791232693486147,604|2091|2186|3013|3146|4000|4171|4673|4675|5579|5885|6595|6880|7443|7913|8294|8330|8348|8362|8363|8545|8968|8969|9474|9646|10036|23314|23451|26040|29072|50809|51341|55766|55818|56978|79366|92815|121504|121536,BCL6|FBL|BPTF|H2AC7|HMGB1|LMNA|MCM2|NAP1L1|NAP1L3|PRKCB|RAD21|SMARCA2|TAF9|VRK1|DEK|H4C9|H2AC15|H2BC17|H4C12|H4C11|CGGBP1|H3C7|H2AC11|ATG5|CTR9|CHAF1A|SATB2|SF3B1|SETBP1|SETD2|HP1BP3|ZBTB7A|H2AJ|KDM3A|PRDM8|HMGN5|H2AC25|H4C16|AEBP2,-2.0628699087804026,0,30,0,0,-4.540043506625768,8.7539372922988,
1,-3.6689223540713445,GO:0006334,M1,1,0,GO Biological Processes,19,nucleosome assembly,19_GO:0009987 cellular process,-3.6689223540713445,3.6722025082100904,4.693818336558247,30293,118,769,11,1.4304291287386215,0.4281948461201359,4171|4673|4675|8294|8348|8362|8363|8968|10036|50809|121504,MCM2|NAP1L1|NAP1L3|H4C9|H2BC17|H4C12|H4C11|H3C7|CHAF1A|HP1BP3|H4C16,-1.7244396819211758,0,30,0,0,-4.540043506625768,8.7539372922988,
1,-3.4409925148514455,GO:0045652,M1,1,0,GO Biological Processes,19,regulation of megakaryocyte differentiation,19_GO:0002376 immune system process,-3.4409925148514455,6.219902812949147,5.196311558713151,30293,38,769,6,0.7802340702210663,0.31728415518844433,4208|8294|8362|8363|121504|222166,MEF2C|H4C9|H4C12|H4C11|H4C16|MTURN,-1.5792078889192396,0,30,0,0,-4.540043506625768,8.7539372922988,
1,-3.02266844009928,GO:0061644,M1,1,0,GO Biological Processes,19,protein localization to CENP-A containing chromatin,19_GO:0051179 localization,-3.02266844009928,8.7539372922988,5.310751821683413,30293,18,769,4,0.5201560468140443,0.2594007357379462,8294|8362|8363|121504,H4C9|H4C12|H4C11|H4C16,-1.3000345175654677,0,30,0,0,-4.540043506625768,8.7539372922988,
1,-2.8406030287644857,GO:0045653,M1,1,0,GO Biological Processes,19,negative regulation of megakaryocyte differentiation,19_GO:0002376 immune system process,-2.8406030287644857,7.878543563068921,4.966189703186829,30293,20,769,4,0.5201560468140443,0.2594007357379462,8294|8362|8363|121504,H4C9|H4C12|H4C11|H4C16,-1.1856082695321308,0,30,0,0,-4.540043506625768,8.7539372922988,
1,-2.253086673725206,GO:0065004,M1,1,0,GO Biological Processes,19,protein-DNA complex assembly,19_GO:0009987 cellular process,-2.253086673725206,2.255970623786255,3.0654492416204397,30293,227,769,13,1.6905071521456436,0.4648823568385354,4171|4673|4675|6880|8294|8348|8362|8363|8968|10036|50809|64425|121504,MCM2|NAP1L1|NAP1L3|TAF9|H4C9|H2BC17|H4C12|H4C11|H3C7|CHAF1A|HP1BP3|POLR1E|H4C16,-0.796398334415653,0,30,0,0,-4.540043506625768,8.7539372922988,
1,-2.1027217107943894,GO:0071168,M1,1,0,GO Biological Processes,19,protein localization to chromatin,19_GO:0051179 localization,-2.1027217107943894,4.019665083198428,3.414104013882539,30293,49,769,5,0.6501950585175552,0.2898292224783175,5885|8294|8362|8363|121504,RAD21|H4C9|H4C12|H4C11|H4C16,-0.6975646349749867,0,30,0,0,-4.540043506625768,8.7539372922988,
1,-4.516330898230837,GO:2000146,M1,1,0,GO Biological Processes,19,negative regulation of cell motility,19_GO:0040011 locomotion,-4.516330898230837,2.4995379324457234,4.835226035649507,30293,394,769,25,3.250975292587776,0.6395388952808602,1365|1495|1602|1647|1843|3146|3486|3621|4208|4739|5879|6347|6672|7414|8519|9863|11122|23236|25930|57152|57413|84830|90102|90627|348110,CLDN3|CTNNA1|DACH1|GADD45A|DUSP1|HMGB1|IGFBP3|ING1|MEF2C|NEDD9|RAC1|CCL2|SP100|VCL|IFITM1|MAGI2|PTPRT|PLCB1|PTPN23|SLURP1|TMIGD3|ADTRP|PHLDB2|STARD13|ARPIN,-2.3165757209773625,0,31,1,1,-4.516330898230837,2.4995379324457234,
1,-4.3466723335080975,GO:0030336,M1,1,0,GO Biological Processes,19,negative regulation of cell migration,19_GO:0040011 locomotion,-4.3466723335080975,2.494525666407046,4.725255364394007,30293,379,769,24,3.120936280884265,0.6270385582010519,1365|1602|1647|1843|3146|3486|3621|4208|4739|5879|6347|6672|7414|8519|9863|11122|23236|25930|57152|57413|84830|90102|90627|348110,CLDN3|DACH1|GADD45A|DUSP1|HMGB1|IGFBP3|ING1|MEF2C|NEDD9|RAC1|CCL2|SP100|VCL|IFITM1|MAGI2|PTPRT|PLCB1|PTPN23|SLURP1|TMIGD3|ADTRP|PHLDB2|STARD13|ARPIN,-2.1765685569088697,0,31,0,0,-4.516330898230837,2.4995379324457234,
1,-4.336417589903423,GO:0040013,M1,1,0,GO Biological Processes,19,negative regulation of locomotion,19_GO:0040011 locomotion,-4.336417589903423,2.3874374433542185,4.670975766086955,30293,429,769,26,3.3810143042912872,0.6517658046518952,1365|1495|1602|1647|1843|3146|3486|3621|4208|4739|5879|6259|6347|6672|7414|8519|9863|11122|23236|25930|57152|57413|84830|90102|90627|348110,CLDN3|CTNNA1|DACH1|GADD45A|DUSP1|HMGB1|IGFBP3|ING1|MEF2C|NEDD9|RAC1|RYK|CCL2|SP100|VCL|IFITM1|MAGI2|PTPRT|PLCB1|PTPN23|SLURP1|TMIGD3|ADTRP|PHLDB2|STARD13|ARPIN,-2.1765685569088697,0,31,0,0,-4.516330898230837,2.4995379324457234,
1,-4.341765974041098,GO:0051668,M1,1,0,GO Biological Processes,19,localization within membrane,19_GO:0051179 localization,-4.341765974041098,2.192413379310023,4.58408550263947,30293,557,769,31,4.031209362808843,0.709282946538113,286|582|738|857|914|1012|2743|3309|4000|4644|5879|6727|7162|8174|8266|9135|9475|9804|9863|10211|10268|10627|25930|51125|51201|55146|57154|83955|115548|340481|342538,ANK1|BBS1|VPS51|CAV1|CD2|CDH13|GLRB|HSPA5|LMNA|MYO5A|RAC1|SRP14|TPBG|MADCAM1|UBL4A|RABEP1|ROCK2|TOMM20|MAGI2|FLOT1|RAMP3|MYL12A|PTPN23|GOLGA7|ZDHHC2|ZDHHC4|SMURF1|NACA4P|FCHO2|ZDHHC21|NACA2,-2.1765685569088697,0,32,1,1,-4.341765974041098,2.498074788290146,
1,-3.287507271252536,GO:0072657,M1,1,0,GO Biological Processes,19,protein localization to membrane,19_GO:0051179 localization,-3.287507271252536,2.082067537808911,3.827988855994754,30293,473,769,25,3.250975292587776,0.6395388952808602,286|582|857|2743|3309|4644|6727|7162|8174|8266|9135|9475|9804|9863|10211|10268|10627|51125|51201|55146|57154|83955|115548|340481|342538,ANK1|BBS1|CAV1|GLRB|HSPA5|MYO5A|SRP14|TPBG|MADCAM1|UBL4A|RABEP1|ROCK2|TOMM20|MAGI2|FLOT1|RAMP3|MYL12A|GOLGA7|ZDHHC2|ZDHHC4|SMURF1|NACA4P|FCHO2|ZDHHC21|NACA2,-1.4787239380474395,0,32,0,0,-4.341765974041098,2.498074788290146,
1,-2.7772393985741415,GO:1990778,M1,1,0,GO Biological Processes,19,protein localization to cell periphery,19_GO:0051179 localization,-2.7772393985741415,2.4019949887405243,3.563305039077901,30293,246,769,15,1.9505851755526658,0.4987027841076265,286|582|857|4644|7162|9135|9475|10211|10268|10627|51125|51201|55146|57154|115548,ANK1|BBS1|CAV1|MYO5A|TPBG|RABEP1|ROCK2|FLOT1|RAMP3|MYL12A|GOLGA7|ZDHHC2|ZDHHC4|SMURF1|FCHO2,-1.1379158813818784,0,32,0,0,-4.341765974041098,2.498074788290146,
1,-2.6274538032758947,GO:0072659,M1,1,0,GO Biological Processes,19,protein localization to plasma membrane,19_GO:0051179 localization,-2.6274538032758947,2.498074788290146,3.4733880927330945,30293,205,769,13,1.6905071521456436,0.4648823568385354,286|582|4644|7162|9475|10211|10268|10627|51125|51201|55146|57154|115548,ANK1|BBS1|MYO5A|TPBG|ROCK2|FLOT1|RAMP3|MYL12A|GOLGA7|ZDHHC2|ZDHHC4|SMURF1|FCHO2,-1.0507693653749655,0,32,0,0,-4.341765974041098,2.498074788290146,
1,-4.340608870012302,GO:0033365,M1,1,0,GO Biological Processes,19,protein localization to organelle,19_GO:0051179 localization,-4.340608870012302,2.006599567001468,4.492716375837775,30293,746,769,38,4.9414824447334205,0.7815575756855582,582|706|1113|3087|3309|3621|4000|4193|4904|5552|5885|6135|6672|6727|6794|6850|7704|7805|8266|8294|8362|8363|9049|9131|9135|9804|10628|11215|22873|23568|25930|26005|51341|57154|65018|121504|255919|339829,BBS1|TSPO|CHGA|HHEX|HSPA5|ING1|LMNA|MDM2|YBX1|SRGN|RAD21|RPL11|SP100|SRP14|STK11|SYK|ZBTB16|LAPTM5|UBL4A|H4C9|H4C12|H4C11|AIP|AIFM1|RABEP1|TOMM20|TXNIP|AKAP11|DZIP1|ARL2BP|PTPN23|C2CD3|ZBTB7A|SMURF1|PINK1|H4C16|CNEP1R1|CCDC39,-2.1765685569088697,0,33,1,1,-4.340608870012302,2.7385311850239566,
1,-2.984005509374837,GO:0034504,M1,1,0,GO Biological Processes,19,protein localization to nucleus,19_GO:0051179 localization,-2.984005509374837,2.7385311850239566,3.8487199012814526,30293,187,769,13,1.6905071521456436,0.4648823568385354,3087|3621|4000|4193|6135|6672|6794|6850|7704|10628|23568|51341|255919,HHEX|ING1|LMNA|MDM2|RPL11|SP100|STK11|SYK|ZBTB16|TXNIP|ARL2BP|ZBTB7A|CNEP1R1,-1.2733943471866243,0,33,0,0,-4.340608870012302,2.7385311850239566,
1,-4.328850721206973,GO:0098937,M1,1,0,GO Biological Processes,19,anterograde dendritic transport,19_GO:0051179 localization,-4.328850721206973,17.5078745845976,7.993653929673097,30293,9,769,4,0.5201560468140443,0.2594007357379462,3800|27067|57576|66008,KIF5C|STAU2|KIF17|TRAK2,-2.1765685569088697,0,34,1,1,-4.328850721206973,17.5078745845976,
1,-3.8781153680994658,GO:0030705,M1,1,0,GO Biological Processes,19,cytoskeleton-dependent intracellular transport,19_GO:0051179 localization,-3.8781153680994658,3.06161019290243,4.63704707790961,30293,193,769,15,1.9505851755526658,0.4987027841076265,1778|3800|4644|6687|8409|8655|9001|10376|27067|55112|57576|66008|81565|84790|117178,DYNC1H1|KIF5C|MYO5A|SPG7|UXT|DYNLL1|HAP1|TUBA1B|STAU2|DYNC2I1|KIF17|TRAK2|NDEL1|TUBA1C|SSX2IP,-1.8679539203053195,0,34,0,0,-4.328850721206973,17.5078745845976,
1,-3.761075176014687,GO:0098935,M1,1,0,GO Biological Processes,19,dendritic transport,19_GO:0051179 localization,-3.761075176014687,13.130905938448201,6.783257401040515,30293,12,769,4,0.5201560468140443,0.2594007357379462,3800|27067|57576|66008,KIF5C|STAU2|KIF17|TRAK2,-1.7849935177928162,0,34,0,0,-4.328850721206973,17.5078745845976,
1,-3.3230006769481664,GO:0008088,M1,1,0,GO Biological Processes,19,axo-dendritic transport,19_GO:0051179 localization,-3.3230006769481664,4.3769686461494,4.629972450161562,30293,72,769,8,1.0403120936280885,0.3658877017432317,1778|3800|6687|9001|27067|57576|66008|81565,DYNC1H1|KIF5C|SPG7|HAP1|STAU2|KIF17|TRAK2|NDEL1,-1.5015477515989666,0,34,0,0,-4.328850721206973,17.5078745845976,
1,-2.965157402008766,GO:0010970,M1,1,0,GO Biological Processes,19,transport along microtubule,19_GO:0051179 localization,-2.965157402008766,2.864924932025062,3.876660074109298,30293,165,769,12,1.5604681404421326,0.4469398234177268,1778|3800|6687|8409|8655|9001|27067|55112|57576|66008|81565|117178,DYNC1H1|KIF5C|SPG7|UXT|DYNLL1|HAP1|STAU2|DYNC2I1|KIF17|TRAK2|NDEL1|SSX2IP,-1.263349807790873,0,34,0,0,-4.328850721206973,17.5078745845976,
1,-2.6578959348204774,GO:0031503,M1,1,0,GO Biological Processes,19,protein-containing complex localization,19_GO:0051179 localization,-2.6578959348204774,2.777691640825581,3.592595040520573,30293,156,769,11,1.4304291287386215,0.4281948461201359,3800|4000|8655|11336|22873|23195|27067|54468|55112|57576|117178,KIF5C|LMNA|DYNLL1|EXOC3|DZIP1|MDN1|STAU2|MIOS|DYNC2I1|KIF17|SSX2IP,-1.069614520383569,0,34,0,0,-4.328850721206973,17.5078745845976,
1,-2.609066204128531,GO:0099111,M1,1,0,GO Biological Processes,19,microtubule-based transport,19_GO:0051179 localization,-2.609066204128531,2.4859482116479605,3.4537220749262523,30293,206,769,13,1.6905071521456436,0.4648823568385354,1778|3800|6687|8409|8655|9001|27067|55112|57576|66008|81565|117178|339829,DYNC1H1|KIF5C|SPG7|UXT|DYNLL1|HAP1|STAU2|DYNC2I1|KIF17|TRAK2|NDEL1|SSX2IP|CCDC39,-1.0390424448008768,0,34,0,0,-4.328850721206973,17.5078745845976,
1,-2.3510683286584477,GO:0098930,M1,1,0,GO Biological Processes,19,axonal transport,19_GO:0051179 localization,-2.3510683286584477,3.874693555607666,3.6271254706560048,30293,61,769,6,0.7802340702210663,0.31728415518844433,1778|3800|6687|9001|66008|81565,DYNC1H1|KIF5C|SPG7|HAP1|TRAK2|NDEL1,-0.8602258153784186,0,34,0,0,-4.328850721206973,17.5078745845976,
1,-2.1358778784738073,GO:0051648,M1,1,0,GO Biological Processes,19,vesicle localization,19_GO:0051179 localization,-2.1358778784738073,2.3678682839824625,2.9953942561990337,30293,183,769,11,1.4304291287386215,0.4281948461201359,357|3800|4644|8615|8773|9001|11336|23265|60684|66008|81565,SHROOM2|KIF5C|MYO5A|USO1|SNAP23|HAP1|EXOC3|EXOC7|TRAPPC11|TRAK2|NDEL1,-0.7223404389260851,0,34,0,0,-4.328850721206973,17.5078745845976,
1,-2.123778916202875,GO:0051654,M1,1,0,GO Biological Processes,19,establishment of mitochondrion localization,19_GO:0051179 localization,-2.123778916202875,5.082931331012207,3.6706557371899504,30293,31,769,4,0.5201560468140443,0.2594007357379462,8409|8655|9001|66008,UXT|DYNLL1|HAP1|TRAK2,-0.7149382349081671,0,34,0,0,-4.328850721206973,17.5078745845976,
1,-4.328850721206973,GO:0060242,M1,1,0,GO Biological Processes,19,contact inhibition,19_GO:0050896 response to stimulus,-4.328850721206973,17.5078745845976,7.993653929673097,30293,9,769,4,0.5201560468140443,0.2594007357379462,706|1602|8406|54825,TSPO|DACH1|SRPX|CDHR2,-2.1765685569088697,0,35,1,1,-4.328850721206973,17.5078745845976,
1,-4.22624256301189,GO:0009595,M1,1,0,GO Biological Processes,19,detection of biotic stimulus,19_GO:0050896 response to stimulus,-4.22624256301189,6.8937256176853055,6.019705307301191,30293,40,769,7,0.9102730819245773,0.34248140459762805,706|1602|3123|8406|23643|54209|54825,TSPO|DACH1|HLA-DRB1|SRPX|LY96|TREM2|CDHR2,-2.124310741862098,0,35,0,0,-4.328850721206973,17.5078745845976,
1,-4.115829310868939,GO:0060245,M1,1,0,GO Biological Processes,19,detection of cell density,19_GO:0050896 response to stimulus,-4.115829310868939,15.757087126137842,7.532527723023195,30293,10,769,4,0.5201560468140443,0.2594007357379462,706|1602|8406|54825,TSPO|DACH1|SRPX|CDHR2,-2.048875597091044,0,35,0,0,-4.328850721206973,17.5078745845976,
1,-4.328630819086437,GO:1902074,M1,1,0,GO Biological Processes,19,response to salt,19_GO:0050896 response to stimulus,-4.328630819086437,2.487961125179659,4.71078131026563,30293,380,769,24,3.120936280884265,0.6270385582010519,113|538|567|706|857|1958|2353|2354|2730|2731|3708|4193|4208|5025|5122|5579|6880|7139|9131|9474|9475|10628|23236|29957,ADCY7|ATP7A|B2M|TSPO|CAV1|EGR1|FOS|FOSB|GCLM|GLDC|ITPR1|MDM2|MEF2C|P2RX4|PCSK1|PRKCB|TAF9|TNNT2|AIFM1|ATG5|ROCK2|TXNIP|PLCB1|SLC25A24,-2.1765685569088697,0,36,1,1,-4.328630819086437,2.601405893466153,
1,-4.044226140669547,GO:0010035,M1,1,0,GO Biological Processes,19,response to inorganic substance,19_GO:0050896 response to stimulus,-4.044226140669547,2.1759786983714164,4.386759485834298,30293,525,769,29,3.7711313394018204,0.6869503499558784,113|513|538|567|706|857|1385|2353|2354|3039|3040|3043|4193|4208|4504|4846|5025|5122|5224|7036|7139|9131|9474|10628|23236|29072|29957|51526|65018,ADCY7|ATP5F1D|ATP7A|B2M|TSPO|CAV1|CREB1|FOS|FOSB|HBA1|HBA2|HBB|MDM2|MEF2C|MT3|NOS3|P2RX4|PCSK1|PGAM2|TFR2|TNNT2|AIFM1|ATG5|TXNIP|PLCB1|SETD2|SLC25A24|OSER1|PINK1,-1.9970811266222308,0,36,0,0,-4.328630819086437,2.601405893466153,
1,-3.3986824222452086,GO:0010038,M1,1,0,GO Biological Processes,19,response to metal ion,19_GO:0050896 response to stimulus,-3.3986824222452086,2.2979085392284353,3.9981562535908077,30293,360,769,21,2.730819245773732,0.5877206315366091,113|513|538|567|706|857|1385|2353|2354|4193|4208|4504|5025|5122|5224|7036|7139|9474|10628|29072|29957,ADCY7|ATP5F1D|ATP7A|B2M|TSPO|CAV1|CREB1|FOS|FOSB|MDM2|MEF2C|MT3|P2RX4|PCSK1|PGAM2|TFR2|TNNT2|ATG5|TXNIP|SETD2|SLC25A24,-1.5473824310388928,0,36,0,0,-4.328630819086437,2.601405893466153,
1,-3.1959880359159665,GO:0009410,M1,1,0,GO Biological Processes,19,response to xenobiotic stimulus,19_GO:0050896 response to stimulus,-3.1959880359159665,2.126836877354286,3.780154894137288,30293,426,769,23,2.990897269180754,0.6142481003592162,595|706|1385|1848|2030|2353|2354|2730|2902|3485|4193|4208|5122|5579|7976|9049|9446|9474|10628|10864|11044|11309|51083,CCND1|TSPO|CREB1|DUSP6|SLC29A1|FOS|FOSB|GCLM|GRIN1|IGFBP2|MDM2|MEF2C|PCSK1|PRKCB|FZD3|AIP|GSTO1|ATG5|TXNIP|SLC22A7|TENT4A|SLCO2B1|GAL,-1.4265161747866848,0,36,0,0,-4.328630819086437,2.601405893466153,
1,-2.953430028581278,GO:1902075,M1,1,0,GO Biological Processes,19,cellular response to salt,19_GO:0050896 response to stimulus,-2.953430028581278,2.601405893466153,3.7762676116846636,30293,212,769,14,1.8205461638491547,0.48211204721837686,113|567|1958|2353|2354|2730|3708|4193|4208|5025|5579|9475|23236|29957,ADCY7|B2M|EGR1|FOS|FOSB|GCLM|ITPR1|MDM2|MEF2C|P2RX4|PRKCB|ROCK2|PLCB1|SLC25A24,-1.258627418419659,0,36,0,0,-4.328630819086437,2.601405893466153,
1,-2.276251427102018,GO:0071248,M1,1,0,GO Biological Processes,19,cellular response to metal ion,19_GO:0050896 response to stimulus,-2.276251427102018,2.363563068920676,3.122461060502183,30293,200,769,12,1.5604681404421326,0.4469398234177268,113|538|567|706|1385|2353|2354|4208|4504|5025|7036|29957,ADCY7|ATP7A|B2M|TSPO|CREB1|FOS|FOSB|MEF2C|MT3|P2RX4|TFR2|SLC25A24,-0.8131024043049285,0,36,0,0,-4.328630819086437,2.601405893466153,
1,-2.221962284910121,GO:0071241,M1,1,0,GO Biological Processes,19,cellular response to inorganic substance,19_GO:0050896 response to stimulus,-2.221962284910121,2.236267823578515,3.0307245813164108,30293,229,769,13,1.6905071521456436,0.4648823568385354,113|538|567|706|1385|2353|2354|4208|4504|5025|7036|9131|29957,ADCY7|ATP7A|B2M|TSPO|CREB1|FOS|FOSB|MEF2C|MT3|P2RX4|TFR2|AIFM1|SLC25A24,-0.7820471763230139,0,36,0,0,-4.328630819086437,2.601405893466153,
1,-4.301395241861,GO:1901550,M1,1,0,GO Biological Processes,19,regulation of endothelial cell development,19_GO:0032502 developmental process,-4.301395241861,11.586093475101352,7.046127257434609,30293,17,769,5,0.6501950585175552,0.2898292224783175,7414|7422|9475|23236|340481,VCL|VEGFA|ROCK2|PLCB1|ZDHHC21,-2.169239438105335,0,37,1,1,-4.301395241861,11.586093475101352,
1,-4.301395241861,GO:1903140,M1,1,0,GO Biological Processes,19,regulation of establishment of endothelial barrier,19_GO:0032502 developmental process,-4.301395241861,11.586093475101352,7.046127257434609,30293,17,769,5,0.6501950585175552,0.2898292224783175,7414|7422|9475|23236|340481,VCL|VEGFA|ROCK2|PLCB1|ZDHHC21,-2.169239438105335,0,37,0,0,-4.301395241861,11.586093475101352,
1,-2.9726189697035723,GO:0051893,M1,1,0,GO Biological Processes,19,regulation of focal adhesion assembly,19_GO:0050789 regulation of biological process,-2.9726189697035723,4.3769686461494,4.330297907976941,30293,63,769,7,0.9102730819245773,0.34248140459762805,1946|5879|7414|7422|9475|90102|342184,EFNA5|RAC1|VCL|VEGFA|ROCK2|PHLDB2|FMN1,-1.269356451237505,0,37,0,0,-4.301395241861,11.586093475101352,
1,-2.9726189697035723,GO:0090109,M1,1,0,GO Biological Processes,19,regulation of cell-substrate junction assembly,19_GO:0050789 regulation of biological process,-2.9726189697035723,4.3769686461494,4.330297907976941,30293,63,769,7,0.9102730819245773,0.34248140459762805,1946|5879|7414|7422|9475|90102|342184,EFNA5|RAC1|VCL|VEGFA|ROCK2|PHLDB2|FMN1,-1.269356451237505,0,37,0,0,-4.301395241861,11.586093475101352,
1,-2.868567561856664,GO:0001952,M1,1,0,GO Biological Processes,19,regulation of cell-matrix adhesion,19_GO:0050789 regulation of biological process,-2.868567561856664,3.1514174252275677,3.8899675125762085,30293,125,769,10,1.3003901170351104,0.4085369838353505,604|1012|1946|5879|7414|7422|9475|30008|90102|342184,BCL6|CDH13|EFNA5|RAC1|VCL|VEGFA|ROCK2|EFEMP2|PHLDB2|FMN1,-1.2016337895209537,0,37,0,0,-4.301395241861,11.586093475101352,
1,-2.776318565131424,GO:0150116,M1,1,0,GO Biological Processes,19,regulation of cell-substrate junction organization,19_GO:0050789 regulation of biological process,-2.776318565131424,4.055132716285474,4.070435976580393,30293,68,769,7,0.9102730819245773,0.34248140459762805,1946|5879|7414|7422|9475|90102|342184,EFNA5|RAC1|VCL|VEGFA|ROCK2|PHLDB2|FMN1,-1.1379158813818784,0,37,0,0,-4.301395241861,11.586093475101352,
1,-2.2191632693710925,GO:0045601,M1,1,0,GO Biological Processes,19,regulation of endothelial cell differentiation,19_GO:0032502 developmental process,-2.2191632693710925,4.281817153841804,3.594940353366531,30293,46,769,5,0.6501950585175552,0.2898292224783175,7414|7422|9475|23236|340481,VCL|VEGFA|ROCK2|PLCB1|ZDHHC21,-0.7820471763230139,0,37,0,0,-4.301395241861,11.586093475101352,
1,-4.177391695485542,GO:0010562,M1,1,0,GO Biological Processes,19,positive regulation of phosphorus metabolic process,19_GO:0048518 positive regulation of biological process,-4.177391695485542,2.014400342830122,4.395113740642563,30293,704,769,36,4.681404421326398,0.7617522189941792,595|857|896|960|1365|1436|1946|2023|2248|2322|2689|3123|3572|3937|4208|4504|4739|4846|5159|5879|5899|6259|6693|6794|6850|7422|9475|9863|10211|23568|54209|56892|65018|84830|255919|339221,CCND1|CAV1|CCND3|CD44|CLDN3|CSF1R|EFNA5|ENO1|FGF3|FLT3|GH2|HLA-DRB1|IL6ST|LCP2|MEF2C|MT3|NEDD9|NOS3|PDGFRB|RAC1|RALB|RYK|SPN|STK11|SYK|VEGFA|ROCK2|MAGI2|FLOT1|ARL2BP|TREM2|TCIM|PINK1|ADTRP|CNEP1R1|ENPP7,-2.093334598105455,0,38,1,1,-4.177391695485542,3.535243906505285,
1,-4.177391695485542,GO:0045937,M1,1,0,GO Biological Processes,19,positive regulation of phosphate metabolic process,19_GO:0048518 positive regulation of biological process,-4.177391695485542,2.014400342830122,4.395113740642563,30293,704,769,36,4.681404421326398,0.7617522189941792,595|857|896|960|1365|1436|1946|2023|2248|2322|2689|3123|3572|3937|4208|4504|4739|4846|5159|5879|5899|6259|6693|6794|6850|7422|9475|9863|10211|23568|54209|56892|65018|84830|255919|339221,CCND1|CAV1|CCND3|CD44|CLDN3|CSF1R|EFNA5|ENO1|FGF3|FLT3|GH2|HLA-DRB1|IL6ST|LCP2|MEF2C|MT3|NEDD9|NOS3|PDGFRB|RAC1|RALB|RYK|SPN|STK11|SYK|VEGFA|ROCK2|MAGI2|FLOT1|ARL2BP|TREM2|TCIM|PINK1|ADTRP|CNEP1R1|ENPP7,-2.093334598105455,0,38,0,0,-4.177391695485542,3.535243906505285,
1,-3.8500087325049623,GO:0031401,M1,1,0,GO Biological Processes,19,positive regulation of protein modification process,19_GO:0048518 positive regulation of biological process,-3.8500087325049623,1.89964882865875,4.129789005564888,30293,788,769,38,4.9414824447334205,0.7815575756855582,595|857|896|960|1365|1436|1946|1958|2248|2322|2689|3123|3309|3572|3937|4504|4739|5159|5879|5899|6187|6693|6794|6850|7422|7805|7913|9475|9863|10010|10211|23451|23568|54209|56892|65018|84830|255919,CCND1|CAV1|CCND3|CD44|CLDN3|CSF1R|EFNA5|EGR1|FGF3|FLT3|GH2|HLA-DRB1|HSPA5|IL6ST|LCP2|MT3|NEDD9|PDGFRB|RAC1|RALB|RPS2|SPN|STK11|SYK|VEGFA|LAPTM5|DEK|ROCK2|MAGI2|TANK|FLOT1|SF3B1|ARL2BP|TREM2|TCIM|PINK1|ADTRP|CNEP1R1,-1.8427916653575973,0,38,0,0,-4.177391695485542,3.535243906505285,
1,-3.3001993011934396,GO:0001934,M1,1,0,GO Biological Processes,19,positive regulation of protein phosphorylation,19_GO:0048518 positive regulation of biological process,-3.3001993011934396,1.9628673825515353,3.7853747283074544,30293,582,769,29,3.7711313394018204,0.6869503499558784,595|857|896|960|1365|1436|1946|2248|2322|2689|3123|3572|3937|4504|4739|5159|5879|5899|6693|6794|6850|7422|9475|10211|23568|54209|56892|65018|84830,CCND1|CAV1|CCND3|CD44|CLDN3|CSF1R|EFNA5|FGF3|FLT3|GH2|HLA-DRB1|IL6ST|LCP2|MT3|NEDD9|PDGFRB|RAC1|RALB|SPN|STK11|SYK|VEGFA|ROCK2|FLOT1|ARL2BP|TREM2|TCIM|PINK1|ADTRP,-1.4830469338165602,0,38,0,0,-4.177391695485542,3.535243906505285,
1,-3.1092169070390954,GO:0042327,M1,1,0,GO Biological Processes,19,positive regulation of phosphorylation,19_GO:0048518 positive regulation of biological process,-3.1092169070390954,1.8848190342270144,3.613252205780815,30293,627,769,30,3.9011703511053315,0.6982216915579288,595|857|896|960|1365|1436|1946|2248|2322|2689|3123|3572|3937|4504|4739|5159|5879|5899|6259|6693|6794|6850|7422|9475|10211|23568|54209|56892|65018|84830,CCND1|CAV1|CCND3|CD44|CLDN3|CSF1R|EFNA5|FGF3|FLT3|GH2|HLA-DRB1|IL6ST|LCP2|MT3|NEDD9|PDGFRB|RAC1|RALB|RYK|SPN|STK11|SYK|VEGFA|ROCK2|FLOT1|ARL2BP|TREM2|TCIM|PINK1|ADTRP,-1.3582493858613482,0,38,0,0,-4.177391695485542,3.535243906505285,
1,-2.7101648892916126,GO:0050730,M1,1,0,GO Biological Processes,19,regulation of peptidyl-tyrosine phosphorylation,19_GO:0008152 metabolic process,-2.7101648892916126,2.451102441843664,3.525953713336803,30293,225,769,14,1.8205461638491547,0.48211204721837686,857|960|1436|1946|2322|2689|3572|4691|4739|6850|7422|22876|23568|54209,CAV1|CD44|CSF1R|EFNA5|FLT3|GH2|IL6ST|NCL|NEDD9|SYK|VEGFA|INPP5F|ARL2BP|TREM2,-1.1032290466311876,0,38,0,0,-4.177391695485542,3.535243906505285,
1,-2.4896277469409864,GO:0050731,M1,1,0,GO Biological Processes,19,positive regulation of peptidyl-tyrosine phosphorylation,19_GO:0048518 positive regulation of biological process,-2.4896277469409864,2.642194487614577,3.403248807075428,30293,164,769,11,1.4304291287386215,0.4281948461201359,960|1436|1946|2322|2689|3572|4739|6850|7422|23568|54209,CD44|CSF1R|EFNA5|FLT3|GH2|IL6ST|NEDD9|SYK|VEGFA|ARL2BP|TREM2,-0.95163545366725,0,38,0,0,-4.177391695485542,3.535243906505285,
1,-2.4351802256720707,GO:0042509,M1,1,0,GO Biological Processes,19,regulation of tyrosine phosphorylation of STAT protein,19_GO:0050896 response to stimulus,-2.4351802256720707,3.535243906505285,3.618222710663529,30293,78,769,7,0.9102730819245773,0.34248140459762805,857|1436|2322|2689|3572|22876|23568,CAV1|CSF1R|FLT3|GH2|IL6ST|INPP5F|ARL2BP,-0.9204592748113223,0,38,0,0,-4.177391695485542,3.535243906505285,
1,-2.2778960208619354,GO:0033674,M1,1,0,GO Biological Processes,19,positive regulation of kinase activity,19_GO:0048518 positive regulation of biological process,-2.2778960208619354,2.066503229657422,3.0211889610431855,30293,305,769,16,2.080624187256177,0.51471635694872,595|896|1436|2322|3123|3937|4504|4739|5159|5899|6259|6794|7422|54209|56892|65018,CCND1|CCND3|CSF1R|FLT3|HLA-DRB1|LCP2|MT3|NEDD9|PDGFRB|RALB|RYK|STK11|VEGFA|TREM2|TCIM|PINK1,-0.8139077814135555,0,38,0,0,-4.177391695485542,3.535243906505285,
1,-2.0888012640296467,GO:0051338,M1,1,0,GO Biological Processes,19,regulation of transferase activity,19_GO:0065007 biological regulation,-2.0888012640296467,1.6515580450532674,2.697308157649389,30293,644,769,27,3.5110533159947983,0.6637343972405395,595|857|896|1436|1647|1843|1915|2322|3087|3123|3937|4504|4739|5159|5899|6135|6187|6201|6259|6794|7422|8550|10983|11122|54209|56892|65018,CCND1|CAV1|CCND3|CSF1R|GADD45A|DUSP1|EEF1A1|FLT3|HHEX|HLA-DRB1|LCP2|MT3|NEDD9|PDGFRB|RALB|RPL11|RPS2|RPS7|RYK|STK11|VEGFA|MAPKAPK5|CCNI|PTPRT|TREM2|TCIM|PINK1,-0.6858394472158739,0,38,0,0,-4.177391695485542,3.535243906505285,
1,-2.069598247511111,GO:0051347,M1,1,0,GO Biological Processes,19,positive regulation of transferase activity,19_GO:0065007 biological regulation,-2.069598247511111,1.8758437054926003,2.765461107714555,30293,378,769,18,2.340702210663199,0.545213638740881,595|896|1436|2322|3123|3937|4504|4739|5159|5899|6187|6259|6794|7422|8550|54209|56892|65018,CCND1|CCND3|CSF1R|FLT3|HLA-DRB1|LCP2|MT3|NEDD9|PDGFRB|RALB|RPS2|RYK|STK11|VEGFA|MAPKAPK5|TREM2|TCIM|PINK1,-0.6753081560440463,0,38,0,0,-4.177391695485542,3.535243906505285,
1,-4.115764669334117,GO:0009617,M1,1,0,GO Biological Processes,19,response to bacterium,19_GO:0044419 biological process involved in interspecies interaction between organisms,-4.115764669334117,2.0001944165760306,4.349292762533658,30293,709,769,36,4.681404421326398,0.7617522189941792,567|706|857|1113|1365|1665|2197|2353|3123|3133|3146|4208|4846|4938|5122|5996|6039|6156|6170|6223|6347|6590|6693|6850|7056|7431|7867|9646|10561|23521|23643|51571|54209|55008|114609|400830,B2M|TSPO|CAV1|CHGA|CLDN3|DHX15|FAU|FOS|HLA-DRB1|HLA-E|HMGB1|MEF2C|NOS3|OAS1|PCSK1|RGS1|RNASE6|RPL30|RPL39|RPS19|CCL2|SLPI|SPN|SYK|THBD|VIM|MAPKAPK3|CTR9|IFI44|RPL13A|LY96|CYRIB|TREM2|HERC6|TIRAP|DEFB132,-2.048875597091044,0,39,1,1,-4.115764669334117,2.392270312672749,
1,-2.760049586981469,GO:0071216,M1,1,0,GO Biological Processes,19,cellular response to biotic stimulus,19_GO:0050896 response to stimulus,-2.760049586981469,2.392270312672749,3.5458328046296286,30293,247,769,15,1.9505851755526658,0.4987027841076265,706|978|3146|3309|4208|4846|6347|6850|7431|9646|10628|23643|51571|54209|114609,TSPO|CDA|HMGB1|HSPA5|MEF2C|NOS3|CCL2|SYK|VIM|CTR9|TXNIP|LY96|CYRIB|TREM2|TIRAP,-1.134020802412022,0,39,0,0,-4.115764669334117,2.392270312672749,
1,-2.365992001971762,GO:0002237,M1,1,0,GO Biological Processes,19,response to molecule of bacterial origin,19_GO:0044419 biological process involved in interspecies interaction between organisms,-2.365992001971762,2.0086938262781953,3.076524394564712,30293,353,769,18,2.340702210663199,0.545213638740881,567|706|2353|3146|4208|4846|5122|6347|6590|7056|7431|7867|9646|23521|23643|51571|54209|114609,B2M|TSPO|FOS|HMGB1|MEF2C|NOS3|PCSK1|CCL2|SLPI|THBD|VIM|MAPKAPK3|CTR9|RPL13A|LY96|CYRIB|TREM2|TIRAP,-0.872480071576363,0,39,0,0,-4.115764669334117,2.392270312672749,
1,-4.086118925253736,GO:0030162,M1,1,0,GO Biological Processes,19,regulation of proteolysis,19_GO:0008152 metabolic process,-4.086118925253736,2.093965066596391,4.3755115315568665,30293,602,769,32,4.161248374512354,0.7201437956185002,302|831|857|871|960|1365|1893|2023|2896|3146|3303|4193|5274|5698|6135|6201|6478|6850|6880|7422|7805|9131|9475|10010|26005|54209|55070|57154|64065|65018|147686|339745,ANXA2|CAST|CAV1|SERPINH1|CD44|CLDN3|ECM1|ENO1|GRN|HMGB1|HSPA1A|MDM2|SERPINI1|PSMB9|RPL11|RPS7|SIAH2|SYK|TAF9|VEGFA|LAPTM5|AIFM1|ROCK2|TANK|C2CD3|TREM2|DET1|SMURF1|PERP|PINK1|ZNF418|SPOPL,-2.02258349501825,0,40,1,1,-4.086118925253736,2.4459530669658416,
1,-3.4611344170469773,GO:0052547,M1,1,0,GO Biological Processes,19,regulation of peptidase activity,19_GO:0008152 metabolic process,-3.4611344170469773,2.4459530669658416,4.102871788613745,30293,306,769,19,2.4707412223667102,0.5597807020554725,831|857|871|960|1365|1893|2896|3146|5274|5698|6478|6850|7422|7805|9131|9475|10010|64065|65018,CAST|CAV1|SERPINH1|CD44|CLDN3|ECM1|GRN|HMGB1|SERPINI1|PSMB9|SIAH2|SYK|VEGFA|LAPTM5|AIFM1|ROCK2|TANK|PERP|PINK1,-1.5890070039512787,0,40,0,0,-4.086118925253736,2.4459530669658416,
1,-3.0083816342126855,GO:0051336,M1,1,0,GO Biological Processes,19,regulation of hydrolase activity,19_GO:0065007 biological regulation,-3.0083816342126855,1.7786884538137007,3.4921711760291503,30293,753,769,34,4.421326397919376,0.7412993483705937,831|857|871|960|1123|1365|1893|1946|2896|3146|3303|4208|4938|5159|5274|5698|5996|6347|6478|6850|7422|7805|8725|9131|9475|9863|9938|10010|23216|25791|26230|64065|65018|81565,CAST|CAV1|SERPINH1|CD44|CHN1|CLDN3|ECM1|EFNA5|GRN|HMGB1|HSPA1A|MEF2C|OAS1|PDGFRB|SERPINI1|PSMB9|RGS1|CCL2|SIAH2|SYK|VEGFA|LAPTM5|URI1|AIFM1|ROCK2|MAGI2|ARHGAP25|TANK|TBC1D1|NGEF|TIAM2|PERP|PINK1|NDEL1,-1.2887847484043553,0,40,0,0,-4.086118925253736,2.4459530669658416,
1,-2.5765294556953786,GO:0045862,M1,1,0,GO Biological Processes,19,positive regulation of proteolysis,19_GO:0048518 positive regulation of biological process,-2.5765294556953786,2.104062079157872,3.2893196441844434,30293,337,769,18,2.340702210663199,0.545213638740881,302|857|1365|2023|2896|3146|3303|4193|6850|7805|9131|9475|10010|54209|55070|57154|64065|65018,ANXA2|CAV1|CLDN3|ENO1|GRN|HMGB1|HSPA1A|MDM2|SYK|LAPTM5|AIFM1|ROCK2|TANK|TREM2|DET1|SMURF1|PERP|PINK1,-1.0160510142739552,0,40,0,0,-4.086118925253736,2.4459530669658416,
1,-4.057835980417703,GO:0098869,M1,1,0,GO Biological Processes,19,cellular oxidant detoxification,19_GO:0098754 detoxification,-4.057835980417703,4.426148069139843,5.22406348802285,30293,89,769,10,1.3003901170351104,0.4085369838353505,538|2954|3039|3040|3043|3047|4504|4846|9446|84293,ATP7A|GSTZ1|HBA1|HBA2|HBB|HBG1|MT3|NOS3|GSTO1|PRXL2A,-2.004208838842467,0,41,1,1,-4.057835980417703,23.63563068920676,
1,-3.8045227809742603,GO:0030185,M1,1,0,GO Biological Processes,19,nitric oxide transport,19_GO:0051179 localization,-3.8045227809742603,23.63563068920676,8.169243648207676,30293,5,769,3,0.39011703511053314,0.22479440747191654,3039|3040|3043,HBA1|HBA2|HBB,-1.8117354292495367,0,41,0,0,-4.057835980417703,23.63563068920676,
1,-3.6689223540713445,GO:0097237,M1,1,0,GO Biological Processes,19,cellular response to toxic substance,19_GO:0050896 response to stimulus,-3.6689223540713445,3.6722025082100904,4.693818336558247,30293,118,769,11,1.4304291287386215,0.4281948461201359,538|2954|3039|3040|3043|3047|4504|4846|9446|65018|84293,ATP7A|GSTZ1|HBA1|HBA2|HBB|HBG1|MT3|NOS3|GSTO1|PINK1|PRXL2A,-1.7244396819211758,0,41,0,0,-4.057835980417703,23.63563068920676,
1,-3.3469375757689113,GO:0015670,M1,1,0,GO Biological Processes,19,carbon dioxide transport,19_GO:0051179 localization,-3.3469375757689113,10.50472475075856,5.9423896743261055,30293,15,769,4,0.5201560468140443,0.2594007357379462,3039|3040|3043|3047,HBA1|HBA2|HBB|HBG1,-1.5197068115607517,0,41,0,0,-4.057835980417703,23.63563068920676,
1,-3.3469375757689113,GO:0015671,M1,1,0,GO Biological Processes,19,oxygen transport,19_GO:0051179 localization,-3.3469375757689113,10.50472475075856,5.9423896743261055,30293,15,769,4,0.5201560468140443,0.2594007357379462,3039|3040|3043|3047,HBA1|HBA2|HBB|HBG1,-1.5197068115607517,0,41,0,0,-4.057835980417703,23.63563068920676,
1,-3.3310454839634502,GO:1990748,M1,1,0,GO Biological Processes,19,cellular detoxification,19_GO:0098754 detoxification,-3.3310454839634502,3.614010808747211,4.4123685209165835,30293,109,769,10,1.3003901170351104,0.4085369838353505,538|2954|3039|3040|3043|3047|4504|4846|9446|84293,ATP7A|GSTZ1|HBA1|HBA2|HBB|HBG1|MT3|NOS3|GSTO1|PRXL2A,-1.5057492195324902,0,41,0,0,-4.057835980417703,23.63563068920676,
1,-2.95549514681189,GO:0009636,M1,1,0,GO Biological Processes,19,response to toxic substance,19_GO:0050896 response to stimulus,-2.95549514681189,2.5037744374159705,3.742875914904725,30293,236,769,15,1.9505851755526658,0.4987027841076265,538|1665|2353|2954|3039|3040|3043|3047|4193|4504|4846|9131|9446|65018|84293,ATP7A|DHX15|FOS|GSTZ1|HBA1|HBA2|HBB|HBG1|MDM2|MT3|NOS3|AIFM1|GSTO1|PINK1|PRXL2A,-1.258627418419659,0,41,0,0,-4.057835980417703,23.63563068920676,
1,-2.7852914682572782,GO:0072593,M1,1,0,GO Biological Processes,19,reactive oxygen species metabolic process,19_GO:0008152 metabolic process,-2.7852914682572782,3.3134061713841256,3.8688379604713896,30293,107,769,9,1.1703511053315996,0.3878274468226617,538|1535|3039|3040|3043|3047|4504|4846|654817,ATP7A|CYBA|HBA1|HBA2|HBB|HBG1|MT3|NOS3|NCF1C,-1.1402540780267345,0,41,0,0,-4.057835980417703,23.63563068920676,
1,-2.679157502335208,GO:0015669,M1,1,0,GO Biological Processes,19,gas transport,19_GO:0051179 localization,-2.679157502335208,7.162312330062655,4.666391886408894,30293,22,769,4,0.5201560468140443,0.2594007357379462,3039|3040|3043|3047,HBA1|HBA2|HBB|HBG1,-1.0837420827045943,0,41,0,0,-4.057835980417703,23.63563068920676,
1,-2.5962846296493813,GO:0098754,M1,1,0,GO Biological Processes,19,detoxification,19_GO:0098754 detoxification,-2.5962846296493813,2.896523368775338,3.57744635625441,30293,136,769,10,1.3003901170351104,0.4085369838353505,538|2954|3039|3040|3043|3047|4504|4846|9446|84293,ATP7A|GSTZ1|HBA1|HBA2|HBB|HBG1|MT3|NOS3|GSTO1|PRXL2A,-1.0305291551144007,0,41,0,0,-4.057835980417703,23.63563068920676,
1,-2.4364079421256966,GO:0042743,M1,1,0,GO Biological Processes,19,hydrogen peroxide metabolic process,19_GO:0008152 metabolic process,-2.4364079421256966,4.803989977481049,3.9336325786876336,30293,41,769,5,0.6501950585175552,0.2898292224783175,1535|3039|3040|3043|3047,CYBA|HBA1|HBA2|HBB|HBG1,-0.9207418451206353,0,41,0,0,-4.057835980417703,23.63563068920676,
1,-2.3426407189846783,GO:0042744,M1,1,0,GO Biological Processes,19,hydrogen peroxide catabolic process,19_GO:0008152 metabolic process,-2.3426407189846783,5.835958194865867,4.057200326321359,30293,27,769,4,0.5201560468140443,0.2594007357379462,3039|3040|3043|3047,HBA1|HBA2|HBB|HBG1,-0.8580088557195859,0,41,0,0,-4.057835980417703,23.63563068920676,
1,-4.050069591638199,GO:2001233,M1,1,0,GO Biological Processes,19,regulation of apoptotic signaling pathway,19_GO:0050896 response to stimulus,-4.050069591638199,2.387437443354218,4.4852509174015625,30293,396,769,24,3.120936280884265,0.6270385582010519,599|857|960|1495|2023|2730|3303|4000|4193|4846|6135|6201|6478|6672|6880|7178|8406|8531|8725|10625|11124|26574|54209|65018,BCL2L2|CAV1|CD44|CTNNA1|ENO1|GCLM|HSPA1A|LMNA|MDM2|NOS3|RPL11|RPS7|SIAH2|SP100|TAF9|TPT1|SRPX|YBX3|URI1|IVNS1ABP|FAF1|AATF|TREM2|PINK1,-1.9996956074606838,0,42,1,1,-4.050069591638199,5.6275311164778,
1,-3.9538125978669285,GO:2001242,M1,1,0,GO Biological Processes,19,regulation of intrinsic apoptotic signaling pathway,19_GO:0050896 response to stimulus,-3.9538125978669285,3.1099514064745737,4.7085144780977295,30293,190,769,15,1.9505851755526658,0.4987027841076265,599|857|960|2023|3303|4193|6135|6201|6880|7178|8531|8725|10625|54209|65018,BCL2L2|CAV1|CD44|ENO1|HSPA1A|MDM2|RPL11|RPS7|TAF9|TPT1|YBX3|URI1|IVNS1ABP|TREM2|PINK1,-1.925552927979986,0,42,0,0,-4.050069591638199,5.6275311164778,
1,-3.8016123484485167,GO:2001243,M1,1,0,GO Biological Processes,19,negative regulation of intrinsic apoptotic signaling pathway,19_GO:0048519 negative regulation of biological process,-3.8016123484485167,3.8010517190244797,4.835714770682533,30293,114,769,11,1.4304291287386215,0.4281948461201359,599|960|2023|3303|4193|6880|7178|8531|8725|10625|65018,BCL2L2|CD44|ENO1|HSPA1A|MDM2|TAF9|TPT1|YBX3|URI1|IVNS1ABP|PINK1,-1.8116542867426573,0,42,0,0,-4.050069591638199,5.6275311164778,
1,-3.7349376069166516,GO:2001234,M1,1,0,GO Biological Processes,19,negative regulation of apoptotic signaling pathway,19_GO:0048519 negative regulation of biological process,-3.7349376069166516,2.744574601888764,4.415795906510515,30293,244,769,17,2.210663198959688,0.5302050638900828,599|960|1495|2023|2730|3303|4000|4193|4846|6478|6880|7178|8531|8725|10625|26574|65018,BCL2L2|CD44|CTNNA1|ENO1|GCLM|HSPA1A|LMNA|MDM2|NOS3|SIAH2|TAF9|TPT1|YBX3|URI1|IVNS1ABP|AATF|PINK1,-1.76462707415867,0,42,0,0,-4.050069591638199,5.6275311164778,
1,-3.253020552014349,GO:1902532,M1,1,0,GO Biological Processes,19,negative regulation of intracellular signal transduction,19_GO:0048519 negative regulation of biological process,-3.253020552014349,1.949468970383948,3.745758137375903,30293,586,769,29,3.7711313394018204,0.6869503499558784,599|604|857|960|1843|1848|2021|2023|3303|3708|4193|5037|6794|6880|7178|8483|8531|8550|8725|9863|9938|10010|10625|23171|51571|51701|54209|54468|65018,BCL2L2|BCL6|CAV1|CD44|DUSP1|DUSP6|ENDOG|ENO1|HSPA1A|ITPR1|MDM2|PEBP1|STK11|TAF9|TPT1|CILP|YBX3|MAPKAPK5|URI1|MAGI2|ARHGAP25|TANK|IVNS1ABP|GPD1L|CYRIB|NLK|TREM2|MIOS|PINK1,-1.4647078538365592,0,42,0,0,-4.050069591638199,5.6275311164778,
1,-2.7455156876161726,GO:1902253,M1,1,0,GO Biological Processes,19,regulation of intrinsic apoptotic signaling pathway by p53 class mediator,19_GO:0050896 response to stimulus,-2.7455156876161726,5.6275311164778,4.4208197346069955,30293,35,769,5,0.6501950585175552,0.2898292224783175,960|4193|6135|6201|6880,CD44|MDM2|RPL11|RPS7|TAF9,-1.1243394058411373,0,42,0,0,-4.050069591638199,5.6275311164778,
1,-2.222691800061657,GO:1901796,M1,1,0,GO Biological Processes,19,regulation of signal transduction by p53 class mediator,19_GO:0050896 response to stimulus,-2.222691800061657,2.9452499301192225,3.253149777735225,30293,107,769,8,1.0403120936280885,0.3658877017432317,960|4193|6135|6167|6201|6794|6880|8550,CD44|MDM2|RPL11|RPL37|RPS7|STK11|TAF9|MAPKAPK5,-0.7820471763230139,0,42,0,0,-4.050069591638199,5.6275311164778,
1,-4.027119255071944,GO:0080135,M1,1,0,GO Biological Processes,19,regulation of cellular response to stress,19_GO:0050896 response to stimulus,-4.027119255071944,2.026251748444352,4.305401947565764,30293,661,769,34,4.421326397919376,0.7412993483705937,240|857|960|1647|1843|2023|2896|3146|3303|3309|3489|4193|4616|6595|6880|7178|7422|7913|8505|8531|9475|9867|11211|22876|22891|23236|29072|51278|51776|54209|55074|65018|114609|222166,ALOX5|CAV1|CD44|GADD45A|DUSP1|ENO1|GRN|HMGB1|HSPA1A|HSPA5|IGFBP6|MDM2|GADD45B|SMARCA2|TAF9|TPT1|VEGFA|DEK|PARG|YBX3|ROCK2|PJA2|FZD10|INPP5F|ZNF365|PLCB1|SETD2|IER5|MAP3K20|TREM2|OXR1|PINK1|TIRAP|MTURN,-1.9876948314711795,0,43,1,1,-4.027119255071944,5.25236237537928,
1,-3.0363857345302105,GO:1900744,M1,1,0,GO Biological Processes,19,regulation of p38MAPK cascade,19_GO:0050896 response to stimulus,-3.0363857345302105,5.25236237537928,4.607101042331317,30293,45,769,6,0.7802340702210663,0.31728415518844433,1647|1843|4616|7422|9867|54209,GADD45A|DUSP1|GADD45B|VEGFA|PJA2|TREM2,-1.3106933875121782,0,43,0,0,-4.027119255071944,5.25236237537928,
1,-2.9003560794257783,GO:0032872,M1,1,0,GO Biological Processes,19,regulation of stress-activated MAPK cascade,19_GO:0050896 response to stimulus,-2.9003560794257783,2.6811797465941356,3.7616007894498042,30293,191,769,13,1.6905071521456436,0.4648823568385354,1647|1843|3146|3489|4616|7422|9867|11211|23236|54209|65018|114609|222166,GADD45A|DUSP1|HMGB1|IGFBP6|GADD45B|VEGFA|PJA2|FZD10|PLCB1|TREM2|PINK1|TIRAP|MTURN,-1.222761343944436,0,43,0,0,-4.027119255071944,5.25236237537928,
1,-2.839340585262889,GO:0070302,M1,1,0,GO Biological Processes,19,regulation of stress-activated protein kinase signaling cascade,19_GO:0050896 response to stimulus,-2.839340585262889,2.6397182041210305,3.697716365074702,30293,194,769,13,1.6905071521456436,0.4648823568385354,1647|1843|3146|3489|4616|7422|9867|11211|23236|54209|65018|114609|222166,GADD45A|DUSP1|HMGB1|IGFBP6|GADD45B|VEGFA|PJA2|FZD10|PLCB1|TREM2|PINK1|TIRAP|MTURN,-1.1856082695321308,0,43,0,0,-4.027119255071944,5.25236237537928,
1,-2.791005342789782,GO:0032874,M1,1,0,GO Biological Processes,19,positive regulation of stress-activated MAPK cascade,19_GO:0048518 positive regulation of biological process,-2.791005342789782,3.077556079323797,3.801417950455768,30293,128,769,10,1.3003901170351104,0.4085369838353505,1647|3146|3489|4616|7422|9867|11211|23236|114609|222166,GADD45A|HMGB1|IGFBP6|GADD45B|VEGFA|PJA2|FZD10|PLCB1|TIRAP|MTURN,-1.1424432605251145,0,43,0,0,-4.027119255071944,5.25236237537928,
1,-2.7407180510736153,GO:0070304,M1,1,0,GO Biological Processes,19,positive regulation of stress-activated protein kinase signaling cascade,19_GO:0048518 positive regulation of biological process,-2.7407180510736153,3.030209062718815,3.7438179038070287,30293,130,769,10,1.3003901170351104,0.4085369838353505,1647|3146|3489|4616|7422|9867|11211|23236|114609|222166,GADD45A|HMGB1|IGFBP6|GADD45B|VEGFA|PJA2|FZD10|PLCB1|TIRAP|MTURN,-1.1207464704369507,0,43,0,0,-4.027119255071944,5.25236237537928,
1,-2.5654519246297616,GO:0046330,M1,1,0,GO Biological Processes,19,positive regulation of JNK cascade,19_GO:0048518 positive regulation of biological process,-2.5654519246297616,3.3525717289654984,3.6868041286514504,30293,94,769,8,1.0403120936280885,0.3658877017432317,1647|3146|4616|9867|11211|23236|114609|222166,GADD45A|HMGB1|GADD45B|PJA2|FZD10|PLCB1|TIRAP|MTURN,-1.0081091970611966,0,43,0,0,-4.027119255071944,5.25236237537928,
1,-2.123778916202875,GO:1900745,M1,1,0,GO Biological Processes,19,positive regulation of p38MAPK cascade,19_GO:0048518 positive regulation of biological process,-2.123778916202875,5.082931331012207,3.6706557371899504,30293,31,769,4,0.5201560468140443,0.2594007357379462,1647|4616|7422|9867,GADD45A|GADD45B|VEGFA|PJA2,-0.7149382349081671,0,43,0,0,-4.027119255071944,5.25236237537928,
1,-2.074576814940107,GO:0046328,M1,1,0,GO Biological Processes,19,regulation of JNK cascade,19_GO:0050896 response to stimulus,-2.074576814940107,2.5878427761905214,3.006217921342371,30293,137,769,9,1.1703511053315996,0.3878274468226617,1647|3146|4616|9867|11211|23236|65018|114609|222166,GADD45A|HMGB1|GADD45B|PJA2|FZD10|PLCB1|PINK1|TIRAP|MTURN,-0.675831179584927,0,43,0,0,-4.027119255071944,5.25236237537928,
1,-3.9682035148605608,GO:0032103,M1,1,0,GO Biological Processes,19,positive regulation of response to external stimulus,19_GO:0048518 positive regulation of biological process,-3.9682035148605608,2.1216903670742155,4.312199644330204,30293,557,769,30,3.9011703511053315,0.6982216915579288,857|1012|1230|1436|1535|2896|3133|3146|3303|3572|3956|4739|4938|5025|5159|5879|6223|6850|7056|7162|7422|7867|8673|9698|9867|10211|23075|23643|54209|114609,CAV1|CDH13|CCR1|CSF1R|CYBA|GRN|HLA-E|HMGB1|HSPA1A|IL6ST|LGALS1|NEDD9|OAS1|P2RX4|PDGFRB|RAC1|RPS19|SYK|THBD|TPBG|VEGFA|MAPKAPK3|VAMP8|PUM1|PJA2|FLOT1|SWAP70|LY96|TREM2|TIRAP,-1.9368527679964764,0,44,1,1,-3.9682035148605608,4.9240897269180754,
1,-3.677919035673817,GO:0062208,M1,1,0,GO Biological Processes,19,positive regulation of pattern recognition receptor signaling pathway,19_GO:0044419 biological process involved in interspecies interaction between organisms,-3.677919035673817,4.9240897269180754,5.071735212228235,30293,64,769,8,1.0403120936280885,0.3658877017432317,857|1535|3146|3303|9698|9867|10211|114609,CAV1|CYBA|HMGB1|HSPA1A|PUM1|PJA2|FLOT1|TIRAP,-1.728326957745168,0,44,0,0,-3.9682035148605608,4.9240897269180754,
1,-3.2511121187480754,GO:0001819,M1,1,0,GO Biological Processes,19,positive regulation of cytokine production,19_GO:0048518 positive regulation of biological process,-3.2511121187480754,2.036204101787196,3.782105104243516,30293,503,769,26,3.3810143042912872,0.6517658046518952,301|567|914|1436|1535|1958|3113|3133|3146|3303|3572|4938|5885|6693|6850|7805|9475|10010|10211|23236|23643|29072|51571|54209|114609|126259,ANXA1|B2M|CD2|CSF1R|CYBA|EGR1|HLA-DPA1|HLA-E|HMGB1|HSPA1A|IL6ST|OAS1|RAD21|SPN|SYK|LAPTM5|ROCK2|TANK|FLOT1|PLCB1|LY96|SETD2|CYRIB|TREM2|TIRAP|TMIGD2,-1.464568443309132,0,44,0,0,-3.9682035148605608,4.9240897269180754,
1,-2.9418468181574875,GO:0032680,M1,1,0,GO Biological Processes,19,regulation of tumor necrosis factor production,19_GO:0032501 multicellular organismal process,-2.9418468181574875,2.709552019044867,3.8048773802576674,30293,189,769,13,1.6905071521456436,0.4648823568385354,706|914|1149|1535|3133|3146|4938|5885|6693|6850|23643|54209|114609,TSPO|CD2|CIDEA|CYBA|HLA-E|HMGB1|OAS1|RAD21|SPN|SYK|LY96|TREM2|TIRAP,-1.250089462096745,0,44,0,0,-3.9682035148605608,4.9240897269180754,
1,-2.839340585262889,GO:1903555,M1,1,0,GO Biological Processes,19,regulation of tumor necrosis factor superfamily cytokine production,19_GO:0032501 multicellular organismal process,-2.839340585262889,2.6397182041210305,3.697716365074702,30293,194,769,13,1.6905071521456436,0.4648823568385354,706|914|1149|1535|3133|3146|4938|5885|6693|6850|23643|54209|114609,TSPO|CD2|CIDEA|CYBA|HLA-E|HMGB1|OAS1|RAD21|SPN|SYK|LY96|TREM2|TIRAP,-1.1856082695321308,0,44,0,0,-3.9682035148605608,4.9240897269180754,
1,-2.7294254570159424,GO:0032760,M1,1,0,GO Biological Processes,19,positive regulation of tumor necrosis factor production,19_GO:0048518 positive regulation of biological process,-2.7294254570159424,3.2526097278724904,3.80233479521784,30293,109,769,9,1.1703511053315996,0.3878274468226617,914|1535|3133|3146|4938|6693|6850|23643|114609,CD2|CYBA|HLA-E|HMGB1|OAS1|SPN|SYK|LY96|TIRAP,-1.1166393927403662,0,44,0,0,-3.9682035148605608,4.9240897269180754,
1,-2.668568635695247,GO:0002833,M1,1,0,GO Biological Processes,19,positive regulation of response to biotic stimulus,19_GO:0048518 positive regulation of biological process,-2.668568635695247,2.2028822462528233,3.401875851623939,30293,304,769,17,2.210663198959688,0.5302050638900828,857|1535|2896|3123|3125|3133|3146|3303|4938|6223|6850|7867|9698|9867|10211|23643|114609,CAV1|CYBA|GRN|HLA-DRB1|HLA-DRB3|HLA-E|HMGB1|HSPA1A|OAS1|RPS19|SYK|MAPKAPK3|PUM1|PJA2|FLOT1|LY96|TIRAP,-1.0754210775204556,0,44,0,0,-3.9682035148605608,4.9240897269180754,
1,-2.621866782806683,GO:1903557,M1,1,0,GO Biological Processes,19,positive regulation of tumor necrosis factor superfamily cytokine production,19_GO:0048518 positive regulation of biological process,-2.621866782806683,3.1374731003371807,3.673836356112572,30293,113,769,9,1.1703511053315996,0.3878274468226617,914|1535|3133|3146|4938|6693|6850|23643|114609,CD2|CYBA|HLA-E|HMGB1|OAS1|SPN|SYK|LY96|TIRAP,-1.0507693653749655,0,44,0,0,-3.9682035148605608,4.9240897269180754,
1,-2.3903737395429845,GO:0032735,M1,1,0,GO Biological Processes,19,positive regulation of interleukin-12 production,19_GO:0048518 positive regulation of biological process,-2.3903737395429845,4.6896092637315,3.861665916832286,30293,42,769,5,0.6501950585175552,0.2898292224783175,3146|6850|7805|23236|114609,HMGB1|SYK|LAPTM5|PLCB1|TIRAP,-0.8914133360407761,0,44,0,0,-3.9682035148605608,4.9240897269180754,
1,-2.296416139632868,GO:0039531,M1,1,0,GO Biological Processes,19,regulation of cytoplasmic pattern recognition receptor signaling pathway,19_GO:0044419 biological process involved in interspecies interaction between organisms,-2.296416139632868,3.0302090627188156,3.347130256988598,30293,104,769,8,1.0403120936280885,0.3658877017432317,857|3146|3303|9698|10211|54209|54941|114609,CAV1|HMGB1|HSPA1A|PUM1|FLOT1|TREM2|RNF125|TIRAP,-0.826507533188482,0,44,0,0,-3.9682035148605608,4.9240897269180754,
1,-2.2616663458424973,GO:0031349,M1,1,0,GO Biological Processes,19,positive regulation of defense response,19_GO:0048518 positive regulation of biological process,-2.2616663458424973,1.8848190342270144,2.939870403942747,30293,418,769,20,2.600780234070221,0.5739398725899987,857|1535|2896|3133|3146|3303|3572|3956|4208|4938|6223|6850|7867|8673|9698|9867|10211|23643|54209|114609,CAV1|CYBA|GRN|HLA-E|HMGB1|HSPA1A|IL6ST|LGALS1|MEF2C|OAS1|RPS19|SYK|MAPKAPK3|VAMP8|PUM1|PJA2|FLOT1|LY96|TREM2|TIRAP,-0.8020022415482551,0,44,0,0,-3.9682035148605608,4.9240897269180754,
1,-2.1818032272789654,GO:0002831,M1,1,0,GO Biological Processes,19,regulation of response to biotic stimulus,19_GO:0050896 response to stimulus,-2.1818032272789654,1.7661452431830913,2.8245351974513704,30293,513,769,23,2.990897269180754,0.6142481003592162,857|1535|2896|3075|3123|3125|3133|3146|3303|4938|6223|6693|6850|7867|9474|9698|9867|10211|23643|54209|54941|55646|114609,CAV1|CYBA|GRN|CFH|HLA-DRB1|HLA-DRB3|HLA-E|HMGB1|HSPA1A|OAS1|RPS19|SPN|SYK|MAPKAPK3|ATG5|PUM1|PJA2|FLOT1|LY96|TREM2|RNF125|LYAR|TIRAP,-0.7525124717428433,0,44,0,0,-3.9682035148605608,4.9240897269180754,
1,-2.152592522667056,GO:0045088,M1,1,0,GO Biological Processes,19,regulation of innate immune response,19_GO:0044419 biological process involved in interspecies interaction between organisms,-2.152592522667056,1.840781206324514,2.8272431865009495,30293,428,769,20,2.600780234070221,0.5739398725899987,857|1535|2896|3075|3133|3146|3303|4938|6223|6850|7867|9474|9698|9867|10211|23643|54209|54941|55646|114609,CAV1|CYBA|GRN|CFH|HLA-E|HMGB1|HSPA1A|OAS1|RPS19|SYK|MAPKAPK3|ATG5|PUM1|PJA2|FLOT1|LY96|TREM2|RNF125|LYAR|TIRAP,-0.7332683620921236,0,44,0,0,-3.9682035148605608,4.9240897269180754,
1,-2.137781074728184,GO:0062207,M1,1,0,GO Biological Processes,19,regulation of pattern recognition receptor signaling pathway,19_GO:0044419 biological process involved in interspecies interaction between organisms,-2.137781074728184,2.4932099883129495,3.0370600395068643,30293,158,769,10,1.3003901170351104,0.4085369838353505,857|1535|3146|3303|9698|9867|10211|54209|54941|114609,CAV1|CYBA|HMGB1|HSPA1A|PUM1|PJA2|FLOT1|TREM2|RNF125|TIRAP,-0.7229808559132977,0,44,0,0,-3.9682035148605608,4.9240897269180754,
1,-2.0029399964545296,GO:0032722,M1,1,0,GO Biological Processes,19,positive regulation of chemokine production,19_GO:0048518 positive regulation of biological process,-2.0029399964545296,3.2827264846120503,3.1297183487502127,30293,72,769,6,0.7802340702210663,0.31728415518844433,1436|1958|3146|4938|6850|114609,CSF1R|EGR1|HMGB1|OAS1|SYK|TIRAP,-0.6302818926333694,0,44,0,0,-3.9682035148605608,4.9240897269180754,
1,-3.939515889957562,GO:0009725,M1,1,0,GO Biological Processes,19,response to hormone,19_GO:0050896 response to stimulus,-3.939515889957562,1.9191324063885835,4.197186300113952,30293,780,769,38,4.9414824447334205,0.7815575756855582,301|595|706|857|1385|1495|1946|1958|2322|2353|2354|2689|2692|2730|2845|3303|3485|4193|4208|4504|4644|4846|5122|6794|7035|8725|9131|9475|10268|10628|10726|23236|51083|55818|59350|81565|84830|344901,ANXA1|CCND1|TSPO|CAV1|CREB1|CTNNA1|EFNA5|EGR1|FLT3|FOS|FOSB|GH2|GHRHR|GCLM|GPR22|HSPA1A|IGFBP2|MDM2|MEF2C|MT3|MYO5A|NOS3|PCSK1|STK11|TFPI|URI1|AIFM1|ROCK2|RAMP3|TXNIP|NUDC|PLCB1|GAL|KDM3A|RXFP1|NDEL1|ADTRP|OSTN,-1.914325451798296,0,45,1,1,-3.939515889957562,2.3917007245030653,
1,-3.7272620086532946,GO:0071407,M1,1,0,GO Biological Processes,19,cellular response to organic cyclic compound,19_GO:0050896 response to stimulus,-3.7272620086532946,2.1884843230747,4.181823544699669,30293,468,769,26,3.3810143042912872,0.6517658046518952,111|301|599|857|1385|1495|1946|1958|2322|2730|2778|3303|4193|4208|5025|5899|7035|8725|9131|9475|10211|10268|23236|55818|84830|283537,ADCY5|ANXA1|BCL2L2|CAV1|CREB1|CTNNA1|EFNA5|EGR1|FLT3|GCLM|GNAS|HSPA1A|MDM2|MEF2C|P2RX4|RALB|TFPI|URI1|AIFM1|ROCK2|FLOT1|RAMP3|PLCB1|KDM3A|ADTRP|SLC46A3,-1.76462707415867,0,45,0,0,-3.939515889957562,2.3917007245030653,
1,-3.2767067305639728,GO:0032870,M1,1,0,GO Biological Processes,19,cellular response to hormone stimulus,19_GO:0050896 response to stimulus,-3.2767067305639728,2.044332661075768,3.804060711670167,30293,501,769,26,3.3810143042912872,0.6517658046518952,301|857|1946|2322|2353|2354|2689|2692|2730|2845|3303|3485|4193|4208|4504|4644|7035|8725|9131|10268|23236|55818|59350|81565|84830|344901,ANXA1|CAV1|EFNA5|FLT3|FOS|FOSB|GH2|GHRHR|GCLM|GPR22|HSPA1A|IGFBP2|MDM2|MEF2C|MT3|MYO5A|TFPI|URI1|AIFM1|RAMP3|PLCB1|KDM3A|RXFP1|NDEL1|ADTRP|OSTN,-1.4787239380474395,0,45,0,0,-3.939515889957562,2.3917007245030653,
1,-3.1957549920171577,GO:0071396,M1,1,0,GO Biological Processes,19,cellular response to lipid,19_GO:0050896 response to stimulus,-3.1957549920171577,1.9880437028304752,3.7212660563076656,30293,535,769,27,3.5110533159947983,0.6637343972405395,111|301|599|706|1385|1946|2322|2353|3146|3303|4208|4846|6347|6850|7035|7431|8725|9131|9475|9646|10268|11211|23236|23643|54209|55818|84830,ADCY5|ANXA1|BCL2L2|TSPO|CREB1|EFNA5|FLT3|FOS|HMGB1|HSPA1A|MEF2C|NOS3|CCL2|SYK|TFPI|VIM|URI1|AIFM1|ROCK2|CTR9|RAMP3|FZD10|PLCB1|LY96|TREM2|KDM3A|ADTRP,-1.4265161747866848,0,45,0,0,-3.939515889957562,2.3917007245030653,
1,-3.0508959951373336,GO:0048545,M1,1,0,GO Biological Processes,19,response to steroid hormone,19_GO:0050896 response to stimulus,-3.0508959951373336,2.3917007245030653,3.775806332794708,30293,280,769,17,2.210663198959688,0.5302050638900828,301|706|857|2322|2353|2354|2692|3303|3485|4193|5122|7035|8725|9131|10628|55818|84830,ANXA1|TSPO|CAV1|FLT3|FOS|FOSB|GHRHR|HSPA1A|IGFBP2|MDM2|PCSK1|TFPI|URI1|AIFM1|TXNIP|KDM3A|ADTRP,-1.3236663209143722,0,45,0,0,-3.939515889957562,2.3917007245030653,
1,-3.9299620359921454,GO:0010738,M1,1,0,GO Biological Processes,19,regulation of protein kinase A signaling,19_GO:0050896 response to stimulus,-3.9299620359921454,9.84817945383615,6.388232813049943,30293,20,769,5,0.6501950585175552,0.2898292224783175,9049|9465|9867|10268|56892,AIP|AKAP7|PJA2|RAMP3|TCIM,-1.9108457455450725,0,46,1,1,-3.9299620359921454,9.84817945383615,
1,-3.9299620359921454,GO:0044794,M1,1,0,GO Biological Processes,19,positive regulation by host of viral process,19_GO:0016032 viral process,-3.9299620359921454,9.84817945383615,6.388232813049943,30293,20,769,5,0.6501950585175552,0.2898292224783175,1436|1915|5479|10605|29801,CSF1R|EEF1A1|PPIB|PAIP1|ZDHHC8,-1.9108457455450725,0,47,1,1,-3.9299620359921454,9.84817945383615,
1,-3.648629834014149,GO:0044788,M1,1,0,GO Biological Processes,19,modulation by host of viral process,19_GO:0044419 biological process involved in interspecies interaction between organisms,-3.648629834014149,5.6275311164778,5.231994980847029,30293,49,769,7,0.9102730819245773,0.34248140459762805,1436|1915|5297|5479|9475|10605|29801,CSF1R|EEF1A1|PI4KA|PPIB|ROCK2|PAIP1|ZDHHC8,-1.709197154600622,0,47,0,0,-3.9299620359921454,9.84817945383615,
1,-2.201957494703753,GO:0051851,M1,1,0,GO Biological Processes,19,modulation by host of symbiont process,19_GO:0044419 biological process involved in interspecies interaction between organisms,-2.201957494703753,3.2063840082257236,3.306862022890545,30293,86,769,7,0.9102730819245773,0.34248140459762805,1436|1915|5297|5479|9475|10605|29801,CSF1R|EEF1A1|PI4KA|PPIB|ROCK2|PAIP1|ZDHHC8,-0.7695535037434877,0,47,0,0,-3.9299620359921454,9.84817945383615,
1,-3.8341605225648454,GO:0006974,M1,1,0,GO Biological Processes,19,DNA damage response,19_GO:0050896 response to stimulus,-3.8341605225648454,1.9152832577762817,4.127061708280869,30293,761,769,37,4.811443433029909,0.7717326826122444,595|599|604|1647|2021|2177|2794|3146|3980|4171|4193|4194|5885|6672|6794|6880|7318|7443|8505|8883|8930|9665|9937|10010|10036|11044|25988|26574|29072|29935|51341|51776|85015|91801|92815|197342|204851,CCND1|BCL2L2|BCL6|GADD45A|ENDOG|FANCD2|GNL1|HMGB1|LIG3|MCM2|MDM2|MDM4|RAD21|SP100|STK11|TAF9|UBA7|VRK1|PARG|NAE1|MBD4|MARF1|DCLRE1A|TANK|CHAF1A|TENT4A|HINFP|AATF|SETD2|RPA4|ZBTB7A|MAP3K20|USP45|ALKBH8|H2AC25|EME2|HIPK1,-1.829868008434797,0,48,1,1,-3.8341605225648454,2.7741350574186336,
1,-2.4608167551215403,GO:0042770,M1,1,0,GO Biological Processes,19,signal transduction in response to DNA damage,19_GO:0050896 response to stimulus,-2.4608167551215403,2.7741350574186336,3.419948256363794,30293,142,769,10,1.3003901170351104,0.4085369838353505,595|1647|2177|4193|4194|6672|25988|29935|51776|197342,CCND1|GADD45A|FANCD2|MDM2|MDM4|SP100|HINFP|RPA4|MAP3K20|EME2,-0.9394361745920498,0,48,0,0,-3.8341605225648454,2.7741350574186336,
1,-2.104763714054652,GO:0006259,M1,1,0,GO Biological Processes,19,DNA metabolic process,19_GO:0008152 metabolic process,-2.104763714054652,1.5942222614565051,2.6883956639459603,30293,766,769,31,4.031209362808843,0.709282946538113,604|1647|2021|2177|2353|3146|3980|4171|4673|4782|4830|5885|6672|8505|8930|9665|9937|10036|11044|22891|23075|25988|29072|29935|51341|55729|57820|85015|92815|122618|197342,BCL6|GADD45A|ENDOG|FANCD2|FOS|HMGB1|LIG3|MCM2|NAP1L1|NFIC|NME1|RAD21|SP100|PARG|MBD4|MARF1|DCLRE1A|CHAF1A|TENT4A|ZNF365|SWAP70|HINFP|SETD2|RPA4|ZBTB7A|ATF7IP|CCNB1IP1|USP45|H2AC25|PLD4|EME2,-0.6981369431544737,0,48,0,0,-3.8341605225648454,2.7741350574186336,
1,-3.8297781206337436,GO:0050821,M1,1,0,GO Biological Processes,19,protein stabilization,19_GO:0065007 biological regulation,-3.8297781206337436,2.9045321891498324,4.544098028535156,30293,217,769,16,2.080624187256177,0.51471635694872,1385|2896|3303|4194|4504|5479|6135|6201|6880|8409|8725|10211|51125|51701|55729|65018,CREB1|GRN|HSPA1A|MDM4|MT3|PPIB|RPL11|RPS7|TAF9|UXT|URI1|FLOT1|GOLGA7|NLK|ATF7IP|PINK1,-1.8283905971471024,0,49,1,1,-3.8297781206337436,2.9045321891498324,
1,-3.561327863743617,GO:0031647,M1,1,0,GO Biological Processes,19,regulation of protein stability,19_GO:0065007 biological regulation,-3.561327863743617,2.4241672501750524,4.165943165597067,30293,325,769,20,2.600780234070221,0.5739398725899987,1385|2896|3303|4000|4193|4194|4504|5479|6135|6201|6880|8266|8409|8725|10211|51125|51701|55729|65018|84866,CREB1|GRN|HSPA1A|LMNA|MDM2|MDM4|MT3|PPIB|RPL11|RPS7|TAF9|UBL4A|UXT|URI1|FLOT1|GOLGA7|NLK|ATF7IP|PINK1|TMEM25,-1.6580069304649743,0,49,0,0,-3.8297781206337436,2.9045321891498324,
1,-3.761075176014687,GO:0071236,M1,1,0,GO Biological Processes,19,cellular response to antibiotic,19_GO:0050896 response to stimulus,-3.761075176014687,13.130905938448201,6.783257401040515,30293,12,769,4,0.5201560468140443,0.2594007357379462,538|4193|4208|5321,ATP7A|MDM2|MEF2C|PLA2G4A,-1.7849935177928162,0,50,1,1,-3.761075176014687,16.8825933494334,
1,-3.2770340027879854,GO:0071281,M1,1,0,GO Biological Processes,19,cellular response to iron ion,19_GO:0050896 response to stimulus,-3.2770340027879854,16.8825933494334,6.782487830760492,30293,7,769,3,0.39011703511053314,0.22479440747191654,538|567|7036,ATP7A|B2M|TFR2,-1.4787239380474395,0,50,0,0,-3.761075176014687,16.8825933494334,
1,-3.2009099880896295,GO:0010039,M1,1,0,GO Biological Processes,19,response to iron ion,19_GO:0050896 response to stimulus,-3.2009099880896295,7.0344138955972495,5.155648695315935,30293,28,769,5,0.6501950585175552,0.2898292224783175,538|567|4193|7036|9474,ATP7A|B2M|MDM2|TFR2|ATG5,-1.428264922167245,0,50,0,0,-3.761075176014687,16.8825933494334,
1,-2.6356194858749773,GO:0046677,M1,1,0,GO Biological Processes,19,response to antibiotic,19_GO:0050896 response to stimulus,-2.6356194858749773,5.323340245316838,4.246724303851122,30293,37,769,5,0.6501950585175552,0.2898292224783175,538|2021|4193|4208|5321,ATP7A|ENDOG|MDM2|MEF2C|PLA2G4A,-1.05693121009577,0,50,0,0,-3.761075176014687,16.8825933494334,
1,-2.532835366059474,GO:0001974,M1,1,0,GO Biological Processes,19,blood vessel remodeling,19_GO:0032501 multicellular organismal process,-2.532835366059474,5.050348437864693,4.084819151146759,30293,39,769,5,0.6501950585175552,0.2898292224783175,538|4193|4208|4846|9474,ATP7A|MDM2|MEF2C|NOS3|ATG5,-0.9857844585421751,0,50,0,0,-3.761075176014687,16.8825933494334,
1,-3.761075176014687,GO:0034135,M1,1,0,GO Biological Processes,19,regulation of toll-like receptor 2 signaling pathway,19_GO:0044419 biological process involved in interspecies interaction between organisms,-3.761075176014687,13.130905938448201,6.783257401040515,30293,12,769,4,0.5201560468140443,0.2594007357379462,1535|9867|54209|114609,CYBA|PJA2|TREM2|TIRAP,-1.7849935177928162,0,51,1,1,-3.761075176014687,19.696358907672302,
1,-3.511787766272655,GO:0034137,M1,1,0,GO Biological Processes,19,positive regulation of toll-like receptor 2 signaling pathway,19_GO:0044419 biological process involved in interspecies interaction between organisms,-3.511787766272655,19.696358907672302,7.391695681450848,30293,6,769,3,0.39011703511053314,0.22479440747191654,1535|9867|114609,CYBA|PJA2|TIRAP,-1.6283954878177633,0,51,0,0,-3.761075176014687,19.696358907672302,
1,-2.467433358359921,GO:0045730,M1,1,0,GO Biological Processes,19,respiratory burst,19_GO:0008152 metabolic process,-2.467433358359921,6.302834850455136,4.280808390132786,30293,25,769,4,0.5201560468140443,0.2594007357379462,1535|5879|54209|654817,CYBA|RAC1|TREM2|NCF1C,-0.9431670895929423,0,51,0,0,-3.761075176014687,19.696358907672302,
1,-3.729664165833993,GO:0040011,M1,1,0,GO Biological Processes,19,locomotion,19_GO:0040011 locomotion,-3.729664165833993,2.374355594349538,4.263303442731397,30293,365,769,22,2.860858257477243,0.6011490036165891,240|301|1113|1230|1946|2357|3146|5159|5355|5479|5879|6223|6259|6347|6693|6850|7162|7422|9023|23521|112616|348110,ALOX5|ANXA1|CHGA|CCR1|EFNA5|FPR1|HMGB1|PDGFRB|PLP2|PPIB|RAC1|RPS19|RYK|CCL2|SPN|SYK|TPBG|VEGFA|CH25H|RPL13A|CMTM7|ARPIN,-1.76462707415867,0,52,1,1,-3.729664165833993,2.9278371349242613,
1,-3.6620584634631856,GO:0006935,M1,1,0,GO Biological Processes,19,chemotaxis,19_GO:0040011 locomotion,-3.6620584634631856,2.4047880061692926,4.229006909055761,30293,344,769,21,2.730819245773732,0.5877206315366091,240|301|1113|1230|1946|2357|3146|5159|5355|5479|5879|6223|6259|6347|6693|6850|7162|7422|9023|23521|112616,ALOX5|ANXA1|CHGA|CCR1|EFNA5|FPR1|HMGB1|PDGFRB|PLP2|PPIB|RAC1|RPS19|RYK|CCL2|SPN|SYK|TPBG|VEGFA|CH25H|RPL13A|CMTM7,-1.720108127828412,0,52,0,0,-3.729664165833993,2.9278371349242613,
1,-3.6280415020879837,GO:0042330,M1,1,0,GO Biological Processes,19,taxis,19_GO:0040011 locomotion,-3.6280415020879837,2.390887497463112,4.199455050300137,30293,346,769,21,2.730819245773732,0.5877206315366091,240|301|1113|1230|1946|2357|3146|5159|5355|5479|5879|6223|6259|6347|6693|6850|7162|7422|9023|23521|112616,ALOX5|ANXA1|CHGA|CCR1|EFNA5|FPR1|HMGB1|PDGFRB|PLP2|PPIB|RAC1|RPS19|RYK|CCL2|SPN|SYK|TPBG|VEGFA|CH25H|RPL13A|CMTM7,-1.6960105719767,0,52,0,0,-3.729664165833993,2.9278371349242613,
1,-3.3712663656433115,GO:0060326,M1,1,0,GO Biological Processes,19,cell chemotaxis,19_GO:0040011 locomotion,-3.3712663656433115,2.7483291499077627,4.152001452156848,30293,215,769,15,1.9505851755526658,0.4987027841076265,240|301|1113|1230|3146|5159|5479|5879|6223|6347|6850|7162|7422|9023|23521,ALOX5|ANXA1|CHGA|CCR1|HMGB1|PDGFRB|PPIB|RAC1|RPS19|CCL2|SYK|TPBG|VEGFA|CH25H|RPL13A,-1.5262260430165944,0,52,0,0,-3.729664165833993,2.9278371349242613,
1,-2.839456890745654,GO:0030595,M1,1,0,GO Biological Processes,19,leukocyte chemotaxis,19_GO:0040011 locomotion,-2.839456890745654,2.9278371349242613,3.79431253742071,30293,148,769,11,1.4304291287386215,0.4281948461201359,240|301|1113|1230|3146|5479|6223|6347|6850|9023|23521,ALOX5|ANXA1|CHGA|CCR1|HMGB1|PPIB|RPS19|CCL2|SYK|CH25H|RPL13A,-1.1856082695321308,0,52,0,0,-3.729664165833993,2.9278371349242613,
1,-2.376638474902764,GO:0050900,M1,1,0,GO Biological Processes,19,leukocyte migration,19_GO:0002376 immune system process,-2.376638474902764,2.2510124465911203,3.1730464747660303,30293,245,769,14,1.8205461638491547,0.48211204721837686,240|301|1113|1230|3146|4739|5479|6223|6347|6693|6850|8174|9023|23521,ALOX5|ANXA1|CHGA|CCR1|HMGB1|NEDD9|PPIB|RPS19|CCL2|SPN|SYK|MADCAM1|CH25H|RPL13A,-0.880608487941874,0,52,0,0,-3.729664165833993,2.9278371349242613,
1,-2.061627845968648,GO:0071674,M1,1,0,GO Biological Processes,19,mononuclear cell migration,19_GO:0002376 immune system process,-2.061627845968648,2.7644012501996214,3.0460491425601095,30293,114,769,8,1.0403120936280885,0.3658877017432317,240|301|1230|3146|4739|6223|6347|9023,ALOX5|ANXA1|CCR1|HMGB1|NEDD9|RPS19|CCL2|CH25H,-0.6728295912350896,0,52,0,0,-3.729664165833993,2.9278371349242613,
1,-3.701082678955232,GO:0045087,M1,1,0,GO Biological Processes,19,innate immune response,19_GO:0044419 biological process involved in interspecies interaction between organisms,-3.701082678955232,1.8855505293243862,4.02517218572128,30293,773,769,37,4.811443433029909,0.7717326826122444,301|639|914|1113|1436|1535|1665|2197|3075|3113|3133|3146|4938|6039|6170|6347|6590|6672|6850|7268|7318|7431|8519|8942|9023|9867|10010|10410|10581|23521|23643|29072|55646|57823|114609|122618|400830,ANXA1|PRDM1|CD2|CHGA|CSF1R|CYBA|DHX15|FAU|CFH|HLA-DPA1|HLA-E|HMGB1|OAS1|RNASE6|RPL39|CCL2|SLPI|SP100|SYK|TTC4|UBA7|VIM|IFITM1|KYNU|CH25H|PJA2|TANK|IFITM3|IFITM2|RPL13A|LY96|SETD2|LYAR|SLAMF7|TIRAP|PLD4|DEFB132,-1.7410878406268158,0,53,1,1,-3.701082678955232,1.8855505293243862,
1,-3.6206363235391295,GO:0060627,M1,1,0,GO Biological Processes,19,regulation of vesicle-mediated transport,19_GO:0051179 localization,-3.6206363235391295,2.0850587879577485,4.063263644693838,30293,529,769,28,3.6410923276983094,0.6754584046980635,301|302|567|857|1012|1535|3146|5579|5879|6347|6850|7036|7422|7447|8650|8673|9001|9098|9474|9863|10211|22876|25930|51201|54209|55646|94121|134957,ANXA1|ANXA2|B2M|CAV1|CDH13|CYBA|HMGB1|PRKCB|RAC1|CCL2|SYK|TFR2|VEGFA|VSNL1|NUMB|VAMP8|HAP1|USP6|ATG5|MAGI2|FLOT1|INPP5F|PTPN23|ZDHHC2|TREM2|LYAR|SYTL4|STXBP5,-1.6960105719767,0,54,1,1,-3.6206363235391295,3.7516874109852,
1,-2.853221498684939,GO:0030100,M1,1,0,GO Biological Processes,19,regulation of endocytosis,19_GO:0051179 localization,-2.853221498684939,2.2934116536330764,3.5842630530376494,30293,292,769,17,2.210663198959688,0.5302050638900828,302|567|857|1012|1535|3146|5879|6347|6850|7036|7422|8650|9474|9863|10211|54209|55646,ANXA2|B2M|CAV1|CDH13|CYBA|HMGB1|RAC1|CCL2|SYK|TFR2|VEGFA|NUMB|ATG5|MAGI2|FLOT1|TREM2|LYAR,-1.1902904688029028,0,54,0,0,-3.6206363235391295,3.7516874109852,
1,-2.6578959348204774,GO:0045807,M1,1,0,GO Biological Processes,19,positive regulation of endocytosis,19_GO:0051179 localization,-2.6578959348204774,2.777691640825581,3.592595040520573,30293,156,769,11,1.4304291287386215,0.4281948461201359,302|567|1535|6347|6850|7036|7422|9863|10211|54209|55646,ANXA2|B2M|CYBA|CCL2|SYK|TFR2|VEGFA|MAGI2|FLOT1|TREM2|LYAR,-1.069614520383569,0,54,0,0,-3.6206363235391295,3.7516874109852,
1,-2.2818414694366465,GO:0002090,M1,1,0,GO Biological Processes,19,regulation of receptor internalization,19_GO:0051179 localization,-2.2818414694366465,3.7516874109852,3.528497740949573,30293,63,769,6,0.7802340702210663,0.31728415518844433,302|6850|7422|8650|9863|10211,ANXA2|SYK|VEGFA|NUMB|MAGI2|FLOT1,-0.8170123885215353,0,54,0,0,-3.6206363235391295,3.7516874109852,
1,-2.018220426903135,GO:0048259,M1,1,0,GO Biological Processes,19,regulation of receptor-mediated endocytosis,19_GO:0051179 localization,-2.018220426903135,2.716739159678938,2.98974964202228,30293,116,769,8,1.0403120936280885,0.3658877017432317,302|567|5879|6850|7422|8650|9863|10211,ANXA2|B2M|RAC1|SYK|VEGFA|NUMB|MAGI2|FLOT1,-0.6421453543781677,0,54,0,0,-3.6206363235391295,3.7516874109852,
1,-3.5840621624189035,GO:0032507,M1,1,0,GO Biological Processes,19,maintenance of protein location in cell,19_GO:0051179 localization,-3.5840621624189035,4.774874886708437,4.954690745172577,30293,66,769,8,1.0403120936280885,0.3658877017432317,706|857|3309|5552|6672|22873|23568|65018,TSPO|CAV1|HSPA5|SRGN|SP100|DZIP1|ARL2BP|PINK1,-1.6714012028861174,0,55,1,1,-3.5840621624189035,4.774874886708437,
1,-3.398525352652464,GO:0045185,M1,1,0,GO Biological Processes,19,maintenance of protein location,19_GO:0051179 localization,-3.398525352652464,4.028800685660244,4.592108667352704,30293,88,769,9,1.1703511053315996,0.3878274468226617,706|857|3309|5552|6672|11124|22873|23568|65018,TSPO|CAV1|HSPA5|SRGN|SP100|FAF1|DZIP1|ARL2BP|PINK1,-1.5473824310388928,0,55,0,0,-3.5840621624189035,4.774874886708437,
1,-2.4532639526348303,GO:0051651,M1,1,0,GO Biological Processes,19,maintenance of location in cell,19_GO:0051179 localization,-2.4532639526348303,3.215732066558743,3.5457026297303806,30293,98,769,8,1.0403120936280885,0.3658877017432317,706|857|3309|5552|6672|22873|23568|65018,TSPO|CAV1|HSPA5|SRGN|SP100|DZIP1|ARL2BP|PINK1,-0.9328410229496118,0,55,0,0,-3.5840621624189035,4.774874886708437,
1,-2.3903737395429845,GO:0072595,M1,1,0,GO Biological Processes,19,maintenance of protein localization in organelle,19_GO:0051179 localization,-2.3903737395429845,4.6896092637315,3.861665916832286,30293,42,769,5,0.6501950585175552,0.2898292224783175,706|3309|6672|23568|65018,TSPO|HSPA5|SP100|ARL2BP|PINK1,-0.8914133360407761,0,55,0,0,-3.5840621624189035,4.774874886708437,
1,-3.5809838964021705,GO:0018193,M1,1,0,GO Biological Processes,19,peptidyl-amino acid modification,19_GO:0008152 metabolic process,-3.5809838964021705,2.073300937649716,4.030817270095081,30293,532,769,28,3.6410923276983094,0.6754584046980635,538|1436|2322|4193|5159|5479|5579|6794|6850|7443|7867|8550|9475|23333|29072|29801|51125|51201|51701|51776|55146|65018|80018|115426|158135|204851|285381|340481,ATP7A|CSF1R|FLT3|MDM2|PDGFRB|PPIB|PRKCB|STK11|SYK|VRK1|MAPKAPK3|MAPKAPK5|ROCK2|DPY19L1|SETD2|ZDHHC8|GOLGA7|ZDHHC2|NLK|MAP3K20|ZDHHC4|PINK1|NAA25|UHRF2|TTLL11|HIPK1|DPH3|ZDHHC21,-1.670676842262862,0,56,1,1,-3.5809838964021705,2.5251742189323463,
1,-3.068660527747473,GO:0006468,M1,1,0,GO Biological Processes,19,protein phosphorylation,19_GO:0008152 metabolic process,-3.068660527747473,2.009832541599214,3.6371143541637663,30293,490,769,25,3.250975292587776,0.6395388952808602,1385|1436|2051|2322|3486|4145|5159|5579|5597|6347|6794|6850|7443|7867|8550|9475|10595|51701|51776|65018|132158|149420|204851|344387|415116,CREB1|CSF1R|EPHB6|FLT3|IGFBP3|MATK|PDGFRB|PRKCB|MAPK6|CCL2|STK11|SYK|VRK1|MAPKAPK3|MAPKAPK5|ROCK2|ERN2|NLK|MAP3K20|PINK1|GLYCTK|PDIK1L|HIPK1|CDKL4|PIM3,-1.3367859484787483,0,56,0,0,-3.5809838964021705,2.5251742189323463,
1,-2.4834287830311492,GO:0016310,M1,1,0,GO Biological Processes,19,phosphorylation,19_GO:0008152 metabolic process,-2.4834287830311492,1.696075350382893,3.050804349589995,30293,720,769,31,4.031209362808843,0.709282946538113,1385|1436|2051|2322|3486|3705|4145|4830|4833|5159|5297|5579|5597|6347|6794|6850|7443|7867|8550|8566|9475|10595|51701|51776|55361|65018|132158|149420|204851|344387|415116,CREB1|CSF1R|EPHB6|FLT3|IGFBP3|ITPK1|MATK|NME1|NME4|PDGFRB|PI4KA|PRKCB|MAPK6|CCL2|STK11|SYK|VRK1|MAPKAPK3|MAPKAPK5|PDXK|ROCK2|ERN2|NLK|MAP3K20|PI4K2A|PINK1|GLYCTK|PDIK1L|HIPK1|CDKL4|PIM3,-0.9494026769750141,0,56,0,0,-3.5809838964021705,2.5251742189323463,
1,-2.1753983901952516,GO:0046777,M1,1,0,GO Biological Processes,19,protein autophosphorylation,19_GO:0008152 metabolic process,-2.1753983901952516,2.5251742189323463,3.0822743433284745,30293,156,769,10,1.3003901170351104,0.4085369838353505,1436|2322|5159|6794|7443|7867|8550|51776|65018|415116,CSF1R|FLT3|PDGFRB|STK11|VRK1|MAPKAPK3|MAPKAPK5|MAP3K20|PINK1|PIM3,-0.750454770243638,0,56,0,0,-3.5809838964021705,2.5251742189323463,
1,-3.573346134334097,GO:0051099,M1,1,0,GO Biological Processes,19,positive regulation of binding,19_GO:0065007 biological regulation,-3.573346134334097,3.5811561650313277,4.591392942165875,30293,121,769,11,1.4304291287386215,0.4281948461201359,302|567|857|3146|3646|4830|5899|6135|10211|25805|285381,ANXA2|B2M|CAV1|HMGB1|EIF3E|NME1|RALB|RPL11|FLOT1|BAMBI|DPH3,-1.665380296009691,0,57,1,1,-3.573346134334097,14.772269180754225,
1,-3.1900743855764273,GO:0032092,M1,1,0,GO Biological Processes,19,positive regulation of protein binding,19_GO:0065007 biological regulation,-3.1900743855764273,4.754293529438142,4.618774728162826,30293,58,769,7,0.9102730819245773,0.34248140459762805,302|567|857|5899|6135|10211|25805,ANXA2|B2M|CAV1|RALB|RPL11|FLOT1|BAMBI,-1.4225287263653994,0,57,0,0,-3.573346134334097,14.772269180754225,
1,-3.0811875623606486,GO:0034141,M1,1,0,GO Biological Processes,19,positive regulation of toll-like receptor 3 signaling pathway,19_GO:0044419 biological process involved in interspecies interaction between organisms,-3.0811875623606486,14.772269180754225,6.287474730121879,30293,8,769,3,0.39011703511053314,0.22479440747191654,857|10211|114609,CAV1|FLOT1|TIRAP,-1.3461885488827747,0,57,0,0,-3.573346134334097,14.772269180754225,
1,-2.760049586981469,GO:0051098,M1,1,0,GO Biological Processes,19,regulation of binding,19_GO:0065007 biological regulation,-2.760049586981469,2.392270312672749,3.5458328046296286,30293,247,769,15,1.9505851755526658,0.4987027841076265,302|567|857|3146|3646|4830|5899|6135|6590|6672|10211|25805|51341|79822|285381,ANXA2|B2M|CAV1|HMGB1|EIF3E|NME1|RALB|RPL11|SLPI|SP100|FLOT1|BAMBI|ZBTB7A|ARHGAP28|DPH3,-1.134020802412022,0,57,0,0,-3.573346134334097,14.772269180754225,
1,-2.6366473423394723,GO:0001765,M1,1,0,GO Biological Processes,19,membrane raft assembly,19_GO:0009987 cellular process,-2.6366473423394723,10.743468495093982,5.21623556511692,30293,11,769,3,0.39011703511053314,0.22479440747191654,302|857|10211,ANXA2|CAV1|FLOT1,-1.05693121009577,0,57,0,0,-3.573346134334097,14.772269180754225,
1,-2.5199387043156958,GO:0034139,M1,1,0,GO Biological Processes,19,regulation of toll-like receptor 3 signaling pathway,19_GO:0044419 biological process involved in interspecies interaction between organisms,-2.5199387043156958,9.848179453836151,4.947650164835625,30293,12,769,3,0.39011703511053314,0.22479440747191654,857|10211|114609,CAV1|FLOT1|TIRAP,-0.9789478181267387,0,57,0,0,-3.573346134334097,14.772269180754225,
1,-2.467433358359921,GO:0031579,M1,1,0,GO Biological Processes,19,membrane raft organization,19_GO:0009987 cellular process,-2.467433358359921,6.302834850455136,4.280808390132786,30293,25,769,4,0.5201560468140443,0.2594007357379462,302|857|914|10211,ANXA2|CAV1|CD2|FLOT1,-0.9431670895929423,0,57,0,0,-3.573346134334097,14.772269180754225,
1,-2.0708373379609633,GO:0071360,M1,1,0,GO Biological Processes,19,cellular response to exogenous dsRNA,19_GO:0050896 response to stimulus,-2.0708373379609633,6.951656085060812,3.96143546875511,30293,17,769,3,0.39011703511053314,0.22479440747191654,857|5899|10211,CAV1|RALB|FLOT1,-0.675831179584927,0,57,0,0,-3.573346134334097,14.772269180754225,
1,-3.511787766272655,GO:0021540,M1,1,0,GO Biological Processes,19,corpus callosum morphogenesis,19_GO:0032502 developmental process,-3.511787766272655,19.696358907672302,7.391695681450848,30293,6,769,3,0.39011703511053314,0.22479440747191654,25987|56978|113246,TSKU|PRDM8|C12orf57,-1.6283954878177633,0,58,1,1,-3.511787766272655,19.696358907672302,
1,-3.357074592264446,GO:0022038,M1,1,0,GO Biological Processes,19,corpus callosum development,19_GO:0032502 developmental process,-3.357074592264446,7.575522656797038,5.413421080195732,30293,26,769,5,0.6501950585175552,0.2898292224783175,3738|6259|25987|56978|113246,KCNA3|RYK|TSKU|PRDM8|C12orf57,-1.5239880834072341,0,58,0,0,-3.511787766272655,19.696358907672302,
1,-2.026965297750068,GO:0021591,M1,1,0,GO Biological Processes,19,ventricular system development,19_GO:0032502 developmental process,-2.026965297750068,4.774874886708437,3.501584537494459,30293,33,769,4,0.5201560468140443,0.2594007357379462,582|8650|25987|113246,BBS1|NUMB|TSKU|C12orf57,-0.6474461589449415,0,58,0,0,-3.511787766272655,19.696358907672302,
1,-3.511787766272655,GO:0140650,M1,1,0,GO Biological Processes,19,radial glia-guided pyramidal neuron migration,19_GO:0032502 developmental process,-3.511787766272655,19.696358907672302,7.391695681450848,30293,6,769,3,0.39011703511053314,0.22479440747191654,1600|2290|81565,DAB1|FOXG1|NDEL1,-1.6283954878177633,0,59,1,1,-3.511787766272655,19.696358907672302,
1,-2.4608167551215403,GO:0001764,M1,1,0,GO Biological Processes,19,neuron migration,19_GO:0032502 developmental process,-2.4608167551215403,2.7741350574186336,3.419948256363794,30293,142,769,10,1.3003901170351104,0.4085369838353505,582|1600|2290|4208|5879|7422|7976|10752|23314|81565,BBS1|DAB1|FOXG1|MEF2C|RAC1|VEGFA|FZD3|CHL1|SATB2|NDEL1,-0.9394361745920498,0,59,0,0,-3.511787766272655,19.696358907672302,
1,-3.5114080441984927,GO:0071675,M1,1,0,GO Biological Processes,19,regulation of mononuclear cell migration,19_GO:0040011 locomotion,-3.5114080441984927,3.522925983486103,4.524899688211448,30293,123,769,11,1.4304291287386215,0.4281948461201359,1230|1436|1843|1893|3146|4739|6347|6693|8174|23236|84830,CCR1|CSF1R|DUSP1|ECM1|HMGB1|NEDD9|CCL2|SPN|MADCAM1|PLCB1|ADTRP,-1.6283954878177633,0,60,1,1,-3.5114080441984927,6.302834850455136,
1,-2.467433358359921,GO:0071676,M1,1,0,GO Biological Processes,19,negative regulation of mononuclear cell migration,19_GO:0040011 locomotion,-2.467433358359921,6.302834850455136,4.280808390132786,30293,25,769,4,0.5201560468140443,0.2594007357379462,1843|6347|23236|84830,DUSP1|CCL2|PLCB1|ADTRP,-0.9431670895929423,0,60,0,0,-3.5114080441984927,6.302834850455136,
1,-2.0607276616129866,GO:2000401,M1,1,0,GO Biological Processes,19,regulation of lymphocyte migration,19_GO:0040011 locomotion,-2.0607276616129866,3.3765186698866803,3.2126322191332104,30293,70,769,6,0.7802340702210663,0.31728415518844433,1893|4739|6347|6693|8174|84830,ECM1|NEDD9|CCL2|SPN|MADCAM1|ADTRP,-0.6728295912350896,0,60,0,0,-3.5114080441984927,6.302834850455136,
1,-3.4575478090954026,GO:0043270,M1,1,0,GO Biological Processes,19,positive regulation of monoatomic ion transport,19_GO:0051179 localization,-3.4575478090954026,2.8004301764462984,4.2354904147761605,30293,211,769,15,1.9505851755526658,0.4987027841076265,706|857|1230|2902|4697|5025|5159|6347|9001|9446|10063|23171|51083|54209|342667,TSPO|CAV1|CCR1|GRIN1|NDUFA4|P2RX4|PDGFRB|CCL2|HAP1|GSTO1|COX17|GPD1L|GAL|TREM2|STAC2,-1.587565064466293,0,61,1,1,-3.4575478090954026,4.019665083198428,
1,-3.274947650040476,GO:0010959,M1,1,0,GO Biological Processes,19,regulation of metal ion transport,19_GO:0051179 localization,-3.274947650040476,2.199593380552237,3.8680616344121233,30293,394,769,22,2.860858257477243,0.6011490036165891,538|567|706|786|857|1230|1535|2902|3787|4846|5025|5159|6347|9001|9446|9474|23171|51083|54209|57520|79026|342667,ATP7A|B2M|TSPO|CACNG1|CAV1|CCR1|CYBA|GRIN1|KCNS1|NOS3|P2RX4|PDGFRB|CCL2|HAP1|GSTO1|ATG5|GPD1L|GAL|TREM2|HECW2|AHNAK|STAC2,-1.4787239380474395,0,61,0,0,-3.4575478090954026,4.019665083198428,
1,-3.0888573487402864,GO:0051928,M1,1,0,GO Biological Processes,19,positive regulation of calcium ion transport,19_GO:0051179 localization,-3.0888573487402864,3.3668989585764613,4.139819058396572,30293,117,769,10,1.3003901170351104,0.4085369838353505,706|857|1230|2902|5025|5159|6347|9001|9446|342667,TSPO|CAV1|CCR1|GRIN1|P2RX4|PDGFRB|CCL2|HAP1|GSTO1|STAC2,-1.3461885488827747,0,61,0,0,-3.4575478090954026,4.019665083198428,
1,-2.9900835739887484,GO:1904062,M1,1,0,GO Biological Processes,19,regulation of monoatomic cation transmembrane transport,19_GO:0051179 localization,-2.9900835739887484,2.294721426136579,3.6919034583139965,30293,309,769,18,2.340702210663199,0.545213638740881,538|786|857|1535|2902|3787|4697|5025|9001|9446|9474|10063|23171|51083|54209|57520|79026|342667,ATP7A|CACNG1|CAV1|CYBA|GRIN1|KCNS1|NDUFA4|P2RX4|HAP1|GSTO1|ATG5|COX17|GPD1L|GAL|TREM2|HECW2|AHNAK|STAC2,-1.2764977804323332,0,61,0,0,-3.4575478090954026,4.019665083198428,
1,-2.9742328694154705,GO:0043269,M1,1,0,GO Biological Processes,19,regulation of monoatomic ion transport,19_GO:0051179 localization,-2.9742328694154705,2.011543037379299,3.5669512635445155,30293,470,769,24,3.120936280884265,0.6270385582010519,538|567|706|786|857|1230|1535|2902|3787|4697|4846|5025|5159|6347|9001|9446|9474|10063|23171|51083|54209|57520|79026|342667,ATP7A|B2M|TSPO|CACNG1|CAV1|CCR1|CYBA|GRIN1|KCNS1|NDUFA4|NOS3|P2RX4|PDGFRB|CCL2|HAP1|GSTO1|ATG5|COX17|GPD1L|GAL|TREM2|HECW2|AHNAK|STAC2,-1.269356451237505,0,61,0,0,-3.4575478090954026,4.019665083198428,
1,-2.9107694177099295,GO:0032414,M1,1,0,GO Biological Processes,19,positive regulation of ion transmembrane transporter activity,19_GO:0051179 localization,-2.9107694177099295,3.7968884641296,4.117924472401165,30293,83,769,8,1.0403120936280885,0.3658877017432317,4697|6347|9001|9446|10063|51083|54209|342667,NDUFA4|CCL2|HAP1|GSTO1|COX17|GAL|TREM2|STAC2,-1.230220283240822,0,61,0,0,-3.4575478090954026,4.019665083198428,
1,-2.781816261191403,GO:0034765,M1,1,0,GO Biological Processes,19,regulation of monoatomic ion transmembrane transport,19_GO:0051179 localization,-2.781816261191403,2.1445892220388183,3.4709391832208776,30293,349,769,19,2.4707412223667102,0.5597807020554725,538|786|857|1535|2902|3787|4697|5025|6347|9001|9446|9474|10063|23171|51083|54209|57520|79026|342667,ATP7A|CACNG1|CAV1|CYBA|GRIN1|KCNS1|NDUFA4|P2RX4|CCL2|HAP1|GSTO1|ATG5|COX17|GPD1L|GAL|TREM2|HECW2|AHNAK|STAC2,-1.1383635847052154,0,61,0,0,-3.4575478090954026,4.019665083198428,
1,-2.764318043840784,GO:0032412,M1,1,0,GO Biological Processes,19,regulation of monoatomic ion transmembrane transporter activity,19_GO:0051179 localization,-2.764318043840784,2.4842254478145245,3.582135181350387,30293,222,769,14,1.8205461638491547,0.48211204721837686,857|3787|4208|4697|6347|9001|9446|10063|23171|51083|54209|57520|79026|342667,CAV1|KCNS1|MEF2C|NDUFA4|CCL2|HAP1|GSTO1|COX17|GPD1L|GAL|TREM2|HECW2|AHNAK|STAC2,-1.134020802412022,0,61,0,0,-3.4575478090954026,4.019665083198428,
1,-2.760049586981469,GO:0051924,M1,1,0,GO Biological Processes,19,regulation of calcium ion transport,19_GO:0051179 localization,-2.760049586981469,2.392270312672749,3.5458328046296286,30293,247,769,15,1.9505851755526658,0.4987027841076265,706|786|857|1230|1535|2902|4846|5025|5159|6347|9001|9446|9474|79026|342667,TSPO|CACNG1|CAV1|CCR1|CYBA|GRIN1|NOS3|P2RX4|PDGFRB|CCL2|HAP1|GSTO1|ATG5|AHNAK|STAC2,-1.134020802412022,0,61,0,0,-3.4575478090954026,4.019665083198428,
1,-2.701983489992951,GO:0034767,M1,1,0,GO Biological Processes,19,positive regulation of monoatomic ion transmembrane transport,19_GO:0051179 localization,-2.701983489992951,2.8137655582389005,3.6418045787311035,30293,154,769,11,1.4304291287386215,0.4281948461201359,857|2902|4697|5025|6347|9001|9446|10063|51083|54209|342667,CAV1|GRIN1|NDUFA4|P2RX4|CCL2|HAP1|GSTO1|COX17|GAL|TREM2|STAC2,-1.0985359751783472,0,61,0,0,-3.4575478090954026,4.019665083198428,
1,-2.624038449091028,GO:0032411,M1,1,0,GO Biological Processes,19,positive regulation of transporter activity,19_GO:0051179 localization,-2.624038449091028,3.425453723073444,3.760241952635907,30293,92,769,8,1.0403120936280885,0.3658877017432317,4697|6347|9001|9446|10063|51083|54209|342667,NDUFA4|CCL2|HAP1|GSTO1|COX17|GAL|TREM2|STAC2,-1.0507693653749655,0,61,0,0,-3.4575478090954026,4.019665083198428,
1,-2.6224097155365085,GO:0022898,M1,1,0,GO Biological Processes,19,regulation of transmembrane transporter activity,19_GO:0051179 localization,-2.6224097155365085,2.3978176061514107,3.434296692026757,30293,230,769,14,1.8205461638491547,0.48211204721837686,857|3787|4208|4697|6347|9001|9446|10063|23171|51083|54209|57520|79026|342667,CAV1|KCNS1|MEF2C|NDUFA4|CCL2|HAP1|GSTO1|COX17|GPD1L|GAL|TREM2|HECW2|AHNAK|STAC2,-1.0507693653749655,0,61,0,0,-3.4575478090954026,4.019665083198428,
1,-2.427127155292706,GO:0034762,M1,1,0,GO Biological Processes,19,regulation of transmembrane transport,19_GO:0051179 localization,-2.427127155292706,1.8528272183086418,3.068440811665672,30293,489,769,23,2.990897269180754,0.6142481003592162,538|786|857|1535|2902|3787|4208|4697|5025|5579|6253|6347|9001|9446|9474|10063|23171|51083|54209|57520|79026|342667|344901,ATP7A|CACNG1|CAV1|CYBA|GRIN1|KCNS1|MEF2C|NDUFA4|P2RX4|PRKCB|RTN2|CCL2|HAP1|GSTO1|ATG5|COX17|GPD1L|GAL|TREM2|HECW2|AHNAK|STAC2|OSTN,-0.9152427435502171,0,61,0,0,-3.4575478090954026,4.019665083198428,
1,-2.1265944310763176,GO:0032409,M1,1,0,GO Biological Processes,19,regulation of transporter activity,19_GO:0065007 biological regulation,-2.1265944310763176,2.1049543870794825,2.8990095423474154,30293,262,769,14,1.8205461638491547,0.48211204721837686,857|3787|4208|4697|6347|9001|9446|10063|23171|51083|54209|57520|79026|342667,CAV1|KCNS1|MEF2C|NDUFA4|CCL2|HAP1|GSTO1|COX17|GPD1L|GAL|TREM2|HECW2|AHNAK|STAC2,-0.7149382349081671,0,61,0,0,-3.4575478090954026,4.019665083198428,
1,-2.1027217107943894,GO:2001259,M1,1,0,GO Biological Processes,19,positive regulation of cation channel activity,19_GO:0051179 localization,-2.1027217107943894,4.019665083198428,3.414104013882539,30293,49,769,5,0.6501950585175552,0.2898292224783175,9001|9446|51083|54209|342667,HAP1|GSTO1|GAL|TREM2|STAC2,-0.6975646349749867,0,61,0,0,-3.4575478090954026,4.019665083198428,
1,-3.4407163260046443,GO:0043567,M1,1,0,GO Biological Processes,19,regulation of insulin-like growth factor receptor signaling pathway,19_GO:0050896 response to stimulus,-3.4407163260046443,7.87854356306892,5.5528274643801145,30293,25,769,5,0.6501950585175552,0.2898292224783175,2692|3485|3486|3489|8483,GHRHR|IGFBP2|IGFBP3|IGFBP6|CILP,-1.5792078889192396,0,62,1,1,-3.4407163260046443,7.87854356306892,
1,-2.0607276616129866,GO:0043627,M1,1,0,GO Biological Processes,19,response to estrogen,19_GO:0050896 response to stimulus,-2.0607276616129866,3.3765186698866803,3.2126322191332104,30293,70,769,6,0.7802340702210663,0.31728415518844433,857|1495|2692|3485|4193|51083,CAV1|CTNNA1|GHRHR|IGFBP2|MDM2|GAL,-0.6728295912350896,0,62,0,0,-3.4407163260046443,7.87854356306892,
1,-3.428205940330815,GO:0031023,M1,1,0,GO Biological Processes,19,microtubule organizing center organization,19_GO:0009987 cellular process,-3.428205940330815,3.7162941335230752,4.521258066180924,30293,106,769,10,1.3003901170351104,0.4085369838353505,1647|8409|9475|22873|26005|55559|57710|81565|84612|117178,GADD45A|UXT|ROCK2|DZIP1|C2CD3|HAUS7|KIAA1614|NDEL1|PARD6B|SSX2IP,-1.5708734438995466,0,63,1,1,-3.428205940330815,3.853635438457624,
1,-3.2554398959023794,GO:0007098,M1,1,0,GO Biological Processes,19,centrosome cycle,19_GO:0009987 cellular process,-3.2554398959023794,3.853635438457624,4.424062842815163,30293,92,769,9,1.1703511053315996,0.3878274468226617,1647|8409|9475|26005|55559|57710|81565|84612|117178,GADD45A|UXT|ROCK2|C2CD3|HAUS7|KIAA1614|NDEL1|PARD6B|SSX2IP,-1.4653509396987863,0,63,0,0,-3.428205940330815,3.853635438457624,
1,-3.364301658359363,GO:0019439,M1,1,0,GO Biological Processes,19,aromatic compound catabolic process,19_GO:0008152 metabolic process,-3.364301658359363,2.2336077111793333,3.9469405096054304,30293,388,769,22,2.860858257477243,0.6011490036165891,226|978|2021|2023|2954|3303|3646|5224|5393|6039|8622|8930|8942|10595|10957|11309|22875|23034|26986|30833|167153|254552,ALDOA|CDA|ENDOG|ENO1|GSTZ1|HSPA1A|EIF3E|PGAM2|EXOSC9|RNASE6|PDE8B|MBD4|KYNU|ERN2|PNRC1|SLCO2B1|ENPP4|SAMD4A|PABPC1|NT5C|TENT2|NUDT8,-1.5239880834072341,0,64,1,1,-3.364301658359363,2.7983897901610923,
1,-3.2741856780148937,GO:0044270,M1,1,0,GO Biological Processes,19,cellular nitrogen compound catabolic process,19_GO:0008152 metabolic process,-3.2741856780148937,2.2479540057669474,3.8872722213531627,30293,368,769,21,2.730819245773732,0.5877206315366091,226|978|2021|2023|3303|3646|5224|5393|6039|8622|8930|8942|10595|10957|11309|22875|23034|26986|30833|167153|254552,ALDOA|CDA|ENDOG|ENO1|HSPA1A|EIF3E|PGAM2|EXOSC9|RNASE6|PDE8B|MBD4|KYNU|ERN2|PNRC1|SLCO2B1|ENPP4|SAMD4A|PABPC1|NT5C|TENT2|NUDT8,-1.4787239380474395,0,64,0,0,-3.364301658359363,2.7983897901610923,
1,-3.2589446025658892,GO:0046700,M1,1,0,GO Biological Processes,19,heterocycle catabolic process,19_GO:0008152 metabolic process,-3.2589446025658892,2.2418619894911562,3.8736130947729444,30293,369,769,21,2.730819245773732,0.5877206315366091,226|978|2021|2023|3303|3646|5224|5393|6039|8622|8930|8942|10595|10957|11309|22875|23034|26986|30833|167153|254552,ALDOA|CDA|ENDOG|ENO1|HSPA1A|EIF3E|PGAM2|EXOSC9|RNASE6|PDE8B|MBD4|KYNU|ERN2|PNRC1|SLCO2B1|ENPP4|SAMD4A|PABPC1|NT5C|TENT2|NUDT8,-1.467072093621879,0,64,0,0,-3.364301658359363,2.7983897901610923,
1,-3.0703875731344876,GO:0046434,M1,1,0,GO Biological Processes,19,organophosphate catabolic process,19_GO:0008152 metabolic process,-3.0703875731344876,2.7983897901610923,3.938161671657405,30293,183,769,13,1.6905071521456436,0.4648823568385354,226|2023|5224|5321|8622|8930|22876|23171|23236|30833|79887|133121|254552,ALDOA|ENO1|PGAM2|PLA2G4A|PDE8B|MBD4|INPP5F|GPD1L|PLCB1|NT5C|PLBD1|ENPP6|NUDT8,-1.3369535865102415,0,64,0,0,-3.364301658359363,2.7983897901610923,
1,-3.0637051222450684,GO:0034655,M1,1,0,GO Biological Processes,19,nucleobase-containing compound catabolic process,19_GO:0008152 metabolic process,-3.0637051222450684,2.268065571186508,3.738054076269288,30293,330,769,19,2.4707412223667102,0.5597807020554725,226|978|2021|2023|3303|3646|5224|5393|6039|8622|8930|10595|10957|22875|23034|26986|30833|167153|254552,ALDOA|CDA|ENDOG|ENO1|HSPA1A|EIF3E|PGAM2|EXOSC9|RNASE6|PDE8B|MBD4|ERN2|PNRC1|ENPP4|SAMD4A|PABPC1|NT5C|TENT2|NUDT8,-1.333384371044965,0,64,0,0,-3.364301658359363,2.7983897901610923,
1,-2.953232617353228,GO:1901361,M1,1,0,GO Biological Processes,19,organic cyclic compound catabolic process,19_GO:0008152 metabolic process,-2.953232617353228,2.0782728823443195,3.578285849116991,30293,417,769,22,2.860858257477243,0.6011490036165891,226|978|2021|2023|2954|3303|3646|5224|5393|6039|8622|8930|8942|10595|10957|11309|22875|23034|26986|30833|167153|254552,ALDOA|CDA|ENDOG|ENO1|GSTZ1|HSPA1A|EIF3E|PGAM2|EXOSC9|RNASE6|PDE8B|MBD4|KYNU|ERN2|PNRC1|SLCO2B1|ENPP4|SAMD4A|PABPC1|NT5C|TENT2|NUDT8,-1.258627418419659,0,64,0,0,-3.364301658359363,2.7983897901610923,
1,-2.4156996101401873,GO:1901136,M1,1,0,GO Biological Processes,19,carbohydrate derivative catabolic process,19_GO:0008152 metabolic process,-2.4156996101401873,2.359932403684239,3.244716046138962,30293,217,769,13,1.6905071521456436,0.4648823568385354,226|960|978|2023|3423|5224|8622|8930|22875|23171|30833|80896|254552,ALDOA|CD44|CDA|ENO1|IDS|PGAM2|PDE8B|MBD4|ENPP4|GPD1L|NT5C|NPL|NUDT8,-0.9097565962274151,0,64,0,0,-3.364301658359363,2.7983897901610923,
1,-3.3576070221991237,GO:2000377,M1,1,0,GO Biological Processes,19,regulation of reactive oxygen species metabolic process,19_GO:0008152 metabolic process,-3.3576070221991237,3.172567877745874,4.2904771496534195,30293,149,769,12,1.5604681404421326,0.4469398234177268,240|706|1535|1647|2902|4504|5159|5879|6850|9474|26574|65018,ALOX5|TSPO|CYBA|GADD45A|GRIN1|MT3|PDGFRB|RAC1|SYK|ATG5|AATF|PINK1,-1.5239880834072341,0,65,1,1,-3.3576070221991237,3.3765186698866803,
1,-2.0607276616129866,GO:2000379,M1,1,0,GO Biological Processes,19,positive regulation of reactive oxygen species metabolic process,19_GO:0048518 positive regulation of biological process,-2.0607276616129866,3.3765186698866803,3.2126322191332104,30293,70,769,6,0.7802340702210663,0.31728415518844433,706|1535|1647|2902|5159|6850,TSPO|CYBA|GADD45A|GRIN1|PDGFRB|SYK,-0.6728295912350896,0,65,0,0,-3.3576070221991237,3.3765186698866803,
1,-3.2987978803412896,GO:0043523,M1,1,0,GO Biological Processes,19,regulation of neuron apoptotic process,19_GO:0050789 regulation of biological process,-3.2987978803412896,2.604477210931875,4.044374070924698,30293,242,769,16,2.080624187256177,0.51471635694872,595|1958|2730|2896|3572|4208|4504|5885|6347|8883|9131|10280|10752|54209|55074|65018,CCND1|EGR1|GCLM|GRN|IL6ST|MEF2C|MT3|RAD21|CCL2|NAE1|AIFM1|SIGMAR1|CHL1|TREM2|OXR1|PINK1,-1.4830469338165602,0,66,1,1,-3.2987978803412896,2.674814172646856,
1,-2.5305246369145586,GO:0043524,M1,1,0,GO Biological Processes,19,negative regulation of neuron apoptotic process,19_GO:0048519 negative regulation of biological process,-2.5305246369145586,2.674814172646856,3.449506022532828,30293,162,769,11,1.4304291287386215,0.4281948461201359,595|2730|2896|3572|4208|4504|5885|6347|10752|55074|65018,CCND1|GCLM|GRN|IL6ST|MEF2C|MT3|RAD21|CCL2|CHL1|OXR1|PINK1,-0.9844896233854081,0,66,0,0,-3.2987978803412896,2.674814172646856,
1,-3.283854595099638,GO:0061178,M1,1,0,GO Biological Processes,19,regulation of insulin secretion involved in cellular response to glucose stimulus,19_GO:0042592 homeostatic process,-3.283854595099638,4.9240897269180754,4.743546240142085,30293,56,769,7,0.9102730819245773,0.34248140459762805,111|1946|3123|7447|8622|8655|415116,ADCY5|EFNA5|HLA-DRB1|VSNL1|PDE8B|DYNLL1|PIM3,-1.4787239380474395,0,67,1,1,-3.283854595099638,4.9240897269180754,
1,-2.7327754604180883,GO:0051051,M1,1,0,GO Biological Processes,19,negative regulation of transport,19_GO:0051179 localization,-2.7327754604180883,1.9611093284695365,3.359691649148213,30293,462,769,23,2.990897269180754,0.6142481003592162,301|302|538|706|857|1113|3146|4846|5579|5879|6343|6672|7447|8622|8673|9446|9474|57520|84830|94121|285381|344901|415116,ANXA1|ANXA2|ATP7A|TSPO|CAV1|CHGA|HMGB1|NOS3|PRKCB|RAC1|SCT|SP100|VSNL1|PDE8B|VAMP8|GSTO1|ATG5|HECW2|ADTRP|SYTL4|DPH3|OSTN|PIM3,-1.1166393927403662,0,67,0,0,-3.283854595099638,4.9240897269180754,
1,-2.5642746892070196,GO:0050709,M1,1,0,GO Biological Processes,19,negative regulation of protein secretion,19_GO:0051179 localization,-2.5642746892070196,3.7263381717217867,3.7896149532764425,30293,74,769,7,0.9102730819245773,0.34248140459762805,1113|7447|8622|84830|94121|285381|415116,CHGA|VSNL1|PDE8B|ADTRP|SYTL4|DPH3|PIM3,-1.0079721884397324,0,67,0,0,-3.283854595099638,4.9240897269180754,
1,-2.4838695411254044,GO:0046676,M1,1,0,GO Biological Processes,19,negative regulation of insulin secretion,19_GO:0051179 localization,-2.4838695411254044,4.924089726918075,4.007968013402707,30293,40,769,5,0.6501950585175552,0.2898292224783175,1113|7447|8622|94121|415116,CHGA|VSNL1|PDE8B|SYTL4|PIM3,-0.9494026769750141,0,67,0,0,-3.283854595099638,4.9240897269180754,
1,-2.4156996101401873,GO:1903828,M1,1,0,GO Biological Processes,19,negative regulation of protein localization,19_GO:0051179 localization,-2.4156996101401873,2.359932403684239,3.244716046138962,30293,217,769,13,1.6905071521456436,0.4648823568385354,1113|1495|6047|6672|7447|8622|8650|9475|84830|94121|131578|285381|415116,CHGA|CTNNA1|RNF4|SP100|VSNL1|PDE8B|NUMB|ROCK2|ADTRP|SYTL4|LRRC15|DPH3|PIM3,-0.9097565962274151,0,67,0,0,-3.283854595099638,4.9240897269180754,
1,-2.3145702163923425,GO:0051048,M1,1,0,GO Biological Processes,19,negative regulation of secretion,19_GO:0051179 localization,-2.3145702163923425,2.5047392830565935,3.2032908437922285,30293,173,769,11,1.4304291287386215,0.4281948461201359,301|706|1113|6343|7447|8622|8673|84830|94121|285381|415116,ANXA1|TSPO|CHGA|SCT|VSNL1|PDE8B|VAMP8|ADTRP|SYTL4|DPH3|PIM3,-0.8395219702955454,0,67,0,0,-3.283854595099638,4.9240897269180754,
1,-2.260149737106851,GO:0090278,M1,1,0,GO Biological Processes,19,negative regulation of peptide hormone secretion,19_GO:0051179 localization,-2.260149737106851,4.3769686461493995,3.658680610023837,30293,45,769,5,0.6501950585175552,0.2898292224783175,1113|7447|8622|94121|415116,CHGA|VSNL1|PDE8B|SYTL4|PIM3,-0.8020022415482551,0,67,0,0,-3.283854595099638,4.9240897269180754,
1,-2.2528913728042363,GO:1903531,M1,1,0,GO Biological Processes,19,negative regulation of secretion by cell,19_GO:0051179 localization,-2.2528913728042363,2.5916261720621447,3.174852717523847,30293,152,769,10,1.3003901170351104,0.4085369838353505,301|706|1113|7447|8622|8673|84830|94121|285381|415116,ANXA1|TSPO|CHGA|VSNL1|PDE8B|VAMP8|ADTRP|SYTL4|DPH3|PIM3,-0.796398334415653,0,67,0,0,-3.283854595099638,4.9240897269180754,
1,-2.2191632693710925,GO:0002792,M1,1,0,GO Biological Processes,19,negative regulation of peptide secretion,19_GO:0051179 localization,-2.2191632693710925,4.281817153841804,3.594940353366531,30293,46,769,5,0.6501950585175552,0.2898292224783175,1113|7447|8622|94121|415116,CHGA|VSNL1|PDE8B|SYTL4|PIM3,-0.7820471763230139,0,67,0,0,-3.283854595099638,4.9240897269180754,
1,-2.1517118596020155,GO:0046888,M1,1,0,GO Biological Processes,19,negative regulation of hormone secretion,19_GO:0051179 localization,-2.1517118596020155,3.5277060730159344,3.342821446970306,30293,67,769,6,0.7802340702210663,0.31728415518844433,706|1113|7447|8622|94121|415116,TSPO|CHGA|VSNL1|PDE8B|SYTL4|PIM3,-0.7331449694576666,0,67,0,0,-3.283854595099638,4.9240897269180754,
1,-3.2770340027879854,GO:1905684,M1,1,0,GO Biological Processes,19,regulation of plasma membrane repair,19_GO:0050896 response to stimulus,-3.2770340027879854,16.8825933494334,6.782487830760492,30293,7,769,3,0.39011703511053314,0.22479440747191654,302|79026|94121,ANXA2|AHNAK|SYTL4,-1.4787239380474395,0,68,1,1,-3.2770340027879854,16.8825933494334,
1,-2.3176872146813676,GO:0001921,M1,1,0,GO Biological Processes,19,positive regulation of receptor recycling,19_GO:0048518 positive regulation of biological process,-2.3176872146813676,8.4412966747167,4.494500355707859,30293,14,769,3,0.39011703511053314,0.22479440747191654,302|10268|22876,ANXA2|RAMP3|INPP5F,-0.8409121492840644,0,68,0,0,-3.2770340027879854,16.8825933494334,
1,-2.0708373379609633,GO:1903729,M1,1,0,GO Biological Processes,19,regulation of plasma membrane organization,19_GO:0050789 regulation of biological process,-2.0708373379609633,6.951656085060812,3.96143546875511,30293,17,769,3,0.39011703511053314,0.22479440747191654,302|79026|94121,ANXA2|AHNAK|SYTL4,-0.675831179584927,0,68,0,0,-3.2770340027879854,16.8825933494334,
1,-3.2638861355180877,GO:0010638,M1,1,0,GO Biological Processes,19,positive regulation of organelle organization,19_GO:0048518 positive regulation of biological process,-3.2638861355180877,2.040260285256892,3.7930702127266693,30293,502,769,26,3.3810143042912872,0.6517658046518952,286|301|302|1778|2021|2896|3303|5159|5879|5885|5899|8550|8655|9001|9475|11152|22873|23075|23236|23259|25923|29781|54209|55729|65018|342184,ANK1|ANXA1|ANXA2|DYNC1H1|ENDOG|GRN|HSPA1A|PDGFRB|RAC1|RAD21|RALB|MAPKAPK5|DYNLL1|HAP1|ROCK2|WDR45|DZIP1|SWAP70|PLCB1|DDHD2|ATL3|NCAPH2|TREM2|ATF7IP|PINK1|FMN1,-1.4702227189561965,0,69,1,1,-3.2638861355180877,2.040260285256892,
1,-3.2307799011761023,GO:0030810,M1,1,0,GO Biological Processes,19,positive regulation of nucleotide biosynthetic process,19_GO:0048518 positive regulation of biological process,-3.2307799011761023,9.848179453836151,5.713431682343039,30293,16,769,4,0.5201560468140443,0.2594007357379462,2023|4846|54209|65018,ENO1|NOS3|TREM2|PINK1,-1.4512411273058174,0,70,1,1,-3.2307799011761023,10.743468495093982,
1,-3.2307799011761023,GO:1900373,M1,1,0,GO Biological Processes,19,positive regulation of purine nucleotide biosynthetic process,19_GO:0048518 positive regulation of biological process,-3.2307799011761023,9.848179453836151,5.713431682343039,30293,16,769,4,0.5201560468140443,0.2594007357379462,2023|4846|54209|65018,ENO1|NOS3|TREM2|PINK1,-1.4512411273058174,0,70,0,0,-3.2307799011761023,10.743468495093982,
1,-2.6366473423394723,GO:2001171,M1,1,0,GO Biological Processes,19,positive regulation of ATP biosynthetic process,19_GO:0048518 positive regulation of biological process,-2.6366473423394723,10.743468495093982,5.21623556511692,30293,11,769,3,0.39011703511053314,0.22479440747191654,2023|54209|65018,ENO1|TREM2|PINK1,-1.05693121009577,0,70,0,0,-3.2307799011761023,10.743468495093982,
1,-2.0744383130836233,GO:0030808,M1,1,0,GO Biological Processes,19,regulation of nucleotide biosynthetic process,19_GO:0008152 metabolic process,-2.0744383130836233,4.9240897269180754,3.5843616849901454,30293,32,769,4,0.5201560468140443,0.2594007357379462,2023|4846|54209|65018,ENO1|NOS3|TREM2|PINK1,-0.675831179584927,0,70,0,0,-3.2307799011761023,10.743468495093982,
1,-2.0744383130836233,GO:1900371,M1,1,0,GO Biological Processes,19,regulation of purine nucleotide biosynthetic process,19_GO:0008152 metabolic process,-2.0744383130836233,4.9240897269180754,3.5843616849901454,30293,32,769,4,0.5201560468140443,0.2594007357379462,2023|4846|54209|65018,ENO1|NOS3|TREM2|PINK1,-0.675831179584927,0,70,0,0,-3.2307799011761023,10.743468495093982,
1,-2.0211466266166926,GO:0006140,M1,1,0,GO Biological Processes,19,regulation of nucleotide metabolic process,19_GO:0008152 metabolic process,-2.0211466266166926,2.9650432764237875,3.0630188380386287,30293,93,769,7,0.9102730819245773,0.34248140459762805,706|978|2023|4846|51341|54209|65018,TSPO|CDA|ENO1|NOS3|ZBTB7A|TREM2|PINK1,-0.6430083935279519,0,70,0,0,-3.2307799011761023,10.743468495093982,
1,-3.228518135299509,GO:0030178,M1,1,0,GO Biological Processes,19,negative regulation of Wnt signaling pathway,19_GO:0048519 negative regulation of biological process,-3.228518135299509,2.909689384087954,4.1006505299493705,30293,176,769,13,1.6905071521456436,0.4648823568385354,857|1958|3485|3489|6478|6794|7089|7090|7091|7162|25928|25987|51701,CAV1|EGR1|IGFBP2|IGFBP6|SIAH2|STK11|TLE2|TLE3|TLE4|TPBG|SOSTDC1|TSKU|NLK,-1.4507130742382248,0,71,1,1,-3.228518135299509,3.0302090627188156,
1,-2.9603629337075557,GO:0090090,M1,1,0,GO Biological Processes,19,negative regulation of canonical Wnt signaling pathway,19_GO:0048519 negative regulation of biological process,-2.9603629337075557,3.0302090627188156,3.9273957719792043,30293,143,769,11,1.4304291287386215,0.4281948461201359,857|1958|3485|3489|6478|6794|7089|7090|7091|7162|25928,CAV1|EGR1|IGFBP2|IGFBP6|SIAH2|STK11|TLE2|TLE3|TLE4|TPBG|SOSTDC1,-1.2614506467590765,0,71,0,0,-3.228518135299509,3.0302090627188156,
1,-2.170549411734554,GO:0030111,M1,1,0,GO Biological Processes,19,regulation of Wnt signaling pathway,19_GO:0050896 response to stimulus,-2.170549411734554,1.9638598324365346,2.8888015179677726,30293,341,769,17,2.210663198959688,0.5302050638900828,857|1501|1958|3087|3485|3489|6478|6794|7089|7090|7091|7162|25805|25928|25987|51701|85474,CAV1|CTNND2|EGR1|HHEX|IGFBP2|IGFBP6|SIAH2|STK11|TLE2|TLE3|TLE4|TPBG|BAMBI|SOSTDC1|TSKU|NLK|LBX2,-0.7472426331608255,0,71,0,0,-3.228518135299509,3.0302090627188156,
1,-2.0717342246570674,GO:0060828,M1,1,0,GO Biological Processes,19,regulation of canonical Wnt signaling pathway,19_GO:0050896 response to stimulus,-2.0717342246570674,2.073300937649716,2.8375655361767986,30293,266,769,14,1.8205461638491547,0.48211204721837686,857|1501|1958|3087|3485|3489|6478|6794|7089|7090|7091|7162|25805|25928,CAV1|CTNND2|EGR1|HHEX|IGFBP2|IGFBP6|SIAH2|STK11|TLE2|TLE3|TLE4|TPBG|BAMBI|SOSTDC1,-0.675831179584927,0,71,0,0,-3.228518135299509,3.0302090627188156,
1,-3.1278175327934603,GO:0045672,M1,1,0,GO Biological Processes,19,positive regulation of osteoclast differentiation,19_GO:0002376 immune system process,-3.1278175327934603,6.791847899197345,5.0360789364957546,30293,29,769,5,0.6501950585175552,0.2898292224783175,1230|1385|2353|4739|54209,CCR1|CREB1|FOS|NEDD9|TREM2,-1.3719426771209688,0,72,1,1,-3.1278175327934603,6.791847899197345,
1,-2.537900859417191,GO:0030316,M1,1,0,GO Biological Processes,19,osteoclast differentiation,19_GO:0032502 developmental process,-2.537900859417191,4.22064833735835,3.8932071829801487,30293,56,769,6,0.7802340702210663,0.31728415518844433,302|1385|1436|2353|54209|135228,ANXA2|CREB1|CSF1R|FOS|TREM2|CD109,-0.9857844585421751,0,72,0,0,-3.1278175327934603,6.791847899197345,
1,-2.3160885468343957,GO:0002763,M1,1,0,GO Biological Processes,19,positive regulation of myeloid leukocyte differentiation,19_GO:0002376 immune system process,-2.3160885468343957,3.812198498259155,3.5772978847932473,30293,62,769,6,0.7802340702210663,0.31728415518844433,1230|1385|2353|3123|4739|54209,CCR1|CREB1|FOS|HLA-DRB1|NEDD9|TREM2,-0.8401777493480005,0,72,0,0,-3.1278175327934603,6.791847899197345,
1,-2.2715095669469303,GO:0045639,M1,1,0,GO Biological Processes,19,positive regulation of myeloid cell differentiation,19_GO:0002376 immune system process,-2.2715095669469303,3.0013499287881604,3.315431463495768,30293,105,769,8,1.0403120936280885,0.3658877017432317,1230|1385|2353|3123|3303|4739|54209|222166,CCR1|CREB1|FOS|HLA-DRB1|HSPA1A|NEDD9|TREM2|MTURN,-0.810034128039407,0,72,0,0,-3.1278175327934603,6.791847899197345,
1,-2.031558349050183,GO:0045670,M1,1,0,GO Biological Processes,19,regulation of osteoclast differentiation,19_GO:0002376 immune system process,-2.031558349050183,3.3289620689023605,3.170805002943857,30293,71,769,6,0.7802340702210663,0.31728415518844433,1230|1385|2353|4739|54209|84293,CCR1|CREB1|FOS|NEDD9|TREM2|PRXL2A,-0.6474461589449415,0,72,0,0,-3.1278175327934603,6.791847899197345,
1,-3.123404142489465,GO:0098609,M1,1,0,GO Biological Processes,19,cell-cell adhesion,19_GO:0009987 cellular process,-3.123404142489465,1.96599515899132,3.6589379579003367,30293,541,769,27,3.5110533159947983,0.6637343972405395,301|302|914|960|1004|1012|1192|1365|1495|1501|1600|1946|2778|3043|3956|6282|6693|6850|7414|8174|10627|11122|54825|57575|64065|64072|386724,ANXA1|ANXA2|CD2|CD44|CDH6|CDH13|CLIC1|CLDN3|CTNNA1|CTNND2|DAB1|EFNA5|GNAS|HBB|LGALS1|S100A11|SPN|SYK|VCL|MADCAM1|MYL12A|PTPRT|CDHR2|PCDH10|PERP|CDH23|AMIGO3,-1.3691712338839503,0,73,1,1,-3.123404142489465,1.96599515899132,
1,-3.1024864927914018,GO:1901873,M1,1,0,GO Biological Processes,19,regulation of post-translational protein modification,19_GO:0008152 metabolic process,-3.1024864927914018,2.417603620436312,3.8252324872061494,30293,277,769,17,2.210663198959688,0.5302050638900828,706|857|1958|3303|3309|6135|6187|6201|6478|7805|7913|9474|10010|10625|23451|65018|339745,TSPO|CAV1|EGR1|HSPA1A|HSPA5|RPL11|RPS2|RPS7|SIAH2|LAPTM5|DEK|ATG5|TANK|IVNS1ABP|SF3B1|PINK1|SPOPL,-1.3531425042778682,0,74,1,1,-3.1024864927914018,4.040278750291754,
1,-3.0886699383758667,GO:0031397,M1,1,0,GO Biological Processes,19,negative regulation of protein ubiquitination,19_GO:0048519 negative regulation of biological process,-3.0886699383758667,4.040278750291754,4.338993022654338,30293,78,769,8,1.0403120936280885,0.3658877017432317,706|857|3303|6135|6201|9474|10625|339745,TSPO|CAV1|HSPA1A|RPL11|RPS7|ATG5|IVNS1ABP|SPOPL,-1.3461885488827747,0,74,0,0,-3.1024864927914018,4.040278750291754,
1,-2.864897218026644,GO:1903320,M1,1,0,GO Biological Processes,19,regulation of protein modification by small protein conjugation or removal,19_GO:0008152 metabolic process,-2.864897218026644,2.451828909668751,3.6519667682153436,30293,241,769,15,1.9505851755526658,0.4987027841076265,706|857|1958|3303|3309|6135|6187|6201|6478|7805|9474|10010|10625|65018|339745,TSPO|CAV1|EGR1|HSPA1A|HSPA5|RPL11|RPS2|RPS7|SIAH2|LAPTM5|ATG5|TANK|IVNS1ABP|PINK1|SPOPL,-1.1993017964631958,0,74,0,0,-3.1024864927914018,4.040278750291754,
1,-2.760192055458058,GO:0031396,M1,1,0,GO Biological Processes,19,regulation of protein ubiquitination,19_GO:0008152 metabolic process,-2.760192055458058,2.5863905636337368,3.614390606063072,30293,198,769,13,1.6905071521456436,0.4648823568385354,706|857|3303|3309|6135|6187|6201|6478|7805|9474|10625|65018|339745,TSPO|CAV1|HSPA1A|HSPA5|RPL11|RPS2|RPS7|SIAH2|LAPTM5|ATG5|IVNS1ABP|PINK1|SPOPL,-1.134020802412022,0,74,0,0,-3.1024864927914018,4.040278750291754,
1,-2.684389026112594,GO:1903321,M1,1,0,GO Biological Processes,19,negative regulation of protein modification by small protein conjugation or removal,19_GO:0048519 negative regulation of biological process,-2.684389026112594,3.5015749169195205,3.835740981986052,30293,90,769,8,1.0403120936280885,0.3658877017432317,706|857|3303|6135|6201|9474|10625|339745,TSPO|CAV1|HSPA1A|RPL11|RPS7|ATG5|IVNS1ABP|SPOPL,-1.0878352192458907,0,74,0,0,-3.1024864927914018,4.040278750291754,
1,-2.536795599008611,GO:1901874,M1,1,0,GO Biological Processes,19,negative regulation of post-translational protein modification,19_GO:0048519 negative regulation of biological process,-2.536795599008611,3.3172815002395457,3.6508253076027075,30293,95,769,8,1.0403120936280885,0.3658877017432317,706|857|3303|6135|6201|9474|10625|339745,TSPO|CAV1|HSPA1A|RPL11|RPS7|ATG5|IVNS1ABP|SPOPL,-0.9857844585421751,0,74,0,0,-3.1024864927914018,4.040278750291754,
1,-2.152592522667056,GO:0031400,M1,1,0,GO Biological Processes,19,negative regulation of protein modification process,19_GO:0048519 negative regulation of biological process,-2.152592522667056,1.840781206324514,2.8272431865009495,30293,428,769,20,2.600780234070221,0.5739398725899987,706|857|1647|1843|1848|3087|3303|3486|6135|6201|9474|9475|10625|11122|22876|23075|23171|55074|135228|339745,TSPO|CAV1|GADD45A|DUSP1|DUSP6|HHEX|HSPA1A|IGFBP3|RPL11|RPS7|ATG5|ROCK2|IVNS1ABP|PTPRT|INPP5F|SWAP70|GPD1L|OXR1|CD109|SPOPL,-0.7332683620921236,0,74,0,0,-3.1024864927914018,4.040278750291754,
1,-3.0890473133004326,GO:0043068,M1,1,0,GO Biological Processes,19,positive regulation of programmed cell death,19_GO:0048518 positive regulation of biological process,-3.0890473133004326,1.9283148580937917,3.6174384696296724,30293,572,769,28,3.6410923276983094,0.6754584046980635,604|706|857|1495|1647|1848|2021|2896|3146|3486|3956|4208|4616|5740|6135|6201|6347|6850|7262|7704|7805|8406|8462|9131|10628|11124|51083|51776,BCL6|TSPO|CAV1|CTNNA1|GADD45A|DUSP6|ENDOG|GRN|HMGB1|IGFBP3|LGALS1|MEF2C|GADD45B|PTGIS|RPL11|RPS7|CCL2|SYK|PHLDA2|ZBTB16|LAPTM5|SRPX|KLF11|AIFM1|TXNIP|FAF1|GAL|MAP3K20,-1.3461885488827747,0,75,1,1,-3.0890473133004326,1.9283148580937917,
1,-2.699923110294953,GO:0043065,M1,1,0,GO Biological Processes,19,positive regulation of apoptotic process,19_GO:0048518 positive regulation of biological process,-2.699923110294953,1.8622012058162905,3.293344259727357,30293,550,769,26,3.3810143042912872,0.6517658046518952,604|706|857|1495|1647|1848|2021|2896|3146|3486|3956|4208|4616|5740|6135|6201|6347|7262|7704|8406|8462|9131|10628|11124|51083|51776,BCL6|TSPO|CAV1|CTNNA1|GADD45A|DUSP6|ENDOG|GRN|HMGB1|IGFBP3|LGALS1|MEF2C|GADD45B|PTGIS|RPL11|RPS7|CCL2|PHLDA2|ZBTB16|SRPX|KLF11|AIFM1|TXNIP|FAF1|GAL|MAP3K20,-1.0976321726802916,0,75,0,0,-3.0890473133004326,1.9283148580937917,
1,-3.0811875623606486,GO:1903332,M1,1,0,GO Biological Processes,19,regulation of protein folding,19_GO:0008152 metabolic process,-3.0811875623606486,14.772269180754225,6.287474730121879,30293,8,769,3,0.39011703511053314,0.22479440747191654,2896|3309|6625,GRN|HSPA5|SNRNP70,-1.3461885488827747,0,76,1,1,-3.0811875623606486,14.772269180754225,
1,-3.0811875623606486,GO:0007207,M1,1,0,GO Biological Processes,19,phospholipase C-activating G protein-coupled acetylcholine receptor signaling pathway,19_GO:0050896 response to stimulus,-3.0811875623606486,14.772269180754225,6.287474730121879,30293,8,769,3,0.39011703511053314,0.22479440747191654,3708|5579|23236,ITPR1|PRKCB|PLCB1,-1.3461885488827747,0,77,1,1,-3.0811875623606486,14.772269180754225,
1,-2.2191632693710925,GO:1905144,M1,1,0,GO Biological Processes,19,response to acetylcholine,19_GO:0050896 response to stimulus,-2.2191632693710925,4.281817153841804,3.594940353366531,30293,46,769,5,0.6501950585175552,0.2898292224783175,706|3708|5579|9475|23236,TSPO|ITPR1|PRKCB|ROCK2|PLCB1,-0.7820471763230139,0,77,0,0,-3.0811875623606486,14.772269180754225,
1,-2.026965297750068,GO:1990806,M1,1,0,GO Biological Processes,19,ligand-gated ion channel signaling pathway,19_GO:0050896 response to stimulus,-2.026965297750068,4.774874886708437,3.501584537494459,30293,33,769,4,0.5201560468140443,0.2594007357379462,2892|2902|3708|23236,GRIA3|GRIN1|ITPR1|PLCB1,-0.6474461589449415,0,77,0,0,-3.0811875623606486,14.772269180754225,
1,-3.0577245271489324,GO:0070168,M1,1,0,GO Biological Processes,19,negative regulation of biomineral tissue development,19_GO:0032502 developmental process,-3.0577245271489324,6.5654529692241,4.922035040752667,30293,30,769,5,0.6501950585175552,0.2898292224783175,1230|1893|4846|5552|9475,CCR1|ECM1|NOS3|SRGN|ROCK2,-1.32895206451169,0,78,1,1,-3.0577245271489324,6.5654529692241,
1,-3.02266844009928,GO:0000028,M1,1,0,GO Biological Processes,19,ribosomal small subunit assembly,19_GO:0009987 cellular process,-3.02266844009928,8.7539372922988,5.310751821683413,30293,18,769,4,0.5201560468140443,0.2594007357379462,6193|6208|6223|6232,RPS5|RPS14|RPS19|RPS27,-1.3000345175654677,0,79,1,1,-3.02266844009928,8.7539372922988,
1,-3.0143023049422433,GO:0019674,M1,1,0,GO Biological Processes,19,NAD metabolic process,19_GO:0008152 metabolic process,-3.0143023049422433,4.447564914635681,4.385524949411698,30293,62,769,7,0.9102730819245773,0.34248140459762805,2023|5224|5740|8942|23057|23171|55191,ENO1|PGAM2|PTGIS|KYNU|NMNAT2|GPD1L|NADSYN1,-1.2931895555289639,0,80,1,1,-3.0143023049422433,6.3536641637652576,
1,-2.9904183339589627,GO:0072525,M1,1,0,GO Biological Processes,19,pyridine-containing compound biosynthetic process,19_GO:0008152 metabolic process,-2.9904183339589627,6.3536641637652576,4.813075823354922,30293,31,769,5,0.6501950585175552,0.2898292224783175,5740|8566|8942|23057|55191,PTGIS|PDXK|KYNU|NMNAT2|NADSYN1,-1.2764977804323332,0,80,0,0,-3.0143023049422433,6.3536641637652576,
1,-2.6571437016001838,GO:0006164,M1,1,0,GO Biological Processes,19,purine nucleotide biosynthetic process,19_GO:0008152 metabolic process,-2.6571437016001838,2.4188510939246686,3.470668901914228,30293,228,769,14,1.8205461638491547,0.48211204721837686,111|113|226|513|2977|4713|4717|4830|4833|5740|8833|8942|23057|55191,ADCY5|ADCY7|ALDOA|ATP5F1D|GUCY1A2|NDUFB7|NDUFC1|NME1|NME4|PTGIS|GMPS|KYNU|NMNAT2|NADSYN1,-1.069614520383569,0,80,0,0,-3.0143023049422433,6.3536641637652576,
1,-2.5210554613027805,GO:0072522,M1,1,0,GO Biological Processes,19,purine-containing compound biosynthetic process,19_GO:0008152 metabolic process,-2.5210554613027805,2.336856141588239,3.327418347821651,30293,236,769,14,1.8205461638491547,0.48211204721837686,111|113|226|513|2977|4713|4717|4830|4833|5740|8833|8942|23057|55191,ADCY5|ADCY7|ALDOA|ATP5F1D|GUCY1A2|NDUFB7|NDUFC1|NME1|NME4|PTGIS|GMPS|KYNU|NMNAT2|NADSYN1,-0.9789478181267387,0,80,0,0,-3.0143023049422433,6.3536641637652576,
1,-2.4962736657918287,GO:0055086,M1,1,0,GO Biological Processes,19,nucleobase-containing small molecule metabolic process,19_GO:0008152 metabolic process,-2.4962736657918287,1.7756316878369018,3.0943835829163615,30293,599,769,27,3.5110533159947983,0.6637343972405395,111|113|226|513|978|2023|2977|3303|4713|4717|4830|4833|5224|5740|7360|8505|8622|8833|8930|8942|22875|23057|23171|30833|55191|55790|254552,ADCY5|ADCY7|ALDOA|ATP5F1D|CDA|ENO1|GUCY1A2|HSPA1A|NDUFB7|NDUFC1|NME1|NME4|PGAM2|PTGIS|UGP2|PARG|PDE8B|GMPS|MBD4|KYNU|ENPP4|NMNAT2|GPD1L|NT5C|NADSYN1|CSGALNACT1|NUDT8,-0.9572841402041437,0,80,0,0,-3.0143023049422433,6.3536641637652576,
1,-2.4688546581664763,GO:0009165,M1,1,0,GO Biological Processes,19,nucleotide biosynthetic process,19_GO:0008152 metabolic process,-2.4688546581664763,2.2297764801138453,3.2450804033386507,30293,265,769,15,1.9505851755526658,0.4987027841076265,111|113|226|513|978|2977|4713|4717|4830|4833|5740|8833|8942|23057|55191,ADCY5|ADCY7|ALDOA|ATP5F1D|CDA|GUCY1A2|NDUFB7|NDUFC1|NME1|NME4|PTGIS|GMPS|KYNU|NMNAT2|NADSYN1,-0.9431670895929423,0,80,0,0,-3.0143023049422433,6.3536641637652576,
1,-2.467433358359921,GO:0009435,M1,1,0,GO Biological Processes,19,NAD biosynthetic process,19_GO:0008152 metabolic process,-2.467433358359921,6.302834850455136,4.280808390132786,30293,25,769,4,0.5201560468140443,0.2594007357379462,5740|8942|23057|55191,PTGIS|KYNU|NMNAT2|NADSYN1,-0.9431670895929423,0,80,0,0,-3.0143023049422433,6.3536641637652576,
1,-2.4385118167433504,GO:1901293,M1,1,0,GO Biological Processes,19,nucleoside phosphate biosynthetic process,19_GO:0008152 metabolic process,-2.4385118167433504,2.2130740345699214,3.2131702931102,30293,267,769,15,1.9505851755526658,0.4987027841076265,111|113|226|513|978|2977|4713|4717|4830|4833|5740|8833|8942|23057|55191,ADCY5|ADCY7|ALDOA|ATP5F1D|CDA|GUCY1A2|NDUFB7|NDUFC1|NME1|NME4|PTGIS|GMPS|KYNU|NMNAT2|NADSYN1,-0.9207418451206353,0,80,0,0,-3.0143023049422433,6.3536641637652576,
1,-2.397204968913618,GO:0006163,M1,1,0,GO Biological Processes,19,purine nucleotide metabolic process,19_GO:0008152 metabolic process,-2.397204968913618,1.871792207208599,3.0508186814788516,30293,463,769,22,2.860858257477243,0.6011490036165891,111|113|226|513|2023|2977|3303|4713|4717|4830|4833|5224|5740|8505|8622|8833|8942|23057|23171|30833|55191|254552,ADCY5|ADCY7|ALDOA|ATP5F1D|ENO1|GUCY1A2|HSPA1A|NDUFB7|NDUFC1|NME1|NME4|PGAM2|PTGIS|PARG|PDE8B|GMPS|KYNU|NMNAT2|GPD1L|NT5C|NADSYN1|NUDT8,-0.8955045280453807,0,80,0,0,-3.0143023049422433,6.3536641637652576,
1,-2.395163504236549,GO:0072521,M1,1,0,GO Biological Processes,19,purine-containing compound metabolic process,19_GO:0008152 metabolic process,-2.395163504236549,1.8415294913677356,3.0372183752627335,30293,492,769,23,2.990897269180754,0.6142481003592162,111|113|226|513|2023|2977|3303|4713|4717|4830|4833|5224|5740|8505|8622|8833|8942|22875|23057|23171|30833|55191|254552,ADCY5|ADCY7|ALDOA|ATP5F1D|ENO1|GUCY1A2|HSPA1A|NDUFB7|NDUFC1|NME1|NME4|PGAM2|PTGIS|PARG|PDE8B|GMPS|KYNU|ENPP4|NMNAT2|GPD1L|NT5C|NADSYN1|NUDT8,-0.8943783313190932,0,80,0,0,-3.0143023049422433,6.3536641637652576,
1,-2.3750402322453468,GO:0072524,M1,1,0,GO Biological Processes,19,pyridine-containing compound metabolic process,19_GO:0008152 metabolic process,-2.3750402322453468,2.8823939864886294,3.3760974433281166,30293,123,769,9,1.1703511053315996,0.3878274468226617,226|2023|5224|5740|8566|8942|23057|23171|55191,ALDOA|ENO1|PGAM2|PTGIS|PDXK|KYNU|NMNAT2|GPD1L|NADSYN1,-0.880608487941874,0,80,0,0,-3.0143023049422433,6.3536641637652576,
1,-2.365113492474273,GO:0009117,M1,1,0,GO Biological Processes,19,nucleotide metabolic process,19_GO:0008152 metabolic process,-2.365113492474273,1.8042466174966993,2.9971764334935913,30293,524,769,24,3.120936280884265,0.6270385582010519,111|113|226|513|978|2023|2977|3303|4713|4717|4830|4833|5224|5740|8505|8622|8833|8930|8942|23057|23171|30833|55191|254552,ADCY5|ADCY7|ALDOA|ATP5F1D|CDA|ENO1|GUCY1A2|HSPA1A|NDUFB7|NDUFC1|NME1|NME4|PGAM2|PTGIS|PARG|PDE8B|GMPS|MBD4|KYNU|NMNAT2|GPD1L|NT5C|NADSYN1|NUDT8,-0.872480071576363,0,80,0,0,-3.0143023049422433,6.3536641637652576,
1,-2.3426407189846783,GO:0019359,M1,1,0,GO Biological Processes,19,nicotinamide nucleotide biosynthetic process,19_GO:0008152 metabolic process,-2.3426407189846783,5.835958194865867,4.057200326321359,30293,27,769,4,0.5201560468140443,0.2594007357379462,5740|8942|23057|55191,PTGIS|KYNU|NMNAT2|NADSYN1,-0.8580088557195859,0,80,0,0,-3.0143023049422433,6.3536641637652576,
1,-2.3426407189846783,GO:0019363,M1,1,0,GO Biological Processes,19,pyridine nucleotide biosynthetic process,19_GO:0008152 metabolic process,-2.3426407189846783,5.835958194865867,4.057200326321359,30293,27,769,4,0.5201560468140443,0.2594007357379462,5740|8942|23057|55191,PTGIS|KYNU|NMNAT2|NADSYN1,-0.8580088557195859,0,80,0,0,-3.0143023049422433,6.3536641637652576,
1,-2.285156085802319,GO:0006753,M1,1,0,GO Biological Processes,19,nucleoside phosphate metabolic process,19_GO:0008152 metabolic process,-2.285156085802319,1.7771150894140422,2.9184814932900975,30293,532,769,24,3.120936280884265,0.6270385582010519,111|113|226|513|978|2023|2977|3303|4713|4717|4830|4833|5224|5740|8505|8622|8833|8930|8942|23057|23171|30833|55191|254552,ADCY5|ADCY7|ALDOA|ATP5F1D|CDA|ENO1|GUCY1A2|HSPA1A|NDUFB7|NDUFC1|NME1|NME4|PGAM2|PTGIS|PARG|PDE8B|GMPS|MBD4|KYNU|NMNAT2|GPD1L|NT5C|NADSYN1|NUDT8,-0.8170123885215353,0,80,0,0,-3.0143023049422433,6.3536641637652576,
1,-2.018220426903135,GO:0019362,M1,1,0,GO Biological Processes,19,pyridine nucleotide metabolic process,19_GO:0008152 metabolic process,-2.018220426903135,2.716739159678938,2.98974964202228,30293,116,769,8,1.0403120936280885,0.3658877017432317,226|2023|5224|5740|8942|23057|23171|55191,ALDOA|ENO1|PGAM2|PTGIS|KYNU|NMNAT2|GPD1L|NADSYN1,-0.6421453543781677,0,80,0,0,-3.0143023049422433,6.3536641637652576,
1,-2.018220426903135,GO:0046496,M1,1,0,GO Biological Processes,19,nicotinamide nucleotide metabolic process,19_GO:0008152 metabolic process,-2.018220426903135,2.716739159678938,2.98974964202228,30293,116,769,8,1.0403120936280885,0.3658877017432317,226|2023|5224|5740|8942|23057|23171|55191,ALDOA|ENO1|PGAM2|PTGIS|KYNU|NMNAT2|GPD1L|NADSYN1,-0.6421453543781677,0,80,0,0,-3.0143023049422433,6.3536641637652576,
1,-2.9849929748433515,GO:0045058,M1,1,0,GO Biological Processes,19,T cell selection,19_GO:0002376 immune system process,-2.9849929748433515,5.138180584610166,4.533010730265104,30293,46,769,6,0.7802340702210663,0.31728415518844433,915|6693|6794|6850|9474|387357,CD3D|SPN|STK11|SYK|ATG5|THEMIS,-1.2733943471866243,0,81,1,1,-2.9849929748433515,9.090627188156446,
1,-2.9726189697035723,GO:0033077,M1,1,0,GO Biological Processes,19,T cell differentiation in thymus,19_GO:0002376 immune system process,-2.9726189697035723,4.3769686461494,4.330297907976941,30293,63,769,7,0.9102730819245773,0.34248140459762805,567|915|6693|6794|9474|9840|29781,B2M|CD3D|SPN|STK11|ATG5|TESPA1|NCAPH2,-1.269356451237505,0,81,0,0,-2.9849929748433515,9.090627188156446,
1,-2.8406030287644857,GO:0045061,M1,1,0,GO Biological Processes,19,thymic T cell selection,19_GO:0002376 immune system process,-2.8406030287644857,7.878543563068921,4.966189703186829,30293,20,769,4,0.5201560468140443,0.2594007357379462,915|6693|6794|9474,CD3D|SPN|STK11|ATG5,-1.1856082695321308,0,81,0,0,-2.9849929748433515,9.090627188156446,
1,-2.4142144716408414,GO:0043383,M1,1,0,GO Biological Processes,19,negative T cell selection,19_GO:0002376 immune system process,-2.4142144716408414,9.090627188156446,4.70885671923253,30293,13,769,3,0.39011703511053314,0.22479440747191654,6693|9474|387357,SPN|ATG5|THEMIS,-0.9097565962274151,0,81,0,0,-2.9849929748433515,9.090627188156446,
1,-2.026965297750068,GO:0043368,M1,1,0,GO Biological Processes,19,positive T cell selection,19_GO:0002376 immune system process,-2.026965297750068,4.774874886708437,3.501584537494459,30293,33,769,4,0.5201560468140443,0.2594007357379462,915|6693|6794|387357,CD3D|SPN|STK11|THEMIS,-0.6474461589449415,0,81,0,0,-2.9849929748433515,9.090627188156446,
1,-2.9608188838369425,GO:0030029,M1,1,0,GO Biological Processes,19,actin filament-based process,19_GO:0009987 cellular process,-2.9608188838369425,1.8666483932107738,3.4955774449647787,30293,612,769,29,3.7711313394018204,0.6869503499558784,87|226|301|357|604|800|1365|2275|4644|4739|5159|5879|7139|8407|9260|9475|9938|11215|23075|23171|27295|50853|55607|65108|90627|122786|140465|342184|390594,ACTN1|ALDOA|ANXA1|SHROOM2|BCL6|CALD1|CLDN3|FHL3|MYO5A|NEDD9|PDGFRB|RAC1|TNNT2|TAGLN2|PDLIM7|ROCK2|ARHGAP25|AKAP11|SWAP70|GPD1L|PDLIM3|VILL|PPP1R9A|MARCKSL1|STARD13|FRMD6|MYL6B|FMN1|KBTBD13,-1.2614506467590765,0,82,1,1,-2.9608188838369425,2.133179665090863,
1,-2.899180864269007,GO:0097435,M1,1,0,GO Biological Processes,19,supramolecular fiber organization,19_GO:0009987 cellular process,-2.899180864269007,1.8726589114255499,3.4517096197907664,30293,589,769,28,3.6410923276983094,0.6754584046980635,87|226|302|357|538|567|800|871|1778|3858|4193|4644|4739|5159|5879|6478|7139|7431|8407|9938|23075|30008|50853|55607|65108|81565|342184|390594,ACTN1|ALDOA|ANXA2|SHROOM2|ATP7A|B2M|CALD1|SERPINH1|DYNC1H1|KRT10|MDM2|MYO5A|NEDD9|PDGFRB|RAC1|SIAH2|TNNT2|VIM|TAGLN2|ARHGAP25|SWAP70|EFEMP2|VILL|PPP1R9A|MARCKSL1|NDEL1|FMN1|KBTBD13,-1.222761343944436,0,82,0,0,-2.9608188838369425,2.133179665090863,
1,-2.787296104950318,GO:0030036,M1,1,0,GO Biological Processes,19,actin cytoskeleton organization,19_GO:0009987 cellular process,-2.787296104950318,1.8896875704777856,3.373074459272178,30293,542,769,26,3.3810143042912872,0.6517658046518952,87|226|301|357|604|800|1365|2275|4644|4739|5159|5879|7139|8407|9260|9475|9938|11215|23075|27295|50853|55607|65108|90627|342184|390594,ACTN1|ALDOA|ANXA1|SHROOM2|BCL6|CALD1|CLDN3|FHL3|MYO5A|NEDD9|PDGFRB|RAC1|TNNT2|TAGLN2|PDLIM7|ROCK2|ARHGAP25|AKAP11|SWAP70|PDLIM3|VILL|PPP1R9A|MARCKSL1|STARD13|FMN1|KBTBD13,-1.1402540780267345,0,82,0,0,-2.9608188838369425,2.133179665090863,
1,-2.2923681774841542,GO:0007015,M1,1,0,GO Biological Processes,19,actin filament organization,19_GO:0009987 cellular process,-2.2923681774841542,2.133179665090863,3.057748729093132,30293,277,769,15,1.9505851755526658,0.4987027841076265,87|226|357|800|4644|4739|5879|8407|9938|23075|50853|55607|65108|342184|390594,ACTN1|ALDOA|SHROOM2|CALD1|MYO5A|NEDD9|RAC1|TAGLN2|ARHGAP25|SWAP70|VILL|PPP1R9A|MARCKSL1|FMN1|KBTBD13,-0.8233102950765445,0,82,0,0,-2.9608188838369425,2.133179665090863,
1,-2.9418468181574875,GO:0030308,M1,1,0,GO Biological Processes,19,negative regulation of cell growth,19_GO:0040007 growth,-2.9418468181574875,2.709552019044867,3.8048773802576674,30293,189,769,13,1.6905071521456436,0.4648823568385354,604|978|2023|3303|3621|4504|6259|6595|6794|29946|54825|92304|344901,BCL6|CDA|ENO1|HSPA1A|ING1|MT3|RYK|SMARCA2|STK11|SERTAD3|CDHR2|SCGB3A1|OSTN,-1.250089462096745,0,83,1,1,-2.9418468181574875,2.709552019044867,
1,-2.918002435548466,GO:0040008,M1,1,0,GO Biological Processes,19,regulation of growth,19_GO:0040007 growth,-2.918002435548466,1.8545272997483662,3.458166068227769,30293,616,769,29,3.7711313394018204,0.6869503499558784,604|978|1154|1385|1848|1946|2023|2689|2692|3303|3486|3621|4208|4504|5393|5479|5579|6259|6595|6794|7422|8531|8725|23236|29946|54825|57154|92304|344901,BCL6|CDA|CISH|CREB1|DUSP6|EFNA5|ENO1|GH2|GHRHR|HSPA1A|IGFBP3|ING1|MEF2C|MT3|EXOSC9|PPIB|PRKCB|RYK|SMARCA2|STK11|VEGFA|YBX3|URI1|PLCB1|SERTAD3|CDHR2|SMURF1|SCGB3A1|OSTN,-1.2332840420329811,0,83,0,0,-2.9418468181574875,2.709552019044867,
1,-2.284083785463107,GO:0001558,M1,1,0,GO Biological Processes,19,regulation of cell growth,19_GO:0040007 growth,-2.284083785463107,1.8938806641992596,2.9627653743858793,30293,416,769,20,2.600780234070221,0.5739398725899987,604|978|1154|1946|2023|3303|3486|3621|4504|5393|6259|6595|6794|7422|8725|29946|54825|57154|92304|344901,BCL6|CDA|CISH|EFNA5|ENO1|HSPA1A|IGFBP3|ING1|MT3|EXOSC9|RYK|SMARCA2|STK11|VEGFA|URI1|SERTAD3|CDHR2|SMURF1|SCGB3A1|OSTN,-0.8170123885215353,0,83,0,0,-2.9418468181574875,2.709552019044867,
1,-2.8718551036036155,GO:1990830,M1,1,0,GO Biological Processes,19,cellular response to leukemia inhibitory factor,19_GO:0050896 response to stimulus,-2.8718551036036155,3.408985195558668,3.971604395211373,30293,104,769,9,1.1703511053315996,0.3878274468226617,1385|2730|2731|4691|6217|7091|8745|54941|55818,CREB1|GCLM|GLDC|NCL|RPS16|TLE4|ADAM23|RNF125|KDM3A,-1.203578843392396,0,84,1,1,-2.8718551036036155,3.408985195558668,
1,-2.8137700958155034,GO:1990823,M1,1,0,GO Biological Processes,19,response to leukemia inhibitory factor,19_GO:0050896 response to stimulus,-2.8137700958155034,3.344664720170768,3.902682757265495,30293,106,769,9,1.1703511053315996,0.3878274468226617,1385|2730|2731|4691|6217|7091|8745|54941|55818,CREB1|GCLM|GLDC|NCL|RPS16|TLE4|ADAM23|RNF125|KDM3A,-1.1613361203100263,0,84,0,0,-2.8718551036036155,3.408985195558668,
1,-2.8406030287644857,GO:0019079,M1,1,0,GO Biological Processes,19,viral genome replication,19_GO:0016032 viral process,-2.8406030287644857,7.878543563068921,4.966189703186829,30293,20,769,4,0.5201560468140443,0.2594007357379462,5093|6347|7913|9474,PCBP1|CCL2|DEK|ATG5,-1.1856082695321308,0,85,1,1,-2.8406030287644857,7.878543563068921,
1,-2.7945418247519807,GO:0022604,M1,1,0,GO Biological Processes,19,regulation of cell morphogenesis,19_GO:0032502 developmental process,-2.7945418247519807,2.411799049919057,3.580862852828065,30293,245,769,15,1.9505851755526658,0.4987027841076265,226|301|960|1365|1436|1946|5879|6347|7422|10627|25805|27067|57154|344901|348110,ALDOA|ANXA1|CD44|CLDN3|CSF1R|EFNA5|RAC1|CCL2|VEGFA|MYL12A|BAMBI|STAU2|SMURF1|OSTN|ARPIN,-1.144692943080997,0,86,1,1,-2.7945418247519807,2.411799049919057,
1,-2.7849784815765593,GO:0007005,M1,1,0,GO Biological Processes,19,mitochondrion organization,19_GO:0009987 cellular process,-2.7849784815765593,2.0154413765990262,3.4226454418917958,30293,430,769,22,2.860858257477243,0.6011490036165891,513|538|599|987|2021|2730|3303|4713|4717|4846|6687|6834|8655|9001|9131|9474|9804|10063|11152|23259|65018|66008,ATP5F1D|ATP7A|BCL2L2|LRBA|ENDOG|GCLM|HSPA1A|NDUFB7|NDUFC1|NOS3|SPG7|SURF1|DYNLL1|HAP1|AIFM1|ATG5|TOMM20|COX17|WDR45|DDHD2|PINK1|TRAK2,-1.1402540780267345,0,87,1,1,-2.7849784815765593,2.0154413765990262,
1,-2.77974793989364,GO:0090101,M1,1,0,GO Biological Processes,19,negative regulation of transmembrane receptor protein serine/threonine kinase signaling pathway,19_GO:0048519 negative regulation of biological process,-2.77974793989364,2.5995194497435525,3.6350282886288228,30293,197,769,13,1.6905071521456436,0.4648823568385354,1149|3303|3309|3621|8483|9863|10140|25805|25928|51341|57154|135228|168002,CIDEA|HSPA1A|HSPA5|ING1|CILP|MAGI2|TOB1|BAMBI|SOSTDC1|ZBTB7A|SMURF1|CD109|DACT2,-1.1379158813818784,0,88,1,1,-2.77974793989364,2.8137655582389005,
1,-2.3065475676530167,GO:0030512,M1,1,0,GO Biological Processes,19,negative regulation of transforming growth factor beta receptor signaling pathway,19_GO:0048519 negative regulation of biological process,-2.3065475676530167,2.8137655582389005,3.2926070772766263,30293,126,769,9,1.1703511053315996,0.3878274468226617,1149|3303|3309|3621|8483|25805|51341|57154|135228,CIDEA|HSPA1A|HSPA5|ING1|CILP|BAMBI|ZBTB7A|SMURF1|CD109,-0.8332193019504933,0,88,0,0,-2.77974793989364,2.8137655582389005,
1,-2.2411988765626063,GO:0017015,M1,1,0,GO Biological Processes,19,regulation of transforming growth factor beta receptor signaling pathway,19_GO:0050896 response to stimulus,-2.2411988765626063,2.4481350054733935,3.118434211832741,30293,177,769,11,1.4304291287386215,0.4281948461201359,1149|3303|3309|3621|6794|8483|9315|25805|51341|57154|135228,CIDEA|HSPA1A|HSPA5|ING1|STK11|CILP|NREP|BAMBI|ZBTB7A|SMURF1|CD109,-0.7880085805793811,0,88,0,0,-2.77974793989364,2.8137655582389005,
1,-2.187847421505323,GO:1903844,M1,1,0,GO Biological Processes,19,regulation of cellular response to transforming growth factor beta stimulus,19_GO:0050896 response to stimulus,-2.187847421505323,2.4073327553821704,3.056297189239783,30293,180,769,11,1.4304291287386215,0.4281948461201359,1149|3303|3309|3621|6794|8483|9315|25805|51341|57154|135228,CIDEA|HSPA1A|HSPA5|ING1|STK11|CILP|NREP|BAMBI|ZBTB7A|SMURF1|CD109,-0.757780446849424,0,88,0,0,-2.77974793989364,2.8137655582389005,
1,-2.125918587321875,GO:0090287,M1,1,0,GO Biological Processes,19,regulation of cellular response to growth factor stimulus,19_GO:0050896 response to stimulus,-2.125918587321875,1.9009890634750748,2.825743168641134,30293,373,769,18,2.340702210663199,0.545213638740881,1149|2297|3087|3303|3309|3621|4504|5579|6794|7422|8483|9315|10140|25805|25928|51341|57154|135228,CIDEA|FOXD1|HHEX|HSPA1A|HSPA5|ING1|MT3|PRKCB|STK11|VEGFA|CILP|NREP|TOB1|BAMBI|SOSTDC1|ZBTB7A|SMURF1|CD109,-0.7149382349081671,0,88,0,0,-2.77974793989364,2.8137655582389005,
1,-2.122971019081132,GO:0090092,M1,1,0,GO Biological Processes,19,regulation of transmembrane receptor protein serine/threonine kinase signaling pathway,19_GO:0050896 response to stimulus,-2.122971019081132,1.9882759780615573,2.854700662664633,30293,317,769,16,2.080624187256177,0.51471635694872,1149|2297|3303|3309|3621|6794|8483|9315|9863|10140|25805|25928|51341|57154|135228|168002,CIDEA|FOXD1|HSPA1A|HSPA5|ING1|STK11|CILP|NREP|MAGI2|TOB1|BAMBI|SOSTDC1|ZBTB7A|SMURF1|CD109|DACT2,-0.7148695626149479,0,88,0,0,-2.77974793989364,2.8137655582389005,
1,-2.7784067859432615,GO:0032370,M1,1,0,GO Biological Processes,19,positive regulation of lipid transport,19_GO:0051179 localization,-2.7784067859432615,3.6223188795719174,3.953102402779405,30293,87,769,8,1.0403120936280885,0.3658877017432317,302|857|5025|5321|29801|51083|54209|339221,ANXA2|CAV1|P2RX4|PLA2G4A|ZDHHC8|GAL|TREM2|ENPP7,-1.1379158813818784,0,89,1,1,-2.7784067859432615,5.050348437864693,
1,-2.648251174866165,GO:1905954,M1,1,0,GO Biological Processes,19,positive regulation of lipid localization,19_GO:0051179 localization,-2.648251174866165,3.165486253018763,3.705417731354139,30293,112,769,9,1.1703511053315996,0.3878274468226617,302|857|1149|5025|5321|29801|51083|54209|339221,ANXA2|CAV1|CIDEA|P2RX4|PLA2G4A|ZDHHC8|GAL|TREM2|ENPP7,-1.0618369993503416,0,89,0,0,-2.7784067859432615,5.050348437864693,
1,-2.532835366059474,GO:0032373,M1,1,0,GO Biological Processes,19,positive regulation of sterol transport,19_GO:0051179 localization,-2.532835366059474,5.050348437864693,4.084819151146759,30293,39,769,5,0.6501950585175552,0.2898292224783175,302|857|29801|54209|339221,ANXA2|CAV1|ZDHHC8|TREM2|ENPP7,-0.9857844585421751,0,89,0,0,-2.7784067859432615,5.050348437864693,
1,-2.532835366059474,GO:0032376,M1,1,0,GO Biological Processes,19,positive regulation of cholesterol transport,19_GO:0051179 localization,-2.532835366059474,5.050348437864693,4.084819151146759,30293,39,769,5,0.6501950585175552,0.2898292224783175,302|857|29801|54209|339221,ANXA2|CAV1|ZDHHC8|TREM2|ENPP7,-0.9857844585421751,0,89,0,0,-2.7784067859432615,5.050348437864693,
1,-2.213761647577869,GO:0032368,M1,1,0,GO Biological Processes,19,regulation of lipid transport,19_GO:0051179 localization,-2.213761647577869,2.557968689308091,3.1281978425872032,30293,154,769,10,1.3003901170351104,0.4085369838353505,302|706|857|5025|5321|6850|29801|51083|54209|339221,ANXA2|TSPO|CAV1|P2RX4|PLA2G4A|SYK|ZDHHC8|GAL|TREM2|ENPP7,-0.7774344638873315,0,89,0,0,-2.7784067859432615,5.050348437864693,
1,-2.118853545375445,GO:1905952,M1,1,0,GO Biological Processes,19,regulation of lipid localization,19_GO:0051179 localization,-2.118853545375445,2.3549994346129925,2.975359213129389,30293,184,769,11,1.4304291287386215,0.4281948461201359,302|706|857|1149|5025|5321|6850|29801|51083|54209|339221,ANXA2|TSPO|CAV1|CIDEA|P2RX4|PLA2G4A|SYK|ZDHHC8|GAL|TREM2|ENPP7,-0.7114900576202241,0,89,0,0,-2.7784067859432615,5.050348437864693,
1,-2.76670901021756,GO:1905634,M1,1,0,GO Biological Processes,19,regulation of protein localization to chromatin,19_GO:0051179 localization,-2.76670901021756,11.81781534460338,5.521787144662383,30293,10,769,3,0.39011703511053314,0.22479440747191654,6047|7443|29072,RNF4|VRK1|SETD2,-1.1345373441410618,0,90,1,1,-2.76670901021756,11.81781534460338,
1,-2.76670901021756,GO:0140059,M1,1,0,GO Biological Processes,19,dendrite arborization,19_GO:0032502 developmental process,-2.76670901021756,11.81781534460338,5.521787144662383,30293,10,769,3,0.39011703511053314,0.22479440747191654,7162|22891|25830,TPBG|ZNF365|SULT4A1,-1.1345373441410618,0,91,1,1,-2.76670901021756,11.81781534460338,
1,-2.0708373379609633,GO:0140058,M1,1,0,GO Biological Processes,19,neuron projection arborization,19_GO:0032502 developmental process,-2.0708373379609633,6.951656085060812,3.96143546875511,30293,17,769,3,0.39011703511053314,0.22479440747191654,7162|22891|25830,TPBG|ZNF365|SULT4A1,-0.675831179584927,0,91,0,0,-2.76670901021756,11.81781534460338,
1,-2.76670901021756,GO:0034351,M1,1,0,GO Biological Processes,19,negative regulation of glial cell apoptotic process,19_GO:0048519 negative regulation of biological process,-2.76670901021756,11.81781534460338,5.521787144662383,30293,10,769,3,0.39011703511053314,0.22479440747191654,5885|6347|54209,RAD21|CCL2|TREM2,-1.1345373441410618,0,92,1,1,-2.76670901021756,11.81781534460338,
1,-2.76670901021756,GO:2000425,M1,1,0,GO Biological Processes,19,regulation of apoptotic cell clearance,19_GO:0051179 localization,-2.76670901021756,11.81781534460338,5.521787144662383,30293,10,769,3,0.39011703511053314,0.22479440747191654,3146|6347|54209,HMGB1|CCL2|TREM2,-1.1345373441410618,0,92,0,0,-2.76670901021756,11.81781534460338,
1,-2.6366473423394723,GO:0034350,M1,1,0,GO Biological Processes,19,regulation of glial cell apoptotic process,19_GO:0050789 regulation of biological process,-2.6366473423394723,10.743468495093982,5.21623556511692,30293,11,769,3,0.39011703511053314,0.22479440747191654,5885|6347|54209,RAD21|CCL2|TREM2,-1.05693121009577,0,92,0,0,-2.76670901021756,11.81781534460338,
1,-2.757574174867995,GO:0019370,M1,1,0,GO Biological Processes,19,leukotriene biosynthetic process,19_GO:0008152 metabolic process,-2.757574174867995,7.503374821970401,4.81135521013496,30293,21,769,4,0.5201560468140443,0.2594007357379462,240|2681|5321|6850,ALOX5|GGTA1|PLA2G4A|SYK,-1.1327636084378658,0,93,1,1,-2.757574174867995,7.503374821970401,
1,-2.0659254135273093,GO:0046456,M1,1,0,GO Biological Processes,19,icosanoid biosynthetic process,19_GO:0008152 metabolic process,-2.0659254135273093,3.93927178153446,3.357003996825617,30293,50,769,5,0.6501950585175552,0.2898292224783175,240|2681|5321|5740|6850,ALOX5|GGTA1|PLA2G4A|PTGIS|SYK,-0.674487841227541,0,93,0,0,-2.757574174867995,7.503374821970401,
1,-2.7455156876161726,GO:0045943,M1,1,0,GO Biological Processes,19,positive regulation of transcription by RNA polymerase I,19_GO:0048518 positive regulation of biological process,-2.7455156876161726,5.6275311164778,4.4208197346069955,30293,35,769,5,0.6501950585175552,0.2898292224783175,4691|7913|23160|23451|55646,NCL|DEK|WDR43|SF3B1|LYAR,-1.1243394058411373,0,94,1,1,-2.7455156876161726,5.6275311164778,
1,-2.140497299491013,GO:0006356,M1,1,0,GO Biological Processes,19,regulation of transcription by RNA polymerase I,19_GO:0008152 metabolic process,-2.140497299491013,4.103408105765062,3.472739925132354,30293,48,769,5,0.6501950585175552,0.2898292224783175,4691|7913|23160|23451|55646,NCL|DEK|WDR43|SF3B1|LYAR,-0.7249463553692198,0,94,0,0,-2.7455156876161726,5.6275311164778,
1,-2.7294254570159424,GO:0032543,M1,1,0,GO Biological Processes,19,mitochondrial translation,19_GO:0008152 metabolic process,-2.7294254570159424,3.2526097278724904,3.80233479521784,30293,109,769,9,1.1703511053315996,0.3878274468226617,4528|10884|28973|51264|63931|64949|84545|90480|116540,MTIF2|MRPS30|MRPS18B|MRPL27|MRPS14|MRPS26|MRPL43|GADD45GIP1|MRPL53,-1.1166393927403662,0,95,1,1,-2.7294254570159424,3.2526097278724904,
1,-2.4608167551215403,GO:0140053,M1,1,0,GO Biological Processes,19,mitochondrial gene expression,19_GO:0008152 metabolic process,-2.4608167551215403,2.7741350574186336,3.419948256363794,30293,142,769,10,1.3003901170351104,0.4085369838353505,4528|10884|28973|51264|63931|64949|79828|84545|90480|116540,MTIF2|MRPS30|MRPS18B|MRPL27|MRPS14|MRPS26|METTL8|MRPL43|GADD45GIP1|MRPL53,-0.9394361745920498,0,95,0,0,-2.7294254570159424,3.2526097278724904,
1,-2.7119920808609774,GO:0030001,M1,1,0,GO Biological Processes,19,metal ion transport,19_GO:0051179 localization,-2.7119920808609774,1.79620883120282,3.2751521865422006,30293,636,769,29,3.7711313394018204,0.6869503499558784,302|357|480|538|567|786|857|1230|2902|3708|3738|3787|4504|4846|5025|5579|6539|6540|7036|7178|7922|10050|10063|10268|23236|56479|64072|283537|343450,ANXA2|SHROOM2|ATP1A4|ATP7A|B2M|CACNG1|CAV1|CCR1|GRIN1|ITPR1|KCNA3|KCNS1|MT3|NOS3|P2RX4|PRKCB|SLC6A12|SLC6A13|TFR2|TPT1|SLC39A7|SLC17A4|COX17|RAMP3|PLCB1|KCNQ5|CDH23|SLC46A3|KCNT2,-1.1038872079337008,0,96,1,1,-2.7119920808609774,1.79620883120282,
1,-2.2306124581352695,GO:0006812,M1,1,0,GO Biological Processes,19,monoatomic cation transport,19_GO:0051179 localization,-2.2306124581352695,1.614042215225387,2.805846906757698,30293,781,769,32,4.161248374512354,0.7201437956185002,302|357|480|513|538|567|786|857|1230|1329|2902|3708|3738|3787|4504|4846|5025|5579|6539|6540|6834|7036|7178|7922|10050|10063|10268|23236|56479|64072|283537|343450,ANXA2|SHROOM2|ATP1A4|ATP5F1D|ATP7A|B2M|CACNG1|CAV1|CCR1|COX5B|GRIN1|ITPR1|KCNA3|KCNS1|MT3|NOS3|P2RX4|PRKCB|SLC6A12|SLC6A13|SURF1|TFR2|TPT1|SLC39A7|SLC17A4|COX17|RAMP3|PLCB1|KCNQ5|CDH23|SLC46A3|KCNT2,-0.7843154430119395,0,96,0,0,-2.7119920808609774,1.79620883120282,
1,-2.7056706656082765,GO:0045216,M1,1,0,GO Biological Processes,19,cell-cell junction organization,19_GO:0009987 cellular process,-2.7056706656082765,2.6706927332437016,3.5976931412581847,30293,177,769,12,1.5604681404421326,0.4469398234177268,1004|1012|1365|1436|1495|6801|7414|8650|64065|79629|84612|204851,CDH6|CDH13|CLDN3|CSF1R|CTNNA1|STRN|VCL|NUMB|PERP|OCEL1|PARD6B|HIPK1,-1.0999007148746416,0,97,1,1,-2.7056706656082765,2.8137655582389005,
1,-2.3065475676530167,GO:0007043,M1,1,0,GO Biological Processes,19,cell-cell junction assembly,19_GO:0009987 cellular process,-2.3065475676530167,2.8137655582389005,3.2926070772766263,30293,126,769,9,1.1703511053315996,0.3878274468226617,1004|1012|1365|1495|6801|7414|79629|84612|204851,CDH6|CDH13|CLDN3|CTNNA1|STRN|VCL|OCEL1|PARD6B|HIPK1,-0.8332193019504933,0,97,0,0,-2.7056706656082765,2.8137655582389005,
1,-2.6606577342530726,GO:0050850,M1,1,0,GO Biological Processes,19,positive regulation of calcium-mediated signaling,19_GO:0048518 positive regulation of biological process,-2.6606577342530726,4.459552960227691,4.068240044888152,30293,53,769,6,0.7802340702210663,0.31728415518844433,1012|5025|5159|6850|10268|54209,CDH13|P2RX4|PDGFRB|SYK|RAMP3|TREM2,-1.0697662563825052,0,98,1,1,-2.6606577342530726,8.4412966747167,
1,-2.583388597068044,GO:0055094,M1,1,0,GO Biological Processes,19,response to lipoprotein particle,19_GO:0050896 response to stimulus,-2.583388597068044,5.1832523441242895,4.16434621251227,30293,38,769,5,0.6501950585175552,0.2898292224783175,1012|6850|10628|54209|84830,CDH13|SYK|TXNIP|TREM2|ADTRP,-1.0218598661821225,0,98,0,0,-2.6606577342530726,8.4412966747167,
1,-2.583388597068044,GO:0071404,M1,1,0,GO Biological Processes,19,cellular response to low-density lipoprotein particle stimulus,19_GO:0050896 response to stimulus,-2.583388597068044,5.1832523441242895,4.16434621251227,30293,38,769,5,0.6501950585175552,0.2898292224783175,1012|6850|10628|54209|84830,CDH13|SYK|TXNIP|TREM2|ADTRP,-1.0218598661821225,0,98,0,0,-2.6606577342530726,8.4412966747167,
1,-2.4364079421256966,GO:0071402,M1,1,0,GO Biological Processes,19,cellular response to lipoprotein particle stimulus,19_GO:0050896 response to stimulus,-2.4364079421256966,4.803989977481049,3.9336325786876336,30293,41,769,5,0.6501950585175552,0.2898292224783175,1012|6850|10628|54209|84830,CDH13|SYK|TXNIP|TREM2|ADTRP,-0.9207418451206353,0,98,0,0,-2.6606577342530726,8.4412966747167,
1,-2.3176872146813676,GO:0140052,M1,1,0,GO Biological Processes,19,cellular response to oxidised low-density lipoprotein particle stimulus,19_GO:0050896 response to stimulus,-2.3176872146813676,8.4412966747167,4.494500355707859,30293,14,769,3,0.39011703511053314,0.22479440747191654,10628|54209|84830,TXNIP|TREM2|ADTRP,-0.8409121492840644,0,98,0,0,-2.6606577342530726,8.4412966747167,
1,-2.6224097155365085,GO:0061448,M1,1,0,GO Biological Processes,19,connective tissue development,19_GO:0032502 developmental process,-2.6224097155365085,2.3978176061514107,3.434296692026757,30293,230,769,14,1.8205461638491547,0.48211204721837686,538|582|871|960|1893|1958|2297|4208|5159|7704|23314|25987|55790|59350,ATP7A|BBS1|SERPINH1|CD44|ECM1|EGR1|FOXD1|MEF2C|PDGFRB|ZBTB16|SATB2|TSKU|CSGALNACT1|RXFP1,-1.0507693653749655,0,99,1,1,-2.6224097155365085,2.3978176061514107,
1,-2.605223403685171,GO:0006959,M1,1,0,GO Biological Processes,19,humoral immune response,19_GO:0002376 immune system process,-2.605223403685171,2.3874374433542185,3.416252882735788,30293,231,769,14,1.8205461638491547,0.48211204721837686,240|2197|3075|3119|3123|3133|4208|6039|6156|6170|6223|6347|6590|54209,ALOX5|FAU|CFH|HLA-DQB1|HLA-DRB1|HLA-E|MEF2C|RNASE6|RPL30|RPL39|RPS19|CCL2|SLPI|TREM2,-1.0362706547200429,0,100,1,1,-2.605223403685171,2.3874374433542185,
1,-2.603003109838934,GO:0043254,M1,1,0,GO Biological Processes,19,regulation of protein-containing complex assembly,19_GO:0050789 regulation of biological process,-2.603003109838934,1.9838059331468505,3.26479401132948,30293,417,769,21,2.730819245773732,0.5877206315366091,3146|3303|3309|5879|5899|6047|6850|7422|9392|11124|23521|50853|51571|54209|55559|55729|65018|79822|114609|134957|342184,HMGB1|HSPA1A|HSPA5|RAC1|RALB|RNF4|SYK|VEGFA|TGFBRAP1|FAF1|RPL13A|VILL|CYRIB|TREM2|HAUS7|ATF7IP|PINK1|ARHGAP28|TIRAP|STXBP5|FMN1,-1.0351187365218317,0,101,1,1,-2.603003109838934,1.9838059331468505,
1,-2.5980630011687627,GO:1903047,M1,1,0,GO Biological Processes,19,mitotic cell cycle process,19_GO:0009987 cellular process,-2.5980630011687627,1.883317186390977,3.220813247966826,30293,502,769,24,3.120936280884265,0.6270385582010519,595|896|1778|2177|4171|4193|5116|5579|5885|7443|8883|9475|10671|10726|10983|11044|11336|23236|23265|25988|29072|29781|81565|197342,CCND1|CCND3|DYNC1H1|FANCD2|MCM2|MDM2|PCNT|PRKCB|RAD21|VRK1|NAE1|ROCK2|DCTN6|NUDC|CCNI|TENT4A|EXOC3|PLCB1|EXOC7|HINFP|SETD2|NCAPH2|NDEL1|EME2,-1.0312443817163202,0,102,1,1,-2.5980630011687627,1.883317186390977,
1,-2.3456213755057664,GO:0000278,M1,1,0,GO Biological Processes,19,mitotic cell cycle,19_GO:0009987 cellular process,-2.3456213755057664,1.7507874584597602,2.959359870555474,30293,585,769,26,3.3810143042912872,0.6517658046518952,595|896|1778|2177|4171|4193|5116|5579|5885|7443|8883|9475|10376|10671|10726|10983|11044|11336|23236|23265|25988|29072|29781|81565|84790|197342,CCND1|CCND3|DYNC1H1|FANCD2|MCM2|MDM2|PCNT|PRKCB|RAD21|VRK1|NAE1|ROCK2|TUBA1B|DCTN6|NUDC|CCNI|TENT4A|EXOC3|PLCB1|EXOC7|HINFP|SETD2|NCAPH2|NDEL1|TUBA1C|EME2,-0.8583386729919575,0,102,0,0,-2.5980630011687627,1.883317186390977,
1,-2.537900859417191,GO:0007187,M1,1,0,GO Biological Processes,19,"G protein-coupled receptor signaling pathway, coupled to cyclic nucleotide second messenger",19_GO:0050896 response to stimulus,-2.537900859417191,4.22064833735835,3.8932071829801487,30293,56,769,6,0.7802340702210663,0.31728415518844433,301|1230|3354|3355|6347|7433,ANXA1|CCR1|HTR1E|HTR1F|CCL2|VIPR1,-0.9857844585421751,0,103,1,1,-2.537900859417191,4.22064833735835,
1,-2.2065678819756203,GO:0007188,M1,1,0,GO Biological Processes,19,adenylate cyclase-modulating G protein-coupled receptor signaling pathway,19_GO:0050896 response to stimulus,-2.2065678819756203,2.2265449199977385,3.0134969990599627,30293,230,769,13,1.6905071521456436,0.4648823568385354,111|113|1113|2357|2692|2778|2835|3354|3355|5996|7433|10268|59350,ADCY5|ADCY7|CHGA|FPR1|GHRHR|GNAS|GPR12|HTR1E|HTR1F|RGS1|VIPR1|RAMP3|RXFP1,-0.772289488954206,0,103,0,0,-2.537900859417191,4.22064833735835,
1,-2.537900859417191,GO:0048678,M1,1,0,GO Biological Processes,19,response to axon injury,19_GO:0050896 response to stimulus,-2.537900859417191,4.22064833735835,3.8932071829801487,30293,56,769,6,0.7802340702210663,0.31728415518844433,706|1495|5025|5122|9315|54209,TSPO|CTNNA1|P2RX4|PCSK1|NREP|TREM2,-0.9857844585421751,0,104,1,1,-2.537900859417191,6.565452969224101,
1,-2.5344448345445487,GO:0071294,M1,1,0,GO Biological Processes,19,cellular response to zinc ion,19_GO:0050896 response to stimulus,-2.5344448345445487,6.565452969224101,4.401965626087229,30293,24,769,4,0.5201560468140443,0.2594007357379462,706|1385|4504|5025,TSPO|CREB1|MT3|P2RX4,-0.9857844585421751,0,104,0,0,-2.537900859417191,6.565452969224101,
1,-2.0300676118317242,GO:0010043,M1,1,0,GO Biological Processes,19,response to zinc ion,19_GO:0050896 response to stimulus,-2.0300676118317242,3.8620311583671176,3.301366474502689,30293,51,769,5,0.6501950585175552,0.2898292224783175,538|706|1385|4504|5025,ATP7A|TSPO|CREB1|MT3|P2RX4,-0.6474461589449415,0,104,0,0,-2.537900859417191,6.565452969224101,
1,-2.5344448345445487,GO:0044090,M1,1,0,GO Biological Processes,19,positive regulation of vacuole organization,19_GO:0048518 positive regulation of biological process,-2.5344448345445487,6.565452969224101,4.401965626087229,30293,24,769,4,0.5201560468140443,0.2594007357379462,302|2896|5899|11152,ANXA2|GRN|RALB|WDR45,-0.9857844585421751,0,105,1,1,-2.5344448345445487,6.565452969224101,
1,-2.5199387043156958,GO:0010944,M1,1,0,GO Biological Processes,19,negative regulation of transcription by competitive promoter binding,19_GO:0048519 negative regulation of biological process,-2.5199387043156958,9.848179453836151,4.947650164835625,30293,12,769,3,0.39011703511053314,0.22479440747191654,1385|1602|3087,CREB1|DACH1|HHEX,-0.9789478181267387,0,106,1,1,-2.5199387043156958,9.848179453836151,
1,-2.488191800553597,GO:0019932,M1,1,0,GO Biological Processes,19,second-messenger-mediated signaling,19_GO:0050896 response to stimulus,-2.488191800553597,2.3172186950202707,3.2925133455448745,30293,238,769,14,1.8205461638491547,0.48211204721837686,1230|1385|2357|2692|2902|2977|4846|5025|6850|8622|9446|10231|51083|55607,CCR1|CREB1|FPR1|GHRHR|GRIN1|GUCY1A2|NOS3|P2RX4|SYK|PDE8B|GSTO1|RCAN2|GAL|PPP1R9A,-0.9511944549816961,0,107,1,1,-2.488191800553597,2.3172186950202707,
1,-2.470211808560748,GO:0070828,M1,1,0,GO Biological Processes,19,heterochromatin organization,19_GO:0009987 cellular process,-2.470211808560748,2.979281179311777,3.4914359420932715,30293,119,769,9,1.1703511053315996,0.3878274468226617,604|3013|3146|4000|8330|8969|50809|55766|92815,BCL6|H2AC7|HMGB1|LMNA|H2AC15|H2AC11|HP1BP3|H2AJ|H2AC25,-0.9431670895929423,0,108,1,1,-2.470211808560748,2.979281179311777,
1,-2.467433358359921,GO:0008156,M1,1,0,GO Biological Processes,19,negative regulation of DNA replication,19_GO:0048519 negative regulation of biological process,-2.467433358359921,6.302834850455136,4.280808390132786,30293,25,769,4,0.5201560468140443,0.2594007357379462,604|3980|6282|339221,BCL6|LIG3|S100A11|ENPP7,-0.9431670895929423,0,109,1,1,-2.467433358359921,6.302834850455136,
1,-2.140497299491013,GO:0090329,M1,1,0,GO Biological Processes,19,regulation of DNA-templated DNA replication,19_GO:0008152 metabolic process,-2.140497299491013,4.103408105765062,3.472739925132354,30293,48,769,5,0.6501950585175552,0.2898292224783175,604|1602|2021|3980|4171,BCL6|DACH1|ENDOG|LIG3|MCM2,-0.7249463553692198,0,109,0,0,-2.467433358359921,6.302834850455136,
1,-2.4296328343429145,GO:0003012,M1,1,0,GO Biological Processes,19,muscle system process,19_GO:0032501 multicellular organismal process,-2.4296328343429145,2.143821377705829,3.1806657401012544,30293,294,769,16,2.080624187256177,0.51471635694872,226|800|1113|1241|1535|4846|5025|5224|7139|9475|22876|23171|26509|140465|342667|390594,ALDOA|CALD1|CHGA|LTB4R|CYBA|NOS3|P2RX4|PGAM2|TNNT2|ROCK2|INPP5F|GPD1L|MYOF|MYL6B|STAC2|KBTBD13,-0.9158549771902402,0,110,1,1,-2.4296328343429145,2.2510124465911203,
1,-2.376638474902764,GO:0090257,M1,1,0,GO Biological Processes,19,regulation of muscle system process,19_GO:0032501 multicellular organismal process,-2.376638474902764,2.2510124465911203,3.1730464747660303,30293,245,769,14,1.8205461638491547,0.48211204721837686,786|857|1113|2023|3572|4000|4846|5025|7139|9446|9475|113246|340481|390594,CACNG1|CAV1|CHGA|ENO1|IL6ST|LMNA|NOS3|P2RX4|TNNT2|GSTO1|ROCK2|C12orf57|ZDHHC21|KBTBD13,-0.880608487941874,0,110,0,0,-2.4296328343429145,2.2510124465911203,
1,-2.4265935676429633,GO:0061024,M1,1,0,GO Biological Processes,19,membrane organization,19_GO:0009987 cellular process,-2.4265935676429633,1.6652139631321365,2.991389758192398,30293,757,769,32,4.161248374512354,0.7201437956185002,302|599|706|857|914|1149|2743|3303|4000|5579|5879|6687|7443|7805|8266|8615|8673|8773|9135|9392|9804|9938|10211|10282|11336|23265|26509|54209|57154|60684|94121|115548,ANXA2|BCL2L2|TSPO|CAV1|CD2|CIDEA|GLRB|HSPA1A|LMNA|PRKCB|RAC1|SPG7|VRK1|LAPTM5|UBL4A|USO1|VAMP8|SNAP23|RABEP1|TGFBRAP1|TOMM20|ARHGAP25|FLOT1|BET1|EXOC3|EXOC7|MYOF|TREM2|SMURF1|TRAPPC11|SYTL4|FCHO2,-0.9152427435502171,0,111,1,1,-2.4265935676429633,1.6652139631321365,
1,-2.4142144716408414,GO:0019430,M1,1,0,GO Biological Processes,19,removal of superoxide radicals,19_GO:0098754 detoxification,-2.4142144716408414,9.090627188156446,4.70885671923253,30293,13,769,3,0.39011703511053314,0.22479440747191654,538|4504|4846,ATP7A|MT3|NOS3,-0.9097565962274151,0,112,1,1,-2.4142144716408414,9.090627188156446,
1,-2.345695822727156,GO:0006801,M1,1,0,GO Biological Processes,19,superoxide metabolic process,19_GO:0008152 metabolic process,-2.345695822727156,4.5805485831796044,3.791932997269655,30293,43,769,5,0.6501950585175552,0.2898292224783175,538|1535|4504|4846|654817,ATP7A|CYBA|MT3|NOS3|NCF1C,-0.8583386729919575,0,112,0,0,-2.4142144716408414,9.090627188156446,
1,-2.228974221949701,GO:0006525,M1,1,0,GO Biological Processes,19,arginine metabolic process,19_GO:0008152 metabolic process,-2.228974221949701,7.87854356306892,4.300491315155746,30293,15,769,3,0.39011703511053314,0.22479440747191654,435|4846|4942,ASL|NOS3|OAT,-0.7843154430119395,0,112,0,0,-2.4142144716408414,9.090627188156446,
1,-2.228974221949701,GO:0071450,M1,1,0,GO Biological Processes,19,cellular response to oxygen radical,19_GO:0050896 response to stimulus,-2.228974221949701,7.87854356306892,4.300491315155746,30293,15,769,3,0.39011703511053314,0.22479440747191654,538|4504|4846,ATP7A|MT3|NOS3,-0.7843154430119395,0,112,0,0,-2.4142144716408414,9.090627188156446,
1,-2.228974221949701,GO:0071451,M1,1,0,GO Biological Processes,19,cellular response to superoxide,19_GO:0050896 response to stimulus,-2.228974221949701,7.87854356306892,4.300491315155746,30293,15,769,3,0.39011703511053314,0.22479440747191654,538|4504|4846,ATP7A|MT3|NOS3,-0.7843154430119395,0,112,0,0,-2.4142144716408414,9.090627188156446,
1,-2.4142144716408414,GO:0010524,M1,1,0,GO Biological Processes,19,positive regulation of calcium ion transport into cytosol,19_GO:0051179 localization,-2.4142144716408414,9.090627188156446,4.70885671923253,30293,13,769,3,0.39011703511053314,0.22479440747191654,857|2902|5025,CAV1|GRIN1|P2RX4,-0.9097565962274151,0,113,1,1,-2.4142144716408414,9.090627188156446,
1,-2.228974221949701,GO:0051290,M1,1,0,GO Biological Processes,19,protein heterotetramerization,19_GO:0009987 cellular process,-2.228974221949701,7.87854356306892,4.300491315155746,30293,15,769,3,0.39011703511053314,0.22479440747191654,2193|2902|3858,FARSA|GRIN1|KRT10,-0.7843154430119395,0,113,0,0,-2.4142144716408414,9.090627188156446,
1,-2.4142144716408414,GO:0071679,M1,1,0,GO Biological Processes,19,commissural neuron axon guidance,19_GO:0032502 developmental process,-2.4142144716408414,9.090627188156446,4.70885671923253,30293,13,769,3,0.39011703511053314,0.22479440747191654,6259|7422|7976,RYK|VEGFA|FZD3,-0.9097565962274151,0,114,1,1,-2.4142144716408414,9.090627188156446,
1,-2.3472585799575985,GO:2000177,M1,1,0,GO Biological Processes,19,regulation of neural precursor cell proliferation,19_GO:0050789 regulation of biological process,-2.3472585799575985,3.0896249266936944,3.4116873302720587,30293,102,769,8,1.0403120936280885,0.3658877017432317,1495|2290|2787|4673|6259|7422|7976|51286,CTNNA1|FOXG1|GNG5|NAP1L1|RYK|VEGFA|FZD3|CEND1,-0.8583386729919575,0,114,0,0,-2.4142144716408414,9.090627188156446,
1,-2.248302818515329,GO:2000179,M1,1,0,GO Biological Processes,19,positive regulation of neural precursor cell proliferation,19_GO:0048518 positive regulation of biological process,-2.248302818515329,3.6930672951885564,3.4806860139345654,30293,64,769,6,0.7802340702210663,0.31728415518844433,2290|2787|4673|6259|7422|7976,FOXG1|GNG5|NAP1L1|RYK|VEGFA|FZD3,-0.7926346511855533,0,114,0,0,-2.4142144716408414,9.090627188156446,
1,-2.3216634816092947,GO:0009914,M1,1,0,GO Biological Processes,19,hormone transport,19_GO:0051179 localization,-2.3216634816092947,3.059628568182105,3.3792125433970646,30293,103,769,8,1.0403120936280885,0.3658877017432317,1385|2297|2692|8773|10050|28231|51083|94121,CREB1|FOXD1|GHRHR|SNAP23|SLC17A4|SLCO4A1|GAL|SYTL4,-0.8409121492840644,0,115,1,1,-2.3216634816092947,3.059628568182105,
1,-2.3176872146813676,GO:1904321,M1,1,0,GO Biological Processes,19,response to forskolin,19_GO:0050896 response to stimulus,-2.3176872146813676,8.4412966747167,4.494500355707859,30293,14,769,3,0.39011703511053314,0.22479440747191654,111|1385|1946,ADCY5|CREB1|EFNA5,-0.8409121492840644,0,116,1,1,-2.3176872146813676,8.4412966747167,
1,-2.3176872146813676,GO:1904322,M1,1,0,GO Biological Processes,19,cellular response to forskolin,19_GO:0050896 response to stimulus,-2.3176872146813676,8.4412966747167,4.494500355707859,30293,14,769,3,0.39011703511053314,0.22479440747191654,111|1385|1946,ADCY5|CREB1|EFNA5,-0.8409121492840644,0,116,0,0,-2.3176872146813676,8.4412966747167,
1,-2.2715095669469303,GO:0097306,M1,1,0,GO Biological Processes,19,cellular response to alcohol,19_GO:0050896 response to stimulus,-2.2715095669469303,3.0013499287881604,3.315431463495768,30293,105,769,8,1.0403120936280885,0.3658877017432317,111|113|1385|1495|1946|2353|4193|9131,ADCY5|ADCY7|CREB1|CTNNA1|EFNA5|FOS|MDM2|AIFM1,-0.810034128039407,0,116,0,0,-2.3176872146813676,8.4412966747167,
1,-2.1972284151336345,GO:0097305,M1,1,0,GO Biological Processes,19,response to alcohol,19_GO:0050896 response to stimulus,-2.1972284151336345,2.1459068070615737,2.9773806308757913,30293,257,769,14,1.8205461638491547,0.48211204721837686,111|113|706|978|1365|1385|1495|1946|2353|2354|2902|4193|5579|9131,ADCY5|ADCY7|TSPO|CDA|CLDN3|CREB1|CTNNA1|EFNA5|FOS|FOSB|GRIN1|MDM2|PRKCB|AIFM1,-0.7663838315288909,0,116,0,0,-2.3176872146813676,8.4412966747167,
1,-2.3176872146813676,GO:0046598,M1,1,0,GO Biological Processes,19,positive regulation of viral entry into host cell,19_GO:0016032 viral process,-2.3176872146813676,8.4412966747167,4.494500355707859,30293,14,769,3,0.39011703511053314,0.22479440747191654,3123|3146|3956,HLA-DRB1|HMGB1|LGALS1,-0.8409121492840644,0,117,1,1,-2.3176872146813676,8.4412966747167,
1,-2.3176872146813676,GO:0075294,M1,1,0,GO Biological Processes,19,positive regulation by symbiont of entry into host,19_GO:0044419 biological process involved in interspecies interaction between organisms,-2.3176872146813676,8.4412966747167,4.494500355707859,30293,14,769,3,0.39011703511053314,0.22479440747191654,3123|3146|3956,HLA-DRB1|HMGB1|LGALS1,-0.8409121492840644,0,117,0,0,-2.3176872146813676,8.4412966747167,
1,-2.3023082455385406,GO:0021587,M1,1,0,GO Biological Processes,19,cerebellum morphogenesis,19_GO:0032502 developmental process,-2.3023082455385406,4.476445206289159,3.724309472417454,30293,44,769,5,0.6501950585175552,0.2898292224783175,538|1600|3309|22891|51286,ATP7A|DAB1|HSPA5|ZNF365|CEND1,-0.8298374223295542,0,118,1,1,-2.3023082455385406,4.476445206289159,
1,-2.179295673581185,GO:0021575,M1,1,0,GO Biological Processes,19,hindbrain morphogenesis,19_GO:0032502 developmental process,-2.179295673581185,4.190714661206872,3.5329904915759536,30293,47,769,5,0.6501950585175552,0.2898292224783175,538|1600|3309|22891|51286,ATP7A|DAB1|HSPA5|ZNF365|CEND1,-0.7523252858902085,0,118,0,0,-2.3023082455385406,4.476445206289159,
1,-2.228974221949701,GO:0021859,M1,1,0,GO Biological Processes,19,pyramidal neuron differentiation,19_GO:0032502 developmental process,-2.228974221949701,7.87854356306892,4.300491315155746,30293,15,769,3,0.39011703511053314,0.22479440747191654,538|604|2290,ATP7A|BCL6|FOXG1,-0.7843154430119395,0,119,1,1,-2.228974221949701,7.87854356306892,
1,-2.2285969604476925,GO:0071354,M1,1,0,GO Biological Processes,19,cellular response to interleukin-6,19_GO:0050896 response to stimulus,-2.2285969604476925,5.433478319357876,3.8549608291030917,30293,29,769,4,0.5201560468140443,0.2594007357379462,3572|5740|9646|11122,IL6ST|PTGIS|CTR9|PTPRT,-0.7843154430119395,0,120,1,1,-2.2285969604476925,5.433478319357876,
1,-2.026965297750068,GO:0070741,M1,1,0,GO Biological Processes,19,response to interleukin-6,19_GO:0050896 response to stimulus,-2.026965297750068,4.774874886708437,3.501584537494459,30293,33,769,4,0.5201560468140443,0.2594007357379462,3572|5740|9646|11122,IL6ST|PTGIS|CTR9|PTPRT,-0.6474461589449415,0,120,0,0,-2.2285969604476925,5.433478319357876,
1,-2.2285969604476925,GO:0015012,M1,1,0,GO Biological Processes,19,heparan sulfate proteoglycan biosynthetic process,19_GO:0008152 metabolic process,-2.2285969604476925,5.433478319357876,3.8549608291030917,30293,29,769,4,0.5201560468140443,0.2594007357379462,9348|9956|55790|222537,NDST3|HS3ST2|CSGALNACT1|HS3ST5,-0.7843154430119395,0,121,1,1,-2.2285969604476925,5.433478319357876,
1,-2.205489707312529,GO:0048568,M1,1,0,GO Biological Processes,19,embryonic organ development,19_GO:0032502 developmental process,-2.205489707312529,1.8301926418633554,2.8699937869370666,30293,452,769,21,2.730819245773732,0.5877206315366091,639|2186|2290|4208|6134|6169|6343|7007|7422|7545|7976|10265|23314|26005|29072|29924|55112|64072|170961|204851|339829,PRDM1|BPTF|FOXG1|MEF2C|RPL10|RPL38|SCT|TECTA|VEGFA|ZIC1|FZD3|IRX5|SATB2|C2CD3|SETD2|EPN1|DYNC2I1|CDH23|ANKRD24|HIPK1|CCDC39,-0.772289488954206,0,122,1,1,-2.205489707312529,2.0030195499327763,
1,-2.0509971297032052,GO:0048562,M1,1,0,GO Biological Processes,19,embryonic organ morphogenesis,19_GO:0032502 developmental process,-2.0509971297032052,2.0030195499327763,2.7939189364244346,30293,295,769,15,1.9505851755526658,0.4987027841076265,2290|4208|6169|7007|7545|7976|10265|23314|26005|29072|55112|64072|170961|204851|339829,FOXG1|MEF2C|RPL38|TECTA|ZIC1|FZD3|IRX5|SATB2|C2CD3|SETD2|DYNC2I1|CDH23|ANKRD24|HIPK1|CCDC39,-0.6645068222496986,0,122,0,0,-2.205489707312529,2.0030195499327763,
1,-2.1987676272030225,GO:1903076,M1,1,0,GO Biological Processes,19,regulation of protein localization to plasma membrane,19_GO:0051179 localization,-2.1987676272030225,2.9179790974329336,3.2225502869774516,30293,108,769,8,1.0403120936280885,0.3658877017432317,8650|8673|10268|29801|51201|54209|131578|342667,NUMB|VAMP8|RAMP3|ZDHHC8|ZDHHC2|TREM2|LRRC15|STAC2,-0.767144039834429,0,123,1,1,-2.1987676272030225,2.9179790974329336,
1,-2.179295673581185,GO:1901861,M1,1,0,GO Biological Processes,19,regulation of muscle tissue development,19_GO:0032502 developmental process,-2.179295673581185,4.190714661206872,3.5329904915759536,30293,47,769,5,0.6501950585175552,0.2898292224783175,1385|2248|4208|8531|10211,CREB1|FGF3|MEF2C|YBX3|FLOT1,-0.7523252858902085,0,124,1,1,-2.179295673581185,4.190714661206872,
1,-2.179295673581185,GO:0009395,M1,1,0,GO Biological Processes,19,phospholipid catabolic process,19_GO:0008152 metabolic process,-2.179295673581185,4.190714661206872,3.5329904915759536,30293,47,769,5,0.6501950585175552,0.2898292224783175,5321|22876|23236|79887|133121,PLA2G4A|INPP5F|PLCB1|PLBD1|ENPP6,-0.7523252858902085,0,125,1,1,-2.179295673581185,5.082931331012207,
1,-2.123778916202875,GO:0046475,M1,1,0,GO Biological Processes,19,glycerophospholipid catabolic process,19_GO:0008152 metabolic process,-2.123778916202875,5.082931331012207,3.6706557371899504,30293,31,769,4,0.5201560468140443,0.2594007357379462,5321|22876|23236|133121,PLA2G4A|INPP5F|PLCB1|ENPP6,-0.7149382349081671,0,125,0,0,-2.179295673581185,5.082931331012207,
1,-2.175117121597689,GO:0033137,M1,1,0,GO Biological Processes,19,negative regulation of peptidyl-serine phosphorylation,19_GO:0048519 negative regulation of biological process,-2.175117121597689,5.25236237537928,3.7607498856491155,30293,30,769,4,0.5201560468140443,0.2594007357379462,857|1647|22876|23171,CAV1|GADD45A|INPP5F|GPD1L,-0.750454770243638,0,126,1,1,-2.175117121597689,5.25236237537928,
1,-2.156497741042262,GO:2001236,M1,1,0,GO Biological Processes,19,regulation of extrinsic apoptotic signaling pathway,19_GO:0050896 response to stimulus,-2.156497741042262,2.509090306709847,3.059579890365411,30293,157,769,10,1.3003901170351104,0.4085369838353505,857|1495|2730|3303|4000|4846|6478|6672|8406|11124,CAV1|CTNNA1|GCLM|HSPA1A|LMNA|NOS3|SIAH2|SP100|SRPX|FAF1,-0.734893814172431,0,127,1,1,-2.156497741042262,2.509090306709847,
1,-2.152751119254751,GO:0090066,M1,1,0,GO Biological Processes,19,regulation of anatomical structure size,19_GO:0065007 biological regulation,-2.152751119254751,1.7558769568855153,2.7949563644119553,30293,516,769,23,2.990897269180754,0.6142481003592162,538|857|1385|1946|2730|3043|4504|4846|5879|6259|6343|7422|9474|9475|23075|50809|50853|51571|54825|57154|79822|340481|342184,ATP7A|CAV1|CREB1|EFNA5|GCLM|HBB|MT3|NOS3|RAC1|RYK|SCT|VEGFA|ATG5|ROCK2|SWAP70|HP1BP3|VILL|CYRIB|CDHR2|SMURF1|ARHGAP28|ZDHHC21|FMN1,-0.7332683620921236,0,128,1,1,-2.152751119254751,1.7558769568855153,
1,-2.146983491441794,GO:0015732,M1,1,0,GO Biological Processes,19,prostaglandin transport,19_GO:0051179 localization,-2.146983491441794,7.386134590377113,4.123644178639308,30293,16,769,3,0.39011703511053314,0.22479440747191654,10864|11309|28231,SLC22A7|SLCO2B1|SLCO4A1,-0.729172553589102,0,129,1,1,-2.146983491441794,7.386134590377113,
1,-2.135643089078077,GO:0044092,M1,1,0,GO Biological Processes,19,negative regulation of molecular function,19_GO:0065007 biological regulation,-2.135643089078077,1.6025908822515524,2.718945551265702,30293,762,769,31,4.031209362808843,0.709282946538113,567|831|857|871|960|1647|1843|1893|3087|4504|5274|5740|5899|6135|6201|6478|6590|6672|7139|7422|8725|9446|9475|10268|11122|11124|55502|57413|57520|79822|222166,B2M|CAST|CAV1|SERPINH1|CD44|GADD45A|DUSP1|ECM1|HHEX|MT3|SERPINI1|PTGIS|RALB|RPL11|RPS7|SIAH2|SLPI|SP100|TNNT2|VEGFA|URI1|GSTO1|ROCK2|RAMP3|PTPRT|FAF1|HES6|TMIGD3|HECW2|ARHGAP28|MTURN,-0.7223404389260851,0,130,1,1,-2.135643089078077,1.6025908822515524,
1,-2.123778916202875,GO:0009072,M1,1,0,GO Biological Processes,19,aromatic amino acid metabolic process,19_GO:0008152 metabolic process,-2.123778916202875,5.082931331012207,3.6706557371899504,30293,31,769,4,0.5201560468140443,0.2594007357379462,538|2954|4948|8942,ATP7A|GSTZ1|OCA2|KYNU,-0.7149382349081671,0,131,1,1,-2.123778916202875,5.082931331012207,
1,-2.085314960736776,GO:0032386,M1,1,0,GO Biological Processes,19,regulation of intracellular transport,19_GO:0051179 localization,-2.085314960736776,2.0811247147729226,2.852824624804922,30293,265,769,14,1.8205461638491547,0.48211204721837686,302|1778|4193|5116|6672|6794|7545|9001|22876|25930|29072|51201|51614|81565,ANXA2|DYNC1H1|MDM2|PCNT|SP100|STK11|ZIC1|HAP1|INPP5F|PTPN23|SETD2|ZDHHC2|ERGIC3|NDEL1,-0.6830824379346897,0,132,1,1,-2.085314960736776,2.53238900241501,
1,-2.0160867516749317,GO:0032388,M1,1,0,GO Biological Processes,19,positive regulation of intracellular transport,19_GO:0051179 localization,-2.0160867516749317,2.53238900241501,2.932968009942748,30293,140,769,9,1.1703511053315996,0.3878274468226617,302|1778|4193|5116|6794|7545|25930|51201|51614,ANXA2|DYNC1H1|MDM2|PCNT|STK11|ZIC1|PTPN23|ZDHHC2|ERGIC3,-0.6413816944245849,0,132,0,0,-2.085314960736776,2.53238900241501,
1,-2.0744383130836233,GO:0009218,M1,1,0,GO Biological Processes,19,pyrimidine ribonucleotide metabolic process,19_GO:0008152 metabolic process,-2.0744383130836233,4.9240897269180754,3.5843616849901454,30293,32,769,4,0.5201560468140443,0.2594007357379462,978|4830|4833|30833,CDA|NME1|NME4|NT5C,-0.675831179584927,0,133,1,1,-2.0744383130836233,4.9240897269180754,
1,-2.0708373379609633,GO:0002098,M1,1,0,GO Biological Processes,19,tRNA wobble uridine modification,19_GO:0008152 metabolic process,-2.0708373379609633,6.951656085060812,3.96143546875511,30293,17,769,3,0.39011703511053314,0.22479440747191654,8518|91801|285381,ELP1|ALKBH8|DPH3,-0.675831179584927,0,134,1,1,-2.0708373379609633,6.951656085060812,
1,-2.0708373379609633,GO:0032926,M1,1,0,GO Biological Processes,19,negative regulation of activin receptor signaling pathway,19_GO:0048519 negative regulation of biological process,-2.0708373379609633,6.951656085060812,3.96143546875511,30293,17,769,3,0.39011703511053314,0.22479440747191654,9863|57154|168002,MAGI2|SMURF1|DACT2,-0.675831179584927,0,135,1,1,-2.0708373379609633,6.951656085060812,
1,-2.0659254135273093,GO:0033120,M1,1,0,GO Biological Processes,19,positive regulation of RNA splicing,19_GO:0048518 positive regulation of biological process,-2.0659254135273093,3.93927178153446,3.357003996825617,30293,50,769,5,0.6501950585175552,0.2898292224783175,3303|4691|6625|65110|494115,HSPA1A|NCL|SNRNP70|UPF3A|RBMXL1,-0.674487841227541,0,136,1,1,-2.0659254135273093,3.93927178153446,
1,-2.0607276616129866,GO:1903053,M1,1,0,GO Biological Processes,19,regulation of extracellular matrix organization,19_GO:0050789 regulation of biological process,-2.0607276616129866,3.3765186698866803,3.2126322191332104,30293,70,769,6,0.7802340702210663,0.31728415518844433,165|3908|30008|51124|84830|90102,AEBP1|LAMA2|EFEMP2|IER3IP1|ADTRP|PHLDB2,-0.6728295912350896,0,137,1,1,-2.0607276616129866,3.3765186698866803,
1,-2.057005477770126,GO:0006091,M1,1,0,GO Biological Processes,19,generation of precursor metabolites and energy,19_GO:0008152 metabolic process,-2.057005477770126,1.8344648002243813,2.7387413500070097,30293,408,769,19,2.4707412223667102,0.5597807020554725,226|513|1329|1535|2023|2731|3572|4504|4697|4713|4717|5224|5500|6834|7360|7381|10063|10495|65018,ALDOA|ATP5F1D|COX5B|CYBA|ENO1|GLDC|IL6ST|MT3|NDUFA4|NDUFB7|NDUFC1|PGAM2|PPP1CB|SURF1|UGP2|UQCRB|COX17|ENOX2|PINK1,-0.6698118592610451,0,138,1,1,-2.057005477770126,1.8344648002243813,
1,-2.026965297750068,GO:0045576,M1,1,0,GO Biological Processes,19,mast cell activation,19_GO:0002376 immune system process,-2.026965297750068,4.774874886708437,3.501584537494459,30293,33,769,4,0.5201560468140443,0.2594007357379462,1113|3937|6850|8773,CHGA|LCP2|SYK|SNAP23,-0.6474461589449415,0,139,1,1,-2.026965297750068,4.774874886708437,
1,-2.006203579397864,GO:0016311,M1,1,0,GO Biological Processes,19,dephosphorylation,19_GO:0008152 metabolic process,-2.006203579397864,2.178399141862374,2.811588718673564,30293,217,769,12,1.5604681404421326,0.4469398234177268,1843|1848|5475|5500|5791|6794|7803|11122|22876|25930|30833|54704,DUSP1|DUSP6|PPEF1|PPP1CB|PTPRE|STK11|PTP4A1|PTPRT|INPP5F|PTPN23|NT5C|PDP1,-0.6328642291908921,0,140,1,1,-2.006203579397864,2.178399141862374,
