_MEMBER_MyList,_LogP_MyList,GO,_PATTERN_,_RANK_,GiniIndex,Category,CategoryID,Description,PARENT_GO,LogP,Enrichment,Z-score,#TotalGeneInLibrary,#GeneInGO,#GeneInHitList,#GeneInGOAndHitList,%InGO,STDV %InGO,GeneID,Hits,Log(q-value),EvidenceCutoff,GROUP_ID,FirstInGroupByEnrichment,FirstInGroupByLogP,BestLogPInGroup,BestEnrichmentInGroup,URL
1,-12.846676622629262,GO:0016126,M1,1,0,GO Biological Processes,19,sterol biosynthetic process,19_GO:0008152 metabolic process,-12.846676622629262,10.266766347687401,12.163927236656349,30293,44,1140,17,1.4912280701754386,0.3589690963831384,1595|1717|1718|3157|3422|3638|4047|4598|6307|6309|6720|7108|9023|10449|50814|51478|51706,CYP51A1|DHCR7|DHCR24|HMGCS1|IDI1|INSIG1|LSS|MVK|MSMO1|SC5D|SREBF1|TM7SF2|CH25H|ACAA2|NSDHL|HSD17B7|CYB5R1,-8.795462495662779,0,1,1,1,-12.846676622629262,10.772759601706971,
1,-11.999036652420962,GO:0006066,M1,1,0,GO Biological Processes,19,alcohol metabolic process,19_GO:0008152 metabolic process,-11.999036652420962,3.5050021526208157,8.992284586840405,30293,326,1140,43,3.7719298245614037,0.5642612993176593,217|348|1050|1109|1595|1645|1717|1718|1910|3157|3418|3422|3638|3949|4047|4598|5092|5950|6307|6309|6609|6720|7108|7436|8574|8613|8630|8644|8912|9023|10170|10449|10577|10901|22845|27233|50814|51478|51573|57171|84532|170685|171546,ALDH2|APOE|CEBPA|AKR1C4|CYP51A1|AKR1C1|DHCR7|DHCR24|EDNRB|HMGCS1|IDH2|IDI1|INSIG1|LDLR|LSS|MVK|PCBD1|RBP4|MSMO1|SC5D|SMPD1|SREBF1|TM7SF2|VLDLR|AKR7A2|PLPP3|HSD17B6|AKR1C3|CACNA1H|CH25H|DHRS9|ACAA2|NPC2|DHRS4|DOLK|SULT1C4|NSDHL|HSD17B7|GDE1|DOLPP1|ACSS1|NUDT10|SPTSSA,-8.394254726360177,0,1,0,0,-12.846676622629262,10.772759601706971,
1,-11.969673517574538,GO:1901615,M1,1,0,GO Biological Processes,19,organic hydroxy compound metabolic process,19_GO:0008152 metabolic process,-11.969673517574538,2.9770364708451624,8.652163171045217,30293,482,1140,54,4.7368421052631575,0.6291504557429093,30|217|348|1050|1109|1595|1645|1717|1718|1910|2184|3028|3067|3157|3418|3422|3638|3949|4047|4129|4598|5092|5950|6307|6309|6567|6609|6720|7108|7274|7436|8309|8574|8613|8630|8644|8912|9023|10170|10449|10577|10901|22845|27233|50814|51478|51573|51706|57171|84532|84650|170685|171546|197257,ACAA1|ALDH2|APOE|CEBPA|AKR1C4|CYP51A1|AKR1C1|DHCR7|DHCR24|EDNRB|FAH|HSD17B10|HDC|HMGCS1|IDH2|IDI1|INSIG1|LDLR|LSS|MAOB|MVK|PCBD1|RBP4|MSMO1|SC5D|SLC16A2|SMPD1|SREBF1|TM7SF2|TTPA|VLDLR|ACOX2|AKR7A2|PLPP3|HSD17B6|AKR1C3|CACNA1H|CH25H|DHRS9|ACAA2|NPC2|DHRS4|DOLK|SULT1C4|NSDHL|HSD17B7|GDE1|CYB5R1|DOLPP1|ACSS1|EBPL|NUDT10|SPTSSA|LDHD,-8.394254726360177,0,1,0,0,-12.846676622629262,10.772759601706971,
1,-11.772093292887556,GO:0006695,M1,1,0,GO Biological Processes,19,cholesterol biosynthetic process,19_GO:0008152 metabolic process,-11.772093292887556,10.772759601706971,11.762160343903366,30293,37,1140,15,1.3157894736842106,0.3374928789753796,1595|1717|1718|3157|3422|3638|4047|4598|6307|6309|6720|7108|10449|50814|51478,CYP51A1|DHCR7|DHCR24|HMGCS1|IDI1|INSIG1|LSS|MVK|MSMO1|SC5D|SREBF1|TM7SF2|ACAA2|NSDHL|HSD17B7,-8.372765760728877,0,1,0,0,-12.846676622629262,10.772759601706971,
1,-11.772093292887556,GO:1902653,M1,1,0,GO Biological Processes,19,secondary alcohol biosynthetic process,19_GO:0008152 metabolic process,-11.772093292887556,10.772759601706971,11.762160343903366,30293,37,1140,15,1.3157894736842106,0.3374928789753796,1595|1717|1718|3157|3422|3638|4047|4598|6307|6309|6720|7108|10449|50814|51478,CYP51A1|DHCR7|DHCR24|HMGCS1|IDI1|INSIG1|LSS|MVK|MSMO1|SC5D|SREBF1|TM7SF2|ACAA2|NSDHL|HSD17B7,-8.372765760728877,0,1,0,0,-12.846676622629262,10.772759601706971,
1,-11.507761111634943,GO:0008202,M1,1,0,GO Biological Processes,19,steroid metabolic process,19_GO:0008152 metabolic process,-11.507761111634943,3.8108289133686926,8.966133903623739,30293,258,1140,37,3.245614035087719,0.524845334815129,30|348|1050|1109|1595|1645|1717|1718|1910|3028|3157|3422|3638|3949|4047|4598|5156|6307|6309|6609|6720|7108|7436|8309|8630|8644|8912|9023|10170|10449|10577|10901|25976|50814|51478|51706|84650,ACAA1|APOE|CEBPA|AKR1C4|CYP51A1|AKR1C1|DHCR7|DHCR24|EDNRB|HSD17B10|HMGCS1|IDI1|INSIG1|LDLR|LSS|MVK|PDGFRA|MSMO1|SC5D|SMPD1|SREBF1|TM7SF2|VLDLR|ACOX2|HSD17B6|AKR1C3|CACNA1H|CH25H|DHRS9|ACAA2|NPC2|DHRS4|TIPARP|NSDHL|HSD17B7|CYB5R1|EBPL,-8.175380369106877,0,1,0,0,-12.846676622629262,10.772759601706971,
1,-10.332587954072954,GO:0006694,M1,1,0,GO Biological Processes,19,steroid biosynthetic process,19_GO:0008152 metabolic process,-10.332587954072954,5.314561403508772,9.166744372769,30293,115,1140,23,2.017543859649123,0.41642157992527234,1109|1595|1717|1718|3028|3157|3422|3638|4047|4598|6307|6309|6720|7108|8309|8630|8644|8912|9023|10449|50814|51478|51706,AKR1C4|CYP51A1|DHCR7|DHCR24|HSD17B10|HMGCS1|IDI1|INSIG1|LSS|MVK|MSMO1|SC5D|SREBF1|TM7SF2|ACOX2|HSD17B6|AKR1C3|CACNA1H|CH25H|ACAA2|NSDHL|HSD17B7|CYB5R1,-7.109351680969956,0,1,0,0,-12.846676622629262,10.772759601706971,
1,-9.84183879493211,GO:0016125,M1,1,0,GO Biological Processes,19,sterol metabolic process,19_GO:0008152 metabolic process,-9.84183879493211,4.831419457735247,8.72365679272778,30293,132,1140,24,2.1052631578947367,0.42518745383600876,348|1050|1595|1717|1718|3157|3422|3638|3949|4047|4598|6307|6309|6609|6720|7108|7436|9023|10449|10577|50814|51478|51706|84650,APOE|CEBPA|CYP51A1|DHCR7|DHCR24|HMGCS1|IDI1|INSIG1|LDLR|LSS|MVK|MSMO1|SC5D|SMPD1|SREBF1|TM7SF2|VLDLR|CH25H|ACAA2|NPC2|NSDHL|HSD17B7|CYB5R1|EBPL,-6.743541258437412,0,1,0,0,-12.846676622629262,10.772759601706971,
1,-9.444141667835659,GO:0008610,M1,1,0,GO Biological Processes,19,lipid biosynthetic process,19_GO:0008152 metabolic process,-9.444141667835659,2.5051804595664247,7.3263161275621504,30293,594,1140,56,4.912280701754386,0.6401052329072712,240|1109|1595|1717|1718|2171|2639|2681|2950|3028|3155|3157|3422|3638|3992|3995|4047|4598|5293|5947|6307|6309|6576|6609|6720|7108|8309|8613|8630|8644|8897|8912|9023|9200|9415|10170|10449|10715|11145|22845|23205|23683|50814|51478|51706|54947|57153|57171|79966|80339|84002|84532|129642|171546|221395|253558,ALOX5|AKR1C4|CYP51A1|DHCR7|DHCR24|FABP5|GCDH|GGTA1|GSTP1|HSD17B10|HMGCL|HMGCS1|IDI1|INSIG1|FADS1|FADS3|LSS|MVK|PIK3CD|RBP1|MSMO1|SC5D|SLC25A1|SMPD1|SREBF1|TM7SF2|ACOX2|PLPP3|HSD17B6|AKR1C3|MTMR3|CACNA1H|CH25H|HACD1|FADS2|DHRS9|ACAA2|CERS1|PLAAT3|DOLK|ACSBG1|PRKD3|NSDHL|HSD17B7|CYB5R1|LPCAT2|SLC44A2|DOLPP1|SCD5|PNPLA3|B3GNT5|ACSS1|MBOAT2|SPTSSA|ADGRF5|LCLAT1,-6.3806062376001735,0,1,0,0,-12.846676622629262,10.772759601706971,
1,-9.295612802521013,GO:0008203,M1,1,0,GO Biological Processes,19,cholesterol metabolic process,19_GO:0008152 metabolic process,-9.295612802521013,4.954252155813262,8.510527860255548,30293,118,1140,22,1.9298245614035088,0.407450603294495,348|1050|1595|1717|1718|3157|3422|3638|3949|4047|4598|6307|6309|6609|6720|7108|7436|9023|10449|10577|50814|51478,APOE|CEBPA|CYP51A1|DHCR7|DHCR24|HMGCS1|IDI1|INSIG1|LDLR|LSS|MVK|MSMO1|SC5D|SMPD1|SREBF1|TM7SF2|VLDLR|CH25H|ACAA2|NPC2|NSDHL|HSD17B7,-6.311128165794636,0,1,0,0,-12.846676622629262,10.772759601706971,
1,-9.284486965681033,GO:1902652,M1,1,0,GO Biological Processes,19,secondary alcohol metabolic process,19_GO:0008152 metabolic process,-9.284486965681033,4.737787297701618,8.412784152592296,30293,129,1140,23,2.017543859649123,0.41642157992527234,348|1050|1595|1717|1718|3157|3418|3422|3638|3949|4047|4598|6307|6309|6609|6720|7108|7436|9023|10449|10577|50814|51478,APOE|CEBPA|CYP51A1|DHCR7|DHCR24|HMGCS1|IDH2|IDI1|INSIG1|LDLR|LSS|MVK|MSMO1|SC5D|SMPD1|SREBF1|TM7SF2|VLDLR|CH25H|ACAA2|NPC2|NSDHL|HSD17B7,-6.311128165794636,0,1,0,0,-12.846676622629262,10.772759601706971,
1,-8.117518222157804,GO:1901617,M1,1,0,GO Biological Processes,19,organic hydroxy compound biosynthetic process,19_GO:0008152 metabolic process,-8.117518222157804,3.8623266013871898,7.444293555344663,30293,172,1140,25,2.192982456140351,0.4337606599742675,1109|1595|1717|1718|3028|3067|3157|3422|3638|4047|4598|5092|6307|6309|6720|7108|8309|8644|8912|9023|10449|50814|51478|51706|171546,AKR1C4|CYP51A1|DHCR7|DHCR24|HSD17B10|HDC|HMGCS1|IDI1|INSIG1|LSS|MVK|PCBD1|MSMO1|SC5D|SREBF1|TM7SF2|ACOX2|AKR1C3|CACNA1H|CH25H|ACAA2|NSDHL|HSD17B7|CYB5R1|SPTSSA,-5.387197470957701,0,1,0,0,-12.846676622629262,10.772759601706971,
1,-7.994666905158125,GO:0046165,M1,1,0,GO Biological Processes,19,alcohol biosynthetic process,19_GO:0008152 metabolic process,-7.994666905158125,5.143123938879457,7.912991539101716,30293,93,1140,18,1.5789473684210527,0.3692116566580194,1595|1717|1718|3157|3422|3638|4047|4598|5092|6307|6309|6720|7108|8912|10449|50814|51478|171546,CYP51A1|DHCR7|DHCR24|HMGCS1|IDI1|INSIG1|LSS|MVK|PCBD1|MSMO1|SC5D|SREBF1|TM7SF2|CACNA1H|ACAA2|NSDHL|HSD17B7|SPTSSA,-5.294309377335465,0,1,0,0,-12.846676622629262,10.772759601706971,
1,-12.67191128254112,GO:0044283,M1,1,0,GO Biological Processes,19,small molecule biosynthetic process,19_GO:0008152 metabolic process,-12.67191128254112,3.099204274184381,9.001053524375653,30293,463,1140,54,4.7368421052631575,0.6291504557429093,240|445|834|1109|1595|1717|1718|2023|2628|2681|2746|2747|2752|2950|3028|3155|3157|3422|3638|3992|3995|4047|4598|4860|5092|5831|5947|5950|6307|6309|6576|6720|7108|8309|8644|8912|9104|9200|9415|10170|10449|23205|23743|26227|50814|51478|55256|63826|65263|79966|84532|92126|113189|171546,ALOX5|ASS1|CASP1|AKR1C4|CYP51A1|DHCR7|DHCR24|ENO1|GATM|GGTA1|GLUD1|GLUD2|GLUL|GSTP1|HSD17B10|HMGCL|HMGCS1|IDI1|INSIG1|FADS1|FADS3|LSS|MVK|PNP|PCBD1|PYCR1|RBP1|RBP4|MSMO1|SC5D|SLC25A1|SREBF1|TM7SF2|ACOX2|AKR1C3|CACNA1H|RGN|HACD1|FADS2|DHRS9|ACAA2|ACSBG1|BHMT2|PHGDH|NSDHL|HSD17B7|ADI1|SRR|PYCR3|SCD5|ACSS1|DSEL|CHST14|SPTSSA,-8.795462495662779,0,2,1,1,-12.67191128254112,3.1033935202970926,
1,-7.791171225936797,GO:0046394,M1,1,0,GO Biological Processes,19,carboxylic acid biosynthetic process,19_GO:0008152 metabolic process,-7.791171225936797,3.1033935202970926,6.916278552537674,30293,274,1140,32,2.807017543859649,0.4892012886170548,240|445|834|1109|2628|2681|2746|2747|2752|2950|3028|3992|3995|5092|5831|5947|8309|8644|9104|9200|9415|10170|23205|23743|26227|55256|63826|65263|79966|84532|92126|113189,ALOX5|ASS1|CASP1|AKR1C4|GATM|GGTA1|GLUD1|GLUD2|GLUL|GSTP1|HSD17B10|FADS1|FADS3|PCBD1|PYCR1|RBP1|ACOX2|AKR1C3|RGN|HACD1|FADS2|DHRS9|ACSBG1|BHMT2|PHGDH|ADI1|SRR|PYCR3|SCD5|ACSS1|DSEL|CHST14,-5.14517136043673,0,2,0,0,-12.67191128254112,3.1033935202970926,
1,-7.677555575628874,GO:0016053,M1,1,0,GO Biological Processes,19,organic acid biosynthetic process,19_GO:0008152 metabolic process,-7.677555575628874,3.0697827601494705,6.843259592734023,30293,277,1140,32,2.807017543859649,0.4892012886170548,240|445|834|1109|2628|2681|2746|2747|2752|2950|3028|3992|3995|5092|5831|5947|8309|8644|9104|9200|9415|10170|23205|23743|26227|55256|63826|65263|79966|84532|92126|113189,ALOX5|ASS1|CASP1|AKR1C4|GATM|GGTA1|GLUD1|GLUD2|GLUL|GSTP1|HSD17B10|FADS1|FADS3|PCBD1|PYCR1|RBP1|ACOX2|AKR1C3|RGN|HACD1|FADS2|DHRS9|ACSBG1|BHMT2|PHGDH|ADI1|SRR|PYCR3|SCD5|ACSS1|DSEL|CHST14,-5.068278517153547,0,2,0,0,-12.67191128254112,3.1033935202970926,
1,-4.731366027751532,GO:0072330,M1,1,0,GO Biological Processes,19,monocarboxylic acid biosynthetic process,19_GO:0008152 metabolic process,-4.731366027751532,3.023253493013972,5.1845679639714755,30293,167,1140,19,1.6666666666666667,0.3791598386378328,240|1109|2628|2950|3028|3992|3995|5947|8309|8644|9200|9415|10170|23205|63826|79966|84532|92126|113189,ALOX5|AKR1C4|GATM|GSTP1|HSD17B10|FADS1|FADS3|RBP1|ACOX2|AKR1C3|HACD1|FADS2|DHRS9|ACSBG1|SRR|SCD5|ACSS1|DSEL|CHST14,-2.7660748496131675,0,2,0,0,-12.67191128254112,3.1033935202970926,
1,-10.877321934296384,GO:0044282,M1,1,0,GO Biological Processes,19,small molecule catabolic process,19_GO:0008152 metabolic process,-10.877321934296384,3.246109948165869,8.381928771004965,30293,352,1140,43,3.7719298245614037,0.5642612993176593,30|33|217|594|1757|1891|2023|2109|2110|2184|2639|2746|2747|2752|3028|3067|3155|3176|3712|4329|4860|7263|8309|8630|8644|10247|10449|10455|22875|23576|26275|27233|51071|51084|55556|55577|55862|56898|84706|84750|130589|137872|197257,ACAA1|ACADL|ALDH2|BCKDHB|SARDH|ECH1|ENO1|ETFB|ETFDH|FAH|GCDH|GLUD1|GLUD2|GLUL|HSD17B10|HDC|HMGCL|HNMT|IVD|ALDH6A1|PNP|TST|ACOX2|HSD17B6|AKR1C3|RIDA|ACAA2|ECI2|ENPP4|DDAH1|HIBCH|SULT1C4|DERA|CRYL1|ENOSF1|NAGK|ECHDC1|BDH2|GPT2|FUT10|GALM|ADHFE1|LDHD,-7.602933138746006,0,3,1,1,-10.877321934296384,7.5922305764411036,
1,-10.240526574562955,GO:0016054,M1,1,0,GO Biological Processes,19,organic acid catabolic process,19_GO:0008152 metabolic process,-10.240526574562955,3.7797527223230487,8.404719393094643,30293,232,1140,33,2.8947368421052633,0.49656202491104634,30|33|594|1757|1891|2109|2110|2184|2639|2746|2747|2752|3028|3067|3155|3176|3712|4329|7263|8309|10247|10449|10455|23576|26275|51084|55556|55577|55862|56898|84706|137872|197257,ACAA1|ACADL|BCKDHB|SARDH|ECH1|ETFB|ETFDH|FAH|GCDH|GLUD1|GLUD2|GLUL|HSD17B10|HDC|HMGCL|HNMT|IVD|ALDH6A1|TST|ACOX2|RIDA|ACAA2|ECI2|DDAH1|HIBCH|CRYL1|ENOSF1|NAGK|ECHDC1|BDH2|GPT2|ADHFE1|LDHD,-7.104440477178857,0,3,0,0,-10.877321934296384,7.5922305764411036,
1,-10.240526574562955,GO:0046395,M1,1,0,GO Biological Processes,19,carboxylic acid catabolic process,19_GO:0008152 metabolic process,-10.240526574562955,3.7797527223230487,8.404719393094643,30293,232,1140,33,2.8947368421052633,0.49656202491104634,30|33|594|1757|1891|2109|2110|2184|2639|2746|2747|2752|3028|3067|3155|3176|3712|4329|7263|8309|10247|10449|10455|23576|26275|51084|55556|55577|55862|56898|84706|137872|197257,ACAA1|ACADL|BCKDHB|SARDH|ECH1|ETFB|ETFDH|FAH|GCDH|GLUD1|GLUD2|GLUL|HSD17B10|HDC|HMGCL|HNMT|IVD|ALDH6A1|TST|ACOX2|RIDA|ACAA2|ECI2|DDAH1|HIBCH|CRYL1|ENOSF1|NAGK|ECHDC1|BDH2|GPT2|ADHFE1|LDHD,-7.104440477178857,0,3,0,0,-10.877321934296384,7.5922305764411036,
1,-8.837100991832557,GO:0006520,M1,1,0,GO Biological Processes,19,amino acid metabolic process,19_GO:0008152 metabolic process,-8.837100991832557,3.207062915910466,7.468031566450974,30293,290,1140,35,3.0701754385964914,0.5109258594856301,445|594|670|1757|2109|2184|2639|2746|2747|2752|2937|3028|3067|3155|3176|3712|4329|5033|5092|5831|6567|10247|10667|23395|23576|23743|26227|26275|51582|55256|55556|63826|65263|84706|137872,ASS1|BCKDHB|BPHL|SARDH|ETFB|FAH|GCDH|GLUD1|GLUD2|GLUL|GSS|HSD17B10|HDC|HMGCL|HNMT|IVD|ALDH6A1|P4HA1|PCBD1|PYCR1|SLC16A2|RIDA|FARS2|LARS2|DDAH1|BHMT2|PHGDH|HIBCH|AZIN1|ADI1|ENOSF1|SRR|PYCR3|GPT2|ADHFE1,-5.91489471439354,0,3,0,0,-10.877321934296384,7.5922305764411036,
1,-7.687893802187673,GO:0009063,M1,1,0,GO Biological Processes,19,amino acid catabolic process,19_GO:0008152 metabolic process,-7.687893802187673,4.674845679012345,7.565369899549443,30293,108,1140,19,1.6666666666666667,0.3791598386378328,594|1757|2109|2184|2746|2747|2752|3028|3067|3155|3176|3712|4329|10247|23576|26275|55556|84706|137872,BCKDHB|SARDH|ETFB|FAH|GLUD1|GLUD2|GLUL|HSD17B10|HDC|HMGCL|HNMT|IVD|ALDH6A1|RIDA|DDAH1|HIBCH|ENOSF1|GPT2|ADHFE1,-5.068278517153547,0,3,0,0,-10.877321934296384,7.5922305764411036,
1,-6.510794500773971,GO:1901605,M1,1,0,GO Biological Processes,19,alpha-amino acid metabolic process,19_GO:0008152 metabolic process,-6.510794500773971,3.209276209848293,6.307071240789424,30293,207,1140,25,2.192982456140351,0.4337606599742675,445|1757|2184|2639|2746|2747|2752|3028|3155|3712|4329|5033|5092|5831|10247|23576|23743|26227|26275|51582|55256|63826|65263|84706|137872,ASS1|SARDH|FAH|GCDH|GLUD1|GLUD2|GLUL|HSD17B10|HMGCL|IVD|ALDH6A1|P4HA1|PCBD1|PYCR1|RIDA|DDAH1|BHMT2|PHGDH|HIBCH|AZIN1|ADI1|SRR|PYCR3|GPT2|ADHFE1,-4.119768010694618,0,3,0,0,-10.877321934296384,7.5922305764411036,
1,-5.296349971836168,GO:1901606,M1,1,0,GO Biological Processes,19,alpha-amino acid catabolic process,19_GO:0008152 metabolic process,-5.296349971836168,4.227492025518341,5.995727237667394,30293,88,1140,14,1.2280701754385965,0.32619397574769193,1757|2184|2746|2747|2752|3028|3155|3712|4329|10247|23576|26275|84706|137872,SARDH|FAH|GLUD1|GLUD2|GLUL|HSD17B10|HMGCL|IVD|ALDH6A1|RIDA|DDAH1|HIBCH|GPT2|ADHFE1,-3.1400604883637837,0,3,0,0,-10.877321934296384,7.5922305764411036,
1,-4.029087053129202,GO:0009083,M1,1,0,GO Biological Processes,19,branched-chain amino acid catabolic process,19_GO:0008152 metabolic process,-4.029087053129202,7.5922305764411036,5.975802734997832,30293,21,1140,6,0.5263157894736842,0.21430133448577773,594|3028|3155|3712|4329|26275,BCKDHB|HSD17B10|HMGCL|IVD|ALDH6A1|HIBCH,-2.2732121974567105,0,3,0,0,-10.877321934296384,7.5922305764411036,
1,-3.3762337201805757,GO:0009081,M1,1,0,GO Biological Processes,19,branched-chain amino acid metabolic process,19_GO:0008152 metabolic process,-3.3762337201805757,5.905068226120858,5.042247904252128,30293,27,1140,6,0.5263157894736842,0.21430133448577773,594|3028|3155|3712|4329|26275,BCKDHB|HSD17B10|HMGCL|IVD|ALDH6A1|HIBCH,-1.7978463793622859,0,3,0,0,-10.877321934296384,7.5922305764411036,
1,-9.409209645115876,GO:0009636,M1,1,0,GO Biological Processes,19,response to toxic substance,19_GO:0050896 response to stimulus,-9.409209645115876,3.603092476955099,7.938666472531003,30293,236,1140,32,2.807017543859649,0.4892012886170548,348|445|670|2052|2053|2950|3047|4067|4129|4257|4489|4490|4493|4494|4495|4501|4502|4504|5002|5052|5445|6335|6415|7274|10549|10715|23657|26471|55937|64359|84293|114112,APOE|ASS1|BPHL|EPHX1|EPHX2|GSTP1|HBG1|LYN|MAOB|MGST1|MT1A|MT1B|MT1E|MT1F|MT1G|MT1X|MT2A|MT3|SLC22A18|PRDX1|PON2|SCN9A|SELENOW|TTPA|PRDX4|CERS1|SLC7A11|NUPR1|APOM|NXN|PRXL2A|TXNRD3,-6.377858898251792,0,4,1,1,-9.409209645115876,3.907765737874097,
1,-6.7126242015905255,GO:0098754,M1,1,0,GO Biological Processes,19,detoxification,19_GO:0098754 detoxification,-6.7126242015905255,3.907765737874097,6.720623629470257,30293,136,1140,20,1.7543859649122806,0.38883623754641444,348|2950|3047|4257|4489|4490|4493|4494|4495|4501|4502|4504|5002|5052|6415|10549|55937|64359|84293|114112,APOE|GSTP1|HBG1|MGST1|MT1A|MT1B|MT1E|MT1F|MT1G|MT1X|MT2A|MT3|SLC22A18|PRDX1|SELENOW|PRDX4|APOM|NXN|PRXL2A|TXNRD3,-4.267539178871171,0,4,0,0,-9.409209645115876,3.907765737874097,
1,-3.9027971040625093,GO:0098869,M1,1,0,GO Biological Processes,19,cellular oxidant detoxification,19_GO:0098754 detoxification,-3.9027971040625093,3.5828503843879362,4.82543861942359,30293,89,1140,12,1.0526315789473684,0.3022650235027283,348|2950|3047|4257|4504|5052|6415|10549|55937|64359|84293|114112,APOE|GSTP1|HBG1|MGST1|MT3|PRDX1|SELENOW|PRDX4|APOM|NXN|PRXL2A|TXNRD3,-2.1784417145192627,0,4,0,0,-9.409209645115876,3.907765737874097,
1,-3.2922588136435276,GO:0097237,M1,1,0,GO Biological Processes,19,cellular response to toxic substance,19_GO:0050896 response to stimulus,-3.2922588136435276,2.9275126375260188,4.148483545376238,30293,118,1140,13,1.1403508771929824,0.31446792656606076,348|2950|3047|4257|4504|5052|6415|10549|10715|55937|64359|84293|114112,APOE|GSTP1|HBG1|MGST1|MT3|PRDX1|SELENOW|PRDX4|CERS1|APOM|NXN|PRXL2A|TXNRD3,-1.744189630203924,0,4,0,0,-9.409209645115876,3.907765737874097,
1,-3.0799742333588047,GO:1990748,M1,1,0,GO Biological Processes,19,cellular detoxification,19_GO:0098754 detoxification,-3.0799742333588047,2.925446644133269,3.9822737838457645,30293,109,1140,12,1.0526315789473684,0.3022650235027283,348|2950|3047|4257|4504|5052|6415|10549|55937|64359|84293|114112,APOE|GSTP1|HBG1|MGST1|MT3|PRDX1|SELENOW|PRDX4|APOM|NXN|PRXL2A|TXNRD3,-1.5900244120311167,0,4,0,0,-9.409209645115876,3.907765737874097,
1,-2.1465603601933716,GO:0072593,M1,1,0,GO Biological Processes,19,reactive oxygen species metabolic process,19_GO:0008152 metabolic process,-2.1465603601933716,2.4834399081816687,3.0397217909830294,30293,107,1140,10,0.8771929824561403,0.2761734623942493,1536|3047|4129|4504|5052|6441|7409|10549|54541|285590,CYBB|HBG1|MAOB|MT3|PRDX1|SFTPD|VAV1|PRDX4|DDIT4|SH3PXD2B,-0.9119267960123998,0,4,0,0,-9.409209645115876,3.907765737874097,
1,-8.896320563884588,GO:0045321,M1,1,0,GO Biological Processes,19,leukocyte activation,19_GO:0002376 immune system process,-8.896320563884588,2.4439872674998537,7.052564462688917,30293,598,1140,55,4.824561403508772,0.6346567988240205,136|199|430|613|677|678|712|865|923|952|975|1137|1191|1316|1524|2214|2697|3175|3689|3821|3936|4067|4495|5052|5245|5293|5580|5588|5788|6284|6404|6814|7098|7099|7248|7409|7462|8451|8934|8935|9308|9734|10758|25800|54361|54518|55509|55636|57705|79626|84868|90865|112616|221395|284021,ADORA2B|AIF1|ASCL2|BCR|ZFP36L1|ZFP36L2|C1QA|CBFB|CD6|CD38|CD81|CHRNA4|CLU|KLF6|CX3CR1|FCGR3A|GJA1|ONECUT1|ITGB2|KLRC1|LCP1|LYN|MT1G|PRDX1|PHB1|PIK3CD|PRKCD|PRKCQ|PTPRC|S100A13|SELPLG|STXBP3|TLR3|TLR4|TSC1|VAV1|LAT2|CUL4A|RAB29|SKAP2|CD83|HDAC9|TRAF3IP2|SLC39A6|WNT4|APBB1IP|BATF3|CHD7|WDFY4|TNFAIP8L2|HAVCR2|IL33|CMTM7|ADGRF5|MILR1,-5.94929070272054,0,5,1,1,-8.896320563884588,2.8156616707331237,
1,-8.371443490283864,GO:0001775,M1,1,0,GO Biological Processes,19,cell activation,19_GO:0032501 multicellular organismal process,-8.371443490283864,2.2450709530057833,6.695830756352335,30293,722,1140,61,5.350877192982456,0.6665279455874338,71|136|199|430|613|677|678|712|865|923|952|975|1137|1191|1316|1524|2214|2697|3175|3689|3821|3936|4067|4495|5028|5052|5154|5156|5245|5293|5580|5588|5788|6284|6404|6814|7098|7099|7248|7409|7462|8451|8934|8935|9308|9734|10758|23657|25800|29071|54361|54518|55509|55636|57705|79626|84868|90865|112616|221395|284021,ACTG1|ADORA2B|AIF1|ASCL2|BCR|ZFP36L1|ZFP36L2|C1QA|CBFB|CD6|CD38|CD81|CHRNA4|CLU|KLF6|CX3CR1|FCGR3A|GJA1|ONECUT1|ITGB2|KLRC1|LCP1|LYN|MT1G|P2RY1|PRDX1|PDGFA|PDGFRA|PHB1|PIK3CD|PRKCD|PRKCQ|PTPRC|S100A13|SELPLG|STXBP3|TLR3|TLR4|TSC1|VAV1|LAT2|CUL4A|RAB29|SKAP2|CD83|HDAC9|TRAF3IP2|SLC7A11|SLC39A6|C1GALT1C1|WNT4|APBB1IP|BATF3|CHD7|WDFY4|TNFAIP8L2|HAVCR2|IL33|CMTM7|ADGRF5|MILR1,-5.5588342931764245,0,5,0,0,-8.896320563884588,2.8156616707331237,
1,-4.547111134827413,GO:0046649,M1,1,0,GO Biological Processes,19,lymphocyte activation,19_GO:0002376 immune system process,-4.547111134827413,2.069881809787627,4.647486390902342,30293,475,1140,37,3.245614035087719,0.524845334815129,430|677|678|865|923|952|975|1137|1316|2214|2697|3175|3821|3936|5052|5245|5293|5580|5588|5788|7099|7248|7409|7462|8451|8934|8935|9308|9734|10758|25800|54361|54518|55636|57705|79626|112616,ASCL2|ZFP36L1|ZFP36L2|CBFB|CD6|CD38|CD81|CHRNA4|KLF6|FCGR3A|GJA1|ONECUT1|KLRC1|LCP1|PRDX1|PHB1|PIK3CD|PRKCD|PRKCQ|PTPRC|TLR4|TSC1|VAV1|LAT2|CUL4A|RAB29|SKAP2|CD83|HDAC9|TRAF3IP2|SLC39A6|WNT4|APBB1IP|CHD7|WDFY4|TNFAIP8L2|CMTM7,-2.64838595323792,0,5,0,0,-8.896320563884588,2.8156616707331237,
1,-4.273012812992406,GO:0030097,M1,1,0,GO Biological Processes,19,hemopoiesis,19_GO:0032502 developmental process,-4.273012812992406,1.8366498968008256,4.363467928937275,30293,680,1140,47,4.12280701754386,0.5888460049861405,430|613|677|678|865|975|1050|1316|2124|3175|3784|3821|4067|4495|4772|5156|5293|5788|5803|6422|6776|7099|7248|7409|7474|8111|8444|8451|8544|8792|9070|9308|9734|10100|10519|10758|25976|29887|54361|55509|55636|57326|81624|84750|90865|112616|221395,ASCL2|BCR|ZFP36L1|ZFP36L2|CBFB|CD81|CEBPA|KLF6|EVI2B|ONECUT1|KCNQ1|KLRC1|LYN|MT1G|NFATC1|PDGFRA|PIK3CD|PTPRC|PTPRZ1|SFRP1|STAT5A|TLR4|TSC1|VAV1|WNT5A|GPR68|DYRK3|CUL4A|PIR|TNFRSF11A|ASH2L|CD83|HDAC9|TSPAN2|CIB1|TRAF3IP2|TIPARP|SNX10|WNT4|BATF3|CHD7|PBXIP1|DIAPH3|FUT10|IL33|CMTM7|ADGRF5,-2.457874322064943,0,5,0,0,-8.896320563884588,2.8156616707331237,
1,-4.176283008928052,GO:0002521,M1,1,0,GO Biological Processes,19,leukocyte differentiation,19_GO:0032502 developmental process,-4.176283008928052,2.0829041130141266,4.424596528650107,30293,421,1140,33,2.8947368421052633,0.49656202491104634,430|677|678|865|975|1050|1316|3175|3821|4067|4495|4772|5293|5788|6422|6776|7099|7248|7409|8111|8544|8792|9308|9734|10100|10758|29887|54361|55509|55636|81624|90865|112616,ASCL2|ZFP36L1|ZFP36L2|CBFB|CD81|CEBPA|KLF6|ONECUT1|KLRC1|LYN|MT1G|NFATC1|PIK3CD|PTPRC|SFRP1|STAT5A|TLR4|TSC1|VAV1|GPR68|PIR|TNFRSF11A|CD83|HDAC9|TSPAN2|TRAF3IP2|SNX10|WNT4|BATF3|CHD7|DIAPH3|IL33|CMTM7,-2.3844104999840416,0,5,0,0,-8.896320563884588,2.8156616707331237,
1,-3.7180058331747388,GO:0002573,M1,1,0,GO Biological Processes,19,myeloid leukocyte differentiation,19_GO:0032502 developmental process,-3.7180058331747388,2.8156616707331237,4.422951120745615,30293,151,1140,16,1.4035087719298245,0.3484061960898092,975|1050|4067|4495|5293|6422|6776|7099|8111|8544|8792|10100|29887|55509|81624|90865,CD81|CEBPA|LYN|MT1G|PIK3CD|SFRP1|STAT5A|TLR4|GPR68|PIR|TNFRSF11A|TSPAN2|SNX10|BATF3|DIAPH3|IL33,-2.031888744466689,0,5,0,0,-8.896320563884588,2.8156616707331237,
1,-2.8254841728726605,GO:0030099,M1,1,0,GO Biological Processes,19,myeloid cell differentiation,19_GO:0032502 developmental process,-2.8254841728726605,2.0228434407818856,3.4549620464435793,30293,289,1140,22,1.9298245614035088,0.407450603294495,865|975|1050|2124|3784|4067|4495|5293|6422|6776|7099|8111|8444|8544|8792|10100|10519|29887|55509|81624|90865|221395,CBFB|CD81|CEBPA|EVI2B|KCNQ1|LYN|MT1G|PIK3CD|SFRP1|STAT5A|TLR4|GPR68|DYRK3|PIR|TNFRSF11A|TSPAN2|CIB1|SNX10|BATF3|DIAPH3|IL33|ADGRF5,-1.3969682515864994,0,5,0,0,-8.896320563884588,2.8156616707331237,
1,-2.45610643495923,GO:1903131,M1,1,0,GO Biological Processes,19,mononuclear cell differentiation,19_GO:0032502 developmental process,-2.45610643495923,1.85767343891644,3.0931058967684386,30293,329,1140,23,2.017543859649123,0.41642157992527234,430|677|678|865|1316|3175|3821|4067|4495|4772|5293|5788|7248|7409|8111|8544|9308|9734|10758|54361|55509|55636|112616,ASCL2|ZFP36L1|ZFP36L2|CBFB|KLF6|ONECUT1|KLRC1|LYN|MT1G|NFATC1|PIK3CD|PTPRC|TSC1|VAV1|GPR68|PIR|CD83|HDAC9|TRAF3IP2|WNT4|BATF3|CHD7|CMTM7,-1.1286609101066767,0,5,0,0,-8.896320563884588,2.8156616707331237,
1,-8.73494643914706,GO:0051046,M1,1,0,GO Biological Processes,19,regulation of secretion,19_GO:0051179 localization,-8.73494643914706,2.3962595700200584,6.952057030813394,30293,621,1140,56,4.912280701754386,0.6401052329072712,136|240|348|358|613|952|1137|1595|2550|2697|2746|2771|3689|3741|3784|3822|4067|4129|4646|4988|5021|5028|5872|5874|5950|6422|6623|6664|6720|6810|6814|7099|8111|8447|8673|8736|8792|8938|9501|10972|27236|27345|29091|51083|51092|51760|55636|64215|79651|79971|84062|85477|94121|114899|115827|100507043,ADORA2B|ALOX5|APOE|AQP1|BCR|CD38|CHRNA4|CYP51A1|GABBR1|GJA1|GLUD1|GNAI2|ITGB2|KCNA5|KCNQ1|KLRC2|LYN|MAOB|MYO6|OPRM1|OXTR|P2RY1|RAB13|RAB27B|RBP4|SFRP1|SNCG|SOX11|SREBF1|STX4|STXBP3|TLR4|GPR68|DOC2B|VAMP8|MYOM1|TNFRSF11A|BAIAP3|RPH3AL|TMED10|ARFIP1|KCNMB4|STXBP6|GAL|SIDT2|SYT17|CHD7|DNAJC1|RHBDF2|WLS|DTNBP1|SCIN|SYTL4|C1QTNF3|RAB3C|TUNAR,-5.836221257557567,0,6,1,1,-8.73494643914706,2.7808751529987763,
1,-8.402698856225427,GO:1903530,M1,1,0,GO Biological Processes,19,regulation of secretion by cell,19_GO:0051179 localization,-8.402698856225427,2.4370122837959096,6.8305951702967524,30293,567,1140,52,4.56140350877193,0.6179578343272725,136|240|348|613|952|1137|1595|2550|2697|2746|2771|3689|3741|3822|4067|4129|4988|5021|5028|5872|5874|5950|6422|6623|6664|6720|6810|6814|7099|8111|8447|8673|8736|8792|8938|9501|10972|27236|27345|29091|51083|51092|51760|55636|64215|79651|79971|84062|94121|114899|115827|100507043,ADORA2B|ALOX5|APOE|BCR|CD38|CHRNA4|CYP51A1|GABBR1|GJA1|GLUD1|GNAI2|ITGB2|KCNA5|KLRC2|LYN|MAOB|OPRM1|OXTR|P2RY1|RAB13|RAB27B|RBP4|SFRP1|SNCG|SOX11|SREBF1|STX4|STXBP3|TLR4|GPR68|DOC2B|VAMP8|MYOM1|TNFRSF11A|BAIAP3|RPH3AL|TMED10|ARFIP1|KCNMB4|STXBP6|GAL|SIDT2|SYT17|CHD7|DNAJC1|RHBDF2|WLS|DTNBP1|SYTL4|C1QTNF3|RAB3C|TUNAR,-5.567642754505311,0,6,0,0,-8.73494643914706,2.7808751529987763,
1,-6.286009438303242,GO:0070201,M1,1,0,GO Biological Processes,19,regulation of establishment of protein localization,19_GO:0051179 localization,-6.286009438303242,2.235095917363502,5.699680096207903,30293,535,1140,45,3.9473684210526314,0.5767080843967279,240|288|348|952|975|1595|2040|2746|3638|3689|3741|3936|4947|4988|5569|5580|5950|6422|6720|6810|7013|7099|7545|8111|8447|8736|8934|8938|9501|10519|10972|23657|27236|29969|51092|51100|51686|55612|64215|79651|79971|94121|114899|127933|100507043,ALOX5|ANK3|APOE|CD38|CD81|CYP51A1|STOM|GLUD1|INSIG1|ITGB2|KCNA5|LCP1|OAZ2|OPRM1|PKIA|PRKCD|RBP4|SFRP1|SREBF1|STX4|TERF1|TLR4|ZIC1|GPR68|DOC2B|MYOM1|RAB29|BAIAP3|RPH3AL|CIB1|TMED10|SLC7A11|ARFIP1|MDFIC|SIDT2|SH3GLB1|OAZ3|FERMT1|DNAJC1|RHBDF2|WLS|SYTL4|C1QTNF3|UHMK1|TUNAR,-3.934605458461746,0,6,0,0,-8.73494643914706,2.7808751529987763,
1,-6.139745345497805,GO:0051223,M1,1,0,GO Biological Processes,19,regulation of protein transport,19_GO:0051179 localization,-6.139745345497805,2.3660718577265083,5.694778483855121,30293,438,1140,39,3.4210526315789473,0.5383549194926929,240|348|952|975|1595|2746|3638|3741|3936|4947|4988|5569|5580|5950|6422|6720|6810|7099|7545|8111|8447|8736|8934|8938|9501|10972|23657|27236|29969|51092|51686|55612|64215|79651|79971|94121|114899|127933|100507043,ALOX5|APOE|CD38|CD81|CYP51A1|GLUD1|INSIG1|KCNA5|LCP1|OAZ2|OPRM1|PKIA|PRKCD|RBP4|SFRP1|SREBF1|STX4|TLR4|ZIC1|GPR68|DOC2B|MYOM1|RAB29|BAIAP3|RPH3AL|TMED10|SLC7A11|ARFIP1|MDFIC|SIDT2|OAZ3|FERMT1|DNAJC1|RHBDF2|WLS|SYTL4|C1QTNF3|UHMK1|TUNAR,-3.818528965983702,0,6,0,0,-8.73494643914706,2.7808751529987763,
1,-5.085654777954612,GO:0051047,M1,1,0,GO Biological Processes,19,positive regulation of secretion,19_GO:0051179 localization,-5.085654777954612,2.4699083445793972,5.160826615075813,30293,312,1140,29,2.543859649122807,0.4663357940423699,136|358|952|2550|2746|3689|3822|5021|5028|5874|5950|6664|6810|7099|8111|8447|8673|8736|8792|8938|9501|10972|51083|79971|84062|85477|94121|114899|100507043,ADORA2B|AQP1|CD38|GABBR1|GLUD1|ITGB2|KLRC2|OXTR|P2RY1|RAB27B|RBP4|SOX11|STX4|TLR4|GPR68|DOC2B|VAMP8|MYOM1|TNFRSF11A|BAIAP3|RPH3AL|TMED10|GAL|WLS|DTNBP1|SCIN|SYTL4|C1QTNF3|TUNAR,-2.9909613657287393,0,6,0,0,-8.73494643914706,2.7808751529987763,
1,-4.922946261355433,GO:0050708,M1,1,0,GO Biological Processes,19,regulation of protein secretion,19_GO:0051179 localization,-4.922946261355433,2.568375399465206,5.1093618313551445,30293,269,1140,26,2.280701754385965,0.4421524057977656,240|348|952|1595|2746|3741|4988|5950|6422|6720|6810|7099|8111|8447|8736|8938|9501|10972|27236|51092|64215|79651|79971|94121|114899|100507043,ALOX5|APOE|CD38|CYP51A1|GLUD1|KCNA5|OPRM1|RBP4|SFRP1|SREBF1|STX4|TLR4|GPR68|DOC2B|MYOM1|BAIAP3|RPH3AL|TMED10|ARFIP1|SIDT2|DNAJC1|RHBDF2|WLS|SYTL4|C1QTNF3|TUNAR,-2.8884822790672056,0,6,0,0,-8.73494643914706,2.7808751529987763,
1,-4.792534941599335,GO:1903532,M1,1,0,GO Biological Processes,19,positive regulation of secretion by cell,19_GO:0051179 localization,-4.792534941599335,2.474019963702359,4.987636527782021,30293,290,1140,27,2.3684210526315788,0.45037283480897017,136|952|2550|2746|3689|3822|5021|5028|5874|5950|6664|6810|7099|8111|8447|8673|8736|8792|8938|9501|10972|51083|79971|84062|94121|114899|100507043,ADORA2B|CD38|GABBR1|GLUD1|ITGB2|KLRC2|OXTR|P2RY1|RAB27B|RBP4|SOX11|STX4|TLR4|GPR68|DOC2B|VAMP8|MYOM1|TNFRSF11A|BAIAP3|RPH3AL|TMED10|GAL|WLS|DTNBP1|SYTL4|C1QTNF3|TUNAR,-2.8081807574114745,0,6,0,0,-8.73494643914706,2.7808751529987763,
1,-4.431129334802236,GO:1903829,M1,1,0,GO Biological Processes,19,positive regulation of protein localization,19_GO:0051179 localization,-4.431129334802236,2.044062078272604,4.5643409402724835,30293,481,1140,37,3.245614035087719,0.524845334815129,288|493|952|975|2040|2746|3689|4947|5580|5950|6810|7099|7130|7430|7474|7545|8111|8447|8736|8934|8938|9501|10160|10413|10519|10972|10979|11079|23184|25937|51100|51686|54550|79971|94121|114899|100507043,ANK3|ATP2B4|CD38|CD81|STOM|GLUD1|ITGB2|OAZ2|PRKCD|RBP4|STX4|TLR4|TNFAIP6|EZR|WNT5A|ZIC1|GPR68|DOC2B|MYOM1|RAB29|BAIAP3|RPH3AL|FARP1|YAP1|CIB1|TMED10|FERMT2|RER1|MESD|WWTR1|SH3GLB1|OAZ3|NECAB2|WLS|SYTL4|C1QTNF3|TUNAR,-2.5840643256091043,0,6,0,0,-8.73494643914706,2.7808751529987763,
1,-3.993692451701039,GO:0046883,M1,1,0,GO Biological Processes,19,regulation of hormone secretion,19_GO:0051179 localization,-3.993692451701039,2.4061990606437353,4.450365700490834,30293,254,1140,23,2.017543859649123,0.41642157992527234,240|952|2550|2697|2746|3741|5028|5950|6422|6664|6720|6810|8111|8447|8673|8938|9501|51083|51092|55636|94121|114899|100507043,ALOX5|CD38|GABBR1|GJA1|GLUD1|KCNA5|P2RY1|RBP4|SFRP1|SOX11|SREBF1|STX4|GPR68|DOC2B|VAMP8|BAIAP3|RPH3AL|GAL|SIDT2|CHD7|SYTL4|C1QTNF3|TUNAR,-2.245965949161125,0,6,0,0,-8.73494643914706,2.7808751529987763,
1,-3.579292409462431,GO:1904951,M1,1,0,GO Biological Processes,19,positive regulation of establishment of protein localization,19_GO:0051179 localization,-3.579292409462431,2.132385748321421,4.052336931234161,30293,324,1140,26,2.280701754385965,0.4421524057977656,288|952|975|2040|2746|3689|4947|5580|5950|6810|7099|7545|8111|8447|8736|8934|8938|9501|10519|10972|51100|51686|79971|94121|114899|100507043,ANK3|CD38|CD81|STOM|GLUD1|ITGB2|OAZ2|PRKCD|RBP4|STX4|TLR4|ZIC1|GPR68|DOC2B|MYOM1|RAB29|BAIAP3|RPH3AL|CIB1|TMED10|SH3GLB1|OAZ3|WLS|SYTL4|C1QTNF3|TUNAR,-1.9421431017109825,0,6,0,0,-8.73494643914706,2.7808751529987763,
1,-3.4426010629152786,GO:0046887,M1,1,0,GO Biological Processes,19,positive regulation of hormone secretion,19_GO:0051179 localization,-3.4426010629152786,2.768000730994152,4.205348615575326,30293,144,1140,15,1.3157894736842106,0.3374928789753796,952|2550|2746|5028|5950|6664|6810|8111|8447|8673|8938|9501|51083|114899|100507043,CD38|GABBR1|GLUD1|P2RY1|RBP4|SOX11|STX4|GPR68|DOC2B|VAMP8|BAIAP3|RPH3AL|GAL|C1QTNF3|TUNAR,-1.8460472560485754,0,6,0,0,-8.73494643914706,2.7808751529987763,
1,-3.3465963066577515,GO:0050714,M1,1,0,GO Biological Processes,19,positive regulation of protein secretion,19_GO:0051179 localization,-3.3465963066577515,2.711510920157537,4.113374655743909,30293,147,1140,15,1.3157894736842106,0.3374928789753796,952|2746|5950|6810|7099|8111|8447|8736|8938|9501|10972|79971|94121|114899|100507043,CD38|GLUD1|RBP4|STX4|TLR4|GPR68|DOC2B|MYOM1|BAIAP3|RPH3AL|TMED10|WLS|SYTL4|C1QTNF3|TUNAR,-1.7840147401485638,0,6,0,0,-8.73494643914706,2.7808751529987763,
1,-3.2851576765133657,GO:0051222,M1,1,0,GO Biological Processes,19,positive regulation of protein transport,19_GO:0051179 localization,-3.2851576765133657,2.2410801099133373,3.888618928166631,30293,249,1140,21,1.8421052631578947,0.3982606641287987,952|975|2746|4947|5580|5950|6810|7099|7545|8111|8447|8736|8934|8938|9501|10972|51686|79971|94121|114899|100507043,CD38|CD81|GLUD1|OAZ2|PRKCD|RBP4|STX4|TLR4|ZIC1|GPR68|DOC2B|MYOM1|RAB29|BAIAP3|RPH3AL|TMED10|OAZ3|WLS|SYTL4|C1QTNF3|TUNAR,-1.7401361861557674,0,6,0,0,-8.73494643914706,2.7808751529987763,
1,-2.878697464306646,GO:0090276,M1,1,0,GO Biological Processes,19,regulation of peptide hormone secretion,19_GO:0051179 localization,-2.878697464306646,2.293084869534242,3.6006468451090243,30293,197,1140,17,1.4912280701754386,0.3589690963831384,240|952|2550|2746|3741|5950|6422|6720|6810|8111|8447|8938|9501|51092|55636|94121|100507043,ALOX5|CD38|GABBR1|GLUD1|KCNA5|RBP4|SFRP1|SREBF1|STX4|GPR68|DOC2B|BAIAP3|RPH3AL|SIDT2|CHD7|SYTL4|TUNAR,-1.4392060080977542,0,6,0,0,-8.73494643914706,2.7808751529987763,
1,-2.807696490293397,GO:0002791,M1,1,0,GO Biological Processes,19,regulation of peptide secretion,19_GO:0051179 localization,-2.807696490293397,2.258688596491228,3.531631048443776,30293,200,1140,17,1.4912280701754386,0.3589690963831384,240|952|2550|2746|3741|5950|6422|6720|6810|8111|8447|8938|9501|51092|55636|94121|100507043,ALOX5|CD38|GABBR1|GLUD1|KCNA5|RBP4|SFRP1|SREBF1|STX4|GPR68|DOC2B|BAIAP3|RPH3AL|SIDT2|CHD7|SYTL4|TUNAR,-1.3845660434620934,0,6,0,0,-8.73494643914706,2.7808751529987763,
1,-2.776832447143511,GO:0050796,M1,1,0,GO Biological Processes,19,regulation of insulin secretion,19_GO:0051179 localization,-2.776832447143511,2.3867790734320833,3.553608276000823,30293,167,1140,15,1.3157894736842106,0.3374928789753796,240|952|2746|3741|5950|6422|6720|6810|8111|8447|8938|9501|51092|94121|100507043,ALOX5|CD38|GLUD1|KCNA5|RBP4|SFRP1|SREBF1|STX4|GPR68|DOC2B|BAIAP3|RPH3AL|SIDT2|SYTL4|TUNAR,-1.3620322283286246,0,6,0,0,-8.73494643914706,2.7808751529987763,
1,-2.7613539135728007,GO:0090087,M1,1,0,GO Biological Processes,19,regulation of peptide transport,19_GO:0051179 localization,-2.7613539135728007,2.236325343060622,3.486301314219234,30293,202,1140,17,1.4912280701754386,0.3589690963831384,240|952|2550|2746|3741|5950|6422|6720|6810|8111|8447|8938|9501|51092|55636|94121|100507043,ALOX5|CD38|GABBR1|GLUD1|KCNA5|RBP4|SFRP1|SREBF1|STX4|GPR68|DOC2B|BAIAP3|RPH3AL|SIDT2|CHD7|SYTL4|TUNAR,-1.3502879781428776,0,6,0,0,-8.73494643914706,2.7808751529987763,
1,-2.297369963022976,GO:0032024,M1,1,0,GO Biological Processes,19,positive regulation of insulin secretion,19_GO:0051179 localization,-2.297369963022976,2.7808751529987763,3.270421098427874,30293,86,1140,9,0.7894736842105263,0.2621170552142749,952|2746|5950|6810|8111|8447|8938|9501|100507043,CD38|GLUD1|RBP4|STX4|GPR68|DOC2B|BAIAP3|RPH3AL|TUNAR,-1.0158659128397178,0,6,0,0,-8.73494643914706,2.7808751529987763,
1,-2.0380315450959605,GO:0090277,M1,1,0,GO Biological Processes,19,positive regulation of peptide hormone secretion,19_GO:0051179 localization,-2.0380315450959605,2.393946578157104,2.909433167953941,30293,111,1140,10,0.8771929824561403,0.2761734623942493,952|2550|2746|5950|6810|8111|8447|8938|9501|100507043,CD38|GABBR1|GLUD1|RBP4|STX4|GPR68|DOC2B|BAIAP3|RPH3AL|TUNAR,-0.8350644552909665,0,6,0,0,-8.73494643914706,2.7808751529987763,
1,-8.53720146603545,GO:0030029,M1,1,0,GO Biological Processes,19,actin filament-based process,19_GO:0009987 cellular process,-8.53720146603545,2.3880790620341705,6.860020655326393,30293,612,1140,55,4.824561403508772,0.6346567988240205,70|71|199|358|408|613|1266|1809|1901|2059|2195|2697|3741|3784|3936|4082|4542|4604|4637|4646|4983|5154|5156|5358|5872|5987|6335|6444|6464|7114|7184|7430|8736|9051|9168|9535|9938|10160|11170|11188|22808|23043|23189|27295|28988|29085|30011|54857|57381|81624|84062|85477|89846|116154|121512,ACTC1|ACTG1|AIF1|AQP1|ARRB1|BCR|CNN3|DPYSL3|S1PR1|EPS8|FAT1|GJA1|KCNA5|KCNQ1|LCP1|MARCKS|MYO1F|MYBPC1|MYL6|MYO6|OPHN1|PDGFA|PDGFRA|PLS3|RAB13|TRIM27|SCN9A|SGCD|SHC1|TMSB4X|HSP90B1|EZR|MYOM1|PSTPIP1|TMSB10|GMFG|ARHGAP25|FARP1|FAM107A|NISCH|MRAS|TNIK|KANK1|PDLIM3|DBNL|PHPT1|SH3KBP1|GDPD2|RHOJ|DIAPH3|DTNBP1|SCIN|FGD3|PHACTR3|FGD4,-5.660752679157109,0,7,1,1,-8.53720146603545,11.388345864661655,
1,-7.334730855961442,GO:0030036,M1,1,0,GO Biological Processes,19,actin cytoskeleton organization,19_GO:0009987 cellular process,-7.334730855961442,2.3533113225869102,6.286679903659582,30293,542,1140,48,4.2105263157894735,0.59480506885235,70|71|199|358|408|613|1266|1809|1901|2059|2195|3936|4082|4542|4604|4646|4983|5154|5156|5358|5872|5987|6464|7114|7184|7430|8736|9051|9168|9938|10160|11170|11188|22808|23043|23189|27295|28988|29085|30011|54857|57381|81624|84062|85477|89846|116154|121512,ACTC1|ACTG1|AIF1|AQP1|ARRB1|BCR|CNN3|DPYSL3|S1PR1|EPS8|FAT1|LCP1|MARCKS|MYO1F|MYBPC1|MYO6|OPHN1|PDGFA|PDGFRA|PLS3|RAB13|TRIM27|SHC1|TMSB4X|HSP90B1|EZR|MYOM1|PSTPIP1|TMSB10|ARHGAP25|FARP1|FAM107A|NISCH|MRAS|TNIK|KANK1|PDLIM3|DBNL|PHPT1|SH3KBP1|GDPD2|RHOJ|DIAPH3|DTNBP1|SCIN|FGD3|PHACTR3|FGD4,-4.790720528998706,0,7,0,0,-8.53720146603545,11.388345864661655,
1,-5.187638268308199,GO:0051764,M1,1,0,GO Biological Processes,19,actin crosslink formation,19_GO:0009987 cellular process,-5.187638268308199,11.388345864661655,7.6880186408111175,30293,14,1140,6,0.5263157894736842,0.21430133448577773,199|1809|2059|3936|4082|81624,AIF1|DPYSL3|EPS8|LCP1|MARCKS|DIAPH3,-3.0667968574959654,0,7,0,0,-8.53720146603545,11.388345864661655,
1,-4.962881774659891,GO:0051017,M1,1,0,GO Biological Processes,19,actin filament bundle assembly,19_GO:0009987 cellular process,-4.962881774659891,4.954252155813262,6.0119773393212945,30293,59,1140,11,0.9649122807017544,0.2895249775013002,199|408|1809|2059|3936|4082|5358|7184|7430|11170|81624,AIF1|ARRB1|DPYSL3|EPS8|LCP1|MARCKS|PLS3|HSP90B1|EZR|FAM107A|DIAPH3,-2.9092546330846547,0,7,0,0,-8.53720146603545,11.388345864661655,
1,-4.680060623965527,GO:0061572,M1,1,0,GO Biological Processes,19,actin filament bundle organization,19_GO:0009987 cellular process,-4.680060623965527,4.639696463380674,5.718618715312999,30293,63,1140,11,0.9649122807017544,0.2895249775013002,199|408|1809|2059|3936|4082|5358|7184|7430|11170|81624,AIF1|ARRB1|DPYSL3|EPS8|LCP1|MARCKS|PLS3|HSP90B1|EZR|FAM107A|DIAPH3,-2.7330307628014787,0,7,0,0,-8.53720146603545,11.388345864661655,
1,-4.262863057576219,GO:0007015,M1,1,0,GO Biological Processes,19,actin filament organization,19_GO:0009987 cellular process,-4.262863057576219,2.3982677813667745,4.623050105682631,30293,277,1140,25,2.192982456140351,0.4337606599742675,70|199|408|1266|1809|2059|2195|3936|4082|4542|4646|5358|5987|7114|7184|7430|9051|9168|9938|11170|30011|54857|57381|81624|85477,ACTC1|AIF1|ARRB1|CNN3|DPYSL3|EPS8|FAT1|LCP1|MARCKS|MYO1F|MYO6|PLS3|TRIM27|TMSB4X|HSP90B1|EZR|PSTPIP1|TMSB10|ARHGAP25|FAM107A|SH3KBP1|GDPD2|RHOJ|DIAPH3|SCIN,-2.450872259924796,0,7,0,0,-8.53720146603545,11.388345864661655,
1,-3.5726828979731007,GO:0097435,M1,1,0,GO Biological Processes,19,supramolecular fiber organization,19_GO:0009987 cellular process,-3.5726828979731007,1.8046048908348968,3.899488292974854,30293,589,1140,40,3.508771929824561,0.5449655650854346,70|71|199|408|1155|1266|1809|2059|2195|2670|3796|3936|4082|4134|4542|4604|4646|5033|5156|5358|5987|7114|7130|7184|7430|8736|9051|9168|9938|10519|11170|22919|30008|30011|51673|54857|57381|81551|81624|85477,ACTC1|ACTG1|AIF1|ARRB1|TBCB|CNN3|DPYSL3|EPS8|FAT1|GFAP|KIF2A|LCP1|MARCKS|MAP4|MYO1F|MYBPC1|MYO6|P4HA1|PDGFRA|PLS3|TRIM27|TMSB4X|TNFAIP6|HSP90B1|EZR|MYOM1|PSTPIP1|TMSB10|ARHGAP25|CIB1|FAM107A|MAPRE1|EFEMP2|SH3KBP1|TPPP3|GDPD2|RHOJ|STMN4|DIAPH3|SCIN,-1.9392721597810538,0,7,0,0,-8.53720146603545,11.388345864661655,
1,-8.444446026852946,GO:0032787,M1,1,0,GO Biological Processes,19,monocarboxylic acid metabolic process,19_GO:0008152 metabolic process,-8.444446026852946,2.5233867129062966,6.901910401381185,30293,516,1140,49,4.298245614035087,0.6006937845911474,30|33|240|718|1109|1573|1622|1645|1891|2023|2052|2109|2110|2184|2628|2639|2950|3028|3141|3418|3712|3992|3995|4199|5947|6307|8309|8644|9200|9415|10170|10449|10455|23205|26227|28965|51084|55862|56898|59342|63826|79966|80221|80339|81888|84532|92126|113189|197257,ACAA1|ACADL|ALOX5|C3|AKR1C4|CYP2J2|DBI|AKR1C1|ECH1|ENO1|EPHX1|ETFB|ETFDH|FAH|GATM|GCDH|GSTP1|HSD17B10|HLCS|IDH2|IVD|FADS1|FADS3|ME1|RBP1|MSMO1|ACOX2|AKR1C3|HACD1|FADS2|DHRS9|ACAA2|ECI2|ACSBG1|PHGDH|SLC27A6|CRYL1|ECHDC1|BDH2|SCPEP1|SRR|SCD5|ACSF2|PNPLA3|HYI|ACSS1|DSEL|CHST14|LDHD,-5.589186539044542,0,8,1,1,-8.444446026852946,12.078548644338117,
1,-7.111694642635198,GO:0006631,M1,1,0,GO Biological Processes,19,fatty acid metabolic process,19_GO:0008152 metabolic process,-7.111694642635198,2.7971375807940904,6.42116735581917,30293,323,1140,34,2.982456140350877,0.5038018350032145,30|33|240|718|1109|1573|1622|1645|1891|2052|2109|2110|2639|2950|3028|3712|3992|3995|6307|8309|8644|9200|9415|10449|10455|23205|28965|51084|55862|56898|79966|80221|80339|84532,ACAA1|ACADL|ALOX5|C3|AKR1C4|CYP2J2|DBI|AKR1C1|ECH1|EPHX1|ETFB|ETFDH|GCDH|GSTP1|HSD17B10|IVD|FADS1|FADS3|MSMO1|ACOX2|AKR1C3|HACD1|FADS2|ACAA2|ECI2|ACSBG1|SLC27A6|CRYL1|ECHDC1|BDH2|SCD5|ACSF2|PNPLA3|ACSS1,-4.606313718028593,0,8,0,0,-8.444446026852946,12.078548644338117,
1,-6.548314058407401,GO:0006635,M1,1,0,GO Biological Processes,19,fatty acid beta-oxidation,19_GO:0008152 metabolic process,-6.548314058407401,5.757441520467837,7.29429351902447,30293,60,1140,13,1.1403508771929824,0.31446792656606076,30|33|1891|2109|2110|2639|3028|3712|8309|10449|10455|55862|56898,ACAA1|ACADL|ECH1|ETFB|ETFDH|GCDH|HSD17B10|IVD|ACOX2|ACAA2|ECI2|ECHDC1|BDH2,-4.133547068754214,0,8,0,0,-8.444446026852946,12.078548644338117,
1,-5.817469224478445,GO:0030258,M1,1,0,GO Biological Processes,19,lipid modification,19_GO:0008152 metabolic process,-5.817469224478445,3.321600877192982,5.966964385149833,30293,168,1140,21,1.8421052631578947,0.3982606641287987,30|33|240|1891|2053|2109|2110|2639|3028|3712|8309|8613|8897|10449|10455|54886|55862|56898|79948|129642|196051,ACAA1|ACADL|ALOX5|ECH1|EPHX2|ETFB|ETFDH|GCDH|HSD17B10|IVD|ACOX2|PLPP3|MTMR3|ACAA2|ECI2|PLPPR1|ECHDC1|BDH2|PLPPR3|MBOAT2|PLPP4,-3.5320850446266028,0,8,0,0,-8.444446026852946,12.078548644338117,
1,-5.296349971836168,GO:0034440,M1,1,0,GO Biological Processes,19,lipid oxidation,19_GO:0008152 metabolic process,-5.296349971836168,4.227492025518341,5.995727237667394,30293,88,1140,14,1.2280701754385965,0.32619397574769193,30|33|240|1891|2109|2110|2639|3028|3712|8309|10449|10455|55862|56898,ACAA1|ACADL|ALOX5|ECH1|ETFB|ETFDH|GCDH|HSD17B10|IVD|ACOX2|ACAA2|ECI2|ECHDC1|BDH2,-3.1400604883637837,0,8,0,0,-8.444446026852946,12.078548644338117,
1,-5.13109417294647,GO:0072329,M1,1,0,GO Biological Processes,19,monocarboxylic acid catabolic process,19_GO:0008152 metabolic process,-5.13109417294647,3.6652147610405317,5.68719273596948,30293,116,1140,16,1.4035087719298245,0.3484061960898092,30|33|1891|2109|2110|2184|2639|3028|3712|8309|10449|10455|51084|55862|56898|197257,ACAA1|ACADL|ECH1|ETFB|ETFDH|FAH|GCDH|HSD17B10|IVD|ACOX2|ACAA2|ECI2|CRYL1|ECHDC1|BDH2|LDHD,-3.0218012521503086,0,8,0,0,-8.444446026852946,12.078548644338117,
1,-4.94465666494043,GO:0019395,M1,1,0,GO Biological Processes,19,fatty acid oxidation,19_GO:0008152 metabolic process,-4.94465666494043,4.212762088147198,5.7607325834708165,30293,82,1140,13,1.1403508771929824,0.31446792656606076,30|33|1891|2109|2110|2639|3028|3712|8309|10449|10455|55862|56898,ACAA1|ACADL|ECH1|ETFB|ETFDH|GCDH|HSD17B10|IVD|ACOX2|ACAA2|ECI2|ECHDC1|BDH2,-2.9058166538240404,0,8,0,0,-8.444446026852946,12.078548644338117,
1,-4.543697769504847,GO:0033539,M1,1,0,GO Biological Processes,19,fatty acid beta-oxidation using acyl-CoA dehydrogenase,19_GO:0008152 metabolic process,-4.543697769504847,12.078548644338117,7.267109554740832,30293,11,1140,5,0.43859649122807015,0.19571569570288536,33|2109|2110|2639|3712,ACADL|ETFB|ETFDH|GCDH|IVD,-2.647252354210252,0,8,0,0,-8.444446026852946,12.078548644338117,
1,-4.4469942531561095,GO:0009062,M1,1,0,GO Biological Processes,19,fatty acid catabolic process,19_GO:0008152 metabolic process,-4.4469942531561095,3.7961152882205518,5.2824171233316966,30293,91,1140,13,1.1403508771929824,0.31446792656606076,30|33|1891|2109|2110|2639|3028|3712|8309|10449|10455|55862|56898,ACAA1|ACADL|ECH1|ETFB|ETFDH|GCDH|HSD17B10|IVD|ACOX2|ACAA2|ECI2|ECHDC1|BDH2,-2.5854858160707046,0,8,0,0,-8.444446026852946,12.078548644338117,
1,-2.9515350135426783,GO:0044242,M1,1,0,GO Biological Processes,19,cellular lipid catabolic process,19_GO:0008152 metabolic process,-2.9515350135426783,2.3285449448363176,3.6709279122702223,30293,194,1140,17,1.4912280701754386,0.3589690963831384,30|33|1891|2109|2110|2639|3028|3712|6609|8309|8644|10449|10455|51573|55862|56898|80339,ACAA1|ACADL|ECH1|ETFB|ETFDH|GCDH|HSD17B10|IVD|SMPD1|ACOX2|AKR1C3|ACAA2|ECI2|GDE1|ECHDC1|BDH2|PNPLA3,-1.490059574635155,0,8,0,0,-8.444446026852946,12.078548644338117,
1,-2.5010936748533297,GO:0016042,M1,1,0,GO Biological Processes,19,lipid catabolic process,19_GO:0008152 metabolic process,-2.5010936748533297,1.937600511695906,3.1614916379207454,30293,288,1140,21,1.8421052631578947,0.3982606641287987,30|33|1891|2109|2110|2639|3028|3712|5330|5920|6609|8309|8630|8644|10449|10455|11145|51573|55862|56898|80339,ACAA1|ACADL|ECH1|ETFB|ETFDH|GCDH|HSD17B10|IVD|PLCB2|PLAAT4|SMPD1|ACOX2|HSD17B6|AKR1C3|ACAA2|ECI2|PLAAT3|GDE1|ECHDC1|BDH2|PNPLA3,-1.1645500721223279,0,8,0,0,-8.444446026852946,12.078548644338117,
1,-8.356101834007141,GO:0010721,M1,1,0,GO Biological Processes,19,negative regulation of cell development,19_GO:0032502 developmental process,-8.356101834007141,3.137067495126706,7.205969846683064,30293,288,1140,34,2.982456140350877,0.5038018350032145,393|430|655|714|865|1050|1910|3149|3400|3949|4067|4504|5080|5764|6422|6664|6993|7098|7099|7101|7130|7274|7474|8111|8451|8829|11006|28959|53342|55365|56896|58190|151176|388585,ARHGAP4|ASCL2|BMP7|C1QC|CBFB|CEBPA|EDNRB|HMGB3|ID4|LDLR|LYN|MT3|PAX6|PTN|SFRP1|SOX11|DYNLT1|TLR3|TLR4|NR2E1|TNFAIP6|TTPA|WNT5A|GPR68|CUL4A|NRP1|LILRB4|TMEM176B|IL17D|TMEM176A|DPYSL5|CTDSP1|ERFE|HES5,-5.5588342931764245,0,9,1,1,-8.356101834007141,3.137067495126706,
1,-7.345603106449952,GO:0045596,M1,1,0,GO Biological Processes,19,negative regulation of cell differentiation,19_GO:0032502 developmental process,-7.345603106449952,2.13596132702328,6.16086200117878,30293,734,1140,59,5.175438596491228,0.6561174310430138,393|430|655|677|678|714|865|1050|1910|2202|3149|3400|3638|3949|4067|4504|4772|5080|5727|5764|6422|6657|6658|6662|6664|6993|7098|7099|7101|7130|7274|7474|8111|8451|8829|9274|9646|10413|10519|10979|11006|25805|25937|28959|53342|54361|54756|55223|55365|55796|56896|58190|147906|151176|161742|202151|221476|388585|100507043,ARHGAP4|ASCL2|BMP7|ZFP36L1|ZFP36L2|C1QC|CBFB|CEBPA|EDNRB|EFEMP1|HMGB3|ID4|INSIG1|LDLR|LYN|MT3|NFATC1|PAX6|PTCH1|PTN|SFRP1|SOX2|SOX3|SOX9|SOX11|DYNLT1|TLR3|TLR4|NR2E1|TNFAIP6|TTPA|WNT5A|GPR68|CUL4A|NRP1|BCL7C|CTR9|YAP1|CIB1|FERMT2|LILRB4|BAMBI|WWTR1|TMEM176B|IL17D|WNT4|IL17RD|TRIM62|TMEM176A|MBNL3|DPYSL5|CTDSP1|DACT3|ERFE|SPRED1|RANBP3L|PI16|HES5|TUNAR,-4.791373614305529,0,9,0,0,-8.356101834007141,3.137067495126706,
1,-4.098206193333349,GO:0051961,M1,1,0,GO Biological Processes,19,negative regulation of nervous system development,19_GO:0032502 developmental process,-4.098206193333349,2.9144368986983586,4.725246449827568,30293,155,1140,17,1.4912280701754386,0.3589690963831384,393|430|655|869|3400|3949|4504|5080|5764|6664|6993|7101|7474|8829|56896|58190|388585,ARHGAP4|ASCL2|BMP7|CBLN1|ID4|LDLR|MT3|PAX6|PTN|SOX11|DYNLT1|NR2E1|WNT5A|NRP1|DPYSL5|CTDSP1|HES5,-2.327311716578613,0,9,0,0,-8.356101834007141,3.137067495126706,
1,-3.7853044071336557,GO:0050768,M1,1,0,GO Biological Processes,19,negative regulation of neurogenesis,19_GO:0032502 developmental process,-3.7853044071336557,2.8534557871188033,4.484868335633381,30293,149,1140,16,1.4035087719298245,0.3484061960898092,393|430|655|3400|3949|4504|5080|5764|6664|6993|7101|7474|8829|56896|58190|388585,ARHGAP4|ASCL2|BMP7|ID4|LDLR|MT3|PAX6|PTN|SOX11|DYNLT1|NR2E1|WNT5A|NRP1|DPYSL5|CTDSP1|HES5,-2.0875471648460984,0,9,0,0,-8.356101834007141,3.137067495126706,
1,-8.283682659734257,GO:0031175,M1,1,0,GO Biological Processes,19,neuron projection development,19_GO:0032502 developmental process,-8.283682659734257,2.2688793256658286,6.672269679649944,30293,691,1140,59,5.175438596491228,0.6561174310430138,71|288|348|655|780|1009|1272|1501|1948|2596|2670|2824|3730|4067|4134|4983|5080|5361|5588|5727|5764|5792|5803|5872|6091|6277|7101|7314|7345|7436|7474|7477|7873|7940|8829|9721|10100|10160|10381|11021|23043|23114|26227|28988|55364|55701|56896|57216|64221|66000|81551|81628|84062|127933|221074|282991|284217|388585|100507043,ACTG1|ANK3|APOE|BMP7|DDR1|CDH11|CNTN1|CTNND2|EFNB2|GAP43|GFAP|GPM6B|ANOS1|LYN|MAP4|OPHN1|PAX6|PLXNA1|PRKCQ|PTCH1|PTN|PTPRF|PTPRZ1|RAB13|ROBO1|S100A6|NR2E1|UBB|UCHL1|VLDLR|WNT5A|WNT7B|MANF|LST1|NRP1|GPRIN2|TSPAN2|FARP1|TUBB3|RAB35|TNIK|NFASC|PHGDH|DBNL|IMPACT|ARHGEF40|DPYSL5|VANGL2|ROBO3|TMEM108|STMN4|TSC22D4|DTNBP1|UHMK1|SLC39A12|BLOC1S2|LAMA1|HES5|TUNAR,-5.504143885863972,0,10,1,1,-8.283682659734257,2.2688793256658286,
1,-5.862464043168374,GO:0048812,M1,1,0,GO Biological Processes,19,neuron projection morphogenesis,19_GO:0032502 developmental process,-5.862464043168374,2.251002247353922,5.486328913147104,30293,484,1140,41,3.5964912280701755,0.5514847373096254,71|288|655|780|1009|1272|1501|1948|2596|3730|4983|5080|5361|5588|5727|5764|5803|6091|6277|7101|7314|7345|7436|7474|7477|8829|10160|10381|23043|23114|28988|55364|55701|56896|57216|64221|66000|81628|84062|221074|100507043,ACTG1|ANK3|BMP7|DDR1|CDH11|CNTN1|CTNND2|EFNB2|GAP43|ANOS1|OPHN1|PAX6|PLXNA1|PRKCQ|PTCH1|PTN|PTPRZ1|ROBO1|S100A6|NR2E1|UBB|UCHL1|VLDLR|WNT5A|WNT7B|NRP1|FARP1|TUBB3|TNIK|NFASC|DBNL|IMPACT|ARHGEF40|DPYSL5|VANGL2|ROBO3|TMEM108|TSC22D4|DTNBP1|SLC39A12|TUNAR,-3.565798852906843,0,10,0,0,-8.283682659734257,2.2688793256658286,
1,-5.749858652898971,GO:0120039,M1,1,0,GO Biological Processes,19,plasma membrane bounded cell projection morphogenesis,19_GO:0032502 developmental process,-5.749858652898971,2.2279858644566426,5.413589152175401,30293,489,1140,41,3.5964912280701755,0.5514847373096254,71|288|655|780|1009|1272|1501|1948|2596|3730|4983|5080|5361|5588|5727|5764|5803|6091|6277|7101|7314|7345|7436|7474|7477|8829|10160|10381|23043|23114|28988|55364|55701|56896|57216|64221|66000|81628|84062|221074|100507043,ACTG1|ANK3|BMP7|DDR1|CDH11|CNTN1|CTNND2|EFNB2|GAP43|ANOS1|OPHN1|PAX6|PLXNA1|PRKCQ|PTCH1|PTN|PTPRZ1|ROBO1|S100A6|NR2E1|UBB|UCHL1|VLDLR|WNT5A|WNT7B|NRP1|FARP1|TUBB3|TNIK|NFASC|DBNL|IMPACT|ARHGEF40|DPYSL5|VANGL2|ROBO3|TMEM108|TSC22D4|DTNBP1|SLC39A12|TUNAR,-3.475469857348592,0,10,0,0,-8.283682659734257,2.2688793256658286,
1,-5.639272773639132,GO:0048858,M1,1,0,GO Biological Processes,19,cell projection morphogenesis,19_GO:0032502 developmental process,-5.639272773639132,2.205435400241494,5.341722761340115,30293,494,1140,41,3.5964912280701755,0.5514847373096254,71|288|655|780|1009|1272|1501|1948|2596|3730|4983|5080|5361|5588|5727|5764|5803|6091|6277|7101|7314|7345|7436|7474|7477|8829|10160|10381|23043|23114|28988|55364|55701|56896|57216|64221|66000|81628|84062|221074|100507043,ACTG1|ANK3|BMP7|DDR1|CDH11|CNTN1|CTNND2|EFNB2|GAP43|ANOS1|OPHN1|PAX6|PLXNA1|PRKCQ|PTCH1|PTN|PTPRZ1|ROBO1|S100A6|NR2E1|UBB|UCHL1|VLDLR|WNT5A|WNT7B|NRP1|FARP1|TUBB3|TNIK|NFASC|DBNL|IMPACT|ARHGEF40|DPYSL5|VANGL2|ROBO3|TMEM108|TSC22D4|DTNBP1|SLC39A12|TUNAR,-3.3912129168111025,0,10,0,0,-8.283682659734257,2.2688793256658286,
1,-5.572259685042281,GO:0032989,M1,1,0,GO Biological Processes,19,cellular anatomical entity morphogenesis,19_GO:0032502 developmental process,-5.572259685042281,2.06433376830506,5.229255133198038,30293,605,1140,47,4.12280701754386,0.5888460049861405,70|71|288|655|780|1009|1272|1501|1948|2596|3691|3730|4604|4983|5080|5156|5361|5588|5727|5764|5803|6091|6277|7101|7314|7345|7436|7474|7477|8736|8829|10160|10381|23043|23114|28988|55364|55701|56896|57216|64221|64645|66000|81628|84062|221074|100507043,ACTC1|ACTG1|ANK3|BMP7|DDR1|CDH11|CNTN1|CTNND2|EFNB2|GAP43|ITGB4|ANOS1|MYBPC1|OPHN1|PAX6|PDGFRA|PLXNA1|PRKCQ|PTCH1|PTN|PTPRZ1|ROBO1|S100A6|NR2E1|UBB|UCHL1|VLDLR|WNT5A|WNT7B|MYOM1|NRP1|FARP1|TUBB3|TNIK|NFASC|DBNL|IMPACT|ARHGEF40|DPYSL5|VANGL2|ROBO3|MFSD14A|TMEM108|TSC22D4|DTNBP1|SLC39A12|TUNAR,-3.3538222948210525,0,10,0,0,-8.283682659734257,2.2688793256658286,
1,-5.551886213553333,GO:0000902,M1,1,0,GO Biological Processes,19,cell morphogenesis,19_GO:0032502 developmental process,-5.551886213553333,1.9929605263157897,5.178691144105988,30293,680,1140,51,4.473684210526316,0.6122682666800867,71|288|655|780|1006|1009|1191|1272|1501|1948|2195|2596|3730|4983|5080|5361|5588|5727|5764|5803|6091|6277|6494|7101|7314|7345|7436|7474|7477|7940|8829|10160|10381|10413|10519|23043|23114|28988|29071|51092|55364|55701|56896|57216|64221|66000|81628|84062|196383|221074|100507043,ACTG1|ANK3|BMP7|DDR1|CDH8|CDH11|CLU|CNTN1|CTNND2|EFNB2|FAT1|GAP43|ANOS1|OPHN1|PAX6|PLXNA1|PRKCQ|PTCH1|PTN|PTPRZ1|ROBO1|S100A6|SIPA1|NR2E1|UBB|UCHL1|VLDLR|WNT5A|WNT7B|LST1|NRP1|FARP1|TUBB3|YAP1|CIB1|TNIK|NFASC|DBNL|C1GALT1C1|SIDT2|IMPACT|ARHGEF40|DPYSL5|VANGL2|ROBO3|TMEM108|TSC22D4|DTNBP1|RILPL2|SLC39A12|TUNAR,-3.3475352846107094,0,10,0,0,-8.283682659734257,2.2688793256658286,
1,-3.161877489143112,GO:0048667,M1,1,0,GO Biological Processes,19,cell morphogenesis involved in neuron differentiation,19_GO:0032502 developmental process,-3.161877489143112,1.8721750398724084,3.644271922114633,30293,440,1140,31,2.719298245614035,0.48171408278676175,71|288|655|1009|1272|1501|1948|2596|3730|4983|5080|5588|5727|5764|5803|6091|6277|7101|7345|7436|7474|7477|8829|10160|10381|23114|55701|56896|57216|64221|84062,ACTG1|ANK3|BMP7|CDH11|CNTN1|CTNND2|EFNB2|GAP43|ANOS1|OPHN1|PAX6|PRKCQ|PTCH1|PTN|PTPRZ1|ROBO1|S100A6|NR2E1|UCHL1|VLDLR|WNT5A|WNT7B|NRP1|FARP1|TUBB3|NFASC|ARHGEF40|DPYSL5|VANGL2|ROBO3|DTNBP1,-1.6518516594907433,0,10,0,0,-8.283682659734257,2.2688793256658286,
1,-3.0355002597160463,GO:0007411,M1,1,0,GO Biological Processes,19,axon guidance,19_GO:0032502 developmental process,-3.0355002597160463,2.243925925925926,3.7034653114940435,30293,225,1140,19,1.6666666666666667,0.3791598386378328,655|1272|1948|2596|3730|4983|5080|5588|5727|6091|7474|7477|8829|10381|23114|55701|56896|57216|64221,BMP7|CNTN1|EFNB2|GAP43|ANOS1|OPHN1|PAX6|PRKCQ|PTCH1|ROBO1|WNT5A|WNT7B|NRP1|TUBB3|NFASC|ARHGEF40|DPYSL5|VANGL2|ROBO3,-1.5578592030409697,0,10,0,0,-8.283682659734257,2.2688793256658286,
1,-3.0355002597160463,GO:0097485,M1,1,0,GO Biological Processes,19,neuron projection guidance,19_GO:0032502 developmental process,-3.0355002597160463,2.243925925925926,3.7034653114940435,30293,225,1140,19,1.6666666666666667,0.3791598386378328,655|1272|1948|2596|3730|4983|5080|5588|5727|6091|7474|7477|8829|10381|23114|55701|56896|57216|64221,BMP7|CNTN1|EFNB2|GAP43|ANOS1|OPHN1|PAX6|PRKCQ|PTCH1|ROBO1|WNT5A|WNT7B|NRP1|TUBB3|NFASC|ARHGEF40|DPYSL5|VANGL2|ROBO3,-1.5578592030409697,0,10,0,0,-8.283682659734257,2.2688793256658286,
1,-2.8476231858582097,GO:0061564,M1,1,0,GO Biological Processes,19,axon development,19_GO:0032502 developmental process,-2.8476231858582097,1.8304308871942325,3.3930258243607745,30293,421,1140,29,2.543859649122807,0.4663357940423699,71|288|655|780|1009|1272|1948|2596|2824|3730|4983|5080|5588|5727|5803|6091|6277|7101|7345|7474|7477|8829|10100|10381|23114|55701|56896|57216|64221,ACTG1|ANK3|BMP7|DDR1|CDH11|CNTN1|EFNB2|GAP43|GPM6B|ANOS1|OPHN1|PAX6|PRKCQ|PTCH1|PTPRZ1|ROBO1|S100A6|NR2E1|UCHL1|WNT5A|WNT7B|NRP1|TSPAN2|TUBB3|NFASC|ARHGEF40|DPYSL5|VANGL2|ROBO3,-1.4128695346205855,0,10,0,0,-8.283682659734257,2.2688793256658286,
1,-2.797731130383438,GO:0007409,M1,1,0,GO Biological Processes,19,axonogenesis,19_GO:0032502 developmental process,-2.797731130383438,1.8876857444156843,3.378648171637329,30293,366,1140,26,2.280701754385965,0.4421524057977656,71|288|655|1009|1272|1948|2596|3730|4983|5080|5588|5727|5803|6091|6277|7101|7345|7474|7477|8829|10381|23114|55701|56896|57216|64221,ACTG1|ANK3|BMP7|CDH11|CNTN1|EFNB2|GAP43|ANOS1|OPHN1|PAX6|PRKCQ|PTCH1|PTPRZ1|ROBO1|S100A6|NR2E1|UCHL1|WNT5A|WNT7B|NRP1|TUBB3|NFASC|ARHGEF40|DPYSL5|VANGL2|ROBO3,-1.3768884560869636,0,10,0,0,-8.283682659734257,2.2688793256658286,
1,-8.177845379436416,GO:0071294,M1,1,0,GO Biological Processes,19,cellular response to zinc ion,19_GO:0050896 response to stimulus,-8.177845379436416,11.072002923976607,9.761064909828741,30293,24,1140,10,0.8771929824561403,0.2761734623942493,2742|4489|4490|4493|4494|4495|4501|4502|4504|84329,GLRA2|MT1A|MT1B|MT1E|MT1F|MT1G|MT1X|MT2A|MT3|HVCN1,-5.415339944864911,0,11,1,1,-8.177845379436416,13.286403508771928,
1,-7.413437712133672,GO:0010273,M1,1,0,GO Biological Processes,19,detoxification of copper ion,19_GO:0098754 detoxification,-7.413437712133672,13.286403508771928,9.720824861989994,30293,16,1140,8,0.7017543859649122,0.24723555672122605,4489|4490|4493|4494|4495|4501|4502|4504,MT1A|MT1B|MT1E|MT1F|MT1G|MT1X|MT2A|MT3,-4.848742786311085,0,11,0,0,-8.177845379436416,13.286403508771928,
1,-7.413437712133672,GO:1990169,M1,1,0,GO Biological Processes,19,stress response to copper ion,19_GO:0050896 response to stimulus,-7.413437712133672,13.286403508771928,9.720824861989994,30293,16,1140,8,0.7017543859649122,0.24723555672122605,4489|4490|4493|4494|4495|4501|4502|4504,MT1A|MT1B|MT1E|MT1F|MT1G|MT1X|MT2A|MT3,-4.848742786311085,0,11,0,0,-8.177845379436416,13.286403508771928,
1,-7.148597745790974,GO:0071276,M1,1,0,GO Biological Processes,19,cellular response to cadmium ion,19_GO:0050896 response to stimulus,-7.148597745790974,7.900023707918445,8.30463334175289,30293,37,1140,11,0.9649122807017544,0.2895249775013002,1536|3162|3725|4489|4490|4493|4494|4495|4501|4502|4504,CYBB|HMOX1|JUN|MT1A|MT1B|MT1E|MT1F|MT1G|MT1X|MT2A|MT3,-4.614571639734839,0,11,0,0,-8.177845379436416,13.286403508771928,
1,-6.590124835139245,GO:0071280,M1,1,0,GO Biological Processes,19,cellular response to copper ion,19_GO:0050896 response to stimulus,-6.590124835139245,9.198279352226722,8.269885024543187,30293,26,1140,9,0.7894736842105263,0.2621170552142749,358|4489|4490|4493|4494|4495|4501|4502|4504,AQP1|MT1A|MT1B|MT1E|MT1F|MT1G|MT1X|MT2A|MT3,-4.153008742091167,0,11,0,0,-8.177845379436416,13.286403508771928,
1,-6.287539476012922,GO:0097501,M1,1,0,GO Biological Processes,19,stress response to metal ion,19_GO:0050896 response to stimulus,-6.287539476012922,10.122974101921468,8.26990090188994,30293,21,1140,8,0.7017543859649122,0.24723555672122605,4489|4490|4493|4494|4495|4501|4502|4504,MT1A|MT1B|MT1E|MT1F|MT1G|MT1X|MT2A|MT3,-3.934605458461746,0,11,0,0,-8.177845379436416,13.286403508771928,
1,-6.244094279017275,GO:0006882,M1,1,0,GO Biological Processes,19,intracellular zinc ion homeostasis,19_GO:0042592 homeostatic process,-6.244094279017275,7.381335282651071,7.575732909220389,30293,36,1140,10,0.8771929824561403,0.2761734623942493,4489|4490|4493|4494|4495|4501|4502|4504|25800|147138,MT1A|MT1B|MT1E|MT1F|MT1G|MT1X|MT2A|MT3|SLC39A6|TMC8,-3.9054645872122076,0,11,0,0,-8.177845379436416,13.286403508771928,
1,-6.105838997165915,GO:0061687,M1,1,0,GO Biological Processes,19,detoxification of inorganic compound,19_GO:0098754 detoxification,-6.105838997165915,9.662838915470493,8.0377217670162,30293,22,1140,8,0.7017543859649122,0.24723555672122605,4489|4490|4493|4494|4495|4501|4502|4504,MT1A|MT1B|MT1E|MT1F|MT1G|MT1X|MT2A|MT3,-3.797591934354568,0,11,0,0,-8.177845379436416,13.286403508771928,
1,-5.697587159082625,GO:0046686,M1,1,0,GO Biological Processes,19,response to cadmium ion,19_GO:0050896 response to stimulus,-5.697587159082625,5.3145614035087725,6.615252578018511,30293,60,1140,12,1.0526315789473684,0.3022650235027283,1536|2937|3162|3725|4489|4490|4493|4494|4495|4501|4502|4504,CYBB|GSS|HMOX1|JUN|MT1A|MT1B|MT1E|MT1F|MT1G|MT1X|MT2A|MT3,-3.4391864689163762,0,11,0,0,-8.177845379436416,13.286403508771928,
1,-5.612486366985638,GO:0010043,M1,1,0,GO Biological Processes,19,response to zinc ion,19_GO:0050896 response to stimulus,-5.612486366985638,5.731389748882009,6.68718489962615,30293,51,1140,11,0.9649122807017544,0.2895249775013002,445|2742|4489|4490|4493|4494|4495|4501|4502|4504|84329,ASS1|GLRA2|MT1A|MT1B|MT1E|MT1F|MT1G|MT1X|MT2A|MT3|HVCN1,-3.3812674008961925,0,11,0,0,-8.177845379436416,13.286403508771928,
1,-5.218122132238739,GO:0019725,M1,1,0,GO Biological Processes,19,cellular homeostasis,19_GO:0042592 homeostatic process,-5.218122132238739,1.9538828689370489,4.97488534031381,30293,680,1140,50,4.385964912280702,0.6065142012600355,348|358|361|475|493|1185|2495|2512|2950|3162|3784|4489|4490|4493|4494|4495|4501|4502|4504|5028|5052|5080|6814|7184|7474|7477|8992|9104|9914|10549|10590|23657|25800|26137|29887|30061|55013|55277|56898|63933|81628|84282|84329|114112|114899|147138|151176|154881|285195|100507043,APOE|AQP1|AQP4|ATOX1|ATP2B4|CLCN6|FTH1|FTL|GSTP1|HMOX1|KCNQ1|MT1A|MT1B|MT1E|MT1F|MT1G|MT1X|MT2A|MT3|P2RY1|PRDX1|PAX6|STXBP3|HSP90B1|WNT5A|WNT7B|ATP6V0E1|RGN|ATP2C2|PRDX4|SCGN|SLC7A11|SLC39A6|ZBTB20|SNX10|SLC40A1|MCUB|FGGY|BDH2|MCUR1|TSC22D4|RNF135|HVCN1|TXNRD3|C1QTNF3|TMC8|ERFE|KCTD7|SLC9A9|TUNAR,-3.082036034854642,0,11,0,0,-8.177845379436416,13.286403508771928,
1,-5.113478482869139,GO:0098771,M1,1,0,GO Biological Processes,19,inorganic ion homeostasis,19_GO:0042592 homeostatic process,-5.113478482869139,2.224700122399021,5.057921041322159,30293,430,1140,36,3.1578947368421053,0.5179388761227809,288|348|475|493|1910|2495|2512|3162|3741|3784|4489|4490|4493|4494|4495|4501|4502|4504|5028|6444|7184|7474|9104|9914|10590|25800|29887|30061|51076|55013|56898|63933|147138|151176|154881|100507043,ANK3|APOE|ATOX1|ATP2B4|EDNRB|FTH1|FTL|HMOX1|KCNA5|KCNQ1|MT1A|MT1B|MT1E|MT1F|MT1G|MT1X|MT2A|MT3|P2RY1|SGCD|HSP90B1|WNT5A|RGN|ATP2C2|SCGN|SLC39A6|SNX10|SLC40A1|CUTC|MCUB|BDH2|MCUR1|TMC8|ERFE|KCTD7|TUNAR,-3.0115466617193474,0,11,0,0,-8.177845379436416,13.286403508771928,
1,-5.04947638154233,GO:0046688,M1,1,0,GO Biological Processes,19,response to copper ion,19_GO:0050896 response to stimulus,-5.04947638154233,6.293559556786704,6.456777140168802,30293,38,1140,9,0.7894736842105263,0.2621170552142749,358|4489|4490|4493|4494|4495|4501|4502|4504,AQP1|MT1A|MT1B|MT1E|MT1F|MT1G|MT1X|MT2A|MT3,-2.965419284162242,0,11,0,0,-8.177845379436416,13.286403508771928,
1,-4.830771346526507,GO:0055080,M1,1,0,GO Biological Processes,19,monoatomic cation homeostasis,19_GO:0042592 homeostatic process,-4.830771346526507,2.085190087895796,4.82369459467159,30293,497,1140,39,3.4210526315789473,0.5383549194926929,288|348|475|493|1910|2495|2512|3162|3741|3784|4489|4490|4493|4494|4495|4501|4502|4504|5028|6444|7184|7474|8992|9104|9914|10590|25800|29887|30061|51076|55013|56898|63933|84329|147138|151176|154881|285195|100507043,ANK3|APOE|ATOX1|ATP2B4|EDNRB|FTH1|FTL|HMOX1|KCNA5|KCNQ1|MT1A|MT1B|MT1E|MT1F|MT1G|MT1X|MT2A|MT3|P2RY1|SGCD|HSP90B1|WNT5A|ATP6V0E1|RGN|ATP2C2|SCGN|SLC39A6|SNX10|SLC40A1|CUTC|MCUB|BDH2|MCUR1|HVCN1|TMC8|ERFE|KCTD7|SLC9A9|TUNAR,-2.823554279379142,0,11,0,0,-8.177845379436416,13.286403508771928,
1,-4.636314367481415,GO:0050801,M1,1,0,GO Biological Processes,19,monoatomic ion homeostasis,19_GO:0042592 homeostatic process,-4.636314367481415,2.0440620782726047,4.688122836731225,30293,507,1140,39,3.4210526315789473,0.5383549194926929,288|348|475|493|1910|2495|2512|3162|3741|3784|4489|4490|4493|4494|4495|4501|4502|4504|5028|6444|7184|7474|8992|9104|9914|10590|25800|29887|30061|51076|55013|56898|63933|84329|147138|151176|154881|285195|100507043,ANK3|APOE|ATOX1|ATP2B4|EDNRB|FTH1|FTL|HMOX1|KCNA5|KCNQ1|MT1A|MT1B|MT1E|MT1F|MT1G|MT1X|MT2A|MT3|P2RY1|SGCD|HSP90B1|WNT5A|ATP6V0E1|RGN|ATP2C2|SCGN|SLC39A6|SNX10|SLC40A1|CUTC|MCUB|BDH2|MCUR1|HVCN1|TMC8|ERFE|KCTD7|SLC9A9|TUNAR,-2.704348252753242,0,11,0,0,-8.177845379436416,13.286403508771928,
1,-4.469800929495225,GO:0055082,M1,1,0,GO Biological Processes,19,intracellular chemical homeostasis,19_GO:0042592 homeostatic process,-4.469800929495225,1.9511501656238495,4.541404300090006,30293,572,1140,42,3.6842105263157894,0.5579156427379696,348|358|361|475|493|2495|2512|2950|3162|3784|4489|4490|4493|4494|4495|4501|4502|4504|5028|5080|6814|7184|7474|7477|8992|9104|9914|10590|23657|25800|26137|30061|55013|56898|63933|84329|114899|147138|151176|154881|285195|100507043,APOE|AQP1|AQP4|ATOX1|ATP2B4|FTH1|FTL|GSTP1|HMOX1|KCNQ1|MT1A|MT1B|MT1E|MT1F|MT1G|MT1X|MT2A|MT3|P2RY1|PAX6|STXBP3|HSP90B1|WNT5A|WNT7B|ATP6V0E1|RGN|ATP2C2|SCGN|SLC7A11|SLC39A6|ZBTB20|SLC40A1|MCUB|BDH2|MCUR1|HVCN1|C1QTNF3|TMC8|ERFE|KCTD7|SLC9A9|TUNAR,-2.6019523143788015,0,11,0,0,-8.177845379436416,13.286403508771928,
1,-3.9632884962309736,GO:0006873,M1,1,0,GO Biological Processes,19,intracellular monoatomic ion homeostasis,19_GO:0042592 homeostatic process,-3.9632884962309736,2.0298672027290445,4.263298102391404,30293,432,1140,33,2.8947368421052633,0.49656202491104634,348|475|493|2495|2512|3162|3784|4489|4490|4493|4494|4495|4501|4502|4504|5028|7184|7474|8992|9104|9914|10590|25800|30061|55013|56898|63933|84329|147138|151176|154881|285195|100507043,APOE|ATOX1|ATP2B4|FTH1|FTL|HMOX1|KCNQ1|MT1A|MT1B|MT1E|MT1F|MT1G|MT1X|MT2A|MT3|P2RY1|HSP90B1|WNT5A|ATP6V0E1|RGN|ATP2C2|SCGN|SLC39A6|SLC40A1|MCUB|BDH2|MCUR1|HVCN1|TMC8|ERFE|KCTD7|SLC9A9|TUNAR,-2.220501097594755,0,11,0,0,-8.177845379436416,13.286403508771928,
1,-3.785468191857813,GO:0030003,M1,1,0,GO Biological Processes,19,intracellular monoatomic cation homeostasis,19_GO:0042592 homeostatic process,-3.785468191857813,2.01023599187093,4.137616003415369,30293,423,1140,32,2.807017543859649,0.4892012886170548,348|475|493|2495|2512|3162|4489|4490|4493|4494|4495|4501|4502|4504|5028|7184|7474|8992|9104|9914|10590|25800|30061|55013|56898|63933|84329|147138|151176|154881|285195|100507043,APOE|ATOX1|ATP2B4|FTH1|FTL|HMOX1|MT1A|MT1B|MT1E|MT1F|MT1G|MT1X|MT2A|MT3|P2RY1|HSP90B1|WNT5A|ATP6V0E1|RGN|ATP2C2|SCGN|SLC39A6|SLC40A1|MCUB|BDH2|MCUR1|HVCN1|TMC8|ERFE|KCTD7|SLC9A9|TUNAR,-2.0875471648460984,0,11,0,0,-8.177845379436416,13.286403508771928,
1,-8.152353835935713,GO:0008285,M1,1,0,GO Biological Processes,19,negative regulation of cell population proliferation,19_GO:0048519 negative regulation of biological process,-8.152353835935713,2.1664454128952952,6.547931598156436,30293,785,1140,64,5.614035087719298,0.6817715049174148,199|240|348|430|590|655|780|1032|1050|1718|1871|1948|2173|2247|2495|2550|2768|2950|3162|4067|4087|4988|5080|5245|5727|5764|5920|5950|6091|6422|6441|6567|6657|6662|6664|6678|6751|7101|7248|7474|7940|8862|8935|9104|9289|9500|10519|10549|11006|11061|11180|23251|23576|26232|26471|27152|30008|51083|55612|57413|84868|85477|90865|654346,AIF1|ALOX5|APOE|ASCL2|BCHE|BMP7|DDR1|CDKN2D|CEBPA|DHCR24|E2F3|EFNB2|FABP7|FGF2|FTH1|GABBR1|GNA12|GSTP1|HMOX1|LYN|SMAD2|OPRM1|PAX6|PHB1|PTCH1|PTN|PLAAT4|RBP4|ROBO1|SFRP1|SFTPD|SLC16A2|SOX2|SOX9|SOX11|SPARC|SSTR1|NR2E1|TSC1|WNT5A|LST1|APLN|SKAP2|RGN|ADGRG1|MAGED1|CIB1|PRDX4|LILRB4|CNMD|WDR6|MINAR1|DDAH1|FBXO2|NUPR1|INTU|EFEMP2|GAL|FERMT1|TMIGD3|HAVCR2|SCIN|IL33|LGALS9C,-5.406238817552378,0,12,1,1,-8.152353835935713,2.457600649021397,
1,-4.845472779524322,GO:0050678,M1,1,0,GO Biological Processes,19,regulation of epithelial cell proliferation,19_GO:0050789 regulation of biological process,-4.845472779524322,2.2198413724729513,4.89938356378029,30293,407,1140,34,2.982456140350877,0.5038018350032145,187|240|348|677|1910|1948|2247|3162|4893|5080|5293|5727|5764|6091|6239|6422|6657|6662|6664|6678|6776|7474|8829|8862|9104|9500|10413|11061|26471|27152|55959|56005|57599|388585,APLNR|ALOX5|APOE|ZFP36L1|EDNRB|EFNB2|FGF2|HMOX1|NRAS|PAX6|PIK3CD|PTCH1|PTN|ROBO1|RREB1|SFRP1|SOX2|SOX9|SOX11|SPARC|STAT5A|WNT5A|NRP1|APLN|RGN|MAGED1|YAP1|CNMD|NUPR1|INTU|SULF2|MYDGF|WDR48|HES5,-2.835311331730176,0,12,0,0,-8.152353835935713,2.457600649021397,
1,-3.0588329367329554,GO:0050680,M1,1,0,GO Biological Processes,19,negative regulation of epithelial cell proliferation,19_GO:0048519 negative regulation of biological process,-3.0588329367329554,2.457600649021397,3.801971825801261,30293,173,1140,16,1.4035087719298245,0.3484061960898092,240|348|1948|5080|5727|6091|6422|6657|6662|6678|7474|9104|9500|11061|26471|27152,ALOX5|APOE|EFNB2|PAX6|PTCH1|ROBO1|SFRP1|SOX2|SOX9|SPARC|WNT5A|RGN|MAGED1|CNMD|NUPR1|INTU,-1.571313436091474,0,12,0,0,-8.152353835935713,2.457600649021397,
1,-8.004185778345944,GO:0071248,M1,1,0,GO Biological Processes,19,cellular response to metal ion,19_GO:0050896 response to stimulus,-8.004185778345944,3.587328947368421,7.259532872972484,30293,200,1140,27,2.3684210526315788,0.45037283480897017,113|288|358|1050|1536|1740|2742|3162|3725|4489|4490|4493|4494|4495|4501|4502|4504|6609|7184|7474|8437|8644|8912|27132|51760|84329|221184,ADCY7|ANK3|AQP1|CEBPA|CYBB|DLG2|GLRA2|HMOX1|JUN|MT1A|MT1B|MT1E|MT1F|MT1G|MT1X|MT2A|MT3|SMPD1|HSP90B1|WNT5A|RASAL1|AKR1C3|CACNA1H|CPNE7|SYT17|HVCN1|CPNE2,-5.294309377335465,0,13,1,1,-8.004185778345944,3.587328947368421,
1,-6.76331990192489,GO:0071241,M1,1,0,GO Biological Processes,19,cellular response to inorganic substance,19_GO:0050896 response to stimulus,-6.76331990192489,3.1330383819811534,6.4071929598322654,30293,229,1140,27,2.3684210526315788,0.45037283480897017,113|288|358|1050|1536|1740|2742|3162|3725|4489|4490|4493|4494|4495|4501|4502|4504|6609|7184|7474|8437|8644|8912|27132|51760|84329|221184,ADCY7|ANK3|AQP1|CEBPA|CYBB|DLG2|GLRA2|HMOX1|JUN|MT1A|MT1B|MT1E|MT1F|MT1G|MT1X|MT2A|MT3|SMPD1|HSP90B1|WNT5A|RASAL1|AKR1C3|CACNA1H|CPNE7|SYT17|HVCN1|CPNE2,-4.310116988983357,0,13,0,0,-8.004185778345944,3.587328947368421,
1,-6.460220625154316,GO:0010038,M1,1,0,GO Biological Processes,19,response to metal ion,19_GO:0050896 response to stimulus,-6.460220625154316,2.5834673489278757,5.976680136552746,30293,360,1140,35,3.0701754385964914,0.5109258594856301,113|288|358|445|1050|1536|1740|2742|2937|3162|3725|4129|4489|4490|4493|4494|4495|4501|4502|4504|6609|7184|7474|8437|8644|8912|10242|10628|27132|27345|51760|84329|140576|221184|387758,ADCY7|ANK3|AQP1|ASS1|CEBPA|CYBB|DLG2|GLRA2|GSS|HMOX1|JUN|MAOB|MT1A|MT1B|MT1E|MT1F|MT1G|MT1X|MT2A|MT3|SMPD1|HSP90B1|WNT5A|RASAL1|AKR1C3|CACNA1H|KCNMB2|TXNIP|CPNE7|KCNMB4|SYT17|HVCN1|S100A16|CPNE2|FIBIN,-4.082082392065575,0,13,0,0,-8.004185778345944,3.587328947368421,
1,-5.7334239138643595,GO:0010035,M1,1,0,GO Biological Processes,19,response to inorganic substance,19_GO:0050896 response to stimulus,-5.7334239138643595,2.176439431913116,5.377113075852543,30293,525,1140,43,3.7719298245614037,0.5642612993176593,113|288|358|445|493|1050|1536|1740|1910|2742|2937|3162|3725|3741|4129|4489|4490|4493|4494|4495|4501|4502|4504|5052|5580|5727|6415|6494|6609|7184|7474|8437|8644|8912|10242|10628|27132|27345|51760|84329|140576|221184|387758,ADCY7|ANK3|AQP1|ASS1|ATP2B4|CEBPA|CYBB|DLG2|EDNRB|GLRA2|GSS|HMOX1|JUN|KCNA5|MAOB|MT1A|MT1B|MT1E|MT1F|MT1G|MT1X|MT2A|MT3|PRDX1|PRKCD|PTCH1|SELENOW|SIPA1|SMPD1|HSP90B1|WNT5A|RASAL1|AKR1C3|CACNA1H|KCNMB2|TXNIP|CPNE7|KCNMB4|SYT17|HVCN1|S100A16|CPNE2|FIBIN,-3.4644301502006867,0,13,0,0,-8.004185778345944,3.587328947368421,
1,-4.736869906826381,GO:1902075,M1,1,0,GO Biological Processes,19,cellular response to salt,19_GO:0050896 response to stimulus,-4.736869906826381,2.7575554452168154,5.078150918028172,30293,212,1140,22,1.9298245614035088,0.407450603294495,113|493|1050|1137|1740|2771|4062|4988|5028|6001|6494|6609|7184|7474|8437|8644|8912|27132|51760|80339|116372|221184,ADCY7|ATP2B4|CEBPA|CHRNA4|DLG2|GNAI2|LY6H|OPRM1|P2RY1|RGS10|SIPA1|SMPD1|HSP90B1|WNT5A|RASAL1|AKR1C3|CACNA1H|CPNE7|SYT17|PNPLA3|LYPD1|CPNE2,-2.766347657138711,0,13,0,0,-8.004185778345944,3.587328947368421,
1,-3.55139082559975,GO:1902074,M1,1,0,GO Biological Processes,19,response to salt,19_GO:0050896 response to stimulus,-3.55139082559975,2.0279247460757155,3.987474397306787,30293,380,1140,29,2.543859649122807,0.4663357940423699,113|493|1050|1137|1740|1910|2771|4062|4988|5021|5028|5727|6001|6494|6609|7184|7474|8437|8644|8912|10242|10628|27132|27345|51760|80339|116372|140576|221184,ADCY7|ATP2B4|CEBPA|CHRNA4|DLG2|EDNRB|GNAI2|LY6H|OPRM1|OXTR|P2RY1|PTCH1|RGS10|SIPA1|SMPD1|HSP90B1|WNT5A|RASAL1|AKR1C3|CACNA1H|KCNMB2|TXNIP|CPNE7|KCNMB4|SYT17|PNPLA3|LYPD1|S100A16|CPNE2,-1.9241403961125214,0,13,0,0,-8.004185778345944,3.587328947368421,
1,-7.900591911692293,GO:0098657,M1,1,0,GO Biological Processes,19,import into cell,19_GO:0051179 localization,-7.900591911692293,2.2144005847953214,6.465730268623398,30293,708,1140,59,5.175438596491228,0.6561174310430138,154|199|348|408|493|613|975|1174|1176|1184|2670|3689|3768|3784|3949|4067|4542|4646|4983|5580|5874|6441|6518|6567|6623|7099|7409|7430|7436|7525|8909|8912|9051|9938|11006|11031|11276|23184|23209|23657|25800|25938|27131|28965|28988|29887|30011|51454|56990|57381|57403|66000|85439|112574|196051|201266|221074|283420|285195,ADRB2|AIF1|APOE|ARRB1|ATP2B4|BCR|CD81|AP1S1|AP3S1|CLCN5|GFAP|ITGB2|KCNJ12|KCNQ1|LDLR|LYN|MYO1F|MYO6|OPHN1|PRKCD|RAB27B|SFTPD|SLC2A5|SLC16A2|SNCG|TLR4|VAV1|EZR|VLDLR|YES1|ENDOU|CACNA1H|PSTPIP1|ARHGAP25|LILRB4|RAB31|SYNRG|MESD|MLC1|SLC7A11|SLC39A6|HEATR5A|SNX5|SLC27A6|DBNL|SNX10|SH3KBP1|GULP1|CDC42SE2|RHOJ|RAB22A|TMEM108|STON2|SNX18|PLPP4|SLC39A11|SLC39A12|CLEC9A|SLC9A9,-5.214474822984243,0,14,1,1,-7.900591911692293,2.4453503390377787,
1,-6.992779886882176,GO:0006897,M1,1,0,GO Biological Processes,19,endocytosis,19_GO:0051179 localization,-6.992779886882176,2.34166498622034,6.114450022899326,30293,522,1140,46,4.035087719298246,0.5828144351451007,154|199|348|408|613|975|1174|1176|1184|3689|3949|4067|4542|4646|4983|5580|5874|6441|6623|7099|7409|7430|7436|7525|8909|9051|9938|11006|11031|11276|23184|23209|25938|27131|28988|29887|30011|51454|56990|57381|57403|66000|85439|112574|196051|283420,ADRB2|AIF1|APOE|ARRB1|BCR|CD81|AP1S1|AP3S1|CLCN5|ITGB2|LDLR|LYN|MYO1F|MYO6|OPHN1|PRKCD|RAB27B|SFTPD|SNCG|TLR4|VAV1|EZR|VLDLR|YES1|ENDOU|PSTPIP1|ARHGAP25|LILRB4|RAB31|SYNRG|MESD|MLC1|HEATR5A|SNX5|DBNL|SNX10|SH3KBP1|GULP1|CDC42SE2|RHOJ|RAB22A|TMEM108|STON2|SNX18|PLPP4|CLEC9A,-4.496542341715441,0,14,0,0,-7.900591911692293,2.4453503390377787,
1,-2.8818313280823005,GO:0006898,M1,1,0,GO Biological Processes,19,receptor-mediated endocytosis,19_GO:0051179 localization,-2.8818313280823005,2.4453503390377787,3.6588292173694343,30293,163,1140,15,1.3157894736842106,0.3374928789753796,154|348|408|975|1174|3689|3949|6441|7430|7436|11006|11031|66000|85439|283420,ADRB2|APOE|ARRB1|CD81|AP1S1|ITGB2|LDLR|SFTPD|EZR|VLDLR|LILRB4|RAB31|TMEM108|STON2|CLEC9A,-1.4415451882447152,0,14,0,0,-7.900591911692293,2.4453503390377787,
1,-7.858714007852626,GO:0002274,M1,1,0,GO Biological Processes,19,myeloid leukocyte activation,19_GO:0002376 immune system process,-7.858714007852626,4.020885272391505,7.383324747352923,30293,152,1140,23,2.017543859649123,0.41642157992527234,136|199|613|712|1191|1524|2214|3689|4067|4495|5293|5580|6284|6814|7098|7099|7462|10758|55509|84868|90865|221395|284021,ADORA2B|AIF1|BCR|C1QA|CLU|CX3CR1|FCGR3A|ITGB2|LYN|MT1G|PIK3CD|PRKCD|S100A13|STXBP3|TLR3|TLR4|LAT2|TRAF3IP2|BATF3|HAVCR2|IL33|ADGRF5|MILR1,-5.18638520363021,0,15,1,1,-7.858714007852626,5.812801535087719,
1,-6.824462334558563,GO:0046903,M1,1,0,GO Biological Processes,19,secretion,19_GO:0051179 localization,-6.824462334558563,2.3106788710907704,6.01385925532415,30293,529,1140,46,4.035087719298246,0.5828144351451007,136|358|613|780|869|1174|1363|1910|2054|2214|2697|3784|4067|4087|5021|5125|5293|5872|5874|6284|6567|6623|6720|6776|6810|6814|7372|7462|8111|8447|8673|8862|8938|9501|10758|10972|11031|29887|51083|51760|79971|85477|90139|94121|115827|284021,ADORA2B|AQP1|BCR|DDR1|CBLN1|AP1S1|CPE|EDNRB|STX2|FCGR3A|GJA1|KCNQ1|LYN|SMAD2|OXTR|PCSK5|PIK3CD|RAB13|RAB27B|S100A13|SLC16A2|SNCG|SREBF1|STAT5A|STX4|STXBP3|UMPS|LAT2|GPR68|DOC2B|VAMP8|APLN|BAIAP3|RPH3AL|TRAF3IP2|TMED10|RAB31|SNX10|GAL|SYT17|WLS|SCIN|TSPAN18|SYTL4|RAB3C|MILR1,-4.354553728114176,0,15,0,0,-7.858714007852626,5.812801535087719,
1,-6.376273966424594,GO:0032940,M1,1,0,GO Biological Processes,19,secretion by cell,19_GO:0051179 localization,-6.376273966424594,2.4508899676375404,5.863545444304346,30293,412,1140,38,3.3333333333333335,0.5316493883423138,136|358|613|869|1174|1363|1910|2054|2214|2697|3784|4067|4087|5125|5293|5872|5874|6284|6567|6623|6720|6810|6814|7462|8111|8447|8938|9501|10972|11031|51083|51760|79971|85477|90139|94121|115827|284021,ADORA2B|AQP1|BCR|CBLN1|AP1S1|CPE|EDNRB|STX2|FCGR3A|GJA1|KCNQ1|LYN|SMAD2|PCSK5|PIK3CD|RAB13|RAB27B|S100A13|SLC16A2|SNCG|SREBF1|STX4|STXBP3|LAT2|GPR68|DOC2B|BAIAP3|RPH3AL|TMED10|RAB31|GAL|SYT17|WLS|SCIN|TSPAN18|SYTL4|RAB3C|MILR1,-4.004975157866158,0,15,0,0,-7.858714007852626,5.812801535087719,
1,-6.093911948010211,GO:0140352,M1,1,0,GO Biological Processes,19,export from cell,19_GO:0051179 localization,-6.093911948010211,2.2984917462432453,5.634515788710549,30293,474,1140,41,3.5964912280701755,0.5514847373096254,136|358|613|869|1174|1363|1910|2054|2214|2697|3741|3784|4067|4087|5002|5125|5293|5872|5874|6284|6567|6623|6720|6810|6814|7462|8111|8447|8938|9501|10972|11031|30061|51083|51760|79971|85477|90139|94121|115827|284021,ADORA2B|AQP1|BCR|CBLN1|AP1S1|CPE|EDNRB|STX2|FCGR3A|GJA1|KCNA5|KCNQ1|LYN|SMAD2|SLC22A18|PCSK5|PIK3CD|RAB13|RAB27B|S100A13|SLC16A2|SNCG|SREBF1|STX4|STXBP3|LAT2|GPR68|DOC2B|BAIAP3|RPH3AL|TMED10|RAB31|SLC40A1|GAL|SYT17|WLS|SCIN|TSPAN18|SYTL4|RAB3C|MILR1,-3.791494428859589,0,15,0,0,-7.858714007852626,5.812801535087719,
1,-5.24150336331614,GO:0002444,M1,1,0,GO Biological Processes,19,myeloid leukocyte mediated immunity,19_GO:0002376 immune system process,-5.24150336331614,4.831419457735247,6.161818739543963,30293,66,1140,12,1.0526315789473684,0.3022650235027283,136|613|2210|2214|4067|5293|6284|6814|7462|10417|10758|284021,ADORA2B|BCR|FCGR1BP|FCGR3A|LYN|PIK3CD|S100A13|STXBP3|LAT2|SPON2|TRAF3IP2|MILR1,-3.0974483362607668,0,15,0,0,-7.858714007852626,5.812801535087719,
1,-4.583896075415236,GO:0043299,M1,1,0,GO Biological Processes,19,leukocyte degranulation,19_GO:0002376 immune system process,-4.583896075415236,5.561750305997553,5.919401818535687,30293,43,1140,9,0.7894736842105263,0.2621170552142749,136|613|2214|4067|5293|6284|6814|7462|284021,ADORA2B|BCR|FCGR3A|LYN|PIK3CD|S100A13|STXBP3|LAT2|MILR1,-2.67121045768871,0,15,0,0,-7.858714007852626,5.812801535087719,
1,-4.547436911535771,GO:0002275,M1,1,0,GO Biological Processes,19,myeloid cell activation involved in immune response,19_GO:0002376 immune system process,-4.547436911535771,4.49693657219973,5.581031838614299,30293,65,1140,11,0.9649122807017544,0.2895249775013002,136|613|1524|4067|5293|6284|6814|7462|84868|90865|284021,ADORA2B|BCR|CX3CR1|LYN|PIK3CD|S100A13|STXBP3|LAT2|HAVCR2|IL33|MILR1,-2.64838595323792,0,15,0,0,-7.858714007852626,5.812801535087719,
1,-4.485382999009836,GO:0006887,M1,1,0,GO Biological Processes,19,exocytosis,19_GO:0051179 localization,-4.485382999009836,2.589722717811478,4.848186744127158,30293,236,1140,23,2.017543859649123,0.41642157992527234,136|613|2054|2214|4067|5293|5872|5874|6284|6810|6814|7462|8447|8938|9501|10972|11031|51760|85477|90139|94121|115827|284021,ADORA2B|BCR|STX2|FCGR3A|LYN|PIK3CD|RAB13|RAB27B|S100A13|STX4|STXBP3|LAT2|DOC2B|BAIAP3|RPH3AL|TMED10|RAB31|SYT17|SCIN|TSPAN18|SYTL4|RAB3C|MILR1,-2.6088662766951263,0,15,0,0,-7.858714007852626,5.812801535087719,
1,-4.187739702102951,GO:0002252,M1,1,0,GO Biological Processes,19,immune effector process,19_GO:0002376 immune system process,-4.187739702102951,2.035116511190449,4.409118897816545,30293,457,1140,35,3.0701754385964914,0.5109258594856301,136|430|613|712|713|714|716|718|975|1191|1512|1524|1675|2210|2214|3822|3936|4067|5052|5293|5580|6284|6814|7099|7248|7409|7462|7525|10417|10758|54518|84868|90865|196051|284021,ADORA2B|ASCL2|BCR|C1QA|C1QB|C1QC|C1S|C3|CD81|CLU|CTSH|CX3CR1|CFD|FCGR1BP|FCGR3A|KLRC2|LCP1|LYN|PRDX1|PIK3CD|PRKCD|S100A13|STXBP3|TLR4|TSC1|VAV1|LAT2|YES1|SPON2|TRAF3IP2|APBB1IP|HAVCR2|IL33|PLPP4|MILR1,-2.3940762855410602,0,15,0,0,-7.858714007852626,5.812801535087719,
1,-4.064609534754611,GO:0032418,M1,1,0,GO Biological Processes,19,lysosome localization,19_GO:0051179 localization,-4.064609534754611,4.356197871728501,5.188643223025862,30293,61,1140,10,0.8771929824561403,0.2761734623942493,136|4067|5293|6284|7462|26001|94121|118426|282991|284021,ADORA2B|LYN|PIK3CD|S100A13|LAT2|RNF167|SYTL4|BORCS5|BLOC1S2|MILR1,-2.305432043532034,0,15,0,0,-7.858714007852626,5.812801535087719,
1,-4.064609534754611,GO:1990849,M1,1,0,GO Biological Processes,19,vacuolar localization,19_GO:0051179 localization,-4.064609534754611,4.356197871728501,5.188643223025862,30293,61,1140,10,0.8771929824561403,0.2761734623942493,136|4067|5293|6284|7462|26001|94121|118426|282991|284021,ADORA2B|LYN|PIK3CD|S100A13|LAT2|RNF167|SYTL4|BORCS5|BLOC1S2|MILR1,-2.305432043532034,0,15,0,0,-7.858714007852626,5.812801535087719,
1,-3.959683346139266,GO:0045055,M1,1,0,GO Biological Processes,19,regulated exocytosis,19_GO:0051179 localization,-3.959683346139266,2.9525341130604286,4.644277847444753,30293,144,1140,16,1.4035087719298245,0.3484061960898092,136|613|2054|2214|4067|5293|6284|6814|7462|8447|10972|11031|51760|85477|90139|284021,ADORA2B|BCR|STX2|FCGR3A|LYN|PIK3CD|S100A13|STXBP3|LAT2|DOC2B|TMED10|RAB31|SYT17|SCIN|TSPAN18|MILR1,-2.220501097594755,0,15,0,0,-7.858714007852626,5.812801535087719,
1,-3.8106796060194688,GO:0002448,M1,1,0,GO Biological Processes,19,mast cell mediated immunity,19_GO:0002376 immune system process,-3.8106796060194688,5.812801535087719,5.386492728620457,30293,32,1140,7,0.6140350877192983,0.23136981425843328,136|4067|5293|6284|7462|10417|284021,ADORA2B|LYN|PIK3CD|S100A13|LAT2|SPON2|MILR1,-2.1059572727943587,0,15,0,0,-7.858714007852626,5.812801535087719,
1,-3.198722612452459,GO:0002279,M1,1,0,GO Biological Processes,19,mast cell activation involved in immune response,19_GO:0002376 immune system process,-3.198722612452459,5.497822141560799,4.791956712626104,30293,29,1140,6,0.5263157894736842,0.21430133448577773,136|4067|5293|6284|7462|284021,ADORA2B|LYN|PIK3CD|S100A13|LAT2|MILR1,-1.6773420319229684,0,15,0,0,-7.858714007852626,5.812801535087719,
1,-3.198722612452459,GO:0043303,M1,1,0,GO Biological Processes,19,mast cell degranulation,19_GO:0002376 immune system process,-3.198722612452459,5.497822141560799,4.791956712626104,30293,29,1140,6,0.5263157894736842,0.21430133448577773,136|4067|5293|6284|7462|284021,ADORA2B|LYN|PIK3CD|S100A13|LAT2|MILR1,-1.6773420319229684,0,15,0,0,-7.858714007852626,5.812801535087719,
1,-3.146175925648094,GO:0002443,M1,1,0,GO Biological Processes,19,leukocyte mediated immunity,19_GO:0002376 immune system process,-3.146175925648094,2.1002562247543257,3.7294088651741775,30293,291,1140,23,2.017543859649123,0.41642157992527234,136|613|712|713|714|716|718|975|1191|1512|2210|2214|3822|4067|5052|5293|5580|6284|6814|7462|10417|10758|284021,ADORA2B|BCR|C1QA|C1QB|C1QC|C1S|C3|CD81|CLU|CTSH|FCGR1BP|FCGR3A|KLRC2|LYN|PRDX1|PIK3CD|PRKCD|S100A13|STXBP3|LAT2|SPON2|TRAF3IP2|MILR1,-1.640336044467926,0,15,0,0,-7.858714007852626,5.812801535087719,
1,-2.8867205716402697,GO:0045576,M1,1,0,GO Biological Processes,19,mast cell activation,19_GO:0002376 immune system process,-2.8867205716402697,4.831419457735247,4.354687372214433,30293,33,1140,6,0.5263157894736842,0.21430133448577773,136|4067|5293|6284|7462|284021,ADORA2B|LYN|PIK3CD|S100A13|LAT2|MILR1,-1.4448406887961271,0,15,0,0,-7.858714007852626,5.812801535087719,
1,-2.854829345746603,GO:0002366,M1,1,0,GO Biological Processes,19,leukocyte activation involved in immune response,19_GO:0002376 immune system process,-2.854829345746603,2.2815036328194225,3.5775032452859437,30293,198,1140,17,1.4912280701754386,0.3589690963831384,136|430|613|1524|2214|3936|4067|5293|6284|6814|7099|7248|7462|54518|84868|90865|284021,ADORA2B|ASCL2|BCR|CX3CR1|FCGR3A|LCP1|LYN|PIK3CD|S100A13|STXBP3|TLR4|TSC1|LAT2|APBB1IP|HAVCR2|IL33|MILR1,-1.4185021620560656,0,15,0,0,-7.858714007852626,5.812801535087719,
1,-2.7613539135728007,GO:0002263,M1,1,0,GO Biological Processes,19,cell activation involved in immune response,19_GO:0002376 immune system process,-2.7613539135728007,2.236325343060622,3.486301314219234,30293,202,1140,17,1.4912280701754386,0.3589690963831384,136|430|613|1524|2214|3936|4067|5293|6284|6814|7099|7248|7462|54518|84868|90865|284021,ADORA2B|ASCL2|BCR|CX3CR1|FCGR3A|LCP1|LYN|PIK3CD|S100A13|STXBP3|TLR4|TSC1|LAT2|APBB1IP|HAVCR2|IL33|MILR1,-1.3502879781428776,0,15,0,0,-7.858714007852626,5.812801535087719,
1,-7.83268794118757,GO:0010817,M1,1,0,GO Biological Processes,19,regulation of hormone levels,19_GO:0065007 biological regulation,-7.83268794118757,2.4157097288676233,6.557989141842459,30293,539,1140,49,4.298245614035087,0.6006937845911474,240|358|590|952|1109|1363|1645|1717|1910|2550|2697|2746|3028|3741|3784|4067|4087|5028|5125|5156|5947|5950|6422|6567|6664|6720|6810|6814|8111|8447|8630|8644|8673|8912|8938|9501|10170|10901|25976|51083|51092|51478|54361|55636|59342|83539|94121|114899|100507043,ALOX5|AQP1|BCHE|CD38|AKR1C4|CPE|AKR1C1|DHCR7|EDNRB|GABBR1|GJA1|GLUD1|HSD17B10|KCNA5|KCNQ1|LYN|SMAD2|P2RY1|PCSK5|PDGFRA|RBP1|RBP4|SFRP1|SLC16A2|SOX11|SREBF1|STX4|STXBP3|GPR68|DOC2B|HSD17B6|AKR1C3|VAMP8|CACNA1H|BAIAP3|RPH3AL|DHRS9|DHRS4|TIPARP|GAL|SIDT2|HSD17B7|WNT4|CHD7|SCPEP1|CHST9|SYTL4|C1QTNF3|TUNAR,-5.173723098523134,0,16,1,1,-7.83268794118757,5.497822141560799,
1,-4.966990675711592,GO:0042445,M1,1,0,GO Biological Processes,19,hormone metabolic process,19_GO:0008152 metabolic process,-4.966990675711592,2.8517158750534874,5.260528691256862,30293,205,1140,22,1.9298245614035088,0.407450603294495,590|1109|1363|1645|1717|1910|3028|5125|5156|5947|5950|6567|8630|8644|8912|10170|10901|25976|51478|54361|59342|83539,BCHE|AKR1C4|CPE|AKR1C1|DHCR7|EDNRB|HSD17B10|PCSK5|PDGFRA|RBP1|RBP4|SLC16A2|HSD17B6|AKR1C3|CACNA1H|DHRS9|DHRS4|TIPARP|HSD17B7|WNT4|SCPEP1|CHST9,-2.910085824375119,0,16,0,0,-7.83268794118757,5.497822141560799,
1,-3.198722612452459,GO:0008209,M1,1,0,GO Biological Processes,19,androgen metabolic process,19_GO:0008152 metabolic process,-3.198722612452459,5.497822141560799,4.791956712626104,30293,29,1140,6,0.5263157894736842,0.21430133448577773,1109|3028|8630|10170|25976|51478,AKR1C4|HSD17B10|HSD17B6|DHRS9|TIPARP|HSD17B7,-1.6773420319229684,0,16,0,0,-7.83268794118757,5.497822141560799,
1,-7.697537542032819,GO:0035239,M1,1,0,GO Biological Processes,19,tube morphogenesis,19_GO:0032502 developmental process,-7.697537542032819,2.220894428152493,6.377031105125378,30293,682,1140,57,5.0,0.6454972243679028,71|187|348|655|677|780|1512|1901|1948|2247|2535|2697|2752|3162|3949|4087|5154|5156|5396|5727|6091|6299|6422|6444|6464|6662|6664|7045|7101|7248|7474|7477|7852|8321|8829|8862|9289|10413|10519|23251|25976|30008|51129|54361|55083|55366|55636|56005|57216|57381|58504|147372|161742|221074|221395|284217|388585,ACTG1|APLNR|APOE|BMP7|ZFP36L1|DDR1|CTSH|S1PR1|EFNB2|FGF2|FZD2|GJA1|GLUL|HMOX1|LDLR|SMAD2|PDGFA|PDGFRA|PRRX1|PTCH1|ROBO1|SALL1|SFRP1|SGCD|SHC1|SOX9|SOX11|TGFBI|NR2E1|TSC1|WNT5A|WNT7B|CXCR4|FZD1|NRP1|APLN|ADGRG1|YAP1|CIB1|MINAR1|TIPARP|EFEMP2|ANGPTL4|WNT4|KIF26B|LGR4|CHD7|MYDGF|VANGL2|RHOJ|ARHGAP22|CCBE1|SPRED1|SLC39A12|ADGRF5|LAMA1|HES5,-5.068278517153547,0,17,1,1,-7.697537542032819,2.281192249765946,
1,-5.4868847509806145,GO:0048514,M1,1,0,GO Biological Processes,19,blood vessel morphogenesis,19_GO:0032502 developmental process,-5.4868847509806145,2.281192249765946,5.297467070721322,30293,431,1140,37,3.245614035087719,0.524845334815129,71|187|348|677|1901|1948|2247|2697|2752|3162|3949|5154|5156|5396|6091|6444|6464|7045|7101|7477|8829|8862|9289|10413|10519|23251|25976|30008|51129|55636|56005|57381|58504|147372|161742|221395|284217,ACTG1|APLNR|APOE|ZFP36L1|S1PR1|EFNB2|FGF2|GJA1|GLUL|HMOX1|LDLR|PDGFA|PDGFRA|PRRX1|ROBO1|SGCD|SHC1|TGFBI|NR2E1|WNT7B|NRP1|APLN|ADGRG1|YAP1|CIB1|MINAR1|TIPARP|EFEMP2|ANGPTL4|CHD7|MYDGF|RHOJ|ARHGAP22|CCBE1|SPRED1|ADGRF5|LAMA1,-3.296177702704537,0,17,0,0,-7.697537542032819,2.281192249765946,
1,-4.976615248603962,GO:0001568,M1,1,0,GO Biological Processes,19,blood vessel development,19_GO:0032502 developmental process,-4.976615248603962,2.0712644253218597,4.90113646329132,30293,526,1140,41,3.5964912280701755,0.5514847373096254,71|187|348|358|677|1901|1948|2247|2697|2752|3162|3949|5080|5154|5156|5396|6091|6444|6464|7045|7101|7477|8613|8829|8862|9289|10413|10519|23251|25976|30008|50814|51129|55636|56005|57381|58504|147372|161742|221395|284217,ACTG1|APLNR|APOE|AQP1|ZFP36L1|S1PR1|EFNB2|FGF2|GJA1|GLUL|HMOX1|LDLR|PAX6|PDGFA|PDGFRA|PRRX1|ROBO1|SGCD|SHC1|TGFBI|NR2E1|WNT7B|PLPP3|NRP1|APLN|ADGRG1|YAP1|CIB1|MINAR1|TIPARP|EFEMP2|NSDHL|ANGPTL4|CHD7|MYDGF|RHOJ|ARHGAP22|CCBE1|SPRED1|ADGRF5|LAMA1,-2.916407761717404,0,17,0,0,-7.697537542032819,2.281192249765946,
1,-4.944002992378899,GO:0001944,M1,1,0,GO Biological Processes,19,vasculature development,19_GO:0032502 developmental process,-4.944002992378899,2.044062078272604,4.868283151579019,30293,546,1140,42,3.6842105263157894,0.5579156427379696,71|187|348|358|677|1901|1948|2247|2697|2752|3162|3949|5080|5154|5156|5396|6091|6094|6444|6464|7045|7101|7477|8613|8829|8862|9289|10413|10519|23251|25976|30008|50814|51129|55636|56005|57381|58504|147372|161742|221395|284217,ACTG1|APLNR|APOE|AQP1|ZFP36L1|S1PR1|EFNB2|FGF2|GJA1|GLUL|HMOX1|LDLR|PAX6|PDGFA|PDGFRA|PRRX1|ROBO1|ROM1|SGCD|SHC1|TGFBI|NR2E1|WNT7B|PLPP3|NRP1|APLN|ADGRG1|YAP1|CIB1|MINAR1|TIPARP|EFEMP2|NSDHL|ANGPTL4|CHD7|MYDGF|RHOJ|ARHGAP22|CCBE1|SPRED1|ADGRF5|LAMA1,-2.9058166538240404,0,17,0,0,-7.697537542032819,2.281192249765946,
1,-2.31453772454916,GO:0001525,M1,1,0,GO Biological Processes,19,angiogenesis,19_GO:0032502 developmental process,-2.31453772454916,1.8082087615488425,2.954758670983644,30293,338,1140,23,2.017543859649123,0.41642157992527234,71|187|1901|1948|2247|2752|3162|5154|5156|6091|6464|7045|7101|8829|8862|9289|10519|23251|51129|56005|57381|58504|147372,ACTG1|APLNR|S1PR1|EFNB2|FGF2|GLUL|HMOX1|PDGFA|PDGFRA|ROBO1|SHC1|TGFBI|NR2E1|NRP1|APLN|ADGRG1|CIB1|MINAR1|ANGPTL4|MYDGF|RHOJ|ARHGAP22|CCBE1,-1.0274799608077516,0,17,0,0,-7.697537542032819,2.281192249765946,
1,-7.572193552627544,GO:0060322,M1,1,0,GO Biological Processes,19,head development,19_GO:0032502 developmental process,-7.572193552627544,2.1203526835105784,6.256209605626999,30293,777,1140,62,5.43859649122807,0.6716576230258834,190|238|358|493|613|655|869|1272|1524|1767|1901|2247|2662|2746|3400|4129|4983|5021|5080|5156|5361|5727|6091|6299|6657|6658|6662|6664|6751|6814|7101|7248|7280|7314|7474|7477|7545|7852|8321|8704|8829|9289|11166|23114|23657|25911|25976|26227|54361|54541|55636|56934|63827|66000|79971|81624|84750|266727|340719|347733|347902|388585,NR0B1|ALK|AQP1|ATP2B4|BCR|BMP7|CBLN1|CNTN1|CX3CR1|DNAH5|S1PR1|FGF2|GDF10|GLUD1|ID4|MAOB|OPHN1|OXTR|PAX6|PDGFRA|PLXNA1|PTCH1|ROBO1|SALL1|SOX2|SOX3|SOX9|SOX11|SSTR1|STXBP3|NR2E1|TSC1|TUBB2A|UBB|WNT5A|WNT7B|ZIC1|CXCR4|FZD1|B4GALT2|NRP1|ADGRG1|SOX21|NFASC|SLC7A11|DPCD|TIPARP|PHGDH|WNT4|DDIT4|CHD7|CA10|BCAN|TMEM108|WLS|DIAPH3|FUT10|MDGA1|NANOS1|TUBB2B|AMIGO2|HES5,-4.974498366702032,0,18,1,1,-7.572193552627544,2.7635719298245616,
1,-7.119763396280631,GO:0007420,M1,1,0,GO Biological Processes,19,brain development,19_GO:0032502 developmental process,-7.119763396280631,2.1199763507806653,6.044418760529049,30293,727,1140,58,5.087719298245614,0.6508341760446644,190|238|358|493|613|655|869|1272|1524|1767|1901|2247|2662|2746|3400|4129|4983|5021|5080|5361|5727|6091|6299|6657|6658|6664|6751|6814|7101|7248|7280|7314|7474|7477|7545|7852|8321|8704|8829|9289|11166|23114|23657|25911|26227|54361|54541|55636|56934|63827|66000|79971|84750|266727|340719|347733|347902|388585,NR0B1|ALK|AQP1|ATP2B4|BCR|BMP7|CBLN1|CNTN1|CX3CR1|DNAH5|S1PR1|FGF2|GDF10|GLUD1|ID4|MAOB|OPHN1|OXTR|PAX6|PLXNA1|PTCH1|ROBO1|SALL1|SOX2|SOX3|SOX11|SSTR1|STXBP3|NR2E1|TSC1|TUBB2A|UBB|WNT5A|WNT7B|ZIC1|CXCR4|FZD1|B4GALT2|NRP1|ADGRG1|SOX21|NFASC|SLC7A11|DPCD|PHGDH|WNT4|DDIT4|CHD7|CA10|BCAN|TMEM108|WLS|FUT10|MDGA1|NANOS1|TUBB2B|AMIGO2|HES5,-4.606313718028593,0,18,0,0,-7.572193552627544,2.7635719298245616,
1,-5.651408463876347,GO:0030900,M1,1,0,GO Biological Processes,19,forebrain development,19_GO:0032502 developmental process,-5.651408463876347,2.3504202767360662,5.42384203170894,30293,407,1140,36,3.1578947368421053,0.5179388761227809,190|238|358|493|1767|2247|3400|4983|5021|5080|5361|6091|6299|6657|6658|6751|7101|7248|7280|7314|7474|7477|7545|7852|8829|9289|23657|25911|54361|55636|63827|66000|84750|266727|347733|388585,NR0B1|ALK|AQP1|ATP2B4|DNAH5|FGF2|ID4|OPHN1|OXTR|PAX6|PLXNA1|ROBO1|SALL1|SOX2|SOX3|SSTR1|NR2E1|TSC1|TUBB2A|UBB|WNT5A|WNT7B|ZIC1|CXCR4|NRP1|ADGRG1|SLC7A11|DPCD|WNT4|CHD7|BCAN|TMEM108|FUT10|MDGA1|TUBB2B|HES5,-3.3982089673959064,0,18,0,0,-7.572193552627544,2.7635719298245616,
1,-4.314237397533195,GO:0021537,M1,1,0,GO Biological Processes,19,telencephalon development,19_GO:0032502 developmental process,-4.314237397533195,2.415709728867624,4.663634004817498,30293,275,1140,25,2.192982456140351,0.4337606599742675,238|358|493|1767|3400|5021|5080|6091|6299|7101|7248|7280|7474|7545|7852|9289|23657|25911|55636|63827|66000|84750|266727|347733|388585,ALK|AQP1|ATP2B4|DNAH5|ID4|OXTR|PAX6|ROBO1|SALL1|NR2E1|TSC1|TUBB2A|WNT5A|ZIC1|CXCR4|ADGRG1|SLC7A11|DPCD|CHD7|BCAN|TMEM108|FUT10|MDGA1|TUBB2B|HES5,-2.4927844721839953,0,18,0,0,-7.572193552627544,2.7635719298245616,
1,-3.0541483596827654,GO:0021761,M1,1,0,GO Biological Processes,19,limbic system development,19_GO:0032502 developmental process,-3.0541483596827654,2.7635719298245616,3.907056556854507,30293,125,1140,13,1.1403508771929824,0.31446792656606076,190|238|493|3400|5361|6658|7101|7248|7314|7545|8829|63827|66000,NR0B1|ALK|ATP2B4|ID4|PLXNA1|SOX3|NR2E1|TSC1|UBB|ZIC1|NRP1|BCAN|TMEM108,-1.5686346799078033,0,18,0,0,-7.572193552627544,2.7635719298245616,
1,-2.224836762154215,GO:0021543,M1,1,0,GO Biological Processes,19,pallium development,19_GO:0032502 developmental process,-2.224836762154215,2.086869661063654,2.979691124608844,30293,191,1140,15,1.3157894736842106,0.3374928789753796,238|493|3400|5080|6091|7101|7248|7280|7545|9289|63827|66000|84750|266727|347733,ALK|ATP2B4|ID4|PAX6|ROBO1|NR2E1|TSC1|TUBB2A|ZIC1|ADGRG1|BCAN|TMEM108|FUT10|MDGA1|TUBB2B,-0.9700073373976296,0,18,0,0,-7.572193552627544,2.7635719298245616,
1,-7.46256170284572,GO:0002683,M1,1,0,GO Biological Processes,19,negative regulation of immune system process,19_GO:0002376 immune system process,-7.46256170284572,2.4017729419703104,6.375919412225301,30293,520,1140,47,4.12280701754386,0.5888460049861405,2|430|613|714|865|968|1050|1452|1524|2840|3149|3162|3821|3949|4067|5788|5987|6422|6441|6662|6664|7098|7099|7130|7430|7525|7805|7940|8111|8451|11006|28959|29085|51083|53342|54625|55365|55366|79626|79651|84868|90865|92196|151176|221395|284021|654346,A2M|ASCL2|BCR|C1QC|CBFB|CD68|CEBPA|CSNK1A1|CX3CR1|GPR17|HMGB3|HMOX1|KLRC1|LDLR|LYN|PTPRC|TRIM27|SFRP1|SFTPD|SOX9|SOX11|TLR3|TLR4|TNFAIP6|EZR|YES1|LAPTM5|LST1|GPR68|CUL4A|LILRB4|TMEM176B|PHPT1|GAL|IL17D|PARP14|TMEM176A|LGR4|TNFAIP8L2|RHBDF2|HAVCR2|IL33|DAPL1|ERFE|ADGRF5|MILR1|LGALS9C,-4.876147527329897,0,19,1,1,-7.46256170284572,2.842672378620971,
1,-5.140470602083983,GO:0050866,M1,1,0,GO Biological Processes,19,negative regulation of cell activation,19_GO:0048519 negative regulation of biological process,-5.140470602083983,2.842672378620971,5.36188693388196,30293,215,1140,23,2.017543859649123,0.41642157992527234,348|430|865|3149|3949|4067|5154|5156|5580|5788|6422|6441|6664|7805|7940|11006|51083|79626|84868|92196|221395|284021|654346,APOE|ASCL2|CBFB|HMGB3|LDLR|LYN|PDGFA|PDGFRA|PRKCD|PTPRC|SFRP1|SFTPD|SOX11|LAPTM5|LST1|LILRB4|GAL|TNFAIP8L2|HAVCR2|DAPL1|ADGRF5|MILR1|LGALS9C,-3.027449808768579,0,19,0,0,-7.46256170284572,2.842672378620971,
1,-3.901075637053075,GO:0002695,M1,1,0,GO Biological Processes,19,negative regulation of leukocyte activation,19_GO:0002376 immune system process,-3.901075637053075,2.6296006944444446,4.479361644887209,30293,192,1140,19,1.6666666666666667,0.3791598386378328,430|865|3149|3949|4067|5788|6422|6441|6664|7805|7940|11006|51083|79626|84868|92196|221395|284021|654346,ASCL2|CBFB|HMGB3|LDLR|LYN|PTPRC|SFRP1|SFTPD|SOX11|LAPTM5|LST1|LILRB4|GAL|TNFAIP8L2|HAVCR2|DAPL1|ADGRF5|MILR1|LGALS9C,-2.1784417145192627,0,19,0,0,-7.46256170284572,2.842672378620971,
1,-2.8026969591906417,GO:0051250,M1,1,0,GO Biological Processes,19,negative regulation of lymphocyte activation,19_GO:0002376 immune system process,-2.8026969591906417,2.4011572606214333,3.579626836443817,30293,166,1140,15,1.3157894736842106,0.3374928789753796,430|865|3149|4067|6422|6441|6664|7805|7940|11006|51083|79626|84868|92196|654346,ASCL2|CBFB|HMGB3|LYN|SFRP1|SFTPD|SOX11|LAPTM5|LST1|LILRB4|GAL|TNFAIP8L2|HAVCR2|DAPL1|LGALS9C,-1.3803304430433903,0,19,0,0,-7.46256170284572,2.842672378620971,
1,-2.415458019189326,GO:0070664,M1,1,0,GO Biological Processes,19,negative regulation of leukocyte proliferation,19_GO:0048519 negative regulation of biological process,-2.415458019189326,2.7115109201575365,3.3558301282132748,30293,98,1140,10,0.8771929824561403,0.2761734623942493,2950|4067|6441|6664|7940|11006|51083|84868|90865|654346,GSTP1|LYN|SFTPD|SOX11|LST1|LILRB4|GAL|HAVCR2|IL33|LGALS9C,-1.1036752965630738,0,19,0,0,-7.46256170284572,2.842672378620971,
1,-7.124888347084388,GO:0045785,M1,1,0,GO Biological Processes,19,positive regulation of cell adhesion,19_GO:0048518 positive regulation of biological process,-7.124888347084388,2.420711198285569,6.224051169603457,30293,483,1140,44,3.8596491228070176,0.5705245515955123,199|240|288|655|865|923|975|1307|1948|3109|3689|3987|4067|4651|4860|5588|5788|6239|6251|6422|6657|6810|7248|7409|7474|7525|8613|8631|8829|9289|9308|9780|10519|10979|11006|30008|54361|54518|55083|55612|64926|84868|151887|284217,AIF1|ALOX5|ANK3|BMP7|CBFB|CD6|CD81|COL16A1|EFNB2|HLA-DMB|ITGB2|LIMS1|LYN|MYO10|PNP|PRKCQ|PTPRC|RREB1|RSU1|SFRP1|SOX2|STX4|TSC1|VAV1|WNT5A|YES1|PLPP3|SKAP1|NRP1|ADGRG1|CD83|PIEZO1|CIB1|FERMT2|LILRB4|EFEMP2|WNT4|APBB1IP|KIF26B|FERMT1|RASAL3|HAVCR2|CCDC80|LAMA1,-4.606313718028593,0,20,1,1,-7.124888347084388,3.7078335373317017,
1,-5.835897250308877,GO:0050865,M1,1,0,GO Biological Processes,19,regulation of cell activation,19_GO:0032501 multicellular organismal process,-5.835897250308877,2.0733559615599506,5.37497182073475,30293,628,1140,49,4.298245614035087,0.6006937845911474,199|348|430|677|678|865|923|952|975|1050|1948|2214|3109|3149|3821|3822|3823|3949|4004|4067|4860|5154|5156|5580|5588|5788|6422|6441|6655|6664|7099|7409|7474|7525|7805|7940|9308|11006|30011|51083|57630|64926|79626|84868|90865|92196|221395|284021|654346,AIF1|APOE|ASCL2|ZFP36L1|ZFP36L2|CBFB|CD6|CD38|CD81|CEBPA|EFNB2|FCGR3A|HLA-DMB|HMGB3|KLRC1|KLRC2|KLRC3|LDLR|LMO1|LYN|PNP|PDGFA|PDGFRA|PRKCD|PRKCQ|PTPRC|SFRP1|SFTPD|SOS2|SOX11|TLR4|VAV1|WNT5A|YES1|LAPTM5|LST1|CD83|LILRB4|SH3KBP1|GAL|SH3RF1|RASAL3|TNFAIP8L2|HAVCR2|IL33|DAPL1|ADGRF5|MILR1|LGALS9C,-3.5449091929390364,0,20,0,0,-7.124888347084388,3.7078335373317017,
1,-5.524547377449123,GO:0002694,M1,1,0,GO Biological Processes,19,regulation of leukocyte activation,19_GO:0002376 immune system process,-5.524547377449123,2.094179187021845,5.219660570888031,30293,571,1140,45,3.9473684210526314,0.5767080843967279,199|430|677|678|865|923|952|975|1050|1948|2214|3109|3149|3821|3822|3823|3949|4004|4067|4860|5588|5788|6422|6441|6655|6664|7099|7409|7474|7525|7805|7940|9308|11006|30011|51083|57630|64926|79626|84868|90865|92196|221395|284021|654346,AIF1|ASCL2|ZFP36L1|ZFP36L2|CBFB|CD6|CD38|CD81|CEBPA|EFNB2|FCGR3A|HLA-DMB|HMGB3|KLRC1|KLRC2|KLRC3|LDLR|LMO1|LYN|PNP|PRKCQ|PTPRC|SFRP1|SFTPD|SOS2|SOX11|TLR4|VAV1|WNT5A|YES1|LAPTM5|LST1|CD83|LILRB4|SH3KBP1|GAL|SH3RF1|RASAL3|TNFAIP8L2|HAVCR2|IL33|DAPL1|ADGRF5|MILR1|LGALS9C,-3.324792200195648,0,20,0,0,-7.124888347084388,3.7078335373317017,
1,-5.452478902417331,GO:0070663,M1,1,0,GO Biological Processes,19,regulation of leukocyte proliferation,19_GO:0050789 regulation of biological process,-5.452478902417331,2.687137788290952,5.4756063287998415,30293,267,1140,27,2.3684210526315788,0.45037283480897017,199|923|952|975|1438|2214|2950|3109|4004|4067|4860|5588|5788|6441|6480|6655|6664|7099|7940|11006|51083|57630|64926|84868|90865|146433|654346,AIF1|CD6|CD38|CD81|CSF2RA|FCGR3A|GSTP1|HLA-DMB|LMO1|LYN|PNP|PRKCQ|PTPRC|SFTPD|ST6GAL1|SOS2|SOX11|TLR4|LST1|LILRB4|GAL|SH3RF1|RASAL3|HAVCR2|IL33|IL34|LGALS9C,-3.2706353144725586,0,20,0,0,-7.124888347084388,3.7078335373317017,
1,-4.6746304094612405,GO:0051249,M1,1,0,GO Biological Processes,19,regulation of lymphocyte activation,19_GO:0002376 immune system process,-4.6746304094612405,2.0521573736321,4.7149869279881305,30293,505,1140,39,3.4210526315789473,0.5383549194926929,199|430|677|678|865|923|952|975|1948|2214|3109|3149|3821|3822|3823|4004|4067|4860|5588|5788|6422|6441|6655|6664|7099|7409|7525|7805|7940|9308|11006|30011|51083|57630|64926|79626|84868|92196|654346,AIF1|ASCL2|ZFP36L1|ZFP36L2|CBFB|CD6|CD38|CD81|EFNB2|FCGR3A|HLA-DMB|HMGB3|KLRC1|KLRC2|KLRC3|LMO1|LYN|PNP|PRKCQ|PTPRC|SFRP1|SFTPD|SOS2|SOX11|TLR4|VAV1|YES1|LAPTM5|LST1|CD83|LILRB4|SH3KBP1|GAL|SH3RF1|RASAL3|TNFAIP8L2|HAVCR2|DAPL1|LGALS9C,-2.732680073826467,0,20,0,0,-7.124888347084388,3.7078335373317017,
1,-4.3428357000019595,GO:0032944,M1,1,0,GO Biological Processes,19,regulation of mononuclear cell proliferation,19_GO:0050789 regulation of biological process,-4.3428357000019595,2.5359940307199533,4.734085884867271,30293,241,1140,23,2.017543859649123,0.41642157992527234,199|923|952|975|2214|3109|4004|4067|4860|5588|5788|6441|6480|6655|6664|7099|7940|11006|51083|57630|64926|84868|654346,AIF1|CD6|CD38|CD81|FCGR3A|HLA-DMB|LMO1|LYN|PNP|PRKCQ|PTPRC|SFTPD|ST6GAL1|SOS2|SOX11|TLR4|LST1|LILRB4|GAL|SH3RF1|RASAL3|HAVCR2|LGALS9C,-2.515038562101241,0,20,0,0,-7.124888347084388,3.7078335373317017,
1,-4.188939748564001,GO:0022407,M1,1,0,GO Biological Processes,19,regulation of cell-cell adhesion,19_GO:0050789 regulation of biological process,-4.188939748564001,1.9902709709496411,4.388250904491718,30293,494,1140,37,3.245614035087719,0.524845334815129,199|240|288|430|445|655|865|923|975|1948|3109|3689|4067|4651|4860|5580|5588|5788|6441|6657|7409|7474|7525|7805|8613|8631|9308|9780|11006|54361|55083|64926|79626|84868|92196|266727|654346,AIF1|ALOX5|ANK3|ASCL2|ASS1|BMP7|CBFB|CD6|CD81|EFNB2|HLA-DMB|ITGB2|LYN|MYO10|PNP|PRKCD|PRKCQ|PTPRC|SFTPD|SOX2|VAV1|WNT5A|YES1|LAPTM5|PLPP3|SKAP1|CD83|PIEZO1|LILRB4|WNT4|KIF26B|RASAL3|TNFAIP8L2|HAVCR2|DAPL1|MDGA1|LGALS9C,-2.3940762855410602,0,20,0,0,-7.124888347084388,3.7078335373317017,
1,-4.003682681588988,GO:0050670,M1,1,0,GO Biological Processes,19,regulation of lymphocyte proliferation,19_GO:0002376 immune system process,-4.003682681588988,2.4666740691390925,4.482465639172642,30293,237,1140,22,1.9298245614035088,0.407450603294495,199|923|952|975|2214|3109|4004|4067|4860|5588|5788|6441|6655|6664|7099|7940|11006|51083|57630|64926|84868|654346,AIF1|CD6|CD38|CD81|FCGR3A|HLA-DMB|LMO1|LYN|PNP|PRKCQ|PTPRC|SFTPD|SOS2|SOX11|TLR4|LST1|LILRB4|GAL|SH3RF1|RASAL3|HAVCR2|LGALS9C,-2.251085535677733,0,20,0,0,-7.124888347084388,3.7078335373317017,
1,-3.9835477109296975,GO:0022409,M1,1,0,GO Biological Processes,19,positive regulation of cell-cell adhesion,19_GO:0048518 positive regulation of biological process,-3.9835477109296975,2.221256314160013,4.363545262966047,30293,323,1140,27,2.3684210526315788,0.45037283480897017,199|240|288|655|865|923|975|1948|3109|3689|4067|4651|4860|5588|5788|6657|7409|7474|7525|8613|8631|9308|9780|11006|55083|64926|84868,AIF1|ALOX5|ANK3|BMP7|CBFB|CD6|CD81|EFNB2|HLA-DMB|ITGB2|LYN|MYO10|PNP|PRKCQ|PTPRC|SOX2|VAV1|WNT5A|YES1|PLPP3|SKAP1|CD83|PIEZO1|LILRB4|KIF26B|RASAL3|HAVCR2,-2.2390382192617806,0,20,0,0,-7.124888347084388,3.7078335373317017,
1,-3.3117009561946085,GO:0070665,M1,1,0,GO Biological Processes,19,positive regulation of leukocyte proliferation,19_GO:0048518 positive regulation of biological process,-3.3117009561946085,2.5924689773213516,4.04366640034979,30293,164,1140,16,1.4035087719298245,0.3484061960898092,199|923|952|975|1438|2214|3109|4067|4860|5588|5788|6480|7099|64926|84868|146433,AIF1|CD6|CD38|CD81|CSF2RA|FCGR3A|HLA-DMB|LYN|PNP|PRKCQ|PTPRC|ST6GAL1|TLR4|RASAL3|HAVCR2|IL34,-1.7574714640501865,0,20,0,0,-7.124888347084388,3.7078335373317017,
1,-2.9414835031790822,GO:0046634,M1,1,0,GO Biological Processes,19,regulation of alpha-beta T cell activation,19_GO:0002376 immune system process,-2.9414835031790822,2.8218910107126223,3.8368672232321437,30293,113,1140,12,1.0526315789473684,0.3022650235027283,430|865|975|4860|5588|5788|9308|11006|57630|64926|92196|654346,ASCL2|CBFB|CD81|PNP|PRKCQ|PTPRC|CD83|LILRB4|SH3RF1|RASAL3|DAPL1|LGALS9C,-1.4833360076204865,0,20,0,0,-7.124888347084388,3.7078335373317017,
1,-2.574116428328357,GO:1903037,M1,1,0,GO Biological Processes,19,regulation of leukocyte cell-cell adhesion,19_GO:0050789 regulation of biological process,-2.574116428328357,1.818139427516159,3.173685654618551,30293,380,1140,26,2.280701754385965,0.4421524057977656,199|240|430|445|865|923|975|1948|3109|3689|4067|4860|5588|5788|6441|7409|7525|7805|8631|9308|11006|64926|79626|84868|92196|654346,AIF1|ALOX5|ASCL2|ASS1|CBFB|CD6|CD81|EFNB2|HLA-DMB|ITGB2|LYN|PNP|PRKCQ|PTPRC|SFTPD|VAV1|YES1|LAPTM5|SKAP1|CD83|LILRB4|RASAL3|TNFAIP8L2|HAVCR2|DAPL1|LGALS9C,-1.2168391052716747,0,20,0,0,-7.124888347084388,3.7078335373317017,
1,-2.4481247034036415,GO:0032946,M1,1,0,GO Biological Processes,19,positive regulation of mononuclear cell proliferation,19_GO:0048518 positive regulation of biological process,-2.4481247034036415,2.3660718577265083,3.2719201432295444,30293,146,1140,13,1.1403508771929824,0.31446792656606076,199|923|952|975|2214|3109|4860|5588|5788|6480|7099|64926|84868,AIF1|CD6|CD38|CD81|FCGR3A|HLA-DMB|PNP|PRKCQ|PTPRC|ST6GAL1|TLR4|RASAL3|HAVCR2,-1.1238092262456976,0,20,0,0,-7.124888347084388,3.7078335373317017,
1,-2.439747970507366,GO:0042129,M1,1,0,GO Biological Processes,19,regulation of T cell proliferation,19_GO:0002376 immune system process,-2.439747970507366,2.202166327420762,3.207811346684943,30293,181,1140,15,1.3157894736842106,0.3374928789753796,199|923|975|3109|4004|4860|5588|5788|6441|6655|11006|57630|64926|84868|654346,AIF1|CD6|CD81|HLA-DMB|LMO1|PNP|PRKCQ|PTPRC|SFTPD|SOS2|LILRB4|SH3RF1|RASAL3|HAVCR2|LGALS9C,-1.1189980783479263,0,20,0,0,-7.124888347084388,3.7078335373317017,
1,-2.327854284341368,GO:0046635,M1,1,0,GO Biological Processes,19,positive regulation of alpha-beta T cell activation,19_GO:0002376 immune system process,-2.327854284341368,3.0368922305764405,3.3738289423185615,30293,70,1140,8,0.7017543859649122,0.24723555672122605,865|975|4860|5588|5788|9308|11006|64926,CBFB|CD81|PNP|PRKCQ|PTPRC|CD83|LILRB4|RASAL3,-1.0385549957173708,0,20,0,0,-7.124888347084388,3.7078335373317017,
1,-2.2843561558649914,GO:0046640,M1,1,0,GO Biological Processes,19,regulation of alpha-beta T cell proliferation,19_GO:0002376 immune system process,-2.2843561558649914,3.7078335373317017,3.513729092997357,30293,43,1140,6,0.5263157894736842,0.21430133448577773,975|5588|5788|57630|64926|654346,CD81|PRKCQ|PTPRC|SH3RF1|RASAL3|LGALS9C,-1.0071484785190825,0,20,0,0,-7.124888347084388,3.7078335373317017,
1,-2.2808140232238165,GO:0050863,M1,1,0,GO Biological Processes,19,regulation of T cell activation,19_GO:0002376 immune system process,-2.2808140232238165,1.7482109879963068,2.902422740389139,30293,380,1140,25,2.192982456140351,0.4337606599742675,199|430|865|923|975|1948|3109|4004|4067|4860|5588|5788|6441|6655|7409|7525|7805|9308|11006|57630|64926|79626|84868|92196|654346,AIF1|ASCL2|CBFB|CD6|CD81|EFNB2|HLA-DMB|LMO1|LYN|PNP|PRKCQ|PTPRC|SFTPD|SOS2|VAV1|YES1|LAPTM5|CD83|LILRB4|SH3RF1|RASAL3|TNFAIP8L2|HAVCR2|DAPL1|LGALS9C,-1.0069677567657318,0,20,0,0,-7.124888347084388,3.7078335373317017,
1,-2.1001998260357153,GO:0050671,M1,1,0,GO Biological Processes,19,positive regulation of lymphocyte proliferation,19_GO:0002376 immune system process,-2.1001998260357153,2.229885903570114,2.915170481764099,30293,143,1140,12,1.0526315789473684,0.3022650235027283,199|923|952|975|2214|3109|4860|5588|5788|7099|64926|84868,AIF1|CD6|CD38|CD81|FCGR3A|HLA-DMB|PNP|PRKCQ|PTPRC|TLR4|RASAL3|HAVCR2,-0.8740585622893104,0,20,0,0,-7.124888347084388,3.7078335373317017,
1,-2.073912529960685,GO:1903039,M1,1,0,GO Biological Processes,19,positive regulation of leukocyte cell-cell adhesion,19_GO:0048518 positive regulation of biological process,-2.073912529960685,1.835939393939394,2.753753332373136,30293,275,1140,19,1.6666666666666667,0.3791598386378328,199|240|865|923|975|1948|3109|3689|4067|4860|5588|5788|7409|7525|8631|9308|11006|64926|84868,AIF1|ALOX5|CBFB|CD6|CD81|EFNB2|HLA-DMB|ITGB2|LYN|PNP|PRKCQ|PTPRC|VAV1|YES1|SKAP1|CD83|LILRB4|RASAL3|HAVCR2,-0.8565565627015509,0,20,0,0,-7.124888347084388,3.7078335373317017,
1,-6.833039337606116,GO:0043408,M1,1,0,GO Biological Processes,19,regulation of MAPK cascade,19_GO:0050896 response to stimulus,-6.833039337606116,2.1448902525371722,5.92147418990401,30293,669,1140,54,4.7368421052631575,0.6291504557429093,147|154|348|408|975|1796|2247|2261|2771|2950|4067|4504|4988|5028|5052|5154|5156|5245|5580|5788|6091|6464|6503|6609|6657|6764|7098|7099|7345|7430|7474|7477|7805|7936|8792|8829|10519|10979|11006|22881|23043|23286|23328|29969|54361|54550|56005|57630|81848|84868|146433|152007|161742|220164,ADRA1B|ADRB2|APOE|ARRB1|CD81|DOK1|FGF2|FGFR3|GNAI2|GSTP1|LYN|MT3|OPRM1|P2RY1|PRDX1|PDGFA|PDGFRA|PHB1|PRKCD|PTPRC|ROBO1|SHC1|SLA|SMPD1|SOX2|DENND2B|TLR3|TLR4|UCHL1|EZR|WNT5A|WNT7B|LAPTM5|NELFE|TNFRSF11A|NRP1|CIB1|FERMT2|LILRB4|ANKRD6|TNIK|WWC1|SASH1|MDFIC|WNT4|NECAB2|MYDGF|SH3RF1|SPRY4|HAVCR2|IL34|GLIPR2|SPRED1|DOK6,-4.354553728114176,0,21,1,1,-6.833039337606116,2.974567949725059,
1,-6.504855103738687,GO:0043410,M1,1,0,GO Biological Processes,19,positive regulation of MAPK cascade,19_GO:0048518 positive regulation of biological process,-6.504855103738687,2.3545525205418607,5.877779035340163,30293,474,1140,42,3.6842105263157894,0.5579156427379696,147|154|348|408|975|1796|2247|2261|2771|4504|4988|5028|5154|5156|5245|5788|6091|6464|6657|6764|7098|7099|7474|7477|7805|7936|8792|8829|10519|10979|22881|23043|23286|23328|54361|54550|56005|57630|84868|146433|152007|220164,ADRA1B|ADRB2|APOE|ARRB1|CD81|DOK1|FGF2|FGFR3|GNAI2|MT3|OPRM1|P2RY1|PDGFA|PDGFRA|PHB1|PTPRC|ROBO1|SHC1|SOX2|DENND2B|TLR3|TLR4|WNT5A|WNT7B|LAPTM5|NELFE|TNFRSF11A|NRP1|CIB1|FERMT2|ANKRD6|TNIK|WWC1|SASH1|WNT4|NECAB2|MYDGF|SH3RF1|HAVCR2|IL34|GLIPR2|DOK6,-4.119768010694618,0,21,0,0,-6.833039337606116,2.974567949725059,
1,-5.107043153888645,GO:0070374,M1,1,0,GO Biological Processes,19,positive regulation of ERK1 and ERK2 cascade,19_GO:0048518 positive regulation of biological process,-5.107043153888645,2.8295118583495773,5.336046676854174,30293,216,1140,23,2.017543859649123,0.41642157992527234,348|408|2247|2261|2771|4504|4988|5028|5154|5156|5245|5788|6464|6764|7099|7936|8792|8829|10519|10979|54550|84868|152007,APOE|ARRB1|FGF2|FGFR3|GNAI2|MT3|OPRM1|P2RY1|PDGFA|PDGFRA|PHB1|PTPRC|SHC1|DENND2B|TLR4|NELFE|TNFRSF11A|NRP1|CIB1|FERMT2|NECAB2|HAVCR2|GLIPR2,-3.0087456173939473,0,21,0,0,-6.833039337606116,2.974567949725059,
1,-4.8594507532241735,GO:0051338,M1,1,0,GO Biological Processes,19,regulation of transferase activity,19_GO:0065007 biological regulation,-4.8594507532241735,1.939319766808325,4.764596678903992,30293,644,1140,47,4.12280701754386,0.5888460049861405,154|238|348|493|780|1032|1050|1622|2247|2261|2950|4067|4504|5154|5156|5245|5569|5580|5588|5788|5920|5987|6091|6609|7013|7098|7099|7345|7474|8792|9077|10519|10715|10979|11006|23328|25937|29085|51191|51637|79618|81848|84062|133619|146433|151195|161742,ADRB2|ALK|APOE|ATP2B4|DDR1|CDKN2D|CEBPA|DBI|FGF2|FGFR3|GSTP1|LYN|MT3|PDGFA|PDGFRA|PHB1|PKIA|PRKCD|PRKCQ|PTPRC|PLAAT4|TRIM27|ROBO1|SMPD1|TERF1|TLR3|TLR4|UCHL1|WNT5A|TNFRSF11A|DIRAS3|CIB1|CERS1|FERMT2|LILRB4|SASH1|WWTR1|PHPT1|HERC5|RTRAF|HMBOX1|SPRY4|DTNBP1|PRRC1|IL34|CCNYL1|SPRED1,-2.837308008146913,0,21,0,0,-6.833039337606116,2.974567949725059,
1,-4.81355207394689,GO:0010562,M1,1,0,GO Biological Processes,19,positive regulation of phosphorus metabolic process,19_GO:0048518 positive regulation of biological process,-4.81355207394689,1.8872732256778313,4.710351705000159,30293,704,1140,50,4.385964912280702,0.6065142012600355,154|187|238|408|493|718|780|923|1524|1910|2023|2247|2261|2768|4067|4504|5028|5154|5156|5245|5580|5788|6091|6609|6662|7098|7099|7114|7474|7525|8321|8613|8792|8829|10519|10979|23043|23328|26137|54625|55022|55615|56005|84062|92597|121665|133619|146433|221395|388585,ADRB2|APLNR|ALK|ARRB1|ATP2B4|C3|DDR1|CD6|CX3CR1|EDNRB|ENO1|FGF2|FGFR3|GNA12|LYN|MT3|P2RY1|PDGFA|PDGFRA|PHB1|PRKCD|PTPRC|ROBO1|SMPD1|SOX9|TLR3|TLR4|TMSB4X|WNT5A|YES1|FZD1|PLPP3|TNFRSF11A|NRP1|CIB1|FERMT2|TNIK|SASH1|ZBTB20|PARP14|PID1|PRR5|MYDGF|DTNBP1|MOB1B|SPPL3|PRRC1|IL34|ADGRF5|HES5,-2.8121645504602486,0,21,0,0,-6.833039337606116,2.974567949725059,
1,-4.81355207394689,GO:0045937,M1,1,0,GO Biological Processes,19,positive regulation of phosphate metabolic process,19_GO:0048518 positive regulation of biological process,-4.81355207394689,1.8872732256778313,4.710351705000159,30293,704,1140,50,4.385964912280702,0.6065142012600355,154|187|238|408|493|718|780|923|1524|1910|2023|2247|2261|2768|4067|4504|5028|5154|5156|5245|5580|5788|6091|6609|6662|7098|7099|7114|7474|7525|8321|8613|8792|8829|10519|10979|23043|23328|26137|54625|55022|55615|56005|84062|92597|121665|133619|146433|221395|388585,ADRB2|APLNR|ALK|ARRB1|ATP2B4|C3|DDR1|CD6|CX3CR1|EDNRB|ENO1|FGF2|FGFR3|GNA12|LYN|MT3|P2RY1|PDGFA|PDGFRA|PHB1|PRKCD|PTPRC|ROBO1|SMPD1|SOX9|TLR3|TLR4|TMSB4X|WNT5A|YES1|FZD1|PLPP3|TNFRSF11A|NRP1|CIB1|FERMT2|TNIK|SASH1|ZBTB20|PARP14|PID1|PRR5|MYDGF|DTNBP1|MOB1B|SPPL3|PRRC1|IL34|ADGRF5|HES5,-2.8121645504602486,0,21,0,0,-6.833039337606116,2.974567949725059,
1,-4.442256891771891,GO:0043549,M1,1,0,GO Biological Processes,19,regulation of kinase activity,19_GO:0008152 metabolic process,-4.442256891771891,1.9830452998167059,4.540839240733302,30293,536,1140,40,3.508771929824561,0.5449655650854346,154|238|348|493|780|1032|1050|2247|2261|2950|4067|4504|5154|5156|5245|5569|5580|5788|5987|6091|6609|7098|7099|7345|7474|8792|9077|10519|10979|11006|23328|25937|51191|51637|81848|84062|133619|146433|151195|161742,ADRB2|ALK|APOE|ATP2B4|DDR1|CDKN2D|CEBPA|FGF2|FGFR3|GSTP1|LYN|MT3|PDGFA|PDGFRA|PHB1|PKIA|PRKCD|PTPRC|TRIM27|ROBO1|SMPD1|TLR3|TLR4|UCHL1|WNT5A|TNFRSF11A|DIRAS3|CIB1|FERMT2|LILRB4|SASH1|WWTR1|HERC5|RTRAF|SPRY4|DTNBP1|PRRC1|IL34|CCNYL1|SPRED1,-2.5840643256091043,0,21,0,0,-6.833039337606116,2.974567949725059,
1,-4.30883912403477,GO:0070372,M1,1,0,GO Biological Processes,19,regulation of ERK1 and ERK2 cascade,19_GO:0050896 response to stimulus,-4.30883912403477,2.3218957588145117,4.61855838130222,30293,309,1140,27,2.3684210526315788,0.45037283480897017,348|408|2247|2261|2771|2950|4067|4504|4988|5028|5154|5156|5245|5788|6464|6764|7099|7430|7936|8792|8829|10519|10979|54550|84868|152007|161742,APOE|ARRB1|FGF2|FGFR3|GNAI2|GSTP1|LYN|MT3|OPRM1|P2RY1|PDGFA|PDGFRA|PHB1|PTPRC|SHC1|DENND2B|TLR4|EZR|NELFE|TNFRSF11A|NRP1|CIB1|FERMT2|NECAB2|HAVCR2|GLIPR2|SPRED1,-2.489295188492901,0,21,0,0,-6.833039337606116,2.974567949725059,
1,-4.215173474432579,GO:0045859,M1,1,0,GO Biological Processes,19,regulation of protein kinase activity,19_GO:0008152 metabolic process,-4.215173474432579,2.0181878747501667,4.418199555562478,30293,474,1140,36,3.1578947368421053,0.5179388761227809,154|348|493|1032|1050|2247|2950|4067|4504|5154|5245|5569|5580|5788|5987|6091|6609|7098|7099|7345|7474|8792|9077|10519|10979|11006|23328|25937|51191|51637|81848|84062|133619|146433|151195|161742,ADRB2|APOE|ATP2B4|CDKN2D|CEBPA|FGF2|GSTP1|LYN|MT3|PDGFA|PHB1|PKIA|PRKCD|PTPRC|TRIM27|ROBO1|SMPD1|TLR3|TLR4|UCHL1|WNT5A|TNFRSF11A|DIRAS3|CIB1|FERMT2|LILRB4|SASH1|WWTR1|HERC5|RTRAF|SPRY4|DTNBP1|PRRC1|IL34|CCNYL1|SPRED1,-2.414271648946768,0,21,0,0,-6.833039337606116,2.974567949725059,
1,-3.9898027726911027,GO:0071900,M1,1,0,GO Biological Processes,19,regulation of protein serine/threonine kinase activity,19_GO:0008152 metabolic process,-3.9898027726911027,2.3533113225869102,4.425245039736302,30293,271,1140,24,2.1052631578947367,0.42518745383600876,154|348|493|1032|1050|2247|2950|4067|5154|5569|5580|6091|6609|7099|7345|7474|8792|9077|10519|10979|23328|51191|81848|146433,ADRB2|APOE|ATP2B4|CDKN2D|CEBPA|FGF2|GSTP1|LYN|PDGFA|PKIA|PRKCD|ROBO1|SMPD1|TLR4|UCHL1|WNT5A|TNFRSF11A|DIRAS3|CIB1|FERMT2|SASH1|HERC5|SPRY4|IL34,-2.2436877543077673,0,21,0,0,-6.833039337606116,2.974567949725059,
1,-3.7858578973565056,GO:0043405,M1,1,0,GO Biological Processes,19,regulation of MAP kinase activity,19_GO:0008152 metabolic process,-3.7858578973565056,2.974567949725059,4.529922661447587,30293,134,1140,15,1.3157894736842106,0.3374928789753796,348|2247|2950|4067|5154|5580|6091|6609|7099|7345|7474|8792|23328|81848|146433,APOE|FGF2|GSTP1|LYN|PDGFA|PRKCD|ROBO1|SMPD1|TLR4|UCHL1|WNT5A|TNFRSF11A|SASH1|SPRY4|IL34,-2.0875471648460984,0,21,0,0,-6.833039337606116,2.974567949725059,
1,-3.5985525354666708,GO:0031401,M1,1,0,GO Biological Processes,19,positive regulation of protein modification process,19_GO:0048518 positive regulation of biological process,-3.5985525354666708,1.6860918158340015,3.8589780783670267,30293,788,1140,50,4.385964912280702,0.6065142012600355,154|187|330|408|493|718|923|1524|1910|2247|2261|2768|4067|4504|5028|5154|5245|5580|5788|6091|6609|6662|7098|7099|7314|7474|7525|7805|7936|8321|8613|8792|8829|10519|10979|11170|23043|23328|26471|54625|55615|56005|59343|84062|84259|92597|121665|133619|146433|388585,ADRB2|APLNR|BIRC3|ARRB1|ATP2B4|C3|CD6|CX3CR1|EDNRB|FGF2|FGFR3|GNA12|LYN|MT3|P2RY1|PDGFA|PHB1|PRKCD|PTPRC|ROBO1|SMPD1|SOX9|TLR3|TLR4|UBB|WNT5A|YES1|LAPTM5|NELFE|FZD1|PLPP3|TNFRSF11A|NRP1|CIB1|FERMT2|FAM107A|TNIK|SASH1|NUPR1|PARP14|PRR5|MYDGF|SENP2|DTNBP1|DCUN1D5|MOB1B|SPPL3|PRRC1|IL34|HES5,-1.9576321954958784,0,21,0,0,-6.833039337606116,2.974567949725059,
1,-3.595169439827758,GO:0042327,M1,1,0,GO Biological Processes,19,positive regulation of phosphorylation,19_GO:0048518 positive regulation of biological process,-3.595169439827758,1.7799966423235118,3.902759421610467,30293,627,1140,42,3.6842105263157894,0.5579156427379696,154|187|238|408|493|718|780|923|1524|1910|2247|2261|4067|4504|5028|5154|5156|5245|5580|5788|6091|6662|7098|7099|7474|7525|8321|8613|8792|8829|10519|10979|23043|23328|54625|55615|56005|84062|92597|133619|146433|388585,ADRB2|APLNR|ALK|ARRB1|ATP2B4|C3|DDR1|CD6|CX3CR1|EDNRB|FGF2|FGFR3|LYN|MT3|P2RY1|PDGFA|PDGFRA|PHB1|PRKCD|PTPRC|ROBO1|SOX9|TLR3|TLR4|WNT5A|YES1|FZD1|PLPP3|TNFRSF11A|NRP1|CIB1|FERMT2|TNIK|SASH1|PARP14|PRR5|MYDGF|DTNBP1|MOB1B|PRRC1|IL34|HES5,-1.9555097523587097,0,21,0,0,-6.833039337606116,2.974567949725059,
1,-3.3850297561470635,GO:0001934,M1,1,0,GO Biological Processes,19,positive regulation of protein phosphorylation,19_GO:0048518 positive regulation of biological process,-3.3850297561470635,1.780652016639537,3.7604092909301086,30293,582,1140,39,3.4210526315789473,0.5383549194926929,154|187|408|493|718|923|1524|1910|2247|2261|4067|4504|5028|5154|5245|5580|5788|6091|6662|7098|7099|7474|7525|8321|8613|8792|8829|10519|10979|23043|23328|54625|55615|56005|84062|92597|133619|146433|388585,ADRB2|APLNR|ARRB1|ATP2B4|C3|CD6|CX3CR1|EDNRB|FGF2|FGFR3|LYN|MT3|P2RY1|PDGFA|PHB1|PRKCD|PTPRC|ROBO1|SOX9|TLR3|TLR4|WNT5A|YES1|FZD1|PLPP3|TNFRSF11A|NRP1|CIB1|FERMT2|TNIK|SASH1|PARP14|PRR5|MYDGF|DTNBP1|MOB1B|PRRC1|IL34|HES5,-1.803047195430315,0,21,0,0,-6.833039337606116,2.974567949725059,
1,-2.9171937664182828,GO:0051347,M1,1,0,GO Biological Processes,19,positive regulation of transferase activity,19_GO:0065007 biological regulation,-2.9171937664182828,1.8980576441102754,3.4744045381677666,30293,378,1140,27,2.3684210526315788,0.45037283480897017,154|238|348|493|780|1622|2247|2261|4504|5154|5156|5245|5580|5588|5788|5920|6091|7098|7099|7474|8792|10519|10979|23328|79618|133619|146433,ADRB2|ALK|APOE|ATP2B4|DDR1|DBI|FGF2|FGFR3|MT3|PDGFA|PDGFRA|PHB1|PRKCD|PRKCQ|PTPRC|PLAAT4|ROBO1|TLR3|TLR4|WNT5A|TNFRSF11A|CIB1|FERMT2|SASH1|HMBOX1|PRRC1|IL34,-1.4688797735687302,0,21,0,0,-6.833039337606116,2.974567949725059,
1,-2.5358260379140534,GO:0033674,M1,1,0,GO Biological Processes,19,positive regulation of kinase activity,19_GO:0048518 positive regulation of biological process,-2.5358260379140534,1.9167270635605407,3.1819327365105363,30293,305,1140,22,1.9298245614035088,0.407450603294495,154|238|493|780|2247|2261|4504|5154|5156|5245|5580|5788|6091|7098|7099|7474|8792|10519|10979|23328|133619|146433,ADRB2|ALK|ATP2B4|DDR1|FGF2|FGFR3|MT3|PDGFA|PDGFRA|PHB1|PRKCD|PTPRC|ROBO1|TLR3|TLR4|WNT5A|TNFRSF11A|CIB1|FERMT2|SASH1|PRRC1|IL34,-1.1931524500326707,0,21,0,0,-6.833039337606116,2.974567949725059,
1,-2.4269869642999007,GO:0071902,M1,1,0,GO Biological Processes,19,positive regulation of protein serine/threonine kinase activity,19_GO:0048518 positive regulation of biological process,-2.4269869642999007,2.452874493927126,3.2827460094434167,30293,130,1140,12,1.0526315789473684,0.3022650235027283,154|493|2247|5154|6091|7099|7474|8792|10519|10979|23328|146433,ADRB2|ATP2B4|FGF2|PDGFA|ROBO1|TLR4|WNT5A|TNFRSF11A|CIB1|FERMT2|SASH1|IL34,-1.111808523304576,0,21,0,0,-6.833039337606116,2.974567949725059,
1,-2.017681190779033,GO:0045860,M1,1,0,GO Biological Processes,19,positive regulation of protein kinase activity,19_GO:0048518 positive regulation of biological process,-2.017681190779033,1.8467587888640522,2.706311483296435,30293,259,1140,18,1.5789473684210527,0.3692116566580194,154|493|2247|4504|5154|5245|5580|5788|6091|7098|7099|7474|8792|10519|10979|23328|133619|146433,ADRB2|ATP2B4|FGF2|MT3|PDGFA|PHB1|PRKCD|PTPRC|ROBO1|TLR3|TLR4|WNT5A|TNFRSF11A|CIB1|FERMT2|SASH1|PRRC1|IL34,-0.8197507829408057,0,21,0,0,-6.833039337606116,2.974567949725059,
1,-6.828239513613177,GO:0042063,M1,1,0,GO Biological Processes,19,gliogenesis,19_GO:0032502 developmental process,-6.828239513613177,2.9416391532336377,6.349040969656967,30293,271,1140,30,2.6315789473684212,0.4740944155917378,712|1191|1272|1462|2247|2596|2670|2824|2840|3400|3691|4067|5028|5080|5803|6657|6662|6664|7099|7101|8613|9289|10100|26227|63827|90865|146433|147495|163175|388585,C1QA|CLU|CNTN1|VCAN|FGF2|GAP43|GFAP|GPM6B|GPR17|ID4|ITGB4|LYN|P2RY1|PAX6|PTPRZ1|SOX2|SOX9|SOX11|TLR4|NR2E1|PLPP3|ADGRG1|TSPAN2|PHGDH|BCAN|IL33|IL34|APCDD1|LGI4|HES5,-4.354553728114176,0,22,1,1,-6.828239513613177,5.110155195681511,
1,-6.198041237914503,GO:0010001,M1,1,0,GO Biological Processes,19,glial cell differentiation,19_GO:0032502 developmental process,-6.198041237914503,3.0898612811097514,6.08116777937177,30293,215,1140,25,2.192982456140351,0.4337606599742675,712|1191|1272|1462|2247|2596|2670|2824|2840|3400|3691|4067|5080|5803|6657|6662|6664|7099|7101|8613|10100|26227|63827|163175|388585,C1QA|CLU|CNTN1|VCAN|FGF2|GAP43|GFAP|GPM6B|GPR17|ID4|ITGB4|LYN|PAX6|PTPRZ1|SOX2|SOX9|SOX11|TLR4|NR2E1|PLPP3|TSPAN2|PHGDH|BCAN|LGI4|HES5,-3.8656604953864373,0,22,0,0,-6.828239513613177,5.110155195681511,
1,-4.48314900181696,GO:0048708,M1,1,0,GO Biological Processes,19,astrocyte differentiation,19_GO:0032502 developmental process,-4.48314900181696,4.428801169590643,5.514314351121045,30293,66,1140,11,0.9649122807017544,0.2895249775013002,712|2596|2670|3400|5080|6662|7099|7101|8613|10100|388585,C1QA|GAP43|GFAP|ID4|PAX6|SOX9|TLR4|NR2E1|PLPP3|TSPAN2|HES5,-2.6088662766951263,0,22,0,0,-6.828239513613177,5.110155195681511,
1,-4.255323187913738,GO:0048709,M1,1,0,GO Biological Processes,19,oligodendrocyte differentiation,19_GO:0032502 developmental process,-4.255323187913738,3.8887034659820285,5.179670241335753,30293,82,1140,12,1.0526315789473684,0.3022650235027283,1191|1272|2824|2840|3400|4067|5080|5803|6662|6664|10100|388585,CLU|CNTN1|GPM6B|GPR17|ID4|LYN|PAX6|PTPRZ1|SOX9|SOX11|TSPAN2|HES5,-2.4452003263974342,0,22,0,0,-6.828239513613177,5.110155195681511,
1,-3.575413195154852,GO:0021782,M1,1,0,GO Biological Processes,19,glial cell development,19_GO:0032502 developmental process,-3.575413195154852,2.976154385964912,4.378016467867616,30293,125,1140,14,1.2280701754385965,0.32619397574769193,712|1191|1272|2670|2824|3400|3691|4067|6664|7099|10100|26227|163175|388585,C1QA|CLU|CNTN1|GFAP|GPM6B|ID4|ITGB4|LYN|SOX11|TLR4|TSPAN2|PHGDH|LGI4|HES5,-1.9407598395717094,0,22,0,0,-6.828239513613177,5.110155195681511,
1,-2.7520327146747374,GO:0014003,M1,1,0,GO Biological Processes,19,oligodendrocyte development,19_GO:0032502 developmental process,-2.7520327146747374,3.957652108995894,4.012701161690998,30293,47,1140,7,0.6140350877192983,0.23136981425843328,1191|1272|2824|3400|4067|6664|388585,CLU|CNTN1|GPM6B|ID4|LYN|SOX11|HES5,-1.346875638855335,0,22,0,0,-6.828239513613177,5.110155195681511,
1,-2.594372161866099,GO:0022010,M1,1,0,GO Biological Processes,19,central nervous system myelination,19_GO:0032502 developmental process,-2.594372161866099,5.110155195681511,4.146054243941175,30293,26,1140,5,0.43859649122807015,0.19571569570288536,1191|1272|2824|3400|388585,CLU|CNTN1|GPM6B|ID4|HES5,-1.2294005746837633,0,22,0,0,-6.828239513613177,5.110155195681511,
1,-2.594372161866099,GO:0032291,M1,1,0,GO Biological Processes,19,axon ensheathment in central nervous system,19_GO:0032502 developmental process,-2.594372161866099,5.110155195681511,4.146054243941175,30293,26,1140,5,0.43859649122807015,0.19571569570288536,1191|1272|2824|3400|388585,CLU|CNTN1|GPM6B|ID4|HES5,-1.2294005746837633,0,22,0,0,-6.828239513613177,5.110155195681511,
1,-2.538306866774916,GO:0042552,M1,1,0,GO Biological Processes,19,myelination,19_GO:0032502 developmental process,-2.538306866774916,2.530743525480368,3.404837704048127,30293,126,1140,12,1.0526315789473684,0.3022650235027283,1191|1272|2824|3400|3691|7248|7852|10100|23114|23205|163175|388585,CLU|CNTN1|GPM6B|ID4|ITGB4|TSC1|CXCR4|TSPAN2|NFASC|ACSBG1|LGI4|HES5,-1.193958239767304,0,22,0,0,-6.828239513613177,5.110155195681511,
1,-2.481960905770653,GO:0007272,M1,1,0,GO Biological Processes,19,ensheathment of neurons,19_GO:0032502 developmental process,-2.481960905770653,2.491200657894737,3.343214025081854,30293,128,1140,12,1.0526315789473684,0.3022650235027283,1191|1272|2824|3400|3691|7248|7852|10100|23114|23205|163175|388585,CLU|CNTN1|GPM6B|ID4|ITGB4|TSC1|CXCR4|TSPAN2|NFASC|ACSBG1|LGI4|HES5,-1.1526712402197292,0,22,0,0,-6.828239513613177,5.110155195681511,
1,-2.481960905770653,GO:0008366,M1,1,0,GO Biological Processes,19,axon ensheathment,19_GO:0032502 developmental process,-2.481960905770653,2.491200657894737,3.343214025081854,30293,128,1140,12,1.0526315789473684,0.3022650235027283,1191|1272|2824|3400|3691|7248|7852|10100|23114|23205|163175|388585,CLU|CNTN1|GPM6B|ID4|ITGB4|TSC1|CXCR4|TSPAN2|NFASC|ACSBG1|LGI4|HES5,-1.1526712402197292,0,22,0,0,-6.828239513613177,5.110155195681511,
1,-6.765402849875182,GO:0051056,M1,1,0,GO Biological Processes,19,regulation of small GTPase mediated signal transduction,19_GO:0050896 response to stimulus,-6.765402849875182,2.806369057958427,6.249054901935321,30293,303,1140,32,2.807017543859649,0.4892012886170548,348|392|393|408|613|1452|2059|2840|4983|6091|6494|6655|7409|8437|8829|9289|9938|10161|23189|23526|51291|55701|56990|57221|57514|58504|64926|81848|89846|121512|143872|221178,APOE|ARHGAP1|ARHGAP4|ARRB1|BCR|CSNK1A1|EPS8|GPR17|OPHN1|ROBO1|SIPA1|SOS2|VAV1|RASAL1|NRP1|ADGRG1|ARHGAP25|LPAR6|KANK1|ARHGAP45|GMIP|ARHGEF40|CDC42SE2|ARFGEF3|ARHGAP31|ARHGAP22|RASAL3|SPRY4|FGD3|FGD4|ARHGAP42|SPATA13,-4.310116988983357,0,23,1,1,-6.765402849875182,4.227492025518341,
1,-5.296349971836168,GO:0035023,M1,1,0,GO Biological Processes,19,regulation of Rho protein signal transduction,19_GO:0050896 response to stimulus,-5.296349971836168,4.227492025518341,5.995727237667394,30293,88,1140,14,1.2280701754385965,0.32619397574769193,348|408|613|1452|2059|2840|4983|6091|8829|9289|10161|23189|56990|143872,APOE|ARRB1|BCR|CSNK1A1|EPS8|GPR17|OPHN1|ROBO1|NRP1|ADGRG1|LPAR6|KANK1|CDC42SE2|ARHGAP42,-3.1400604883637837,0,23,0,0,-6.765402849875182,4.227492025518341,
1,-3.4662468544927836,GO:0046578,M1,1,0,GO Biological Processes,19,regulation of Ras protein signal transduction,19_GO:0050896 response to stimulus,-3.4662468544927836,2.5042435932763847,4.12393633266837,30293,191,1140,18,1.5789473684210527,0.3692116566580194,348|408|613|1452|2059|2840|4983|6091|8437|8829|9289|10161|23189|56990|57221|64926|81848|143872,APOE|ARRB1|BCR|CSNK1A1|EPS8|GPR17|OPHN1|ROBO1|RASAL1|NRP1|ADGRG1|LPAR6|KANK1|CDC42SE2|ARFGEF3|RASAL3|SPRY4|ARHGAP42,-1.8593110118323588,0,23,0,0,-6.765402849875182,4.227492025518341,
1,-2.5006693842097953,GO:0035025,M1,1,0,GO Biological Processes,19,positive regulation of Rho protein signal transduction,19_GO:0048518 positive regulation of biological process,-2.5006693842097953,4.088124156545209,3.816018120321562,30293,39,1140,6,0.5263157894736842,0.21430133448577773,408|1452|2840|6091|9289|10161,ARRB1|CSNK1A1|GPR17|ROBO1|ADGRG1|LPAR6,-1.1645500721223279,0,23,0,0,-6.765402849875182,4.227492025518341,
1,-6.548944586225424,GO:0009611,M1,1,0,GO Biological Processes,19,response to wounding,19_GO:0050896 response to stimulus,-6.548944586225424,2.455780743327513,5.955278666797839,30293,422,1140,39,3.4210526315789473,0.5383549194926929,71|358|677|678|780|1524|1809|2247|2596|2768|3162|3691|4067|4772|5028|5080|5154|5156|6609|6657|6814|7098|7099|7409|7474|8613|8829|10413|22875|23657|23671|29071|29082|55959|57413|84062|84750|94121|349565,ACTG1|AQP1|ZFP36L1|ZFP36L2|DDR1|CX3CR1|DPYSL3|FGF2|GAP43|GNA12|HMOX1|ITGB4|LYN|NFATC1|P2RY1|PAX6|PDGFA|PDGFRA|SMPD1|SOX2|STXBP3|TLR3|TLR4|VAV1|WNT5A|PLPP3|NRP1|YAP1|ENPP4|SLC7A11|TMEFF2|C1GALT1C1|CHMP4A|SULF2|TMIGD3|DTNBP1|FUT10|SYTL4|NMNAT3,-4.133547068754214,0,24,1,1,-6.548944586225424,2.455780743327513,
1,-3.37340672272336,GO:0042060,M1,1,0,GO Biological Processes,19,wound healing,19_GO:0050896 response to stimulus,-3.37340672272336,2.1022790361980905,3.895074588659496,30293,316,1140,25,2.192982456140351,0.4337606599742675,71|358|780|2247|2768|3162|4772|5028|5154|5156|6609|6814|7099|7409|7474|8613|10413|22875|23657|23671|29071|29082|84062|84750|94121,ACTG1|AQP1|DDR1|FGF2|GNA12|HMOX1|NFATC1|P2RY1|PDGFA|PDGFRA|SMPD1|STXBP3|TLR4|VAV1|WNT5A|PLPP3|YAP1|ENPP4|SLC7A11|TMEFF2|C1GALT1C1|CHMP4A|DTNBP1|FUT10|SYTL4,-1.7978463793622859,0,24,0,0,-6.548944586225424,2.455780743327513,
1,-3.3638258859136334,GO:0050878,M1,1,0,GO Biological Processes,19,regulation of body fluid levels,19_GO:0065007 biological regulation,-3.3638258859136334,2.032480990010437,3.858498114078594,30293,353,1140,27,2.3684210526315788,0.45037283480897017,71|187|348|358|361|780|1910|2697|2768|2771|5021|5028|5154|5156|5580|6776|6814|7372|7409|8673|8862|10758|22875|23657|29071|84062|90139,ACTG1|APLNR|APOE|AQP1|AQP4|DDR1|EDNRB|GJA1|GNA12|GNAI2|OXTR|P2RY1|PDGFA|PDGFRA|PRKCD|STAT5A|STXBP3|UMPS|VAV1|VAMP8|APLN|TRAF3IP2|ENPP4|SLC7A11|C1GALT1C1|DTNBP1|TSPAN18,-1.7948731369485051,0,24,0,0,-6.548944586225424,2.455780743327513,
1,-6.544740778030526,GO:0098609,M1,1,0,GO Biological Processes,19,cell-cell adhesion,19_GO:0009987 cellular process,-6.544740778030526,2.259425365632195,5.845043657666816,30293,541,1140,46,4.035087719298246,0.5828144351451007,71|655|677|869|923|1006|1009|1266|1272|1501|1524|1740|2195|3689|3691|3987|4267|4868|5098|5156|5788|5792|6091|6404|6464|6662|6814|7430|7477|8613|9414|23114|23657|23705|27253|29091|54549|55591|57348|57722|64221|65217|84063|144100|152404|347902,ACTG1|BMP7|ZFP36L1|CBLN1|CD6|CDH8|CDH11|CNN3|CNTN1|CTNND2|CX3CR1|DLG2|FAT1|ITGB2|ITGB4|LIMS1|CD99|NPHS1|PCDHGC3|PDGFRA|PTPRC|PTPRF|ROBO1|SELPLG|SHC1|SOX9|STXBP3|EZR|WNT7B|PLPP3|TJP2|NFASC|SLC7A11|CADM1|PCDH17|STXBP6|SDK2|VEZT|TTYH1|IGDCC4|ROBO3|PCDH15|KIRREL2|PLEKHA7|IGSF11|AMIGO2,-4.133547068754214,0,25,1,1,-6.544740778030526,2.259425365632195,
1,-6.5401738396543925,GO:0072001,M1,1,0,GO Biological Processes,19,renal system development,19_GO:0032502 developmental process,-6.5401738396543925,2.742999434069043,6.099796186076282,30293,310,1140,32,2.807017543859649,0.4892012886170548,358|445|655|1512|1910|1948|2247|4087|4868|5125|5156|5727|5950|6299|6422|6662|6664|7248|7474|7477|8829|9104|10758|25937|25976|26508|54361|55083|55366|55959|57216|388585,AQP1|ASS1|BMP7|CTSH|EDNRB|EFNB2|FGF2|SMAD2|NPHS1|PCSK5|PDGFRA|PTCH1|RBP4|SALL1|SFRP1|SOX9|SOX11|TSC1|WNT5A|WNT7B|NRP1|RGN|TRAF3IP2|WWTR1|TIPARP|HEYL|WNT4|KIF26B|LGR4|SULF2|VANGL2|HES5,-4.133547068754214,0,26,1,1,-6.5401738396543925,3.2633271775931054,
1,-6.3665144258304815,GO:0001822,M1,1,0,GO Biological Processes,19,kidney development,19_GO:0032502 developmental process,-6.3665144258304815,2.745856725146199,6.009440606066425,30293,300,1140,31,2.719298245614035,0.48171408278676175,358|445|655|1512|1910|1948|2247|4087|4868|5125|5156|5727|6299|6422|6662|6664|7248|7474|7477|8829|9104|10758|25937|25976|26508|54361|55083|55366|55959|57216|388585,AQP1|ASS1|BMP7|CTSH|EDNRB|EFNB2|FGF2|SMAD2|NPHS1|PCSK5|PDGFRA|PTCH1|SALL1|SFRP1|SOX9|SOX11|TSC1|WNT5A|WNT7B|NRP1|RGN|TRAF3IP2|WWTR1|TIPARP|HEYL|WNT4|KIF26B|LGR4|SULF2|VANGL2|HES5,-4.001948999931015,0,26,0,0,-6.5401738396543925,3.2633271775931054,
1,-5.1873707887018154,GO:0048729,M1,1,0,GO Biological Processes,19,tissue morphogenesis,19_GO:0032502 developmental process,-5.1873707887018154,2.051234225915666,5.010318942229185,30293,570,1140,44,3.8596491228070176,0.5705245515955123,70|71|187|655|780|1512|1901|1948|2139|2195|2247|2535|2697|3400|3691|4087|4983|5361|5727|6091|6299|6422|6662|6664|7248|7474|7477|7852|8321|8829|10413|23671|26508|27152|30008|54361|55083|55366|55636|57216|79971|221074|284217|388585,ACTC1|ACTG1|APLNR|BMP7|DDR1|CTSH|S1PR1|EFNB2|EYA2|FAT1|FGF2|FZD2|GJA1|ID4|ITGB4|SMAD2|OPHN1|PLXNA1|PTCH1|ROBO1|SALL1|SFRP1|SOX9|SOX11|TSC1|WNT5A|WNT7B|CXCR4|FZD1|NRP1|YAP1|TMEFF2|HEYL|INTU|EFEMP2|WNT4|KIF26B|LGR4|CHD7|VANGL2|WLS|SLC39A12|LAMA1|HES5,-3.0667968574959654,0,26,0,0,-6.5401738396543925,3.2633271775931054,
1,-4.439968372466783,GO:0048732,M1,1,0,GO Biological Processes,19,gland development,19_GO:0032502 developmental process,-4.439968372466783,2.1208343629025617,4.6070742245978415,30293,426,1140,34,2.982456140350877,0.5038018350032145,190|445|655|780|1050|2247|2697|3175|3400|4087|5021|5080|5156|5361|5727|6299|6422|6657|6658|6662|6776|7372|7474|7477|8792|8829|8862|9104|9914|23705|54361|55959|79971|284217,NR0B1|ASS1|BMP7|DDR1|CEBPA|FGF2|GJA1|ONECUT1|ID4|SMAD2|OXTR|PAX6|PDGFRA|PLXNA1|PTCH1|SALL1|SFRP1|SOX2|SOX3|SOX9|STAT5A|UMPS|WNT5A|WNT7B|TNFRSF11A|NRP1|APLN|RGN|ATP2C2|CADM1|WNT4|SULF2|WLS|LAMA1,-2.5840643256091043,0,26,0,0,-6.5401738396543925,3.2633271775931054,
1,-3.8810268979123506,GO:0002009,M1,1,0,GO Biological Processes,19,morphogenesis of an epithelium,19_GO:0032502 developmental process,-3.8810268979123506,1.985660304607673,4.189120794654698,30293,455,1140,34,2.982456140350877,0.5038018350032145,71|187|655|780|1512|1948|2195|2247|2535|2697|3400|4983|5361|5727|6299|6422|6662|6664|7248|7474|7477|7852|8321|8829|10413|23671|27152|54361|55083|55366|57216|221074|284217|388585,ACTG1|APLNR|BMP7|DDR1|CTSH|EFNB2|FAT1|FGF2|FZD2|GJA1|ID4|OPHN1|PLXNA1|PTCH1|SALL1|SFRP1|SOX9|SOX11|TSC1|WNT5A|WNT7B|CXCR4|FZD1|NRP1|YAP1|TMEFF2|INTU|WNT4|KIF26B|LGR4|VANGL2|SLC39A12|LAMA1|HES5,-2.1659461132689843,0,26,0,0,-6.5401738396543925,3.2633271775931054,
1,-3.6789327410900996,GO:0060560,M1,1,0,GO Biological Processes,19,developmental growth involved in morphogenesis,19_GO:0040007 growth,-3.6789327410900996,2.909431425278525,4.429475007120661,30293,137,1140,15,1.3157894736842106,0.3374928789753796,780|1901|5361|6299|6422|6662|7474|7477|8829|10413|55083|55364|66000|81628|221074,DDR1|S1PR1|PLXNA1|SALL1|SFRP1|SOX9|WNT5A|WNT7B|NRP1|YAP1|KIF26B|IMPACT|TMEM108|TSC22D4|SLC39A12,-2.017620350850079,0,26,0,0,-6.5401738396543925,3.2633271775931054,
1,-3.575413195154852,GO:0030879,M1,1,0,GO Biological Processes,19,mammary gland development,19_GO:0032502 developmental process,-3.575413195154852,2.976154385964912,4.378016467867616,30293,125,1140,14,1.2280701754385965,0.32619397574769193,780|2247|2697|5021|5727|6662|6776|7372|7474|7477|8792|8862|9914|54361,DDR1|FGF2|GJA1|OXTR|PTCH1|SOX9|STAT5A|UMPS|WNT5A|WNT7B|TNFRSF11A|APLN|ATP2C2|WNT4,-1.9407598395717094,0,26,0,0,-6.5401738396543925,3.2633271775931054,
1,-3.414286786347599,GO:0060562,M1,1,0,GO Biological Processes,19,epithelial tube morphogenesis,19_GO:0032502 developmental process,-3.414286786347599,2.1156693485305627,3.9297645264913847,30293,314,1140,25,2.192982456140351,0.4337606599742675,187|655|780|1512|1948|2247|2535|2697|5727|6299|6422|6662|7248|7474|7852|8321|8829|10413|54361|55083|55366|57216|221074|284217|388585,APLNR|BMP7|DDR1|CTSH|EFNB2|FGF2|FZD2|GJA1|PTCH1|SALL1|SFRP1|SOX9|TSC1|WNT5A|CXCR4|FZD1|NRP1|YAP1|WNT4|KIF26B|LGR4|VANGL2|SLC39A12|LAMA1|HES5,-1.8224111373377156,0,26,0,0,-6.5401738396543925,3.2633271775931054,
1,-3.331228910778165,GO:0060485,M1,1,0,GO Biological Processes,19,mesenchyme development,19_GO:0032502 developmental process,-3.331228910778165,2.2592265075644575,3.929468176472145,30293,247,1140,21,1.8421052631578947,0.3982606641287987,70|187|655|677|1910|4087|5080|6091|6422|6662|7474|8829|10413|25800|25937|26508|54361|55734|147906|202018|202151,ACTC1|APLNR|BMP7|ZFP36L1|EDNRB|SMAD2|PAX6|ROBO1|SFRP1|SOX9|WNT5A|NRP1|YAP1|SLC39A6|WWTR1|HEYL|WNT4|ZFP64|DACT3|TAPT1|RANBP3L,-1.7724958779326316,0,26,0,0,-6.5401738396543925,3.2633271775931054,
1,-3.264047824132387,GO:0022612,M1,1,0,GO Biological Processes,19,gland morphogenesis,19_GO:0032502 developmental process,-3.264047824132387,3.066093117408907,4.17365907008479,30293,104,1140,12,1.0526315789473684,0.3022650235027283,655|780|3400|5080|5361|5727|6422|6662|7474|8829|54361|284217,BMP7|DDR1|ID4|PAX6|PLXNA1|PTCH1|SFRP1|SOX9|WNT5A|NRP1|WNT4|LAMA1,-1.7250582985447018,0,26,0,0,-6.5401738396543925,3.2633271775931054,
1,-2.6026443306882565,GO:0048762,M1,1,0,GO Biological Processes,19,mesenchymal cell differentiation,19_GO:0032502 developmental process,-2.6026443306882565,2.290759225650333,3.3765591433453426,30293,174,1140,15,1.3157894736842106,0.3374928789753796,655|1910|5080|6422|6662|7474|8829|25800|25937|26508|54361|55734|147906|202018|202151,BMP7|EDNRB|PAX6|SFRP1|SOX9|WNT5A|NRP1|SLC39A6|WWTR1|HEYL|WNT4|ZFP64|DACT3|TAPT1|RANBP3L,-1.2294005746837633,0,26,0,0,-6.5401738396543925,3.2633271775931054,
1,-2.5376526476531476,GO:0040007,M1,1,0,GO Biological Processes,19,growth,19_GO:0040007 growth,-2.5376526476531476,1.7631246362351376,3.1217749562281125,30293,422,1140,28,2.456140350877193,0.4584311630819395,677|780|975|1901|2261|2596|2697|3275|4087|5361|5764|6299|6422|6657|6662|7130|7474|7477|8829|9646|10413|25937|55083|55364|57599|66000|81628|221074,ZFP36L1|DDR1|CD81|S1PR1|FGFR3|GAP43|GJA1|PRMT2|SMAD2|PLXNA1|PTN|SALL1|SFRP1|SOX2|SOX9|TNFAIP6|WNT5A|WNT7B|NRP1|CTR9|YAP1|WWTR1|KIF26B|IMPACT|WDR48|TMEM108|TSC22D4|SLC39A12,-1.193958239767304,0,26,0,0,-6.5401738396543925,3.2633271775931054,
1,-2.5376526476531476,GO:0048589,M1,1,0,GO Biological Processes,19,developmental growth,19_GO:0040007 growth,-2.5376526476531476,1.7631246362351376,3.1217749562281125,30293,422,1140,28,2.456140350877193,0.4584311630819395,677|780|975|1901|2261|2596|2697|3275|4087|5361|5764|6299|6422|6657|6662|7130|7474|7477|8829|9646|10413|25937|55083|55364|57599|66000|81628|221074,ZFP36L1|DDR1|CD81|S1PR1|FGFR3|GAP43|GJA1|PRMT2|SMAD2|PLXNA1|PTN|SALL1|SFRP1|SOX2|SOX9|TNFAIP6|WNT5A|WNT7B|NRP1|CTR9|YAP1|WWTR1|KIF26B|IMPACT|WDR48|TMEM108|TSC22D4|SLC39A12,-1.193958239767304,0,26,0,0,-6.5401738396543925,3.2633271775931054,
1,-2.3807885343112263,GO:0061138,M1,1,0,GO Biological Processes,19,morphogenesis of a branching epithelium,19_GO:0032502 developmental process,-2.3807885343112263,2.2410801099133377,3.170667413629265,30293,166,1140,14,1.2280701754385965,0.32619397574769193,655|780|1512|2247|5361|5727|6299|6422|6662|7474|8829|10413|54361|284217,BMP7|DDR1|CTSH|FGF2|PLXNA1|PTCH1|SALL1|SFRP1|SOX9|WNT5A|NRP1|YAP1|WNT4|LAMA1,-1.082119683324007,0,26,0,0,-6.5401738396543925,3.2633271775931054,
1,-2.269109635146194,GO:0061180,M1,1,0,GO Biological Processes,19,mammary gland epithelium development,19_GO:0032502 developmental process,-2.269109635146194,3.2633271775931054,3.382185095024959,30293,57,1140,7,0.6140350877192983,0.23136981425843328,780|2247|5727|7474|7477|9914|54361,DDR1|FGF2|PTCH1|WNT5A|WNT7B|ATP2C2|WNT4,-1.0001158714825213,0,26,0,0,-6.5401738396543925,3.2633271775931054,
1,-2.2447558427469,GO:0048754,M1,1,0,GO Biological Processes,19,branching morphogenesis of an epithelial tube,19_GO:0032502 developmental process,-2.2447558427469,2.3275451402228198,3.079622520920709,30293,137,1140,12,1.0526315789473684,0.3022650235027283,655|780|1512|2247|5727|6299|6662|7474|8829|10413|54361|284217,BMP7|DDR1|CTSH|FGF2|PTCH1|SALL1|SOX9|WNT5A|NRP1|YAP1|WNT4|LAMA1,-0.9832042719016932,0,26,0,0,-6.5401738396543925,3.2633271775931054,
1,-2.15942848434307,GO:0001763,M1,1,0,GO Biological Processes,19,morphogenesis of a branching structure,19_GO:0032502 developmental process,-2.15942848434307,2.1137460127591705,2.9302954795732963,30293,176,1140,14,1.2280701754385965,0.32619397574769193,655|780|1512|2247|5361|5727|6299|6422|6662|7474|8829|10413|54361|284217,BMP7|DDR1|CTSH|FGF2|PLXNA1|PTCH1|SALL1|SFRP1|SOX9|WNT5A|NRP1|YAP1|WNT4|LAMA1,-0.9194675938180944,0,26,0,0,-6.5401738396543925,3.2633271775931054,
1,-6.527289328170835,GO:0071496,M1,1,0,GO Biological Processes,19,cellular response to external stimulus,19_GO:0050896 response to stimulus,-6.527289328170835,2.689885372941556,6.066234384960876,30293,326,1140,33,2.8947368421052633,0.49656202491104634,136|358|834|968|1452|2247|2752|3992|4067|5788|6422|6494|6662|6720|7098|7099|7248|8644|8792|8897|9780|11170|26001|29103|51100|54361|55364|55615|64121|90865|92196|441027|652968,ADORA2B|AQP1|CASP1|CD68|CSNK1A1|FGF2|GLUL|FADS1|LYN|PTPRC|SFRP1|SIPA1|SOX9|SREBF1|TLR3|TLR4|TSC1|AKR1C3|TNFRSF11A|MTMR3|PIEZO1|FAM107A|RNF167|DNAJC15|SH3GLB1|WNT4|IMPACT|PRR5|RRAGC|IL33|DAPL1|TMEM150C|CASTOR1,-4.127961796012157,0,27,1,1,-6.527289328170835,2.689885372941556,
1,-4.6746304094612405,GO:0009991,M1,1,0,GO Biological Processes,19,response to extracellular stimulus,19_GO:0050896 response to stimulus,-4.6746304094612405,2.0521573736321,4.7149869279881305,30293,505,1140,39,3.4210526315789473,0.5383549194926929,2|136|154|348|445|590|594|655|968|1032|1452|1536|2752|2771|3141|3949|3992|4067|5788|6422|6494|6657|6720|6751|7248|8644|8792|8897|11170|26001|29103|51100|54361|55364|55615|64121|92196|115209|652968,A2M|ADORA2B|ADRB2|APOE|ASS1|BCHE|BCKDHB|BMP7|CD68|CDKN2D|CSNK1A1|CYBB|GLUL|GNAI2|HLCS|LDLR|FADS1|LYN|PTPRC|SFRP1|SIPA1|SOX2|SREBF1|SSTR1|TSC1|AKR1C3|TNFRSF11A|MTMR3|FAM107A|RNF167|DNAJC15|SH3GLB1|WNT4|IMPACT|PRR5|RRAGC|DAPL1|OMA1|CASTOR1,-2.732680073826467,0,27,0,0,-6.527289328170835,2.689885372941556,
1,-4.271741124715121,GO:0031668,M1,1,0,GO Biological Processes,19,cellular response to extracellular stimulus,19_GO:0050896 response to stimulus,-4.271741124715121,2.452874493927126,4.6525407848303075,30293,260,1140,24,2.1052631578947367,0.42518745383600876,136|968|1452|2752|3992|4067|5788|6422|6494|6720|7248|8644|8792|8897|11170|26001|29103|51100|54361|55364|55615|64121|92196|652968,ADORA2B|CD68|CSNK1A1|GLUL|FADS1|LYN|PTPRC|SFRP1|SIPA1|SREBF1|TSC1|AKR1C3|TNFRSF11A|MTMR3|FAM107A|RNF167|DNAJC15|SH3GLB1|WNT4|IMPACT|PRR5|RRAGC|DAPL1|CASTOR1,-2.457874322064943,0,27,0,0,-6.527289328170835,2.689885372941556,
1,-3.840976430640192,GO:0031667,M1,1,0,GO Biological Processes,19,response to nutrient levels,19_GO:0050896 response to stimulus,-3.840976430640192,1.9538828689370487,4.148024629072648,30293,476,1140,35,3.0701754385964914,0.5109258594856301,2|154|348|445|590|594|655|968|1032|1452|1536|2752|2771|3141|3949|3992|6422|6657|6720|6751|7248|8644|8792|8897|11170|26001|29103|51100|54361|55364|55615|64121|92196|115209|652968,A2M|ADRB2|APOE|ASS1|BCHE|BCKDHB|BMP7|CD68|CDKN2D|CSNK1A1|CYBB|GLUL|GNAI2|HLCS|LDLR|FADS1|SFRP1|SOX2|SREBF1|SSTR1|TSC1|AKR1C3|TNFRSF11A|MTMR3|FAM107A|RNF167|DNAJC15|SH3GLB1|WNT4|IMPACT|PRR5|RRAGC|DAPL1|OMA1|CASTOR1,-2.131844978510027,0,27,0,0,-6.527289328170835,2.689885372941556,
1,-3.3252080703010223,GO:0031669,M1,1,0,GO Biological Processes,19,cellular response to nutrient levels,19_GO:0050896 response to stimulus,-3.3252080703010223,2.3106788710907704,3.9456524803526483,30293,230,1140,20,1.7543859649122806,0.38883623754641444,968|1452|2752|3992|6422|6720|7248|8644|8792|8897|11170|26001|29103|51100|54361|55364|55615|64121|92196|652968,CD68|CSNK1A1|GLUL|FADS1|SFRP1|SREBF1|TSC1|AKR1C3|TNFRSF11A|MTMR3|FAM107A|RNF167|DNAJC15|SH3GLB1|WNT4|IMPACT|PRR5|RRAGC|DAPL1|CASTOR1,-1.768905569533735,0,27,0,0,-6.527289328170835,2.689885372941556,
1,-3.0858820282148938,GO:0009267,M1,1,0,GO Biological Processes,19,cellular response to starvation,19_GO:0050896 response to stimulus,-3.0858820282148938,2.4718890248878007,3.8280655942073647,30293,172,1140,16,1.4035087719298245,0.3484061960898092,2752|3992|6422|6720|7248|8644|8792|8897|26001|29103|51100|54361|55364|64121|92196|652968,GLUL|FADS1|SFRP1|SREBF1|TSC1|AKR1C3|TNFRSF11A|MTMR3|RNF167|DNAJC15|SH3GLB1|WNT4|IMPACT|RRAGC|DAPL1|CASTOR1,-1.5948551005708997,0,27,0,0,-6.527289328170835,2.689885372941556,
1,-2.5409306955531425,GO:0042594,M1,1,0,GO Biological Processes,19,response to starvation,19_GO:0050896 response to stimulus,-2.5409306955531425,2.1308382985766303,3.2673606739899554,30293,212,1140,17,1.4912280701754386,0.3589690963831384,2752|3992|6422|6720|6751|7248|8644|8792|8897|26001|29103|51100|54361|55364|64121|92196|652968,GLUL|FADS1|SFRP1|SREBF1|SSTR1|TSC1|AKR1C3|TNFRSF11A|MTMR3|RNF167|DNAJC15|SH3GLB1|WNT4|IMPACT|RRAGC|DAPL1|CASTOR1,-1.195321687291322,0,27,0,0,-6.527289328170835,2.689885372941556,
1,-6.253496860836445,GO:0006886,M1,1,0,GO Biological Processes,19,intracellular protein transport,19_GO:0051179 localization,-6.253496860836445,2.252800594936281,5.692746058745107,30293,519,1140,44,3.8596491228070176,0.5705245515955123,613|1174|1176|1740|1871|2054|2670|4646|5824|5874|6810|6814|7184|7805|8934|9501|9895|10628|10758|10972|11031|11276|23161|23673|23787|26519|26521|27131|27236|29103|29887|54662|55176|57403|57537|63971|64374|64792|79971|90865|94121|133022|196383|202151,BCR|AP1S1|AP3S1|DLG2|E2F3|STX2|GFAP|MYO6|PEX19|RAB27B|STX4|STXBP3|HSP90B1|LAPTM5|RAB29|RPH3AL|TECPR2|TXNIP|TRAF3IP2|TMED10|RAB31|SYNRG|SNX13|STX12|MTCH1|TIMM10|TIMM8B|SNX5|ARFIP1|DNAJC15|SNX10|TBC1D13|SEC61A2|RAB22A|SORCS2|KIF13A|SIL1|IFT22|WLS|IL33|SYTL4|TRAM1L1|RILPL2|RANBP3L,-3.908526991000359,0,28,1,1,-6.253496860836445,2.252800594936281,
1,-6.138675252094756,GO:0045926,M1,1,0,GO Biological Processes,19,negative regulation of growth,19_GO:0040007 growth,-6.138675252094756,2.9165275994865207,5.968385221127414,30293,246,1140,27,2.3684210526315788,0.45037283480897017,154|393|1032|2023|2261|2697|4489|4490|4493|4494|4495|4501|4502|4504|5245|5727|5950|6422|6494|7474|8829|23251|23286|58189|147906|221476|400410,ADRB2|ARHGAP4|CDKN2D|ENO1|FGFR3|GJA1|MT1A|MT1B|MT1E|MT1F|MT1G|MT1X|MT2A|MT3|PHB1|PTCH1|RBP4|SFRP1|SIPA1|WNT5A|NRP1|MINAR1|WWC1|WFDC1|DACT3|PI16|ST20,-3.818528965983702,0,29,1,1,-6.138675252094756,2.9165275994865207,
1,-5.362459226671765,GO:0040008,M1,1,0,GO Biological Processes,19,regulation of growth,19_GO:0040007 growth,-5.362459226671765,2.027470665299613,5.094769762543844,30293,616,1140,47,4.12280701754386,0.5888460049861405,154|348|393|780|952|1032|2023|2247|2261|2596|2697|4489|4490|4493|4494|4495|4501|4502|4504|5245|5588|5727|5950|6422|6494|6776|7003|7430|7474|7852|8437|8829|10413|10519|11170|23251|23286|51760|55540|55615|55636|58189|84259|147906|221476|340719|400410,ADRB2|APOE|ARHGAP4|DDR1|CD38|CDKN2D|ENO1|FGF2|FGFR3|GAP43|GJA1|MT1A|MT1B|MT1E|MT1F|MT1G|MT1X|MT2A|MT3|PHB1|PRKCQ|PTCH1|RBP4|SFRP1|SIPA1|STAT5A|TEAD1|EZR|WNT5A|CXCR4|RASAL1|NRP1|YAP1|CIB1|FAM107A|MINAR1|WWC1|SYT17|IL17RB|PRR5|CHD7|WFDC1|DCUN1D5|DACT3|PI16|NANOS1|ST20,-3.189301817912085,0,29,0,0,-6.138675252094756,2.9165275994865207,
1,-3.2420454126166303,GO:0001558,M1,1,0,GO Biological Processes,19,regulation of cell growth,19_GO:0040007 growth,-3.2420454126166303,1.916308198380567,3.7212985823234983,30293,416,1140,30,2.6315789473684212,0.4740944155917378,348|393|780|952|1032|2023|2697|4504|5245|5588|6422|6494|7003|7474|7852|8437|8829|10413|10519|11170|23251|51760|55540|55615|58189|84259|147906|221476|340719|400410,APOE|ARHGAP4|DDR1|CD38|CDKN2D|ENO1|GJA1|MT3|PHB1|PRKCQ|SFRP1|SIPA1|TEAD1|WNT5A|CXCR4|RASAL1|NRP1|YAP1|CIB1|FAM107A|MINAR1|SYT17|IL17RB|PRR5|WFDC1|DCUN1D5|DACT3|PI16|NANOS1|ST20,-1.7119496001889276,0,29,0,0,-6.138675252094756,2.9165275994865207,
1,-2.2662396019577384,GO:0030308,M1,1,0,GO Biological Processes,19,negative regulation of cell growth,19_GO:0040007 growth,-2.2662396019577384,2.1089529379003062,3.024173396952337,30293,189,1140,15,1.3157894736842106,0.3374928789753796,393|1032|2023|2697|4504|5245|6422|6494|7474|8829|23251|58189|147906|221476|400410,ARHGAP4|CDKN2D|ENO1|GJA1|MT3|PHB1|SFRP1|SIPA1|WNT5A|NRP1|MINAR1|WFDC1|DACT3|PI16|ST20,-0.9983168486565913,0,29,0,0,-6.138675252094756,2.9165275994865207,
1,-6.1092563186144115,GO:0009725,M1,1,0,GO Biological Processes,19,response to hormone,19_GO:0050896 response to stimulus,-6.1092563186144115,1.9759266756635177,5.460502180828868,30293,780,1140,58,5.087719298245614,0.6508341760446644,2|358|445|590|594|655|677|678|952|1109|1176|1512|1536|1645|1718|1910|2887|3638|3784|4067|4129|4199|4504|5021|5080|5245|5580|5786|5788|5872|6422|6464|6655|6720|6751|6776|6814|7077|7079|7101|7248|7477|8644|8792|8912|9070|9734|10413|10628|11031|11170|23205|51083|54541|55022|57630|80339|387758,A2M|AQP1|ASS1|BCHE|BCKDHB|BMP7|ZFP36L1|ZFP36L2|CD38|AKR1C4|AP3S1|CTSH|CYBB|AKR1C1|DHCR24|EDNRB|GRB10|INSIG1|KCNQ1|LYN|MAOB|ME1|MT3|OXTR|PAX6|PHB1|PRKCD|PTPRA|PTPRC|RAB13|SFRP1|SHC1|SOS2|SREBF1|SSTR1|STAT5A|STXBP3|TIMP2|TIMP4|NR2E1|TSC1|WNT7B|AKR1C3|TNFRSF11A|CACNA1H|ASH2L|HDAC9|YAP1|TXNIP|RAB31|FAM107A|ACSBG1|GAL|DDIT4|PID1|SH3RF1|PNPLA3|FIBIN,-3.797591934354568,0,30,1,1,-6.1092563186144115,2.326651305683564,
1,-3.778645886007499,GO:0071417,M1,1,0,GO Biological Processes,19,cellular response to organonitrogen compound,19_GO:0050896 response to stimulus,-3.778645886007499,1.8310673743181483,4.048609484160146,30293,595,1140,41,3.5964912280701755,0.5514847373096254,154|358|445|493|677|1137|1176|1307|1536|2697|2742|2771|2887|3638|3784|4062|4067|4988|5028|5080|5156|5580|5786|5872|6001|6422|6464|6655|6662|6720|6776|7099|7184|7430|7852|9734|11031|64121|80339|116372|652968,ADRB2|AQP1|ASS1|ATP2B4|ZFP36L1|CHRNA4|AP3S1|COL16A1|CYBB|GJA1|GLRA2|GNAI2|GRB10|INSIG1|KCNQ1|LY6H|LYN|OPRM1|P2RY1|PAX6|PDGFRA|PRKCD|PTPRA|RAB13|RGS10|SFRP1|SHC1|SOS2|SOX9|SREBF1|STAT5A|TLR4|HSP90B1|EZR|CXCR4|HDAC9|RAB31|RRAGC|PNPLA3|LYPD1|CASTOR1,-2.0826097319674814,0,30,0,0,-6.1092563186144115,2.326651305683564,
1,-3.523461435128259,GO:1901699,M1,1,0,GO Biological Processes,19,cellular response to nitrogen compound,19_GO:0050896 response to stimulus,-3.523461435128259,1.7659143904063954,3.8478722724621304,30293,632,1140,42,3.6842105263157894,0.5579156427379696,154|358|445|493|677|1137|1176|1307|1536|2697|2742|2771|2887|3638|3784|4062|4067|4988|5028|5080|5156|5580|5786|5872|6001|6422|6464|6655|6662|6720|6776|7098|7099|7184|7430|7852|9734|11031|64121|80339|116372|652968,ADRB2|AQP1|ASS1|ATP2B4|ZFP36L1|CHRNA4|AP3S1|COL16A1|CYBB|GJA1|GLRA2|GNAI2|GRB10|INSIG1|KCNQ1|LY6H|LYN|OPRM1|P2RY1|PAX6|PDGFRA|PRKCD|PTPRA|RAB13|RGS10|SFRP1|SHC1|SOS2|SOX9|SREBF1|STAT5A|TLR3|TLR4|HSP90B1|EZR|CXCR4|HDAC9|RAB31|RRAGC|PNPLA3|LYPD1|CASTOR1,-1.9010771011642555,0,30,0,0,-6.1092563186144115,2.326651305683564,
1,-3.225300548071872,GO:0032868,M1,1,0,GO Biological Processes,19,response to insulin,19_GO:0050896 response to stimulus,-3.225300548071872,2.326651305683564,3.8783892203619215,30293,217,1140,19,1.6666666666666667,0.3791598386378328,677|1176|2887|3638|3784|4067|5080|5786|5872|6464|6655|6720|6814|7248|8792|9734|11031|51083|80339,ZFP36L1|AP3S1|GRB10|INSIG1|KCNQ1|LYN|PAX6|PTPRA|RAB13|SHC1|SOS2|SREBF1|STXBP3|TSC1|TNFRSF11A|HDAC9|RAB31|GAL|PNPLA3,-1.6971566242416916,0,30,0,0,-6.1092563186144115,2.326651305683564,
1,-3.1226984034810803,GO:0032870,M1,1,0,GO Biological Processes,19,cellular response to hormone stimulus,19_GO:0050896 response to stimulus,-3.1226984034810803,1.8033441888153519,3.585464799700133,30293,501,1140,34,2.982456140350877,0.5038018350032145,358|445|677|678|1109|1176|1512|1645|2887|3638|4067|4504|5021|5080|5245|5580|5786|5872|6422|6464|6655|6720|6751|6776|7101|8644|8912|9734|10413|11031|11170|54541|55022|80339,AQP1|ASS1|ZFP36L1|ZFP36L2|AKR1C4|AP3S1|CTSH|AKR1C1|GRB10|INSIG1|LYN|MT3|OXTR|PAX6|PHB1|PRKCD|PTPRA|RAB13|SFRP1|SHC1|SOS2|SREBF1|SSTR1|STAT5A|NR2E1|AKR1C3|CACNA1H|HDAC9|YAP1|RAB31|FAM107A|DDIT4|PID1|PNPLA3,-1.622826573659251,0,30,0,0,-6.1092563186144115,2.326651305683564,
1,-2.6206384323953813,GO:0043434,M1,1,0,GO Biological Processes,19,response to peptide hormone,19_GO:0050896 response to stimulus,-2.6206384323953813,1.8326073805202663,3.216873199841662,30293,377,1140,26,2.280701754385965,0.4421524057977656,445|655|677|1176|1536|1910|2887|3638|3784|4067|5021|5080|5580|5786|5872|6464|6655|6720|6776|6814|7248|8792|9734|11031|51083|80339,ASS1|BMP7|ZFP36L1|AP3S1|CYBB|EDNRB|GRB10|INSIG1|KCNQ1|LYN|OXTR|PAX6|PRKCD|PTPRA|RAB13|SHC1|SOS2|SREBF1|STAT5A|STXBP3|TSC1|TNFRSF11A|HDAC9|RAB31|GAL|PNPLA3,-1.237193850883958,0,30,0,0,-6.1092563186144115,2.326651305683564,
1,-2.498395223900029,GO:1901652,M1,1,0,GO Biological Processes,19,response to peptide,19_GO:0050896 response to stimulus,-2.498395223900029,1.7143746462931524,3.069836287084205,30293,465,1140,30,2.6315789473684212,0.4740944155917378,154|445|655|677|1176|1536|1910|2697|2887|3638|3784|4067|5021|5080|5580|5786|5872|6464|6655|6720|6776|6814|7099|7248|8792|9734|11031|51083|55577|80339,ADRB2|ASS1|BMP7|ZFP36L1|AP3S1|CYBB|EDNRB|GJA1|GRB10|INSIG1|KCNQ1|LYN|OXTR|PAX6|PRKCD|PTPRA|RAB13|SHC1|SOS2|SREBF1|STAT5A|STXBP3|TLR4|TSC1|TNFRSF11A|HDAC9|RAB31|GAL|NAGK|PNPLA3,-1.1629012459478205,0,30,0,0,-6.1092563186144115,2.326651305683564,
1,-2.3727875616168506,GO:0032869,M1,1,0,GO Biological Processes,19,cellular response to insulin stimulus,19_GO:0050896 response to stimulus,-2.3727875616168506,2.3184328270340284,3.190255564615473,30293,149,1140,13,1.1403508771929824,0.31446792656606076,677|1176|2887|3638|5080|5786|5872|6464|6655|6720|9734|11031|80339,ZFP36L1|AP3S1|GRB10|INSIG1|PAX6|PTPRA|RAB13|SHC1|SOS2|SREBF1|HDAC9|RAB31|PNPLA3,-1.0766934358451008,0,30,0,0,-6.1092563186144115,2.326651305683564,
1,-5.796907856468419,GO:0030855,M1,1,0,GO Biological Processes,19,epithelial cell differentiation,19_GO:0032502 developmental process,-5.796907856468419,2.0667738791423003,5.350691172141045,30293,630,1140,49,4.298245614035087,0.6006937845911474,190|307|613|655|1050|1200|1266|1645|1901|1910|2195|2247|2535|2697|3175|3784|4087|4646|4868|4983|5080|5727|5872|6299|6494|6662|6664|7263|7430|7474|7477|7852|8321|8644|8829|9317|9414|10170|10413|10628|11145|23657|27152|51092|54361|56898|196383|284217|388585,NR0B1|ANXA4|BCR|BMP7|CEBPA|TPP1|CNN3|AKR1C1|S1PR1|EDNRB|FAT1|FGF2|FZD2|GJA1|ONECUT1|KCNQ1|SMAD2|MYO6|NPHS1|OPHN1|PAX6|PTCH1|RAB13|SALL1|SIPA1|SOX9|SOX11|TST|EZR|WNT5A|WNT7B|CXCR4|FZD1|AKR1C3|NRP1|PTER|TJP2|DHRS9|YAP1|TXNIP|PLAAT3|SLC7A11|INTU|SIDT2|WNT4|BDH2|RILPL2|LAMA1|HES5,-3.517056165216538,0,31,1,1,-5.796907856468419,2.5174238227146817,
1,-3.494008015585314,GO:0002064,M1,1,0,GO Biological Processes,19,epithelial cell development,19_GO:0032502 developmental process,-3.494008015585314,2.5174238227146817,4.1490969468439705,30293,190,1140,18,1.5789473684210527,0.3692116566580194,1050|1910|2195|2697|3175|4868|5080|5872|6494|6662|7430|7474|7477|7852|9414|10413|51092|196383,CEBPA|EDNRB|FAT1|GJA1|ONECUT1|NPHS1|PAX6|RAB13|SIPA1|SOX9|EZR|WNT5A|WNT7B|CXCR4|TJP2|YAP1|SIDT2|RILPL2,-1.8811952972950807,0,31,0,0,-5.796907856468419,2.5174238227146817,
1,-5.700350325930887,GO:0045667,M1,1,0,GO Biological Processes,19,regulation of osteoblast differentiation,19_GO:0032502 developmental process,-5.700350325930887,3.385070957648899,5.924928314410136,30293,157,1140,20,1.7543859649122806,0.38883623754641444,655|1050|2247|2662|5727|6422|6662|6664|7130|7477|8321|10413|10979|25805|25937|54361|54857|64093|151176|202151,BMP7|CEBPA|FGF2|GDF10|PTCH1|SFRP1|SOX9|SOX11|TNFAIP6|WNT7B|FZD1|YAP1|FERMT2|BAMBI|WWTR1|WNT4|GDPD2|SMOC1|ERFE|RANBP3L,-3.4391864689163762,0,32,1,1,-5.700350325930887,4.088124156545209,
1,-4.475930586807975,GO:0045669,M1,1,0,GO Biological Processes,19,positive regulation of osteoblast differentiation,19_GO:0032502 developmental process,-4.475930586807975,4.088124156545209,5.400146328264893,30293,78,1140,12,1.0526315789473684,0.3022650235027283,655|1050|2247|2662|6664|7477|8321|10413|10979|25937|54361|54857,BMP7|CEBPA|FGF2|GDF10|SOX11|WNT7B|FZD1|YAP1|FERMT2|WWTR1|WNT4|GDPD2,-2.605947842178865,0,32,0,0,-5.700350325930887,4.088124156545209,
1,-2.4481247034036415,GO:0045598,M1,1,0,GO Biological Processes,19,regulation of fat cell differentiation,19_GO:0032502 developmental process,-2.4481247034036415,2.3660718577265083,3.2719201432295444,30293,146,1140,13,1.1403508771929824,0.31446792656606076,240|655|677|678|1050|3400|3638|6239|6422|7474|10413|10979|25937,ALOX5|BMP7|ZFP36L1|ZFP36L2|CEBPA|ID4|INSIG1|RREB1|SFRP1|WNT5A|YAP1|FERMT2|WWTR1,-1.1238092262456976,0,32,0,0,-5.700350325930887,4.088124156545209,
1,-2.1076014663295535,GO:0045599,M1,1,0,GO Biological Processes,19,negative regulation of fat cell differentiation,19_GO:0032502 developmental process,-2.1076014663295535,3.0493385102099513,3.1682537141978604,30293,61,1140,7,0.6140350877192983,0.23136981425843328,678|3400|3638|7474|10413|10979|25937,ZFP36L2|ID4|INSIG1|WNT5A|YAP1|FERMT2|WWTR1,-0.8806269169394255,0,32,0,0,-5.700350325930887,4.088124156545209,
1,-5.625168405350575,GO:1903707,M1,1,0,GO Biological Processes,19,negative regulation of hemopoiesis,19_GO:0002376 immune system process,-5.625168405350575,3.7961152882205513,6.043477161188841,30293,119,1140,17,1.4912280701754386,0.3589690963831384,430|714|865|1050|3149|4067|6422|7098|7099|7130|8111|8451|11006|28959|53342|55365|151176,ASCL2|C1QC|CBFB|CEBPA|HMGB3|LYN|SFRP1|TLR3|TLR4|TNFAIP6|GPR68|CUL4A|LILRB4|TMEM176B|IL17D|TMEM176A|ERFE,-3.3824676293294935,0,33,1,1,-5.625168405350575,4.920890188434048,
1,-4.7943999376620585,GO:0045638,M1,1,0,GO Biological Processes,19,negative regulation of myeloid cell differentiation,19_GO:0002376 immune system process,-4.7943999376620585,3.8352504973774644,5.530665179116855,30293,97,1140,14,1.2280701754385965,0.32619397574769193,677|714|3149|4067|6422|7098|7099|7130|8111|8451|9646|10519|11006|151176,ZFP36L1|C1QC|HMGB3|LYN|SFRP1|TLR3|TLR4|TNFAIP6|GPR68|CUL4A|CTR9|CIB1|LILRB4|ERFE,-2.8081807574114745,0,33,0,0,-5.625168405350575,4.920890188434048,
1,-4.693486383824598,GO:1902106,M1,1,0,GO Biological Processes,19,negative regulation of leukocyte differentiation,19_GO:0002376 immune system process,-4.693486383824598,3.558858082706767,5.364919034942587,30293,112,1140,15,1.3157894736842106,0.3374928789753796,430|714|865|3149|4067|6422|7098|7099|7130|8111|8451|11006|28959|55365|151176,ASCL2|C1QC|CBFB|HMGB3|LYN|SFRP1|TLR3|TLR4|TNFAIP6|GPR68|CUL4A|LILRB4|TMEM176B|TMEM176A|ERFE,-2.7361156893223306,0,33,0,0,-5.625168405350575,4.920890188434048,
1,-4.583871417221496,GO:0002761,M1,1,0,GO Biological Processes,19,regulation of myeloid leukocyte differentiation,19_GO:0002376 immune system process,-4.583871417221496,3.321600877192982,5.2049391020465885,30293,128,1140,16,1.4035087719298245,0.3484061960898092,677|714|2124|4067|6422|7098|7099|7130|8111|8451|8792|11006|84293|146433|151176|399665,ZFP36L1|C1QC|EVI2B|LYN|SFRP1|TLR3|TLR4|TNFAIP6|GPR68|CUL4A|TNFRSF11A|LILRB4|PRXL2A|IL34|ERFE|EEIG1,-2.67121045768871,0,33,0,0,-5.625168405350575,4.920890188434048,
1,-4.537336272917456,GO:0002762,M1,1,0,GO Biological Processes,19,negative regulation of myeloid leukocyte differentiation,19_GO:0002376 immune system process,-4.537336272917456,4.920890188434048,5.702596196998492,30293,54,1140,10,0.8771929824561403,0.2761734623942493,714|4067|6422|7098|7099|7130|8111|8451|11006|151176,C1QC|LYN|SFRP1|TLR3|TLR4|TNFAIP6|GPR68|CUL4A|LILRB4|ERFE,-2.6431587190786825,0,33,0,0,-5.625168405350575,4.920890188434048,
1,-4.522609763836116,GO:1903706,M1,1,0,GO Biological Processes,19,regulation of hemopoiesis,19_GO:0002376 immune system process,-4.522609763836116,2.1409370582855245,4.66732243472069,30293,422,1140,34,2.982456140350877,0.5038018350032145,430|677|678|714|865|1050|2124|3149|4067|4860|5764|5788|6422|6655|7098|7099|7130|8111|8451|8792|9308|9646|10519|11006|28959|53342|55170|55365|57630|84293|85477|146433|151176|399665,ASCL2|ZFP36L1|ZFP36L2|C1QC|CBFB|CEBPA|EVI2B|HMGB3|LYN|PNP|PTN|PTPRC|SFRP1|SOS2|TLR3|TLR4|TNFAIP6|GPR68|CUL4A|TNFRSF11A|CD83|CTR9|CIB1|LILRB4|TMEM176B|IL17D|PRMT6|TMEM176A|SH3RF1|PRXL2A|SCIN|IL34|ERFE|EEIG1,-2.6349397023646923,0,33,0,0,-5.625168405350575,4.920890188434048,
1,-4.077625642405599,GO:0045637,M1,1,0,GO Biological Processes,19,regulation of myeloid cell differentiation,19_GO:0002376 immune system process,-4.077625642405599,2.55976581361661,4.570456708295522,30293,218,1140,21,1.8421052631578947,0.3982606641287987,677|714|2124|3149|4067|6422|7098|7099|7130|8111|8451|8792|9646|10519|11006|55170|84293|85477|146433|151176|399665,ZFP36L1|C1QC|EVI2B|HMGB3|LYN|SFRP1|TLR3|TLR4|TNFAIP6|GPR68|CUL4A|TNFRSF11A|CTR9|CIB1|LILRB4|PRMT6|PRXL2A|SCIN|IL34|ERFE|EEIG1,-2.311766565826507,0,33,0,0,-5.625168405350575,4.920890188434048,
1,-3.917005313554216,GO:1902105,M1,1,0,GO Biological Processes,19,regulation of leukocyte differentiation,19_GO:0002376 immune system process,-3.917005313554216,2.2008153051340003,4.310604263833159,30293,326,1140,27,2.3684210526315788,0.45037283480897017,430|677|678|714|865|2124|3149|4067|4860|5788|6422|6655|7098|7099|7130|8111|8451|8792|9308|11006|28959|55365|57630|84293|146433|151176|399665,ASCL2|ZFP36L1|ZFP36L2|C1QC|CBFB|EVI2B|HMGB3|LYN|PNP|PTPRC|SFRP1|SOS2|TLR3|TLR4|TNFAIP6|GPR68|CUL4A|TNFRSF11A|CD83|LILRB4|TMEM176B|TMEM176A|SH3RF1|PRXL2A|IL34|ERFE|EEIG1,-2.18357132692997,0,33,0,0,-5.625168405350575,4.920890188434048,
1,-3.5025925432034537,GO:0045670,M1,1,0,GO Biological Processes,19,regulation of osteoclast differentiation,19_GO:0002376 immune system process,-3.5025925432034537,3.7426488757104024,4.575226071272057,30293,71,1140,10,0.8771929824561403,0.2761734623942493,6422|7098|7099|7130|8111|8792|11006|84293|151176|399665,SFRP1|TLR3|TLR4|TNFAIP6|GPR68|TNFRSF11A|LILRB4|PRXL2A|ERFE|EEIG1,-1.886215144310187,0,33,0,0,-5.625168405350575,4.920890188434048,
1,-2.8867205716402697,GO:0045671,M1,1,0,GO Biological Processes,19,negative regulation of osteoclast differentiation,19_GO:0002376 immune system process,-2.8867205716402697,4.831419457735247,4.354687372214433,30293,33,1140,6,0.5263157894736842,0.21430133448577773,6422|7098|7099|7130|11006|151176,SFRP1|TLR3|TLR4|TNFAIP6|LILRB4|ERFE,-1.4448406887961271,0,33,0,0,-5.625168405350575,4.920890188434048,
1,-5.620427159253198,GO:0030010,M1,1,0,GO Biological Processes,19,establishment of cell polarity,19_GO:0009987 cellular process,-5.620427159253198,3.6235645933014355,5.973524261173617,30293,132,1140,18,1.5789473684210527,0.3692116566580194,2195|2697|4134|4983|5080|6494|6993|7474|10758|22919|23286|55083|55612|55968|81624|117583|284217|388585,FAT1|GJA1|MAP4|OPHN1|PAX6|SIPA1|DYNLT1|WNT5A|TRAF3IP2|MAPRE1|WWC1|KIF26B|FERMT1|NSFL1C|DIAPH3|PARD3B|LAMA1|HES5,-3.3824676293294935,0,34,1,1,-5.620427159253198,3.7961152882205518,
1,-5.03496832426675,GO:0007163,M1,1,0,GO Biological Processes,19,establishment or maintenance of cell polarity,19_GO:0009987 cellular process,-5.03496832426675,2.879811597960418,5.3140547341314885,30293,203,1140,22,1.9298245614035088,0.407450603294495,358|1740|2195|2697|4134|4983|5080|6494|6993|7474|7477|10758|22919|23286|55083|55612|55968|57381|81624|117583|284217|388585,AQP1|DLG2|FAT1|GJA1|MAP4|OPHN1|PAX6|SIPA1|DYNLT1|WNT5A|WNT7B|TRAF3IP2|MAPRE1|WWC1|KIF26B|FERMT1|NSFL1C|RHOJ|DIAPH3|PARD3B|LAMA1|HES5,-2.9578600868419898,0,34,0,0,-5.620427159253198,3.7961152882205518,
1,-2.3358414008575954,GO:0051294,M1,1,0,GO Biological Processes,19,establishment of spindle orientation,19_GO:0051179 localization,-2.3358414008575954,3.7961152882205518,3.5857881273096073,30293,42,1140,6,0.5263157894736842,0.21430133448577773,2697|4134|5080|6993|22919|55968,GJA1|MAP4|PAX6|DYNLT1|MAPRE1|NSFL1C,-1.0448533434877547,0,34,0,0,-5.620427159253198,3.7961152882205518,
1,-2.022029588843763,GO:0000132,M1,1,0,GO Biological Processes,19,establishment of mitotic spindle orientation,19_GO:0051179 localization,-2.022029588843763,3.796115288220551,3.2729830817675754,30293,35,1140,5,0.43859649122807015,0.19571569570288536,2697|5080|6993|22919|55968,GJA1|PAX6|DYNLT1|MAPRE1|NSFL1C,-0.8227313232388545,0,34,0,0,-5.620427159253198,3.7961152882205518,
1,-5.608071189934078,GO:0007264,M1,1,0,GO Biological Processes,19,small GTPase mediated signal transduction,19_GO:0050896 response to stimulus,-5.608071189934078,2.7384190437926876,5.588496625018381,30293,262,1140,27,2.3684210526315788,0.45037283480897017,199|392|393|613|1718|1796|2059|2247|2768|4893|6016|6655|9077|9289|10160|11021|11188|22808|23179|23348|23580|28988|57139|57381|57514|64121|220164,AIF1|ARHGAP1|ARHGAP4|BCR|DHCR24|DOK1|EPS8|FGF2|GNA12|NRAS|RIT1|SOS2|DIRAS3|ADGRG1|FARP1|RAB35|NISCH|MRAS|RGL1|DOCK9|CDC42EP4|DBNL|RGL3|RHOJ|ARHGAP31|RRAGC|DOK6,-3.3812674008961925,0,35,1,1,-5.608071189934078,3.060742169560026,
1,-5.46523564083579,GO:0007265,M1,1,0,GO Biological Processes,19,Ras protein signal transduction,19_GO:0050896 response to stimulus,-5.46523564083579,3.060742169560026,5.649596610081072,30293,191,1140,22,1.9298245614035088,0.407450603294495,199|392|393|1718|1796|2059|2247|2768|4893|6016|6655|9289|10160|11021|11188|22808|23179|23580|28988|57139|57381|220164,AIF1|ARHGAP1|ARHGAP4|DHCR24|DOK1|EPS8|FGF2|GNA12|NRAS|RIT1|SOS2|ADGRG1|FARP1|RAB35|NISCH|MRAS|RGL1|CDC42EP4|DBNL|RGL3|RHOJ|DOK6,-3.278982933985962,0,35,0,0,-5.608071189934078,3.060742169560026,
1,-5.60450367399919,GO:0009410,M1,1,0,GO Biological Processes,19,response to xenobiotic stimulus,19_GO:0050896 response to stimulus,-5.60450367399919,2.3079668066880816,5.376262863780581,30293,426,1140,37,3.245614035087719,0.524845334815129,9|30|445|590|670|952|1536|1573|1645|2052|2768|2950|3784|4067|4129|4646|4860|5021|5080|5727|6422|6609|6720|7098|7345|7372|7409|7852|8321|10628|10715|10758|27233|51083|54498|55315|63826,NAT1|ACAA1|ASS1|BCHE|BPHL|CD38|CYBB|CYP2J2|AKR1C1|EPHX1|GNA12|GSTP1|KCNQ1|LYN|MAOB|MYO6|PNP|OXTR|PAX6|PTCH1|SFRP1|SMPD1|SREBF1|TLR3|UCHL1|UMPS|VAV1|CXCR4|FZD1|TXNIP|CERS1|TRAF3IP2|SULT1C4|GAL|SMOX|SLC29A3|SRR,-3.3812674008961925,0,36,1,1,-5.60450367399919,2.6296006944444446,
1,-3.901075637053075,GO:0071466,M1,1,0,GO Biological Processes,19,cellular response to xenobiotic stimulus,19_GO:0050896 response to stimulus,-3.901075637053075,2.6296006944444446,4.479361644887209,30293,192,1140,19,1.6666666666666667,0.3791598386378328,9|30|590|670|1573|1645|2052|2950|3784|5080|7098|7345|7372|7409|7852|10715|27233|54498|55315,NAT1|ACAA1|BCHE|BPHL|CYP2J2|AKR1C1|EPHX1|GSTP1|KCNQ1|PAX6|TLR3|UCHL1|UMPS|VAV1|CXCR4|CERS1|SULT1C4|SMOX|SLC29A3,-2.1784417145192627,0,36,0,0,-5.60450367399919,2.6296006944444446,
1,-2.1158944329148373,GO:0006805,M1,1,0,GO Biological Processes,19,xenobiotic metabolic process,19_GO:0050896 response to stimulus,-2.1158944329148373,2.33840701754386,2.9651367348282873,30293,125,1140,11,0.9649122807017544,0.2895249775013002,9|30|590|670|1573|1645|2052|2950|27233|54498|55315,NAT1|ACAA1|BCHE|BPHL|CYP2J2|AKR1C1|EPHX1|GSTP1|SULT1C4|SMOX|SLC29A3,-0.8873174113427285,0,36,0,0,-5.60450367399919,2.6296006944444446,
1,-5.5645875181248865,GO:0034330,M1,1,0,GO Biological Processes,19,cell junction organization,19_GO:0009987 cellular process,-5.5645875181248865,2.143772423554195,5.268191289982333,30293,533,1140,43,3.7719298245614037,0.5642612993176593,71|288|348|613|712|713|714|718|869|1006|1009|1501|1524|1948|2556|2697|3691|3987|4868|4983|5098|5792|5872|6623|7205|7248|7430|7474|7477|8321|8829|8934|9414|10160|10882|10979|11079|27253|28988|54549|63827|66000|144100,ACTG1|ANK3|APOE|BCR|C1QA|C1QB|C1QC|C3|CBLN1|CDH8|CDH11|CTNND2|CX3CR1|EFNB2|GABRA3|GJA1|ITGB4|LIMS1|NPHS1|OPHN1|PCDHGC3|PTPRF|RAB13|SNCG|TRIP6|TSC1|EZR|WNT5A|WNT7B|FZD1|NRP1|RAB29|TJP2|FARP1|C1QL1|FERMT2|RER1|PCDH17|DBNL|SDK2|BCAN|TMEM108|PLEKHA7,-3.3508965629281193,0,37,1,1,-5.5645875181248865,2.3655317819771984,
1,-4.871482946479335,GO:0050808,M1,1,0,GO Biological Processes,19,synapse organization,19_GO:0009987 cellular process,-4.871482946479335,2.3655317819771984,4.984821661356649,30293,337,1140,30,2.6315789473684212,0.4740944155917378,71|288|348|712|713|714|718|869|1501|1524|2556|4983|5098|5792|6623|7248|7430|7474|7477|8321|8829|8934|10160|10882|11079|27253|28988|54549|63827|66000,ACTG1|ANK3|APOE|C1QA|C1QB|C1QC|C3|CBLN1|CTNND2|CX3CR1|GABRA3|OPHN1|PCDHGC3|PTPRF|SNCG|TSC1|EZR|WNT5A|WNT7B|FZD1|NRP1|RAB29|FARP1|C1QL1|RER1|PCDH17|DBNL|SDK2|BCAN|TMEM108,-2.8432232765923926,0,37,0,0,-5.5645875181248865,2.3655317819771984,
1,-2.2596597677392505,GO:0034329,M1,1,0,GO Biological Processes,19,cell junction assembly,19_GO:0009987 cellular process,-2.2596597677392505,1.8779368916992125,2.934257966305349,30293,283,1140,20,1.7543859649122806,0.38883623754641444,71|613|869|1006|1009|2556|2697|3691|4868|4983|5872|7205|7474|8321|8934|10160|10979|27253|28988|54549,ACTG1|BCR|CBLN1|CDH8|CDH11|GABRA3|GJA1|ITGB4|NPHS1|OPHN1|RAB13|TRIP6|WNT5A|FZD1|RAB29|FARP1|FERMT2|PCDH17|DBNL|SDK2,-0.9928053900861293,0,37,0,0,-5.5645875181248865,2.3655317819771984,
1,-5.557980462926261,GO:0071345,M1,1,0,GO Biological Processes,19,cellular response to cytokine stimulus,19_GO:0050896 response to stimulus,-5.557980462926261,1.9496352974828373,5.157513264108034,30293,736,1140,54,4.7368421052631575,0.6291504557429093,71|199|330|361|445|677|678|834|1050|1438|1524|1796|1809|2059|2635|2840|3597|3987|4067|4501|4502|4504|4772|5080|5245|6404|6422|6662|6723|6751|6776|6810|6814|7098|7099|7114|7474|7852|8792|9646|10413|10519|10758|11006|22808|23580|29887|54756|55022|55540|80258|81848|90865|146433,ACTG1|AIF1|BIRC3|AQP4|ASS1|ZFP36L1|ZFP36L2|CASP1|CEBPA|CSF2RA|CX3CR1|DOK1|DPYSL3|EPS8|GBP3|GPR17|IL13RA1|LIMS1|LYN|MT1X|MT2A|MT3|NFATC1|PAX6|PHB1|SELPLG|SFRP1|SOX9|SRM|SSTR1|STAT5A|STX4|STXBP3|TLR3|TLR4|TMSB4X|WNT5A|CXCR4|TNFRSF11A|CTR9|YAP1|CIB1|TRAF3IP2|LILRB4|MRAS|CDC42EP4|SNX10|IL17RD|PID1|IL17RB|EFHC2|SPRY4|IL33|IL34,-3.348984628937873,0,38,1,1,-5.557980462926261,2.178098935864251,
1,-2.6051428746422727,GO:0034612,M1,1,0,GO Biological Processes,19,response to tumor necrosis factor,19_GO:0050896 response to stimulus,-2.6051428746422727,2.161424494249979,3.3317400352087474,30293,209,1140,17,1.4912280701754386,0.3589690963831384,330|445|677|678|1050|1524|2635|3987|4772|6422|6609|7114|8792|10519|10758|55022|349565,BIRC3|ASS1|ZFP36L1|ZFP36L2|CEBPA|CX3CR1|GBP3|LIMS1|NFATC1|SFRP1|SMPD1|TMSB4X|TNFRSF11A|CIB1|TRAF3IP2|PID1|NMNAT3,-1.2294005746837633,0,38,0,0,-5.557980462926261,2.178098935864251,
1,-2.3951495046868283,GO:0071356,M1,1,0,GO Biological Processes,19,cellular response to tumor necrosis factor,19_GO:0050896 response to stimulus,-2.3951495046868283,2.178098935864251,3.161016073877806,30293,183,1140,15,1.3157894736842106,0.3374928789753796,330|445|677|678|1050|1524|2635|3987|4772|6422|7114|8792|10519|10758|55022,BIRC3|ASS1|ZFP36L1|ZFP36L2|CEBPA|CX3CR1|GBP3|LIMS1|NFATC1|SFRP1|TMSB4X|TNFRSF11A|CIB1|TRAF3IP2|PID1,-1.0921525398439722,0,38,0,0,-5.557980462926261,2.178098935864251,
1,-5.509175162735811,GO:0001501,M1,1,0,GO Biological Processes,19,skeletal system development,19_GO:0032502 developmental process,-5.509175162735811,2.1789701754385966,5.256606601485392,30293,500,1140,41,3.5964912280701755,0.5514847373096254,655|1009|1462|2247|2261|2662|2697|2734|3638|4087|5052|5125|5156|5358|5396|5636|5788|5950|6422|6660|6662|6664|7045|7227|7474|7477|8111|11061|25976|29887|55636|55959|57326|57599|63827|64131|202018|202151|285590|388585|389058,BMP7|CDH11|VCAN|FGF2|FGFR3|GDF10|GJA1|GLG1|INSIG1|SMAD2|PRDX1|PCSK5|PDGFRA|PLS3|PRRX1|PRPSAP2|PTPRC|RBP4|SFRP1|SOX5|SOX9|SOX11|TGFBI|TRPS1|WNT5A|WNT7B|GPR68|CNMD|TIPARP|SNX10|CHD7|SULF2|PBXIP1|WDR48|BCAN|XYLT1|TAPT1|RANBP3L|SH3PXD2B|HES5|SP5,-3.3139676132330576,0,39,1,1,-5.509175162735811,2.1789701754385966,
1,-2.2235380905333586,GO:0051216,M1,1,0,GO Biological Processes,19,cartilage development,19_GO:0032502 developmental process,-2.2235380905333586,2.1504005678937226,3.0006782382089194,30293,173,1140,14,1.2280701754385965,0.32619397574769193,655|2247|2261|5396|6660|6662|7045|7474|7477|11061|55959|57326|202018|388585,BMP7|FGF2|FGFR3|PRRX1|SOX5|SOX9|TGFBI|WNT5A|WNT7B|CNMD|SULF2|PBXIP1|TAPT1|HES5,-0.9698212688197365,0,39,0,0,-5.509175162735811,2.1789701754385966,
1,-2.187063556300136,GO:0061448,M1,1,0,GO Biological Processes,19,connective tissue development,19_GO:0032502 developmental process,-2.187063556300136,1.9640770404271548,2.902246347075664,30293,230,1140,17,1.4912280701754386,0.3589690963831384,655|2247|2261|3400|5396|6660|6662|7045|7314|7474|7477|11061|55959|57326|202018|285590|388585,BMP7|FGF2|FGFR3|ID4|PRRX1|SOX5|SOX9|TGFBI|UBB|WNT5A|WNT7B|CNMD|SULF2|PBXIP1|TAPT1|SH3PXD2B|HES5,-0.9410426444468185,0,39,0,0,-5.509175162735811,2.1789701754385966,
1,-2.1641416943577707,GO:0060348,M1,1,0,GO Biological Processes,19,bone development,19_GO:0032502 developmental process,-2.1641416943577707,2.0545984807379276,2.9139812049456824,30293,194,1140,15,1.3157894736842106,0.3374928789753796,2261|2697|2734|3638|5358|5636|5788|6662|8111|29887|55959|64131|202151|285590|389058,FGFR3|GJA1|GLG1|INSIG1|PLS3|PRPSAP2|PTPRC|SOX9|GPR68|SNX10|SULF2|XYLT1|RANBP3L|SH3PXD2B|SP5,-0.9236790192802625,0,39,0,0,-5.509175162735811,2.1789701754385966,
1,-5.44095313833056,GO:0051640,M1,1,0,GO Biological Processes,19,organelle localization,19_GO:0051179 localization,-5.44095313833056,2.1199085375777105,5.187749917609013,30293,539,1140,43,3.7719298245614037,0.5642612993176593,136|1176|2054|2697|3281|4067|4134|4935|5080|5293|5872|6284|6810|6814|6993|7013|7314|7345|7430|7462|8673|10972|22919|23673|26001|29058|29082|51115|51134|51693|55968|63971|79090|79443|81620|84062|94121|115827|117583|118426|152185|282991|284021,ADORA2B|AP3S1|STX2|GJA1|HSBP1|LYN|MAP4|GPR143|PAX6|PIK3CD|RAB13|S100A13|STX4|STXBP3|DYNLT1|TERF1|UBB|UCHL1|EZR|LAT2|VAMP8|TMED10|MAPRE1|STX12|RNF167|TMEM230|CHMP4A|RMDN1|CEP83|TRAPPC2L|NSFL1C|KIF13A|TRAPPC6A|FYCO1|CDT1|DTNBP1|SYTL4|RAB3C|PARD3B|BORCS5|SPICE1|BLOC1S2|MILR1,-3.2634743557882375,0,40,1,1,-5.44095313833056,2.2198413724729513,
1,-4.845472779524322,GO:0051656,M1,1,0,GO Biological Processes,19,establishment of organelle localization,19_GO:0051179 localization,-4.845472779524322,2.2198413724729513,4.89938356378029,30293,407,1140,34,2.982456140350877,0.5038018350032145,136|1176|2697|3281|4067|4134|4935|5080|5293|6284|6993|7013|7314|7345|7430|7462|10972|22919|29058|29082|51115|51134|51693|55968|63971|79090|79443|81620|84062|117583|118426|152185|282991|284021,ADORA2B|AP3S1|GJA1|HSBP1|LYN|MAP4|GPR143|PAX6|PIK3CD|S100A13|DYNLT1|TERF1|UBB|UCHL1|EZR|LAT2|TMED10|MAPRE1|TMEM230|CHMP4A|RMDN1|CEP83|TRAPPC2L|NSFL1C|KIF13A|TRAPPC6A|FYCO1|CDT1|DTNBP1|PARD3B|BORCS5|SPICE1|BLOC1S2|MILR1,-2.835311331730176,0,40,0,0,-5.44095313833056,2.2198413724729513,
1,-5.327654090030083,GO:0001952,M1,1,0,GO Biological Processes,19,regulation of cell-matrix adhesion,19_GO:0050789 regulation of biological process,-5.327654090030083,3.613901754385965,5.790896200906945,30293,125,1140,17,1.4912280701754386,0.3589690963831384,71|780|1307|2824|3175|3987|5786|6422|7248|8631|8829|10519|10979|11170|30008|54361|55612,ACTG1|DDR1|COL16A1|GPM6B|ONECUT1|LIMS1|PTPRA|SFRP1|TSC1|SKAP1|NRP1|CIB1|FERMT2|FAM107A|EFEMP2|WNT4|FERMT1,-3.158775479249678,0,41,1,1,-5.327654090030083,7.154217273954116,
1,-5.1921550095100075,GO:0001954,M1,1,0,GO Biological Processes,19,positive regulation of cell-matrix adhesion,19_GO:0048518 positive regulation of biological process,-5.1921550095100075,5.219658521303258,6.249952889881769,30293,56,1140,11,0.9649122807017544,0.2895249775013002,1307|3987|6422|7248|8631|8829|10519|10979|30008|54361|55612,COL16A1|LIMS1|SFRP1|TSC1|SKAP1|NRP1|CIB1|FERMT2|EFEMP2|WNT4|FERMT1,-3.0667968574959654,0,41,0,0,-5.327654090030083,7.154217273954116,
1,-4.943416349965126,GO:0010810,M1,1,0,GO Biological Processes,19,regulation of cell-substrate adhesion,19_GO:0050789 regulation of biological process,-4.943416349965126,2.765495752957053,5.209024871865625,30293,221,1140,23,2.017543859649123,0.41642157992527234,71|780|1307|2824|3175|3987|5786|6239|6251|6422|6480|7248|8631|8829|10519|10979|11170|23189|30008|54361|55612|81848|151887,ACTG1|DDR1|COL16A1|GPM6B|ONECUT1|LIMS1|PTPRA|RREB1|RSU1|SFRP1|ST6GAL1|TSC1|SKAP1|NRP1|CIB1|FERMT2|FAM107A|KANK1|EFEMP2|WNT4|FERMT1|SPRY4|CCDC80,-2.9058166538240404,0,41,0,0,-5.327654090030083,7.154217273954116,
1,-4.680060623965527,GO:0051893,M1,1,0,GO Biological Processes,19,regulation of focal adhesion assembly,19_GO:0050789 regulation of biological process,-4.680060623965527,4.639696463380674,5.718618715312999,30293,63,1140,11,0.9649122807017544,0.2895249775013002,71|1307|2824|3987|5786|6422|7248|8829|10979|11170|54361,ACTG1|COL16A1|GPM6B|LIMS1|PTPRA|SFRP1|TSC1|NRP1|FERMT2|FAM107A|WNT4,-2.7330307628014787,0,41,0,0,-5.327654090030083,7.154217273954116,
1,-4.680060623965527,GO:0090109,M1,1,0,GO Biological Processes,19,regulation of cell-substrate junction assembly,19_GO:0050789 regulation of biological process,-4.680060623965527,4.639696463380674,5.718618715312999,30293,63,1140,11,0.9649122807017544,0.2895249775013002,71|1307|2824|3987|5786|6422|7248|8829|10979|11170|54361,ACTG1|COL16A1|GPM6B|LIMS1|PTPRA|SFRP1|TSC1|NRP1|FERMT2|FAM107A|WNT4,-2.7330307628014787,0,41,0,0,-5.327654090030083,7.154217273954116,
1,-4.43398509940097,GO:0051894,M1,1,0,GO Biological Processes,19,positive regulation of focal adhesion assembly,19_GO:0048518 positive regulation of biological process,-4.43398509940097,7.154217273954116,6.207969634242182,30293,26,1140,7,0.6140350877192983,0.23136981425843328,1307|3987|6422|7248|8829|10979|54361,COL16A1|LIMS1|SFRP1|TSC1|NRP1|FERMT2|WNT4,-2.5840643256091043,0,41,0,0,-5.327654090030083,7.154217273954116,
1,-4.358401403923917,GO:0150116,M1,1,0,GO Biological Processes,19,regulation of cell-substrate junction organization,19_GO:0050789 regulation of biological process,-4.358401403923917,4.298542311661507,5.3847821056424365,30293,68,1140,11,0.9649122807017544,0.2895249775013002,71|1307|2824|3987|5786|6422|7248|8829|10979|11170|54361,ACTG1|COL16A1|GPM6B|LIMS1|PTPRA|SFRP1|TSC1|NRP1|FERMT2|FAM107A|WNT4,-2.521366736221713,0,41,0,0,-5.327654090030083,7.154217273954116,
1,-3.903628235438452,GO:0150117,M1,1,0,GO Biological Processes,19,positive regulation of cell-substrate junction organization,19_GO:0048518 positive regulation of biological process,-3.903628235438452,6.000311262026033,5.508125745581486,30293,31,1140,7,0.6140350877192983,0.23136981425843328,1307|3987|6422|7248|8829|10979|54361,COL16A1|LIMS1|SFRP1|TSC1|NRP1|FERMT2|WNT4,-2.1784417145192627,0,41,0,0,-5.327654090030083,7.154217273954116,
1,-3.7081310546852784,GO:1901888,M1,1,0,GO Biological Processes,19,regulation of cell junction assembly,19_GO:0050789 regulation of biological process,-3.7081310546852784,2.4718890248878007,4.282965665647245,30293,215,1140,20,1.7543859649122806,0.38883623754641444,71|187|869|1307|2824|3987|5021|5786|6422|7248|7474|8321|8829|10160|10979|11170|54361|57633|266727|347902,ACTG1|APLNR|CBLN1|COL16A1|GPM6B|LIMS1|OXTR|PTPRA|SFRP1|TSC1|WNT5A|FZD1|NRP1|FARP1|FERMT2|FAM107A|WNT4|LRRN1|MDGA1|AMIGO2,-2.0248068661613985,0,41,0,0,-5.327654090030083,7.154217273954116,
1,-3.611956042949223,GO:0010811,M1,1,0,GO Biological Processes,19,positive regulation of cell-substrate adhesion,19_GO:0048518 positive regulation of biological process,-3.611956042949223,3.0001556310130164,4.413355865870793,30293,124,1140,14,1.2280701754385965,0.32619397574769193,1307|3987|6239|6251|6422|7248|8631|8829|10519|10979|30008|54361|55612|151887,COL16A1|LIMS1|RREB1|RSU1|SFRP1|TSC1|SKAP1|NRP1|CIB1|FERMT2|EFEMP2|WNT4|FERMT1|CCDC80,-1.969372184033091,0,41,0,0,-5.327654090030083,7.154217273954116,
1,-2.6596563834637053,GO:1900024,M1,1,0,GO Biological Processes,19,regulation of substrate adhesion-dependent cell spreading,19_GO:0050789 regulation of biological process,-2.6596563834637053,3.428749292586304,3.785533106324064,30293,62,1140,8,0.7017543859649122,0.24723555672122605,3987|6239|6480|8829|10519|10979|23189|81848,LIMS1|RREB1|ST6GAL1|NRP1|CIB1|FERMT2|KANK1|SPRY4,-1.2703459720625505,0,41,0,0,-5.327654090030083,7.154217273954116,
1,-2.597549775631393,GO:1901890,M1,1,0,GO Biological Processes,19,positive regulation of cell junction assembly,19_GO:0048518 positive regulation of biological process,-2.597549775631393,2.7064896036387265,3.513133940561075,30293,108,1140,11,0.9649122807017544,0.2895249775013002,869|1307|3987|5021|6422|7248|8829|10979|54361|57633|347902,CBLN1|COL16A1|LIMS1|OXTR|SFRP1|TSC1|NRP1|FERMT2|WNT4|LRRN1|AMIGO2,-1.2294005746837633,0,41,0,0,-5.327654090030083,7.154217273954116,
1,-5.261699001901576,GO:0007018,M1,1,0,GO Biological Processes,19,microtubule-based movement,19_GO:0009987 cellular process,-5.261699001901576,2.3225589681143735,5.191585094139274,30293,389,1140,34,2.982456140350877,0.5038018350032145,361|493|1176|1740|1767|1781|3281|3796|4134|5874|6993|7314|7345|7802|25911|27152|55083|63971|64792|66000|79443|79645|81892|84062|118426|118491|127602|127829|144132|144406|161582|219670|221421|282991,AQP4|ATP2B4|AP3S1|DLG2|DNAH5|DYNC1I2|HSBP1|KIF2A|MAP4|RAB27B|DYNLT1|UBB|UCHL1|DNALI1|DPCD|INTU|KIF26B|KIF13A|IFT22|TMEM108|FYCO1|CLXN|SLIRP|DTNBP1|BORCS5|CFAP70|DNAH14|ARL8A|DNHD1|CFAP251|DNAAF4|ENKUR|RSPH9|BLOC1S2,-3.1095260846240236,0,42,1,1,-5.261699001901576,3.9205780845556517,
1,-3.959531992418185,GO:0099111,M1,1,0,GO Biological Processes,19,microtubule-based transport,19_GO:0051179 localization,-3.959531992418185,2.5798841764605687,4.49929210960133,30293,206,1140,20,1.7543859649122806,0.38883623754641444,361|1176|1740|1767|1781|3281|5874|7314|7345|25911|27152|63971|64792|66000|79443|84062|118426|127829|161582|282991,AQP4|AP3S1|DLG2|DNAH5|DYNC1I2|HSBP1|RAB27B|UBB|UCHL1|DPCD|INTU|KIF13A|IFT22|TMEM108|FYCO1|DTNBP1|BORCS5|ARL8A|DNAAF4|BLOC1S2,-2.220501097594755,0,42,0,0,-5.261699001901576,3.9205780845556517,
1,-3.35908686901937,GO:0098930,M1,1,0,GO Biological Processes,19,axonal transport,19_GO:0051179 localization,-3.35908686901937,3.9205780845556517,4.515180053416528,30293,61,1140,9,0.7894736842105263,0.2621170552142749,1176|1740|3281|5874|7345|66000|84062|127829|282991,AP3S1|DLG2|HSBP1|RAB27B|UCHL1|TMEM108|DTNBP1|ARL8A|BLOC1S2,-1.7922682495669273,0,42,0,0,-5.261699001901576,3.9205780845556517,
1,-3.282525751805604,GO:0010970,M1,1,0,GO Biological Processes,19,transport along microtubule,19_GO:0051179 localization,-3.282525751805604,2.576757044125465,4.016024689457284,30293,165,1140,16,1.4035087719298245,0.3484061960898092,1176|1740|1781|3281|5874|7314|7345|27152|63971|64792|66000|79443|84062|118426|127829|282991,AP3S1|DLG2|DYNC1I2|HSBP1|RAB27B|UBB|UCHL1|INTU|KIF13A|IFT22|TMEM108|FYCO1|DTNBP1|BORCS5|ARL8A|BLOC1S2,-1.7385154248428683,0,42,0,0,-5.261699001901576,3.9205780845556517,
1,-2.976232809124562,GO:0030705,M1,1,0,GO Biological Processes,19,cytoskeleton-dependent intracellular transport,19_GO:0051179 localization,-2.976232809124562,2.3406099445504953,3.6946441597272432,30293,193,1140,17,1.4912280701754386,0.3589690963831384,1176|1740|1781|3281|4651|5874|7314|7345|27152|63971|64792|66000|79443|84062|118426|127829|282991,AP3S1|DLG2|DYNC1I2|HSBP1|MYO10|RAB27B|UBB|UCHL1|INTU|KIF13A|IFT22|TMEM108|FYCO1|DTNBP1|BORCS5|ARL8A|BLOC1S2,-1.5097171455775154,0,42,0,0,-5.261699001901576,3.9205780845556517,
1,-2.8279197106078886,GO:0008088,M1,1,0,GO Biological Processes,19,axo-dendritic transport,19_GO:0051179 localization,-2.8279197106078886,3.321600877192983,3.9000858359654487,30293,72,1140,9,0.7894736842105263,0.2621170552142749,1176|1740|3281|5874|7345|66000|84062|127829|282991,AP3S1|DLG2|HSBP1|RAB27B|UCHL1|TMEM108|DTNBP1|ARL8A|BLOC1S2,-1.3978527359519894,0,42,0,0,-5.261699001901576,3.9205780845556517,
1,-2.43545673687582,GO:0072384,M1,1,0,GO Biological Processes,19,organelle transport along microtubule,19_GO:0051179 localization,-2.43545673687582,2.916527599486521,3.436483214930563,30293,82,1140,9,0.7894736842105263,0.2621170552142749,1176|3281|7314|7345|63971|79443|84062|118426|282991,AP3S1|HSBP1|UBB|UCHL1|KIF13A|FYCO1|DTNBP1|BORCS5|BLOC1S2,-1.1159132190529268,0,42,0,0,-5.261699001901576,3.9205780845556517,
1,-2.093532554159584,GO:0008089,M1,1,0,GO Biological Processes,19,anterograde axonal transport,19_GO:0051179 localization,-2.093532554159584,3.392273236282195,3.2456412182874392,30293,47,1140,6,0.5263157894736842,0.21430133448577773,1176|1740|5874|84062|127829|282991,AP3S1|DLG2|RAB27B|DTNBP1|ARL8A|BLOC1S2,-0.8702962810565865,0,42,0,0,-5.261699001901576,3.9205780845556517,
1,-5.2517178757522505,GO:0048598,M1,1,0,GO Biological Processes,19,embryonic morphogenesis,19_GO:0032502 developmental process,-5.2517178757522505,2.044062078272604,5.0424583622740755,30293,585,1140,45,3.9473684210526314,0.5767080843967279,187|190|613|655|677|2139|2202|2247|2535|2697|2768|3281|3638|3689|3691|3784|4087|4646|5080|5156|5396|5727|5950|6299|6422|6657|6662|6664|7248|7474|7477|7545|8321|8613|8862|9646|10413|25949|27152|54361|55636|57216|79971|221074|388585,APLNR|NR0B1|BCR|BMP7|ZFP36L1|EYA2|EFEMP1|FGF2|FZD2|GJA1|GNA12|HSBP1|INSIG1|ITGB2|ITGB4|KCNQ1|SMAD2|MYO6|PAX6|PDGFRA|PRRX1|PTCH1|RBP4|SALL1|SFRP1|SOX2|SOX9|SOX11|TSC1|WNT5A|WNT7B|ZIC1|FZD1|PLPP3|APLN|CTR9|YAP1|SYF2|INTU|WNT4|CHD7|VANGL2|WLS|SLC39A12|HES5,-3.1036228708951374,0,43,1,1,-5.2517178757522505,2.5307435254803674,
1,-5.017277692141011,GO:0007423,M1,1,0,GO Biological Processes,19,sensory organ development,19_GO:0032502 developmental process,-5.017277692141011,2.0193497560827804,4.897300114667814,30293,579,1140,44,3.8596491228070176,0.5705245515955123,358|430|493|613|655|780|1050|2195|2202|2247|2535|2697|3638|3784|4646|5080|5156|5396|5950|6094|6657|6658|6662|6664|7101|7474|7477|7545|8736|8829|11145|23657|27151|27152|54549|55636|57381|64093|65217|81624|84062|284217|285590|388585,AQP1|ASCL2|ATP2B4|BCR|BMP7|DDR1|CEBPA|FAT1|EFEMP1|FGF2|FZD2|GJA1|INSIG1|KCNQ1|MYO6|PAX6|PDGFRA|PRRX1|RBP4|ROM1|SOX2|SOX3|SOX9|SOX11|NR2E1|WNT5A|WNT7B|ZIC1|MYOM1|NRP1|PLAAT3|SLC7A11|CPAMD8|INTU|SDK2|CHD7|RHOJ|SMOC1|PCDH15|DIAPH3|DTNBP1|LAMA1|SH3PXD2B|HES5,-2.947008879246557,0,43,0,0,-5.2517178757522505,2.5307435254803674,
1,-4.644374614201015,GO:0048568,M1,1,0,GO Biological Processes,19,embryonic organ development,19_GO:0032502 developmental process,-4.644374614201015,2.116418258034467,4.728944694044785,30293,452,1140,36,3.1578947368421053,0.5179388761227809,2|187|430|613|655|677|1050|2202|2535|2697|3638|3784|4087|4646|5080|5125|5154|5156|5396|5727|5950|6299|6662|6664|7003|7274|7474|7477|7545|10413|25949|50814|55636|57216|57599|347733,A2M|APLNR|ASCL2|BCR|BMP7|ZFP36L1|CEBPA|EFEMP1|FZD2|GJA1|INSIG1|KCNQ1|SMAD2|MYO6|PAX6|PCSK5|PDGFA|PDGFRA|PRRX1|PTCH1|RBP4|SALL1|SOX9|SOX11|TEAD1|TTPA|WNT5A|WNT7B|ZIC1|YAP1|SYF2|NSDHL|CHD7|VANGL2|WDR48|TUBB2B,-2.7099338803449875,0,43,0,0,-5.2517178757522505,2.5307435254803674,
1,-4.216648657737426,GO:0150063,M1,1,0,GO Biological Processes,19,visual system development,19_GO:0032502 developmental process,-4.216648657737426,2.1508016123860565,4.481943893723118,30293,383,1140,31,2.719298245614035,0.48171408278676175,358|493|655|712|718|2195|2202|2697|5080|5156|5950|6094|6657|6662|6664|7101|7474|7477|8736|8829|11145|23657|27151|54549|55636|57381|64093|84062|284217|285590|388585,AQP1|ATP2B4|BMP7|C1QA|C3|FAT1|EFEMP1|GJA1|PAX6|PDGFRA|RBP4|ROM1|SOX2|SOX9|SOX11|NR2E1|WNT5A|WNT7B|MYOM1|NRP1|PLAAT3|SLC7A11|CPAMD8|SDK2|CHD7|RHOJ|SMOC1|DTNBP1|LAMA1|SH3PXD2B|HES5,-2.414271648946768,0,43,0,0,-5.2517178757522505,2.5307435254803674,
1,-4.092098850207332,GO:0048880,M1,1,0,GO Biological Processes,19,sensory system development,19_GO:0032502 developmental process,-4.092098850207332,2.1176272944572228,4.387144424251903,30293,389,1140,31,2.719298245614035,0.48171408278676175,358|493|655|712|718|2195|2202|2697|5080|5156|5950|6094|6657|6662|6664|7101|7474|7477|8736|8829|11145|23657|27151|54549|55636|57381|64093|84062|284217|285590|388585,AQP1|ATP2B4|BMP7|C1QA|C3|FAT1|EFEMP1|GJA1|PAX6|PDGFRA|RBP4|ROM1|SOX2|SOX9|SOX11|NR2E1|WNT5A|WNT7B|MYOM1|NRP1|PLAAT3|SLC7A11|CPAMD8|SDK2|CHD7|RHOJ|SMOC1|DTNBP1|LAMA1|SH3PXD2B|HES5,-2.324553190996304,0,43,0,0,-5.2517178757522505,2.5307435254803674,
1,-3.5703731892406756,GO:0001654,M1,1,0,GO Biological Processes,19,eye development,19_GO:0032502 developmental process,-3.5703731892406756,2.0332754709993983,4.002886292248238,30293,379,1140,29,2.543859649122807,0.4663357940423699,358|493|655|2195|2202|2697|5080|5156|5950|6094|6657|6662|6664|7101|7474|7477|8736|8829|11145|23657|27151|54549|55636|57381|64093|84062|284217|285590|388585,AQP1|ATP2B4|BMP7|FAT1|EFEMP1|GJA1|PAX6|PDGFRA|RBP4|ROM1|SOX2|SOX9|SOX11|NR2E1|WNT5A|WNT7B|MYOM1|NRP1|PLAAT3|SLC7A11|CPAMD8|SDK2|CHD7|RHOJ|SMOC1|DTNBP1|LAMA1|SH3PXD2B|HES5,-1.9382015231641772,0,43,0,0,-5.2517178757522505,2.5307435254803674,
1,-3.0440670604757063,GO:0043010,M1,1,0,GO Biological Processes,19,camera-type eye development,19_GO:0032502 developmental process,-3.0440670604757063,1.9949554817975874,3.610186474625905,30293,333,1140,25,2.192982456140351,0.4337606599742675,358|493|655|2195|2202|2697|5080|5156|5950|6094|6662|6664|7101|7474|7477|8736|8829|11145|23657|54549|55636|57381|84062|284217|388585,AQP1|ATP2B4|BMP7|FAT1|EFEMP1|GJA1|PAX6|PDGFRA|RBP4|ROM1|SOX9|SOX11|NR2E1|WNT5A|WNT7B|MYOM1|NRP1|PLAAT3|SLC7A11|SDK2|CHD7|RHOJ|DTNBP1|LAMA1|HES5,-1.5611934768669526,0,43,0,0,-5.2517178757522505,2.5307435254803674,
1,-2.5444441118903964,GO:0048839,M1,1,0,GO Biological Processes,19,inner ear development,19_GO:0032502 developmental process,-2.5444441118903964,2.191571712787122,3.292454558607952,30293,194,1140,16,1.4035087719298245,0.3484061960898092,613|1050|2247|2535|3638|3784|4646|5396|6657|6662|7474|7545|55636|65217|81624|388585,BCR|CEBPA|FGF2|FZD2|INSIG1|KCNQ1|MYO6|PRRX1|SOX2|SOX9|WNT5A|ZIC1|CHD7|PCDH15|DIAPH3|HES5,-1.19652601213198,0,43,0,0,-5.2517178757522505,2.5307435254803674,
1,-2.43174102989114,GO:0090596,M1,1,0,GO Biological Processes,19,sensory organ morphogenesis,19_GO:0032502 developmental process,-2.43174102989114,1.9467257888310519,3.107241155207687,30293,273,1140,20,1.7543859649122806,0.38883623754641444,358|613|655|2195|2202|2535|3638|3784|4646|5080|5396|5950|6094|6662|6664|7474|7545|27152|54549|55636,AQP1|BCR|BMP7|FAT1|EFEMP1|FZD2|INSIG1|KCNQ1|MYO6|PAX6|PRRX1|RBP4|ROM1|SOX9|SOX11|WNT5A|ZIC1|INTU|SDK2|CHD7,-1.1134005446433484,0,43,0,0,-5.2517178757522505,2.5307435254803674,
1,-2.3806456766759077,GO:0048562,M1,1,0,GO Biological Processes,19,embryonic organ morphogenesis,19_GO:0032502 developmental process,-2.3806456766759077,1.891623550401427,3.043134600319029,30293,295,1140,21,1.8421052631578947,0.3982606641287987,187|613|655|2202|2535|2697|3638|3784|4087|4646|5080|5156|5396|5950|6662|6664|7474|7545|10413|55636|57216,APLNR|BCR|BMP7|EFEMP1|FZD2|GJA1|INSIG1|KCNQ1|SMAD2|MYO6|PAX6|PDGFRA|PRRX1|RBP4|SOX9|SOX11|WNT5A|ZIC1|YAP1|CHD7|VANGL2,-1.082119683324007,0,43,0,0,-5.2517178757522505,2.5307435254803674,
1,-2.3575295703853496,GO:0043583,M1,1,0,GO Biological Processes,19,ear development,19_GO:0032502 developmental process,-2.3575295703853496,2.0440620782726047,3.0804635606653923,30293,221,1140,17,1.4912280701754386,0.3589690963831384,613|780|1050|2247|2535|3638|3784|4646|5396|6657|6662|7474|7545|55636|65217|81624|388585,BCR|DDR1|CEBPA|FGF2|FZD2|INSIG1|KCNQ1|MYO6|PRRX1|SOX2|SOX9|WNT5A|ZIC1|CHD7|PCDH15|DIAPH3|HES5,-1.0625753257979076,0,43,0,0,-5.2517178757522505,2.5307435254803674,
1,-2.276127322006511,GO:0060041,M1,1,0,GO Biological Processes,19,retina development in camera-type eye,19_GO:0032502 developmental process,-2.276127322006511,2.257820204105034,3.0843768247435506,30293,153,1140,13,1.1403508771929824,0.31446792656606076,493|5080|5156|5950|6094|6662|7101|8829|54549|55636|57381|84062|284217,ATP2B4|PAX6|PDGFRA|RBP4|ROM1|SOX9|NR2E1|NRP1|SDK2|CHD7|RHOJ|DTNBP1|LAMA1,-1.0039045882126398,0,43,0,0,-5.2517178757522505,2.5307435254803674,
1,-2.2032385657986464,GO:0042472,M1,1,0,GO Biological Processes,19,inner ear morphogenesis,19_GO:0032502 developmental process,-2.2032385657986464,2.5307435254803674,3.1070960832459487,30293,105,1140,10,0.8771929824561403,0.2761734623942493,613|2535|3638|3784|4646|5396|6662|7474|7545|55636,BCR|FZD2|INSIG1|KCNQ1|MYO6|PRRX1|SOX9|WNT5A|ZIC1|CHD7,-0.9526164922060163,0,43,0,0,-5.2517178757522505,2.5307435254803674,
1,-5.236887242208527,GO:0090287,M1,1,0,GO Biological Processes,19,regulation of cellular response to growth factor stimulus,19_GO:0050896 response to stimulus,-5.236887242208527,2.350945392973049,5.191420280259899,30293,373,1140,33,2.8947368421052633,0.49656202491104634,493|967|2247|2734|2887|3175|4087|4504|5654|6091|6422|6664|7130|7474|8321|8829|8862|25805|54361|54756|54976|55612|55959|56884|63976|64081|66000|81848|84312|143282|147372|161742|388585,ATP2B4|CD63|FGF2|GLG1|GRB10|ONECUT1|SMAD2|MT3|HTRA1|ROBO1|SFRP1|SOX11|TNFAIP6|WNT5A|FZD1|NRP1|APLN|BAMBI|WNT4|IL17RD|ADISSP|FERMT1|SULF2|FSTL5|PRDM16|PBLD|TMEM108|SPRY4|BRMS1L|FGFBP3|CCBE1|SPRED1|HES5,-3.0968349576068284,0,44,1,1,-5.236887242208527,6.643201754385966,
1,-3.676585193514514,GO:0040037,M1,1,0,GO Biological Processes,19,negative regulation of fibroblast growth factor receptor signaling pathway,19_GO:0048519 negative regulation of biological process,-3.676585193514514,6.643201754385966,5.468987552882164,30293,24,1140,6,0.5263157894736842,0.21430133448577773,2247|7474|8862|54361|55959|81848,FGF2|WNT5A|APLN|WNT4|SULF2|SPRY4,-2.017620350850079,0,44,0,0,-5.236887242208527,6.643201754385966,
1,-3.250376047879618,GO:0040036,M1,1,0,GO Biological Processes,19,regulation of fibroblast growth factor receptor signaling pathway,19_GO:0050896 response to stimulus,-3.250376047879618,4.769478182636077,4.657972387090933,30293,39,1140,7,0.6140350877192983,0.23136981425843328,2247|7474|8862|54361|55959|81848|143282,FGF2|WNT5A|APLN|WNT4|SULF2|SPRY4|FGFBP3,-1.7193009915603652,0,44,0,0,-5.236887242208527,6.643201754385966,
1,-2.2447558427469,GO:0090288,M1,1,0,GO Biological Processes,19,negative regulation of cellular response to growth factor stimulus,19_GO:0048519 negative regulation of biological process,-2.2447558427469,2.3275451402228198,3.079622520920709,30293,137,1140,12,1.0526315789473684,0.3022650235027283,493|2247|5654|6422|7130|7474|8321|8862|25805|54361|55959|81848,ATP2B4|FGF2|HTRA1|SFRP1|TNFAIP6|WNT5A|FZD1|APLN|BAMBI|WNT4|SULF2|SPRY4,-0.9832042719016932,0,44,0,0,-5.236887242208527,6.643201754385966,
1,-5.194724293094591,GO:2000177,M1,1,0,GO Biological Processes,19,regulation of neural precursor cell proliferation,19_GO:0050789 regulation of biological process,-5.194724293094591,3.9077657378740973,5.8169526036659835,30293,102,1140,15,1.3157894736842106,0.3374928789753796,1462|1524|2247|2771|3400|4067|5080|5764|5803|6567|7101|7474|9289|58155|63827,VCAN|CX3CR1|FGF2|GNAI2|ID4|LYN|PAX6|PTN|PTPRZ1|SLC16A2|NR2E1|WNT5A|ADGRG1|PTBP2|BCAN,-3.0667968574959654,0,45,1,1,-5.194724293094591,5.027287814129919,
1,-4.685908089526718,GO:0051960,M1,1,0,GO Biological Processes,19,regulation of nervous system development,19_GO:0032502 developmental process,-4.685908089526718,2.1008415804468434,4.7460498877192965,30293,468,1140,37,3.245614035087719,0.524845334815129,393|430|655|869|1462|1524|2247|2670|3400|3949|4067|4504|4988|5021|5080|5361|5764|5803|6091|6664|6993|7101|7474|7852|8829|10413|26508|55636|56896|57633|58190|63827|90865|146433|163175|347902|388585,ARHGAP4|ASCL2|BMP7|CBLN1|VCAN|CX3CR1|FGF2|GFAP|ID4|LDLR|LYN|MT3|OPRM1|OXTR|PAX6|PLXNA1|PTN|PTPRZ1|ROBO1|SOX11|DYNLT1|NR2E1|WNT5A|CXCR4|NRP1|YAP1|HEYL|CHD7|DPYSL5|LRRN1|CTDSP1|BCAN|IL33|IL34|LGI4|AMIGO2|HES5,-2.7330307628014787,0,45,0,0,-5.194724293094591,5.027287814129919,
1,-4.381999651519328,GO:0050767,M1,1,0,GO Biological Processes,19,regulation of neurogenesis,19_GO:0032502 developmental process,-4.381999651519328,2.1636891210213824,4.591688614633869,30293,393,1140,32,2.807017543859649,0.4892012886170548,393|430|655|1462|1524|2247|2670|3400|3949|4067|4504|4988|5080|5361|5764|5803|6091|6664|6993|7101|7474|7852|8829|10413|26508|55636|56896|58190|63827|90865|146433|388585,ARHGAP4|ASCL2|BMP7|VCAN|CX3CR1|FGF2|GFAP|ID4|LDLR|LYN|MT3|OPRM1|PAX6|PLXNA1|PTN|PTPRZ1|ROBO1|SOX11|DYNLT1|NR2E1|WNT5A|CXCR4|NRP1|YAP1|HEYL|CHD7|DPYSL5|CTDSP1|BCAN|IL33|IL34|HES5,-2.538974620127936,0,45,0,0,-5.194724293094591,5.027287814129919,
1,-3.88361186646428,GO:2000179,M1,1,0,GO Biological Processes,19,positive regulation of neural precursor cell proliferation,19_GO:0048518 positive regulation of biological process,-3.88361186646428,4.152001096491228,4.991593724249346,30293,64,1140,10,0.8771929824561403,0.2761734623942493,1462|1524|2247|2771|3400|4067|5080|7101|9289|63827,VCAN|CX3CR1|FGF2|GNAI2|ID4|LYN|PAX6|NR2E1|ADGRG1|BCAN,-2.1670309266785055,0,45,0,0,-5.194724293094591,5.027287814129919,
1,-3.396304508436878,GO:0002052,M1,1,0,GO Biological Processes,19,positive regulation of neuroblast proliferation,19_GO:0032502 developmental process,-3.396304508436878,5.027287814129919,4.847106339602413,30293,37,1140,7,0.6140350877192983,0.23136981425843328,1462|1524|2247|3400|5080|7101|63827,VCAN|CX3CR1|FGF2|ID4|PAX6|NR2E1|BCAN,-1.8132182762699824,0,45,0,0,-5.194724293094591,5.027287814129919,
1,-3.1121023610540344,GO:1902692,M1,1,0,GO Biological Processes,19,regulation of neuroblast proliferation,19_GO:0032502 developmental process,-3.1121023610540344,4.0109897384971855,4.3384149725689465,30293,53,1140,8,0.7017543859649122,0.24723555672122605,1462|1524|2247|3400|5080|5764|7101|63827,VCAN|CX3CR1|FGF2|ID4|PAX6|PTN|NR2E1|BCAN,-1.6167686548855438,0,45,0,0,-5.194724293094591,5.027287814129919,
1,-3.085697613850929,GO:0051962,M1,1,0,GO Biological Processes,19,positive regulation of nervous system development,19_GO:0032502 developmental process,-3.085697613850929,2.0788250387874445,3.675750857460111,30293,294,1140,23,2.017543859649123,0.41642157992527234,869|1462|1524|2247|2670|3400|4067|4988|5021|5080|5361|5764|5803|6091|6664|7101|7852|8829|57633|63827|90865|146433|347902,CBLN1|VCAN|CX3CR1|FGF2|GFAP|ID4|LYN|OPRM1|OXTR|PAX6|PLXNA1|PTN|PTPRZ1|ROBO1|SOX11|NR2E1|CXCR4|NRP1|LRRN1|BCAN|IL33|IL34|AMIGO2,-1.5948551005708997,0,45,0,0,-5.194724293094591,5.027287814129919,
1,-2.588451804045682,GO:0050769,M1,1,0,GO Biological Processes,19,positive regulation of neurogenesis,19_GO:0032502 developmental process,-2.588451804045682,2.0523712737127373,3.2772589128635223,30293,246,1140,19,1.6666666666666667,0.3791598386378328,1462|1524|2247|2670|3400|4067|4988|5080|5361|5764|5803|6091|6664|7101|7852|8829|63827|90865|146433,VCAN|CX3CR1|FGF2|GFAP|ID4|LYN|OPRM1|PAX6|PLXNA1|PTN|PTPRZ1|ROBO1|SOX11|NR2E1|CXCR4|NRP1|BCAN|IL33|IL34,-1.2294005746837633,0,45,0,0,-5.194724293094591,5.027287814129919,
1,-2.4006202721003027,GO:0010720,M1,1,0,GO Biological Processes,19,positive regulation of cell development,19_GO:0032502 developmental process,-2.4006202721003027,1.7048924856388759,2.9857963678439696,30293,452,1140,29,2.543859649122807,0.4663357940423699,677|865|1462|1524|2124|2247|2670|3400|4067|4860|4988|5080|5361|5764|5788|5803|6091|6664|7101|7852|8111|8792|8829|9308|11006|63827|90865|146433|399665,ZFP36L1|CBFB|VCAN|CX3CR1|EVI2B|FGF2|GFAP|ID4|LYN|PNP|OPRM1|PAX6|PLXNA1|PTN|PTPRC|PTPRZ1|ROBO1|SOX11|NR2E1|CXCR4|GPR68|TNFRSF11A|NRP1|CD83|LILRB4|BCAN|IL33|IL34|EEIG1,-1.0931285158624129,0,45,0,0,-5.194724293094591,5.027287814129919,
1,-5.165640712791986,GO:0022604,M1,1,0,GO Biological Processes,19,regulation of cell morphogenesis,19_GO:0032502 developmental process,-5.165640712791986,2.7115109201575374,5.318996502916324,30293,245,1140,25,2.192982456140351,0.4337606599742675,1690|2059|2768|3689|4651|5028|5361|6239|6678|7430|7474|7852|7940|8437|10979|23189|23580|25805|30011|51760|56990|57381|89846|121512|126374,COCH|EPS8|GNA12|ITGB2|MYO10|P2RY1|PLXNA1|RREB1|SPARC|EZR|WNT5A|CXCR4|LST1|RASAL1|FERMT2|KANK1|CDC42EP4|BAMBI|SH3KBP1|SYT17|CDC42SE2|RHOJ|FGD3|FGD4|WTIP,-3.048859770603275,0,46,1,1,-5.165640712791986,3.2499116496276663,
1,-4.705958895490544,GO:0008360,M1,1,0,GO Biological Processes,19,regulation of cell shape,19_GO:0032502 developmental process,-4.705958895490544,3.2499116496276663,5.257450261698469,30293,139,1140,17,1.4912280701754386,0.3589690963831384,1690|2059|2768|3689|4651|5028|5361|7430|7940|10979|23580|25805|30011|56990|57381|89846|121512,COCH|EPS8|GNA12|ITGB2|MYO10|P2RY1|PLXNA1|EZR|LST1|FERMT2|CDC42EP4|BAMBI|SH3KBP1|CDC42SE2|RHOJ|FGD3|FGD4,-2.7446694328258023,0,46,0,0,-5.165640712791986,3.2499116496276663,
1,-5.1188313620388435,GO:0043009,M1,1,0,GO Biological Processes,19,chordate embryonic development,19_GO:0032502 developmental process,-5.1188313620388435,1.9683560753736193,4.927443244249013,30293,648,1140,48,4.2105263157894735,0.59480506885235,430|655|677|1050|1603|2535|2697|2768|4082|4087|5080|5125|5156|5396|5727|5950|6422|6662|6664|7205|7248|7274|7474|7477|8321|8451|9646|10161|10413|10436|25949|26227|27152|27341|50814|55636|55959|57216|57718|64131|64359|81624|123920|196051|202018|221074|221395|388585,ASCL2|BMP7|ZFP36L1|CEBPA|DAD1|FZD2|GJA1|GNA12|MARCKS|SMAD2|PAX6|PCSK5|PDGFRA|PRRX1|PTCH1|RBP4|SFRP1|SOX9|SOX11|TRIP6|TSC1|TTPA|WNT5A|WNT7B|FZD1|CUL4A|CTR9|LPAR6|YAP1|EMG1|SYF2|PHGDH|INTU|RRP7A|NSDHL|CHD7|SULF2|VANGL2|PPP4R4|XYLT1|NXN|DIAPH3|CMTM3|PLPP4|TAPT1|SLC39A12|ADGRF5|HES5,-3.013234586802646,0,47,1,1,-5.1188313620388435,1.9683560753736193,
1,-5.081072747050667,GO:0009792,M1,1,0,GO Biological Processes,19,embryo development ending in birth or egg hatching,19_GO:0032502 developmental process,-5.081072747050667,1.946289303228175,4.894292420457091,30293,669,1140,49,4.298245614035087,0.6006937845911474,430|655|677|1050|1603|2247|2535|2697|2768|4082|4087|5080|5125|5156|5396|5727|5950|6422|6662|6664|7205|7248|7274|7474|7477|8321|8451|9646|10161|10413|10436|25949|26227|27152|27341|50814|55636|55959|57216|57718|64131|64359|81624|123920|196051|202018|221074|221395|388585,ASCL2|BMP7|ZFP36L1|CEBPA|DAD1|FGF2|FZD2|GJA1|GNA12|MARCKS|SMAD2|PAX6|PCSK5|PDGFRA|PRRX1|PTCH1|RBP4|SFRP1|SOX9|SOX11|TRIP6|TSC1|TTPA|WNT5A|WNT7B|FZD1|CUL4A|CTR9|LPAR6|YAP1|EMG1|SYF2|PHGDH|INTU|RRP7A|NSDHL|CHD7|SULF2|VANGL2|PPP4R4|XYLT1|NXN|DIAPH3|CMTM3|PLPP4|TAPT1|SLC39A12|ADGRF5|HES5,-2.989953795183093,0,47,0,0,-5.1188313620388435,1.9683560753736193,
1,-2.3808780004375523,GO:0001701,M1,1,0,GO Biological Processes,19,in utero embryonic development,19_GO:0032502 developmental process,-2.3808780004375523,1.757997410829874,2.990908841851695,30293,393,1140,26,2.280701754385965,0.4421524057977656,430|655|677|1050|1603|2697|2768|4087|5156|5727|7274|7477|8451|9646|10161|10413|10436|25949|27341|50814|55636|57718|64359|81624|123920|196051,ASCL2|BMP7|ZFP36L1|CEBPA|DAD1|GJA1|GNA12|SMAD2|PDGFRA|PTCH1|TTPA|WNT7B|CUL4A|CTR9|LPAR6|YAP1|EMG1|SYF2|RRP7A|NSDHL|CHD7|PPP4R4|NXN|DIAPH3|CMTM3|PLPP4,-1.082119683324007,0,47,0,0,-5.1188313620388435,1.9683560753736193,
1,-5.067657657505297,GO:0045936,M1,1,0,GO Biological Processes,19,negative regulation of phosphate metabolic process,19_GO:0048519 negative regulation of biological process,-5.067657657505297,2.3076385041551246,5.0725260542244355,30293,380,1140,33,2.8947368421052633,0.49656202491104634,348|1032|1050|2887|2950|4067|5080|5154|5569|5580|5788|5987|6422|6609|7345|8613|9104|10519|11006|23705|25937|26471|51637|54541|54625|55022|55364|57718|58190|81848|84062|84063|161742,APOE|CDKN2D|CEBPA|GRB10|GSTP1|LYN|PAX6|PDGFA|PKIA|PRKCD|PTPRC|TRIM27|SFRP1|SMPD1|UCHL1|PLPP3|RGN|CIB1|LILRB4|CADM1|WWTR1|NUPR1|RTRAF|DDIT4|PARP14|PID1|IMPACT|PPP4R4|CTDSP1|SPRY4|DTNBP1|KIRREL2|SPRED1,-2.9800839864023727,0,48,1,1,-5.067657657505297,3.875201023391813,
1,-5.043917713237481,GO:0010563,M1,1,0,GO Biological Processes,19,negative regulation of phosphorus metabolic process,19_GO:0048519 negative regulation of biological process,-5.043917713237481,2.301581710180964,5.055754446209678,30293,381,1140,33,2.8947368421052633,0.49656202491104634,348|1032|1050|2887|2950|4067|5080|5154|5569|5580|5788|5987|6422|6609|7345|8613|9104|10519|11006|23705|25937|26471|51637|54541|54625|55022|55364|57718|58190|81848|84062|84063|161742,APOE|CDKN2D|CEBPA|GRB10|GSTP1|LYN|PAX6|PDGFA|PKIA|PRKCD|PTPRC|TRIM27|SFRP1|SMPD1|UCHL1|PLPP3|RGN|CIB1|LILRB4|CADM1|WWTR1|NUPR1|RTRAF|DDIT4|PARP14|PID1|IMPACT|PPP4R4|CTDSP1|SPRY4|DTNBP1|KIRREL2|SPRED1,-2.963348943703215,0,48,0,0,-5.067657657505297,3.875201023391813,
1,-4.953737691808927,GO:0042326,M1,1,0,GO Biological Processes,19,negative regulation of phosphorylation,19_GO:0048519 negative regulation of biological process,-4.953737691808927,2.4309507997122144,5.064566362510414,30293,317,1140,29,2.543859649122807,0.4663357940423699,348|1032|1050|2887|2950|4067|5080|5569|5580|5788|5987|6422|6609|7345|8613|9104|10519|11006|23705|25937|51637|54625|55022|55364|58190|81848|84062|84063|161742,APOE|CDKN2D|CEBPA|GRB10|GSTP1|LYN|PAX6|PKIA|PRKCD|PTPRC|TRIM27|SFRP1|SMPD1|UCHL1|PLPP3|RGN|CIB1|LILRB4|CADM1|WWTR1|RTRAF|PARP14|PID1|IMPACT|CTDSP1|SPRY4|DTNBP1|KIRREL2|SPRED1,-2.9058166538240404,0,48,0,0,-5.067657657505297,3.875201023391813,
1,-4.608325835876274,GO:0001933,M1,1,0,GO Biological Processes,19,negative regulation of protein phosphorylation,19_GO:0048519 negative regulation of biological process,-4.608325835876274,2.4157097288676233,4.84836762098962,30293,297,1140,27,2.3684210526315788,0.45037283480897017,348|1050|2950|4067|5080|5569|5580|5788|5987|6422|6609|7345|8613|9104|10519|11006|23705|25937|51637|54625|55022|55364|58190|81848|84062|84063|161742,APOE|CEBPA|GSTP1|LYN|PAX6|PKIA|PRKCD|PTPRC|TRIM27|SFRP1|SMPD1|UCHL1|PLPP3|RGN|CIB1|LILRB4|CADM1|WWTR1|RTRAF|PARP14|PID1|IMPACT|CTDSP1|SPRY4|DTNBP1|KIRREL2|SPRED1,-2.681267055642845,0,48,0,0,-5.067657657505297,3.875201023391813,
1,-4.515183965023482,GO:0044092,M1,1,0,GO Biological Processes,19,negative regulation of molecular function,19_GO:0065007 biological regulation,-4.515183965023482,1.813367408021366,4.496762476981708,30293,762,1140,52,4.56140350877193,0.6179578343272725,154|190|288|307|348|358|408|493|655|1032|1050|1910|2771|2913|2950|3275|3725|4067|4504|5569|5580|5727|5788|5792|5824|5987|6609|6664|7013|7077|7079|7248|7345|10715|11006|25937|26471|26508|29085|51129|51291|51637|57413|57630|57718|81848|84062|84868|147138|161742|170622|284434,ADRB2|NR0B1|ANK3|ANXA4|APOE|AQP1|ARRB1|ATP2B4|BMP7|CDKN2D|CEBPA|EDNRB|GNAI2|GRM3|GSTP1|PRMT2|JUN|LYN|MT3|PKIA|PRKCD|PTCH1|PTPRC|PTPRF|PEX19|TRIM27|SMPD1|SOX11|TERF1|TIMP2|TIMP4|TSC1|UCHL1|CERS1|LILRB4|WWTR1|NUPR1|HEYL|PHPT1|ANGPTL4|GMIP|RTRAF|TMIGD3|SH3RF1|PPP4R4|SPRY4|DTNBP1|HAVCR2|TMC8|SPRED1|COMMD6|NWD1,-2.6321714086427526,0,48,0,0,-5.067657657505297,3.875201023391813,
1,-4.399174269379532,GO:0031400,M1,1,0,GO Biological Processes,19,negative regulation of protein modification process,19_GO:0048519 negative regulation of biological process,-4.399174269379532,2.1109239219544187,4.577198185433199,30293,428,1140,34,2.982456140350877,0.5038018350032145,348|408|493|1050|1622|2950|4067|5080|5569|5580|5788|5987|6422|6609|7345|8613|9104|10519|11006|23251|23705|25937|51637|54625|55022|55364|57718|58190|59343|64359|81848|84062|84063|161742,APOE|ARRB1|ATP2B4|CEBPA|DBI|GSTP1|LYN|PAX6|PKIA|PRKCD|PTPRC|TRIM27|SFRP1|SMPD1|UCHL1|PLPP3|RGN|CIB1|LILRB4|MINAR1|CADM1|WWTR1|RTRAF|PARP14|PID1|IMPACT|PPP4R4|CTDSP1|SENP2|NXN|SPRY4|DTNBP1|KIRREL2|SPRED1,-2.554133946752815,0,48,0,0,-5.067657657505297,3.875201023391813,
1,-3.327432822930167,GO:1902532,M1,1,0,GO Biological Processes,19,negative regulation of intracellular signal transduction,19_GO:0048519 negative regulation of biological process,-3.327432822930167,1.7684973953655472,3.71480980552696,30293,586,1140,39,3.4210526315789473,0.5383549194926929,187|348|493|655|1032|1191|2023|2950|4067|5245|5580|5788|5831|6609|7099|7114|7248|7345|7430|8321|8437|8444|9516|9938|10519|11006|23189|23251|23286|26001|54541|64926|81848|83787|114899|126374|143872|161742|652968,APLNR|APOE|ATP2B4|BMP7|CDKN2D|CLU|ENO1|GSTP1|LYN|PHB1|PRKCD|PTPRC|PYCR1|SMPD1|TLR4|TMSB4X|TSC1|UCHL1|EZR|FZD1|RASAL1|DYRK3|LITAF|ARHGAP25|CIB1|LILRB4|KANK1|MINAR1|WWC1|RNF167|DDIT4|RASAL3|SPRY4|ARMC10|C1QTNF3|WTIP|ARHGAP42|SPRED1|CASTOR1,-1.7700900953616021,0,48,0,0,-5.067657657505297,3.875201023391813,
1,-3.274601323714633,GO:0051348,M1,1,0,GO Biological Processes,19,negative regulation of transferase activity,19_GO:0065007 biological regulation,-3.274601323714633,2.3482945736434107,3.9233252429023393,30293,215,1140,19,1.6666666666666667,0.3791598386378328,348|1050|2950|4067|5569|5580|5788|5987|6609|7013|7345|10715|11006|25937|29085|51637|81848|84062|161742,APOE|CEBPA|GSTP1|LYN|PKIA|PRKCD|PTPRC|TRIM27|SMPD1|TERF1|UCHL1|CERS1|LILRB4|WWTR1|PHPT1|RTRAF|SPRY4|DTNBP1|SPRED1,-1.7337001993933234,0,48,0,0,-5.067657657505297,3.875201023391813,
1,-3.215236057418781,GO:0043086,M1,1,0,GO Biological Processes,19,negative regulation of catalytic activity,19_GO:0065007 biological regulation,-3.215236057418781,1.86475838719606,3.6793779427166675,30293,456,1140,32,2.807017543859649,0.4892012886170548,348|358|493|1032|1050|1910|2771|2913|2950|4067|4504|5569|5580|5788|5987|6609|7013|7077|7079|7345|10715|11006|25937|29085|51129|51291|51637|57630|57718|81848|84062|161742,APOE|AQP1|ATP2B4|CDKN2D|CEBPA|EDNRB|GNAI2|GRM3|GSTP1|LYN|MT3|PKIA|PRKCD|PTPRC|TRIM27|SMPD1|TERF1|TIMP2|TIMP4|UCHL1|CERS1|LILRB4|WWTR1|PHPT1|ANGPTL4|GMIP|RTRAF|SH3RF1|PPP4R4|SPRY4|DTNBP1|SPRED1,-1.6880647980083947,0,48,0,0,-5.067657657505297,3.875201023391813,
1,-3.0858820282148938,GO:0006469,M1,1,0,GO Biological Processes,19,negative regulation of protein kinase activity,19_GO:0048519 negative regulation of biological process,-3.0858820282148938,2.4718890248878007,3.8280655942073647,30293,172,1140,16,1.4035087719298245,0.3484061960898092,348|1050|2950|4067|5569|5580|5788|5987|6609|7345|11006|25937|51637|81848|84062|161742,APOE|CEBPA|GSTP1|LYN|PKIA|PRKCD|PTPRC|TRIM27|SMPD1|UCHL1|LILRB4|WWTR1|RTRAF|SPRY4|DTNBP1|SPRED1,-1.5948551005708997,0,48,0,0,-5.067657657505297,3.875201023391813,
1,-2.8016625869446106,GO:0033673,M1,1,0,GO Biological Processes,19,negative regulation of kinase activity,19_GO:0048519 negative regulation of biological process,-2.8016625869446106,2.3233055315885336,3.5506271406094934,30293,183,1140,16,1.4035087719298245,0.3484061960898092,348|1050|2950|4067|5569|5580|5788|5987|6609|7345|11006|25937|51637|81848|84062|161742,APOE|CEBPA|GSTP1|LYN|PKIA|PRKCD|PTPRC|TRIM27|SMPD1|UCHL1|LILRB4|WWTR1|RTRAF|SPRY4|DTNBP1|SPRED1,-1.3800586600747795,0,48,0,0,-5.067657657505297,3.875201023391813,
1,-2.697691395050523,GO:0043407,M1,1,0,GO Biological Processes,19,negative regulation of MAP kinase activity,19_GO:0048519 negative regulation of biological process,-2.697691395050523,3.875201023391813,3.9421832837316626,30293,48,1140,7,0.6140350877192983,0.23136981425843328,348|2950|4067|5580|6609|7345|81848,APOE|GSTP1|LYN|PRKCD|SMPD1|UCHL1|SPRY4,-1.3012495511293323,0,48,0,0,-5.067657657505297,3.875201023391813,
1,-5.017277692141011,GO:0030335,M1,1,0,GO Biological Processes,19,positive regulation of cell migration,19_GO:0040011 locomotion,-5.017277692141011,2.0193497560827804,4.897300114667814,30293,579,1140,44,3.8596491228070176,0.5705245515955123,71|199|358|430|655|1512|1524|1901|2247|2771|3162|3175|4067|4267|5080|5154|5156|5293|5764|5788|6239|6662|6678|6776|6810|7099|7114|7130|7205|7474|7803|7852|8613|8829|9734|10519|10979|11170|23328|55612|57381|146433|147372|152007,ACTG1|AIF1|AQP1|ASCL2|BMP7|CTSH|CX3CR1|S1PR1|FGF2|GNAI2|HMOX1|ONECUT1|LYN|CD99|PAX6|PDGFA|PDGFRA|PIK3CD|PTN|PTPRC|RREB1|SOX9|SPARC|STAT5A|STX4|TLR4|TMSB4X|TNFAIP6|TRIP6|WNT5A|PTP4A1|CXCR4|PLPP3|NRP1|HDAC9|CIB1|FERMT2|FAM107A|SASH1|FERMT1|RHOJ|IL34|CCBE1|GLIPR2,-2.947008879246557,0,49,1,1,-5.017277692141011,4.428801169590644,
1,-4.864886147113114,GO:2000147,M1,1,0,GO Biological Processes,19,positive regulation of cell motility,19_GO:0040011 locomotion,-4.864886147113114,1.973228243877019,4.7856687343113835,30293,606,1140,45,3.9473684210526314,0.5767080843967279,71|199|358|430|655|1512|1524|1901|2247|2771|3162|3175|4067|4267|5080|5154|5156|5293|5764|5788|6239|6662|6678|6776|6810|7099|7114|7130|7205|7474|7803|7852|8613|8829|9734|10519|10979|11170|23328|29085|55612|57381|146433|147372|152007,ACTG1|AIF1|AQP1|ASCL2|BMP7|CTSH|CX3CR1|S1PR1|FGF2|GNAI2|HMOX1|ONECUT1|LYN|CD99|PAX6|PDGFA|PDGFRA|PIK3CD|PTN|PTPRC|RREB1|SOX9|SPARC|STAT5A|STX4|TLR4|TMSB4X|TNFAIP6|TRIP6|WNT5A|PTP4A1|CXCR4|PLPP3|NRP1|HDAC9|CIB1|FERMT2|FAM107A|SASH1|PHPT1|FERMT1|RHOJ|IL34|CCBE1|GLIPR2,-2.839695708953848,0,49,0,0,-5.017277692141011,4.428801169590644,
1,-4.704664271154218,GO:1901342,M1,1,0,GO Biological Processes,19,regulation of vasculature development,19_GO:0032502 developmental process,-4.704664271154218,2.281875394858337,4.845139856303365,30293,361,1140,31,2.719298245614035,0.48171408278676175,187|240|358|493|718|1512|1524|1536|2247|2752|3162|5293|6422|6678|7098|7101|7474|7852|8829|11061|23251|23328|23576|51129|54361|56005|57381|90139|147372|161742|221074,APLNR|ALOX5|AQP1|ATP2B4|C3|CTSH|CX3CR1|CYBB|FGF2|GLUL|HMOX1|PIK3CD|SFRP1|SPARC|TLR3|NR2E1|WNT5A|CXCR4|NRP1|CNMD|MINAR1|SASH1|DDAH1|ANGPTL4|WNT4|MYDGF|RHOJ|TSPAN18|CCBE1|SPRED1|SLC39A12,-2.7446694328258023,0,49,0,0,-5.017277692141011,4.428801169590644,
1,-4.6210991497596785,GO:0040017,M1,1,0,GO Biological Processes,19,positive regulation of locomotion,19_GO:0040011 locomotion,-4.6210991497596785,1.928671477079796,4.620106607292151,30293,620,1140,45,3.9473684210526314,0.5767080843967279,71|199|358|430|655|1512|1524|1901|2247|2771|3162|3175|4067|4267|5080|5154|5156|5293|5764|5788|6239|6662|6678|6776|6810|7099|7114|7130|7205|7474|7803|7852|8613|8829|9734|10519|10979|11170|23328|29085|55612|57381|146433|147372|152007,ACTG1|AIF1|AQP1|ASCL2|BMP7|CTSH|CX3CR1|S1PR1|FGF2|GNAI2|HMOX1|ONECUT1|LYN|CD99|PAX6|PDGFA|PDGFRA|PIK3CD|PTN|PTPRC|RREB1|SOX9|SPARC|STAT5A|STX4|TLR4|TMSB4X|TNFAIP6|TRIP6|WNT5A|PTP4A1|CXCR4|PLPP3|NRP1|HDAC9|CIB1|FERMT2|FAM107A|SASH1|PHPT1|FERMT1|RHOJ|IL34|CCBE1|GLIPR2,-2.6915936335791626,0,49,0,0,-5.017277692141011,4.428801169590644,
1,-4.552002515394905,GO:0045766,M1,1,0,GO Biological Processes,19,positive regulation of angiogenesis,19_GO:0032502 developmental process,-4.552002515394905,2.842011445726616,4.996448006962604,30293,187,1140,20,1.7543859649122806,0.38883623754641444,187|358|718|1512|1524|1536|2247|3162|5293|7098|7101|7474|7852|8829|23328|23576|51129|56005|147372|221074,APLNR|AQP1|C3|CTSH|CX3CR1|CYBB|FGF2|HMOX1|PIK3CD|TLR3|NR2E1|WNT5A|CXCR4|NRP1|SASH1|DDAH1|ANGPTL4|MYDGF|CCBE1|SLC39A12,-2.64838595323792,0,49,0,0,-5.017277692141011,4.428801169590644,
1,-4.51218923907443,GO:0045765,M1,1,0,GO Biological Processes,19,regulation of angiogenesis,19_GO:0032502 developmental process,-4.51218923907443,2.264727870813397,4.719652720704578,30293,352,1140,30,2.6315789473684212,0.4740944155917378,187|240|358|493|718|1512|1524|1536|2247|2752|3162|5293|6422|6678|7098|7101|7474|7852|8829|11061|23251|23328|23576|51129|56005|57381|90139|147372|161742|221074,APLNR|ALOX5|AQP1|ATP2B4|C3|CTSH|CX3CR1|CYBB|FGF2|GLUL|HMOX1|PIK3CD|SFRP1|SPARC|TLR3|NR2E1|WNT5A|CXCR4|NRP1|CNMD|MINAR1|SASH1|DDAH1|ANGPTL4|MYDGF|RHOJ|TSPAN18|CCBE1|SPRED1|SLC39A12,-2.6313756467936384,0,49,0,0,-5.017277692141011,4.428801169590644,
1,-4.452371005799843,GO:1904018,M1,1,0,GO Biological Processes,19,positive regulation of vasculature development,19_GO:0032502 developmental process,-4.452371005799843,2.7971375807940904,4.913919195094482,30293,190,1140,20,1.7543859649122806,0.38883623754641444,187|358|718|1512|1524|1536|2247|3162|5293|7098|7101|7474|7852|8829|23328|23576|51129|56005|147372|221074,APLNR|AQP1|C3|CTSH|CX3CR1|CYBB|FGF2|HMOX1|PIK3CD|TLR3|NR2E1|WNT5A|CXCR4|NRP1|SASH1|DDAH1|ANGPTL4|MYDGF|CCBE1|SLC39A12,-2.5887594436266737,0,49,0,0,-5.017277692141011,4.428801169590644,
1,-3.8773367842980355,GO:0010634,M1,1,0,GO Biological Processes,19,positive regulation of epithelial cell migration,19_GO:0040011 locomotion,-3.8773367842980355,2.7023193577163247,4.491628202664978,30293,177,1140,18,1.5789473684210527,0.3692116566580194,1512|2247|3162|5293|6239|6662|6678|6776|7114|7474|8613|8829|9734|10519|23328|57381|147372|152007,CTSH|FGF2|HMOX1|PIK3CD|RREB1|SOX9|SPARC|STAT5A|TMSB4X|WNT5A|PLPP3|NRP1|HDAC9|CIB1|SASH1|RHOJ|CCBE1|GLIPR2,-2.16375099074162,0,49,0,0,-5.017277692141011,4.428801169590644,
1,-3.3735827507787586,GO:0010632,M1,1,0,GO Biological Processes,19,regulation of epithelial cell migration,19_GO:0040011 locomotion,-3.3735827507787586,2.1400918403391027,3.911094502211328,30293,298,1140,24,2.1052631578947367,0.42518745383600876,348|493|1512|2247|2752|3162|5293|5764|6239|6662|6678|6776|7101|7114|7474|8613|8829|9734|10519|23328|57381|147372|152007|161742,APOE|ATP2B4|CTSH|FGF2|GLUL|HMOX1|PIK3CD|PTN|RREB1|SOX9|SPARC|STAT5A|NR2E1|TMSB4X|WNT5A|PLPP3|NRP1|HDAC9|CIB1|SASH1|RHOJ|CCBE1|GLIPR2|SPRED1,-1.7978463793622859,0,49,0,0,-5.017277692141011,4.428801169590644,
1,-3.364957797615233,GO:0010595,M1,1,0,GO Biological Processes,19,positive regulation of endothelial cell migration,19_GO:0040011 locomotion,-3.364957797615233,2.839841971340565,4.173120021028273,30293,131,1140,14,1.2280701754385965,0.32619397574769193,2247|3162|5293|6678|6776|7114|7474|8613|8829|9734|10519|23328|57381|147372,FGF2|HMOX1|PIK3CD|SPARC|STAT5A|TMSB4X|WNT5A|PLPP3|NRP1|HDAC9|CIB1|SASH1|RHOJ|CCBE1,-1.7949340382875791,0,49,0,0,-5.017277692141011,4.428801169590644,
1,-3.2300541845006308,GO:0010594,M1,1,0,GO Biological Processes,19,regulation of endothelial cell migration,19_GO:0040011 locomotion,-3.2300541845006308,2.2711800869695606,3.8601352266074462,30293,234,1140,20,1.7543859649122806,0.38883623754641444,348|493|2247|2752|3162|5293|5764|6678|6776|7101|7114|7474|8613|8829|9734|10519|23328|57381|147372|161742,APOE|ATP2B4|FGF2|GLUL|HMOX1|PIK3CD|PTN|SPARC|STAT5A|NR2E1|TMSB4X|WNT5A|PLPP3|NRP1|HDAC9|CIB1|SASH1|RHOJ|CCBE1|SPRED1,-1.7009354129392398,0,49,0,0,-5.017277692141011,4.428801169590644,
1,-2.683172709472584,GO:0090050,M1,1,0,GO Biological Processes,19,positive regulation of cell migration involved in sprouting angiogenesis,19_GO:0040011 locomotion,-2.683172709472584,4.428801169590644,4.070571551108002,30293,36,1140,6,0.5263157894736842,0.21430133448577773,2247|3162|8829|9734|10519|57381,FGF2|HMOX1|NRP1|HDAC9|CIB1|RHOJ,-1.2895975062029965,0,49,0,0,-5.017277692141011,4.428801169590644,
1,-2.3971274329537984,GO:0050679,M1,1,0,GO Biological Processes,19,positive regulation of epithelial cell proliferation,19_GO:0048518 positive regulation of biological process,-2.3971274329537984,2.0627293118641354,3.121216488285624,30293,219,1140,17,1.4912280701754386,0.3589690963831384,187|2247|3162|4893|5293|5764|6239|6422|6662|6664|6776|7474|8829|8862|10413|56005|57599,APLNR|FGF2|HMOX1|NRAS|PIK3CD|PTN|RREB1|SFRP1|SOX9|SOX11|STAT5A|WNT5A|NRP1|APLN|YAP1|MYDGF|WDR48,-1.0929692522268748,0,49,0,0,-5.017277692141011,4.428801169590644,
1,-2.0791658662785526,GO:0043536,M1,1,0,GO Biological Processes,19,positive regulation of blood vessel endothelial cell migration,19_GO:0040011 locomotion,-2.0791658662785526,2.7608111187058553,3.059246149101256,30293,77,1140,8,0.7017543859649122,0.24723555672122605,2247|3162|6776|7114|8829|9734|10519|57381,FGF2|HMOX1|STAT5A|TMSB4X|NRP1|HDAC9|CIB1|RHOJ,-0.857635706080204,0,49,0,0,-5.017277692141011,4.428801169590644,
1,-2.056694754522035,GO:0001936,M1,1,0,GO Biological Processes,19,regulation of endothelial cell proliferation,19_GO:0050789 regulation of biological process,-2.056694754522035,2.0553552389260443,2.816066656494755,30293,181,1140,14,1.2280701754385965,0.32619397574769193,187|240|348|2247|3162|4893|5293|6678|6776|7474|8829|8862|11061|56005,APLNR|ALOX5|APOE|FGF2|HMOX1|NRAS|PIK3CD|SPARC|STAT5A|WNT5A|NRP1|APLN|CNMD|MYDGF,-0.8444176730056244,0,49,0,0,-5.017277692141011,4.428801169590644,
1,-2.0380315450959605,GO:0001938,M1,1,0,GO Biological Processes,19,positive regulation of endothelial cell proliferation,19_GO:0048518 positive regulation of biological process,-2.0380315450959605,2.393946578157104,2.909433167953941,30293,111,1140,10,0.8771929824561403,0.2761734623942493,187|2247|3162|4893|5293|6776|7474|8829|8862|56005,APLNR|FGF2|HMOX1|NRAS|PIK3CD|STAT5A|WNT5A|NRP1|APLN|MYDGF,-0.8350644552909665,0,49,0,0,-5.017277692141011,4.428801169590644,
1,-4.97987785652841,GO:0009084,M1,1,0,GO Biological Processes,19,glutamine family amino acid biosynthetic process,19_GO:0008152 metabolic process,-4.97987785652841,10.629122807017545,7.376384324333791,30293,15,1140,6,0.5263157894736842,0.21430133448577773,445|2746|2747|2752|5831|65263,ASS1|GLUD1|GLUD2|GLUL|PYCR1|PYCR3,-2.916407761717404,0,50,1,1,-4.97987785652841,13.286403508771928,
1,-4.48314900181696,GO:1901607,M1,1,0,GO Biological Processes,19,alpha-amino acid biosynthetic process,19_GO:0008152 metabolic process,-4.48314900181696,4.428801169590643,5.514314351121045,30293,66,1140,11,0.9649122807017544,0.2895249775013002,445|2746|2747|2752|5092|5831|23743|26227|55256|63826|65263,ASS1|GLUD1|GLUD2|GLUL|PCBD1|PYCR1|BHMT2|PHGDH|ADI1|SRR|PYCR3,-2.6088662766951263,0,50,0,0,-4.97987785652841,13.286403508771928,
1,-4.012012601839621,GO:0008652,M1,1,0,GO Biological Processes,19,amino acid biosynthetic process,19_GO:0008152 metabolic process,-4.012012601839621,3.9500118539592224,5.024285965975264,30293,74,1140,11,0.9649122807017544,0.2895249775013002,445|2746|2747|2752|5092|5831|23743|26227|55256|63826|65263,ASS1|GLUD1|GLUD2|GLUL|PCBD1|PYCR1|BHMT2|PHGDH|ADI1|SRR|PYCR3,-2.2577796932341063,0,50,0,0,-4.97987785652841,13.286403508771928,
1,-3.9076723813272793,GO:0006538,M1,1,0,GO Biological Processes,19,glutamate catabolic process,19_GO:0008152 metabolic process,-3.9076723813272793,13.286403508771928,6.872753255222992,30293,8,1140,4,0.3508771929824561,0.17513053901652795,2746|2747|2752|137872,GLUD1|GLUD2|GLUL|ADHFE1,-2.1784417145192627,0,50,0,0,-4.97987785652841,13.286403508771928,
1,-3.676585193514514,GO:0009065,M1,1,0,GO Biological Processes,19,glutamine family amino acid catabolic process,19_GO:0008152 metabolic process,-3.676585193514514,6.643201754385966,5.468987552882164,30293,24,1140,6,0.5263157894736842,0.21430133448577773,2184|2746|2747|2752|23576|137872,FAH|GLUD1|GLUD2|GLUL|DDAH1|ADHFE1,-2.017620350850079,0,50,0,0,-4.97987785652841,13.286403508771928,
1,-3.5025925432034537,GO:0009064,M1,1,0,GO Biological Processes,19,glutamine family amino acid metabolic process,19_GO:0008152 metabolic process,-3.5025925432034537,3.7426488757104024,4.575226071272057,30293,71,1140,10,0.8771929824561403,0.2761734623942493,445|2184|2746|2747|2752|5831|23576|26227|65263|137872,ASS1|FAH|GLUD1|GLUD2|GLUL|PYCR1|DDAH1|PHGDH|PYCR3|ADHFE1,-1.886215144310187,0,50,0,0,-4.97987785652841,13.286403508771928,
1,-2.494012171742162,GO:0043649,M1,1,0,GO Biological Processes,19,dicarboxylic acid catabolic process,19_GO:0008152 metabolic process,-2.494012171742162,6.2524251805985545,4.283609376667902,30293,17,1140,4,0.3508771929824561,0.17513053901652795,2746|2747|2752|137872,GLUD1|GLUD2|GLUL|ADHFE1,-1.162251407166498,0,50,0,0,-4.97987785652841,13.286403508771928,
1,-4.97987785652841,GO:1902644,M1,1,0,GO Biological Processes,19,tertiary alcohol metabolic process,19_GO:0008152 metabolic process,-4.97987785652841,10.629122807017545,7.376384324333791,30293,15,1140,6,0.5263157894736842,0.21430133448577773,1109|1645|8574|8644|8912|27233,AKR1C4|AKR1C1|AKR7A2|AKR1C3|CACNA1H|SULT1C4,-2.916407761717404,0,51,1,1,-4.97987785652841,19.929605263157896,
1,-4.846957324078892,GO:0034308,M1,1,0,GO Biological Processes,19,primary alcohol metabolic process,19_GO:0008152 metabolic process,-4.846957324078892,3.875201023391813,5.579518280304353,30293,96,1140,14,1.2280701754385965,0.32619397574769193,217|1109|1645|1910|5950|8574|8630|8644|8912|10170|10901|27233|51573|84532,ALDH2|AKR1C4|AKR1C1|EDNRB|RBP4|AKR7A2|HSD17B6|AKR1C3|CACNA1H|DHRS9|DHRS4|SULT1C4|GDE1|ACSS1,-2.835311331730176,0,51,0,0,-4.97987785652841,19.929605263157896,
1,-4.793224127923201,GO:0030638,M1,1,0,GO Biological Processes,19,polyketide metabolic process,19_GO:0008152 metabolic process,-4.793224127923201,13.28640350877193,7.68422547023008,30293,10,1140,5,0.43859649122807015,0.19571569570288536,1109|1645|8574|8644|27233,AKR1C4|AKR1C1|AKR7A2|AKR1C3|SULT1C4,-2.8081807574114745,0,51,0,0,-4.97987785652841,19.929605263157896,
1,-4.793224127923201,GO:0044598,M1,1,0,GO Biological Processes,19,doxorubicin metabolic process,19_GO:0008152 metabolic process,-4.793224127923201,13.28640350877193,7.68422547023008,30293,10,1140,5,0.43859649122807015,0.19571569570288536,1109|1645|8574|8644|27233,AKR1C4|AKR1C1|AKR7A2|AKR1C3|SULT1C4,-2.8081807574114745,0,51,0,0,-4.97987785652841,19.929605263157896,
1,-4.43398509940097,GO:0008207,M1,1,0,GO Biological Processes,19,C21-steroid hormone metabolic process,19_GO:0008152 metabolic process,-4.43398509940097,7.154217273954116,6.207969634242182,30293,26,1140,7,0.6140350877192983,0.23136981425843328,1109|1645|1910|3028|8644|8912|10170,AKR1C4|AKR1C1|EDNRB|HSD17B10|AKR1C3|CACNA1H|DHRS9,-2.5840643256091043,0,51,0,0,-4.97987785652841,19.929605263157896,
1,-4.358401403923917,GO:0006081,M1,1,0,GO Biological Processes,19,cellular aldehyde metabolic process,19_GO:0008152 metabolic process,-4.358401403923917,4.298542311661507,5.3847821056424365,30293,68,1140,11,0.9649122807017544,0.2895249775013002,217|223|501|1645|1910|3418|8574|8644|8912|10901|81888,ALDH2|ALDH9A1|ALDH7A1|AKR1C1|EDNRB|IDH2|AKR7A2|AKR1C3|CACNA1H|DHRS4|HYI,-2.521366736221713,0,51,0,0,-4.97987785652841,19.929605263157896,
1,-3.822295588603212,GO:0006720,M1,1,0,GO Biological Processes,19,isoprenoid metabolic process,19_GO:0008152 metabolic process,-3.822295588603212,2.996933122279383,4.564029531104382,30293,133,1140,15,1.3157894736842106,0.3374928789753796,1109|1645|3157|3422|4047|4598|5947|5950|8630|8644|10170|10901|22845|57171|59342,AKR1C4|AKR1C1|HMGCS1|IDI1|LSS|MVK|RBP1|RBP4|HSD17B6|AKR1C3|DHRS9|DHRS4|DOLK|DOLPP1|SCPEP1,-2.116108517119828,0,51,0,0,-4.97987785652841,19.929605263157896,
1,-3.684755052344416,GO:0009753,M1,1,0,GO Biological Processes,19,response to jasmonic acid,19_GO:0050896 response to stimulus,-3.684755052344416,19.929605263157896,7.486931492920261,30293,4,1140,3,0.2631578947368421,0.15173423614217976,1109|1645|8644,AKR1C4|AKR1C1|AKR1C3,-2.0178212800087056,0,51,0,0,-4.97987785652841,19.929605263157896,
1,-3.684755052344416,GO:0071395,M1,1,0,GO Biological Processes,19,cellular response to jasmonic acid stimulus,19_GO:0050896 response to stimulus,-3.684755052344416,19.929605263157896,7.486931492920261,30293,4,1140,3,0.2631578947368421,0.15173423614217976,1109|1645|8644,AKR1C4|AKR1C1|AKR1C3,-2.0178212800087056,0,51,0,0,-4.97987785652841,19.929605263157896,
1,-3.665561582593679,GO:0044597,M1,1,0,GO Biological Processes,19,daunorubicin metabolic process,19_GO:0008152 metabolic process,-3.665561582593679,11.810136452241714,6.4138763824351,30293,9,1140,4,0.3508771929824561,0.17513053901652795,1109|1645|8574|8644,AKR1C4|AKR1C1|AKR7A2|AKR1C3,-2.0105270335576764,0,51,0,0,-4.97987785652841,19.929605263157896,
1,-3.552845658032949,GO:0071398,M1,1,0,GO Biological Processes,19,cellular response to fatty acid,19_GO:0050896 response to stimulus,-3.552845658032949,5.314561403508772,5.050394931290009,30293,35,1140,7,0.6140350877192983,0.23136981425843328,445|1109|1645|3949|6720|8644|55022,ASS1|AKR1C4|AKR1C1|LDLR|SREBF1|AKR1C3|PID1,-1.9243701375164144,0,51,0,0,-4.97987785652841,19.929605263157896,
1,-3.4568571289567633,GO:0030647,M1,1,0,GO Biological Processes,19,aminoglycoside antibiotic metabolic process,19_GO:0008152 metabolic process,-3.4568571289567633,10.629122807017541,6.022295350859218,30293,10,1140,4,0.3508771929824561,0.17513053901652795,1109|1645|8574|8644,AKR1C4|AKR1C1|AKR7A2|AKR1C3,-1.8545661913421019,0,51,0,0,-4.97987785652841,19.929605263157896,
1,-3.422547286823906,GO:0042180,M1,1,0,GO Biological Processes,19,cellular ketone metabolic process,19_GO:0008152 metabolic process,-3.422547286823906,3.398847409220726,4.405272972568616,30293,86,1140,11,0.9649122807017544,0.2895249775013002,1109|1645|1910|3028|8574|8630|8644|8912|10170|10901|27233,AKR1C4|AKR1C1|EDNRB|HSD17B10|AKR7A2|HSD17B6|AKR1C3|CACNA1H|DHRS9|DHRS4|SULT1C4,-1.8282672782502065,0,51,0,0,-4.97987785652841,19.929605263157896,
1,-3.0362222849713127,GO:0016137,M1,1,0,GO Biological Processes,19,glycoside metabolic process,19_GO:0008152 metabolic process,-3.0362222849713127,6.326858813700919,4.828753651551778,30293,21,1140,5,0.43859649122807015,0.19571569570288536,1109|1645|8574|8644|27233,AKR1C4|AKR1C1|AKR7A2|AKR1C3|SULT1C4,-1.5578592030409697,0,51,0,0,-4.97987785652841,19.929605263157896,
1,-2.964097635735887,GO:0042448,M1,1,0,GO Biological Processes,19,progesterone metabolic process,19_GO:0008152 metabolic process,-2.964097635735887,8.176248313090417,5.117595690092836,30293,13,1140,4,0.3508771929824561,0.17513053901652795,1109|1645|8644|10170,AKR1C4|AKR1C1|AKR1C3|DHRS9,-1.5001093962875067,0,51,0,0,-4.97987785652841,19.929605263157896,
1,-2.9024610217053595,GO:0006721,M1,1,0,GO Biological Processes,19,terpenoid metabolic process,19_GO:0008152 metabolic process,-2.9024610217053595,2.952534113060429,3.8479611232769186,30293,99,1140,11,0.9649122807017544,0.2895249775013002,1109|1645|3157|4047|5947|5950|8630|8644|10170|10901|59342,AKR1C4|AKR1C1|HMGCS1|LSS|RBP1|RBP4|HSD17B6|AKR1C3|DHRS9|DHRS4|SCPEP1,-1.4557645148294263,0,51,0,0,-4.97987785652841,19.929605263157896,
1,-2.8989979537778634,GO:0070542,M1,1,0,GO Biological Processes,19,response to fatty acid,19_GO:0050896 response to stimulus,-2.8989979537778634,3.72951677439212,4.078831837643089,30293,57,1140,8,0.7017543859649122,0.24723555672122605,445|1109|1645|3949|6662|6720|8644|55022,ASS1|AKR1C4|AKR1C1|LDLR|SOX9|SREBF1|AKR1C3|PID1,-1.4547164363421103,0,51,0,0,-4.97987785652841,19.929605263157896,
1,-2.400019177083283,GO:0001523,M1,1,0,GO Biological Processes,19,retinoid metabolic process,19_GO:0008152 metabolic process,-2.400019177083283,2.88138871274572,3.3940402722080485,30293,83,1140,9,0.7894736842105263,0.2621170552142749,1109|1645|5947|5950|8630|8644|10170|10901|59342,AKR1C4|AKR1C1|RBP1|RBP4|HSD17B6|AKR1C3|DHRS9|DHRS4|SCPEP1,-1.0931285158624129,0,51,0,0,-4.97987785652841,19.929605263157896,
1,-2.231840073878057,GO:0016101,M1,1,0,GO Biological Processes,19,diterpenoid metabolic process,19_GO:0008152 metabolic process,-2.231840073878057,2.717673444976077,3.1909301023933767,30293,88,1140,9,0.7894736842105263,0.2621170552142749,1109|1645|5947|5950|8630|8644|10170|10901|59342,AKR1C4|AKR1C1|RBP1|RBP4|HSD17B6|AKR1C3|DHRS9|DHRS4|SCPEP1,-0.9755273419734732,0,51,0,0,-4.97987785652841,19.929605263157896,
1,-2.139113507730204,GO:0019748,M1,1,0,GO Biological Processes,19,secondary metabolic process,19_GO:0008152 metabolic process,-2.139113507730204,3.4660183066361556,3.3098539636574653,30293,46,1140,6,0.5263157894736842,0.21430133448577773,1109|1645|8574|8644|27233|56898,AKR1C4|AKR1C1|AKR7A2|AKR1C3|SULT1C4|BDH2,-0.90775043228342,0,51,0,0,-4.97987785652841,19.929605263157896,
1,-4.951231578394052,GO:0072657,M1,1,0,GO Biological Processes,19,protein localization to membrane,19_GO:0051179 localization,-4.951231578394052,2.1348132487667373,4.918989796680732,30293,473,1140,38,3.3333333333333335,0.5316493883423138,288|348|975|1363|1740|2533|3689|5028|5727|5764|5824|5872|7430|8631|8934|9914|10979|11031|11079|23043|23787|26519|26521|29082|51100|55176|56889|63971|64121|64374|79651|115827|116372|132112|133022|196383|285590|340348,ANK3|APOE|CD81|CPE|DLG2|FYB1|ITGB2|P2RY1|PTCH1|PTN|PEX19|RAB13|EZR|SKAP1|RAB29|ATP2C2|FERMT2|RAB31|RER1|TNIK|MTCH1|TIMM10|TIMM8B|CHMP4A|SH3GLB1|SEC61A2|TM9SF3|KIF13A|RRAGC|SIL1|RHBDF2|RAB3C|LYPD1|RTP1|TRAM1L1|RILPL2|SH3PXD2B|TSPAN33,-2.9058166538240404,0,52,1,1,-4.951231578394052,2.203598630723149,
1,-4.7382018589868276,GO:0051668,M1,1,0,GO Biological Processes,19,localization within membrane,19_GO:0051179 localization,-4.7382018589868276,2.003694604554474,4.727839083991627,30293,557,1140,42,3.6842105263157894,0.5579156427379696,288|348|975|1363|1740|2533|3689|5028|5727|5764|5788|5824|5872|7430|8631|8934|9914|10979|11021|11031|11079|23043|23673|23787|26519|26521|29082|51100|51375|55176|56889|63971|64121|64374|79651|115827|116372|132112|133022|196383|285590|340348,ANK3|APOE|CD81|CPE|DLG2|FYB1|ITGB2|P2RY1|PTCH1|PTN|PTPRC|PEX19|RAB13|EZR|SKAP1|RAB29|ATP2C2|FERMT2|RAB35|RAB31|RER1|TNIK|STX12|MTCH1|TIMM10|TIMM8B|CHMP4A|SH3GLB1|SNX7|SEC61A2|TM9SF3|KIF13A|RRAGC|SIL1|RHBDF2|RAB3C|LYPD1|RTP1|TRAM1L1|RILPL2|SH3PXD2B|TSPAN33,-2.766347657138711,0,52,0,0,-4.951231578394052,2.203598630723149,
1,-2.693285603593139,GO:0072659,M1,1,0,GO Biological Processes,19,protein localization to plasma membrane,19_GO:0051179 localization,-2.693285603593139,2.203598630723149,3.4192962403012883,30293,205,1140,17,1.4912280701754386,0.3589690963831384,288|975|2533|5028|5727|5872|7430|8631|9914|11031|23043|63971|79651|115827|116372|196383|340348,ANK3|CD81|FYB1|P2RY1|PTCH1|RAB13|EZR|SKAP1|ATP2C2|RAB31|TNIK|KIF13A|RHBDF2|RAB3C|LYPD1|RILPL2|TSPAN33,-1.2975621957032855,0,52,0,0,-4.951231578394052,2.203598630723149,
1,-2.2389033494225776,GO:1990778,M1,1,0,GO Biological Processes,19,protein localization to cell periphery,19_GO:0051179 localization,-2.2389033494225776,1.9443517329910143,2.9408681243305357,30293,246,1140,18,1.5789473684210527,0.3692116566580194,288|975|2533|5028|5727|5872|7430|8631|8934|9914|11031|23043|63971|79651|115827|116372|196383|340348,ANK3|CD81|FYB1|P2RY1|PTCH1|RAB13|EZR|SKAP1|RAB29|ATP2C2|RAB31|TNIK|KIF13A|RHBDF2|RAB3C|LYPD1|RILPL2|TSPAN33,-0.9778785154301801,0,52,0,0,-4.951231578394052,2.203598630723149,
1,-4.918274770559339,GO:0060627,M1,1,0,GO Biological Processes,19,regulation of vesicle-mediated transport,19_GO:0051179 localization,-4.918274770559339,2.059518124233078,4.861444720093838,30293,529,1140,41,3.5964912280701755,0.5514847373096254,71|136|348|392|408|613|718|967|1191|1948|2771|3689|3822|4067|4983|5028|5788|5872|5874|6441|6609|6810|6814|7430|7474|8447|8673|8829|8862|8934|8938|9501|11031|27236|29091|51760|54550|84062|85439|94121|115827,ACTG1|ADORA2B|APOE|ARHGAP1|ARRB1|BCR|C3|CD63|CLU|EFNB2|GNAI2|ITGB2|KLRC2|LYN|OPHN1|P2RY1|PTPRC|RAB13|RAB27B|SFTPD|SMPD1|STX4|STXBP3|EZR|WNT5A|DOC2B|VAMP8|NRP1|APLN|RAB29|BAIAP3|RPH3AL|RAB31|ARFIP1|STXBP6|SYT17|NECAB2|DTNBP1|STON2|SYTL4|RAB3C,-2.8869240236952547,0,53,1,1,-4.918274770559339,6.643201754385966,
1,-4.518521403379535,GO:0017157,M1,1,0,GO Biological Processes,19,regulation of exocytosis,19_GO:0051179 localization,-4.518521403379535,2.8268943635684955,4.968757690392749,30293,188,1140,20,1.7543859649122806,0.38883623754641444,136|613|2771|3689|3822|4067|5028|5872|5874|6810|6814|8447|8673|8938|9501|29091|51760|84062|94121|115827,ADORA2B|BCR|GNAI2|ITGB2|KLRC2|LYN|P2RY1|RAB13|RAB27B|STX4|STXBP3|DOC2B|VAMP8|BAIAP3|RPH3AL|STXBP6|SYT17|DTNBP1|SYTL4|RAB3C,-2.6332986921936885,0,53,0,0,-4.918274770559339,6.643201754385966,
1,-4.129090050326363,GO:1903305,M1,1,0,GO Biological Processes,19,regulation of regulated secretory pathway,19_GO:0051179 localization,-4.129090050326363,3.1887368421052633,4.848976378880726,30293,125,1140,15,1.3157894736842106,0.3374928789753796,136|613|2771|3689|3822|4067|5028|6810|6814|8447|8673|8938|9501|51760|84062,ADORA2B|BCR|GNAI2|ITGB2|KLRC2|LYN|P2RY1|STX4|STXBP3|DOC2B|VAMP8|BAIAP3|RPH3AL|SYT17|DTNBP1,-2.35350742834544,0,53,0,0,-4.918274770559339,6.643201754385966,
1,-2.8989979537778634,GO:0002886,M1,1,0,GO Biological Processes,19,regulation of myeloid leukocyte mediated immunity,19_GO:0002376 immune system process,-2.8989979537778634,3.72951677439212,4.078831837643089,30293,57,1140,8,0.7017543859649122,0.24723555672122605,136|613|718|1524|3689|4067|6810|8673,ADORA2B|BCR|C3|CX3CR1|ITGB2|LYN|STX4|VAMP8,-1.4547164363421103,0,53,0,0,-4.918274770559339,6.643201754385966,
1,-2.8655032277506183,GO:0043300,M1,1,0,GO Biological Processes,19,regulation of leukocyte degranulation,19_GO:0002376 immune system process,-2.8655032277506183,4.1335477582846005,4.15976710551506,30293,45,1140,7,0.6140350877192983,0.23136981425843328,136|613|3689|3822|4067|6810|8673,ADORA2B|BCR|ITGB2|KLRC2|LYN|STX4|VAMP8,-1.4283871347025396,0,53,0,0,-4.918274770559339,6.643201754385966,
1,-2.7569980994353886,GO:0043302,M1,1,0,GO Biological Processes,19,positive regulation of leukocyte degranulation,19_GO:0002376 immune system process,-2.7569980994353886,5.536001461988303,4.39596821364552,30293,24,1140,5,0.43859649122807015,0.19571569570288536,136|3689|3822|6810|8673,ADORA2B|ITGB2|KLRC2|STX4|VAMP8,-1.3488966429692046,0,53,0,0,-4.918274770559339,6.643201754385966,
1,-2.2843561558649914,GO:1903307,M1,1,0,GO Biological Processes,19,positive regulation of regulated secretory pathway,19_GO:0051179 localization,-2.2843561558649914,3.7078335373317017,3.513729092997357,30293,43,1140,6,0.5263157894736842,0.21430133448577773,136|3689|3822|6810|8447|8673,ADORA2B|ITGB2|KLRC2|STX4|DOC2B|VAMP8,-1.0071484785190825,0,53,0,0,-4.918274770559339,6.643201754385966,
1,-2.0791658662785526,GO:0045921,M1,1,0,GO Biological Processes,19,positive regulation of exocytosis,19_GO:0051179 localization,-2.0791658662785526,2.7608111187058553,3.059246149101256,30293,77,1140,8,0.7017543859649122,0.24723555672122605,136|3689|3822|5874|6810|8447|8673|94121,ADORA2B|ITGB2|KLRC2|RAB27B|STX4|DOC2B|VAMP8|SYTL4,-0.857635706080204,0,53,0,0,-4.918274770559339,6.643201754385966,
1,-2.042732788166127,GO:0035493,M1,1,0,GO Biological Processes,19,SNARE complex assembly,19_GO:0051179 localization,-2.042732788166127,6.643201754385966,3.866391854550837,30293,12,1140,3,0.2631578947368421,0.15173423614217976,6810|8673|29091,STX4|VAMP8|STXBP6,-0.8379195978899155,0,53,0,0,-4.918274770559339,6.643201754385966,
1,-4.846957324078892,GO:0072091,M1,1,0,GO Biological Processes,19,regulation of stem cell proliferation,19_GO:0050789 regulation of biological process,-4.846957324078892,3.875201023391813,5.579518280304353,30293,96,1140,14,1.2280701754385965,0.32619397574769193,677|1050|2247|2697|5396|5727|5788|6662|6664|7101|7474|10413|10979|55612,ZFP36L1|CEBPA|FGF2|GJA1|PRRX1|PTCH1|PTPRC|SOX9|SOX11|NR2E1|WNT5A|YAP1|FERMT2|FERMT1,-2.835311331730176,0,54,1,1,-4.846957324078892,4.27062969924812,
1,-3.6458710861487025,GO:2000648,M1,1,0,GO Biological Processes,19,positive regulation of stem cell proliferation,19_GO:0048518 positive regulation of biological process,-3.6458710861487025,4.27062969924812,4.84429757463776,30293,56,1140,9,0.7894736842105263,0.2621170552142749,2247|2697|5396|5788|6662|6664|7101|7474|10979,FGF2|GJA1|PRRX1|PTPRC|SOX9|SOX11|NR2E1|WNT5A|FERMT2,-1.994731580996224,0,54,0,0,-4.846957324078892,4.27062969924812,
1,-2.7529879733937386,GO:0048736,M1,1,0,GO Biological Processes,19,appendage development,19_GO:0032502 developmental process,-2.7529879733937386,2.29818871503082,3.5023336233782136,30293,185,1140,16,1.4035087719298245,0.3484061960898092,655|2697|2768|3691|5125|5396|5727|6299|6662|7474|10979|23657|27152|51222|55636|64093,BMP7|GJA1|GNA12|ITGB4|PCSK5|PRRX1|PTCH1|SALL1|SOX9|WNT5A|FERMT2|SLC7A11|INTU|ZNF219|CHD7|SMOC1,-1.346875638855335,0,54,0,0,-4.846957324078892,4.27062969924812,
1,-2.7529879733937386,GO:0060173,M1,1,0,GO Biological Processes,19,limb development,19_GO:0032502 developmental process,-2.7529879733937386,2.29818871503082,3.5023336233782136,30293,185,1140,16,1.4035087719298245,0.3484061960898092,655|2697|2768|3691|5125|5396|5727|6299|6662|7474|10979|23657|27152|51222|55636|64093,BMP7|GJA1|GNA12|ITGB4|PCSK5|PRRX1|PTCH1|SALL1|SOX9|WNT5A|FERMT2|SLC7A11|INTU|ZNF219|CHD7|SMOC1,-1.346875638855335,0,54,0,0,-4.846957324078892,4.27062969924812,
1,-4.803433858256254,GO:0071396,M1,1,0,GO Biological Processes,19,cellular response to lipid,19_GO:0050896 response to stimulus,-4.803433858256254,2.0364207247089685,4.782840338854837,30293,535,1140,41,3.5964912280701755,0.5514847373096254,358|445|613|677|678|834|923|968|1109|1524|1645|1910|2635|2950|3638|3949|4067|4257|5080|5245|5727|6422|6662|6720|6751|7099|7101|7474|7477|7525|8644|9516|9646|10413|10417|11170|23209|54541|55022|57088|84868,AQP1|ASS1|BCR|ZFP36L1|ZFP36L2|CASP1|CD6|CD68|AKR1C4|CX3CR1|AKR1C1|EDNRB|GBP3|GSTP1|INSIG1|LDLR|LYN|MGST1|PAX6|PHB1|PTCH1|SFRP1|SOX9|SREBF1|SSTR1|TLR4|NR2E1|WNT5A|WNT7B|YES1|AKR1C3|LITAF|CTR9|YAP1|SPON2|FAM107A|MLC1|DDIT4|PID1|PLSCR4|HAVCR2,-2.8081807574114745,0,55,1,1,-4.803433858256254,2.1718159581646423,
1,-2.626904152190959,GO:0071222,M1,1,0,GO Biological Processes,19,cellular response to lipopolysaccharide,19_GO:0044419 biological process involved in interspecies interaction between organisms,-2.626904152190959,2.1718159581646423,3.3534423223100376,30293,208,1140,17,1.4912280701754386,0.3589690963831384,445|613|834|923|968|1524|1910|2635|2950|4067|7099|7474|9516|9646|10417|57088|84868,ASS1|BCR|CASP1|CD6|CD68|CX3CR1|EDNRB|GBP3|GSTP1|LYN|TLR4|WNT5A|LITAF|CTR9|SPON2|PLSCR4|HAVCR2,-1.2418170591468904,0,55,0,0,-4.803433858256254,2.1718159581646423,
1,-2.3575295703853496,GO:0071219,M1,1,0,GO Biological Processes,19,cellular response to molecule of bacterial origin,19_GO:0044419 biological process involved in interspecies interaction between organisms,-2.3575295703853496,2.0440620782726047,3.0804635606653923,30293,221,1140,17,1.4912280701754386,0.3589690963831384,445|613|834|923|968|1524|1910|2635|2950|4067|7099|7474|9516|9646|10417|57088|84868,ASS1|BCR|CASP1|CD6|CD68|CX3CR1|EDNRB|GBP3|GSTP1|LYN|TLR4|WNT5A|LITAF|CTR9|SPON2|PLSCR4|HAVCR2,-1.0625753257979076,0,55,0,0,-4.803433858256254,2.1718159581646423,
1,-2.2211052822642783,GO:0071216,M1,1,0,GO Biological Processes,19,cellular response to biotic stimulus,19_GO:0050896 response to stimulus,-2.2211052822642783,1.9364798636266782,2.922323982160643,30293,247,1140,18,1.5789473684210527,0.3692116566580194,445|613|834|923|968|1524|1910|2635|2950|4067|7099|7474|9516|9646|10417|10628|57088|84868,ASS1|BCR|CASP1|CD6|CD68|CX3CR1|EDNRB|GBP3|GSTP1|LYN|TLR4|WNT5A|LITAF|CTR9|SPON2|TXNIP|PLSCR4|HAVCR2,-0.968422495519868,0,55,0,0,-4.803433858256254,2.1718159581646423,
1,-4.793224127923201,GO:0098883,M1,1,0,GO Biological Processes,19,synapse pruning,19_GO:0009987 cellular process,-4.793224127923201,13.28640350877193,7.68422547023008,30293,10,1140,5,0.43859649122807015,0.19571569570288536,712|713|714|718|1524,C1QA|C1QB|C1QC|C3|CX3CR1,-2.8081807574114745,0,56,1,1,-4.793224127923201,13.28640350877193,
1,-3.947943015054636,GO:0150146,M1,1,0,GO Biological Processes,19,cell junction disassembly,19_GO:0009987 cellular process,-3.947943015054636,9.490288220551378,6.283338556093019,30293,14,1140,5,0.43859649122807015,0.19571569570288536,712|713|714|718|1524,C1QA|C1QB|C1QC|C3|CX3CR1,-2.2113733145775316,0,56,0,0,-4.793224127923201,13.28640350877193,
1,-2.924787743532363,GO:0002455,M1,1,0,GO Biological Processes,19,humoral immune response mediated by circulating immunoglobulin,19_GO:0002376 immune system process,-2.924787743532363,4.227492025518341,4.236534804300006,30293,44,1140,7,0.6140350877192983,0.23136981425843328,712|713|714|716|718|975|1191,C1QA|C1QB|C1QC|C1S|C3|CD81|CLU,-1.474850218018597,0,56,0,0,-4.793224127923201,13.28640350877193,
1,-2.5006693842097953,GO:0006958,M1,1,0,GO Biological Processes,19,"complement activation, classical pathway",19_GO:0002376 immune system process,-2.5006693842097953,4.088124156545209,3.816018120321562,30293,39,1140,6,0.5263157894736842,0.21430133448577773,712|713|714|716|718|1191,C1QA|C1QB|C1QC|C1S|C3|CLU,-1.1645500721223279,0,56,0,0,-4.793224127923201,13.28640350877193,
1,-2.269109635146194,GO:0006956,M1,1,0,GO Biological Processes,19,complement activation,19_GO:0002376 immune system process,-2.269109635146194,3.2633271775931054,3.382185095024959,30293,57,1140,7,0.6140350877192983,0.23136981425843328,712|713|714|716|718|1191|1675,C1QA|C1QB|C1QC|C1S|C3|CLU|CFD,-1.0001158714825213,0,56,0,0,-4.793224127923201,13.28640350877193,
1,-4.77303373522087,GO:0030111,M1,1,0,GO Biological Processes,19,regulation of Wnt signaling pathway,19_GO:0050896 response to stimulus,-4.77303373522087,2.3377836085815713,4.912752889779363,30293,341,1140,30,2.6315789473684212,0.4740944155917378,348|1452|1501|2247|2887|6299|6422|6657|6662|7474|8321|8613|10413|22881|23189|25805|25937|29969|55366|55612|55959|57326|59343|64359|79971|83439|84328|147495|147906|151195,APOE|CSNK1A1|CTNND2|FGF2|GRB10|SALL1|SFRP1|SOX2|SOX9|WNT5A|FZD1|PLPP3|YAP1|ANKRD6|KANK1|BAMBI|WWTR1|MDFIC|LGR4|FERMT1|SULF2|PBXIP1|SENP2|NXN|WLS|TCF7L1|LZIC|APCDD1|DACT3|CCNYL1,-2.791454605087781,0,57,1,1,-4.77303373522087,3.22847188063617,
1,-4.592353896460706,GO:0016055,M1,1,0,GO Biological Processes,19,Wnt signaling pathway,19_GO:0050896 response to stimulus,-4.592353896460706,2.458693887744272,4.857855895597898,30293,281,1140,26,2.280701754385965,0.4421524057977656,1363|1452|1501|1642|1910|2247|2535|6422|6662|7474|7477|8321|9646|10413|10979|23043|23184|54361|55366|57216|59343|64359|79971|83439|147495|147906,CPE|CSNK1A1|CTNND2|DDB1|EDNRB|FGF2|FZD2|SFRP1|SOX9|WNT5A|WNT7B|FZD1|CTR9|YAP1|FERMT2|TNIK|MESD|WNT4|LGR4|VANGL2|SENP2|NXN|WLS|TCF7L1|APCDD1|DACT3,-2.67121045768871,0,57,0,0,-4.77303373522087,3.22847188063617,
1,-4.592353896460706,GO:0198738,M1,1,0,GO Biological Processes,19,cell-cell signaling by wnt,19_GO:0050789 regulation of biological process,-4.592353896460706,2.458693887744272,4.857855895597898,30293,281,1140,26,2.280701754385965,0.4421524057977656,1363|1452|1501|1642|1910|2247|2535|6422|6662|7474|7477|8321|9646|10413|10979|23043|23184|54361|55366|57216|59343|64359|79971|83439|147495|147906,CPE|CSNK1A1|CTNND2|DDB1|EDNRB|FGF2|FZD2|SFRP1|SOX9|WNT5A|WNT7B|FZD1|CTR9|YAP1|FERMT2|TNIK|MESD|WNT4|LGR4|VANGL2|SENP2|NXN|WLS|TCF7L1|APCDD1|DACT3,-2.67121045768871,0,57,0,0,-4.77303373522087,3.22847188063617,
1,-3.7119847353117277,GO:0060070,M1,1,0,GO Biological Processes,19,canonical Wnt signaling pathway,19_GO:0050896 response to stimulus,-3.7119847353117277,3.22847188063617,4.566369354634572,30293,107,1140,13,1.1403508771929824,0.31446792656606076,1910|2247|2535|6422|6662|7474|7477|8321|10413|54361|55366|83439|147906,EDNRB|FGF2|FZD2|SFRP1|SOX9|WNT5A|WNT7B|FZD1|YAP1|WNT4|LGR4|TCF7L1|DACT3,-2.027266341796243,0,57,0,0,-4.77303373522087,3.22847188063617,
1,-2.559435455821594,GO:0060828,M1,1,0,GO Biological Processes,19,regulation of canonical Wnt signaling pathway,19_GO:0050896 response to stimulus,-2.559435455821594,1.9979554148529217,3.232739864317744,30293,266,1140,20,1.7543859649122806,0.38883623754641444,348|1452|1501|2247|6422|6657|6662|7474|8321|10413|22881|23189|25805|25937|55366|55612|55959|79971|147906|151195,APOE|CSNK1A1|CTNND2|FGF2|SFRP1|SOX2|SOX9|WNT5A|FZD1|YAP1|ANKRD6|KANK1|BAMBI|WWTR1|LGR4|FERMT1|SULF2|WLS|DACT3|CCNYL1,-1.2066890028823376,0,57,0,0,-4.77303373522087,3.22847188063617,
1,-2.554992379870886,GO:0030178,M1,1,0,GO Biological Processes,19,negative regulation of Wnt signaling pathway,19_GO:0048519 negative regulation of biological process,-2.554992379870886,2.264727870813397,3.3275327770230367,30293,176,1140,15,1.3157894736842106,0.3374928789753796,348|1452|2887|6422|6657|6662|7474|8321|22881|25937|55612|64359|84328|147495|147906,APOE|CSNK1A1|GRB10|SFRP1|SOX2|SOX9|WNT5A|FZD1|ANKRD6|WWTR1|FERMT1|NXN|LZIC|APCDD1|DACT3,-1.2035884000293897,0,57,0,0,-4.77303373522087,3.22847188063617,
1,-2.0092990731944878,GO:0030177,M1,1,0,GO Biological Processes,19,positive regulation of Wnt signaling pathway,19_GO:0048518 positive regulation of biological process,-2.0092990731944878,2.1692087361260293,2.810027985104819,30293,147,1140,12,1.0526315789473684,0.3022650235027283,2247|6299|6422|7474|10413|22881|23189|25805|55366|55959|57326|79971,FGF2|SALL1|SFRP1|WNT5A|YAP1|ANKRD6|KANK1|BAMBI|LGR4|SULF2|PBXIP1|WLS,-0.8131857997307097,0,57,0,0,-4.77303373522087,3.22847188063617,
1,-4.74849122560616,GO:0042116,M1,1,0,GO Biological Processes,19,macrophage activation,19_GO:0002376 immune system process,-4.74849122560616,4.714530277306169,5.789596061688174,30293,62,1140,11,0.9649122807017544,0.2895249775013002,199|712|1191|1524|2214|3689|7098|7099|84868|90865|221395,AIF1|C1QA|CLU|CX3CR1|FCGR3A|ITGB2|TLR3|TLR4|HAVCR2|IL33|ADGRF5,-2.771256133802812,0,58,1,1,-4.74849122560616,8.857602339181287,
1,-4.526267053089666,GO:0002269,M1,1,0,GO Biological Processes,19,leukocyte activation involved in inflammatory response,19_GO:0002376 immune system process,-4.526267053089666,6.2524251805985545,6.059639961793404,30293,34,1140,8,0.7017543859649122,0.24723555672122605,199|712|1191|1524|3689|7098|10758|90865,AIF1|C1QA|CLU|CX3CR1|ITGB2|TLR3|TRAF3IP2|IL33,-2.6349397023646923,0,58,0,0,-4.74849122560616,8.857602339181287,
1,-3.903628235438452,GO:0001774,M1,1,0,GO Biological Processes,19,microglial cell activation,19_GO:0002376 immune system process,-3.903628235438452,6.000311262026033,5.508125745581486,30293,31,1140,7,0.6140350877192983,0.23136981425843328,199|712|1191|1524|3689|7098|90865,AIF1|C1QA|CLU|CX3CR1|ITGB2|TLR3|IL33,-2.1784417145192627,0,58,0,0,-4.74849122560616,8.857602339181287,
1,-3.2854510280013876,GO:0014009,M1,1,0,GO Biological Processes,19,glial cell proliferation,19_GO:0032502 developmental process,-3.2854510280013876,5.694172932330828,4.91408353533748,30293,28,1140,6,0.5263157894736842,0.21430133448577773,1191|2670|6664|90865|146433|163175,CLU|GFAP|SOX11|IL33|IL34|LGI4,-1.7401361861557674,0,58,0,0,-4.74849122560616,8.857602339181287,
1,-3.250376047879618,GO:0061900,M1,1,0,GO Biological Processes,19,glial cell activation,19_GO:0032501 multicellular organismal process,-3.250376047879618,4.769478182636077,4.657972387090933,30293,39,1140,7,0.6140350877192983,0.23136981425843328,199|712|1191|1524|3689|7098|90865,AIF1|C1QA|CLU|CX3CR1|ITGB2|TLR3|IL33,-1.7193009915603652,0,58,0,0,-4.74849122560616,8.857602339181287,
1,-2.59344643046293,GO:0150076,M1,1,0,GO Biological Processes,19,neuroinflammatory response,19_GO:0050896 response to stimulus,-2.59344643046293,3.7201929824561404,3.806686016422672,30293,50,1140,7,0.6140350877192983,0.23136981425843328,199|712|1191|1524|3689|7098|90865,AIF1|C1QA|CLU|CX3CR1|ITGB2|TLR3|IL33,-1.2294005746837633,0,58,0,0,-4.74849122560616,8.857602339181287,
1,-2.4241833312057706,GO:0061517,M1,1,0,GO Biological Processes,19,macrophage proliferation,19_GO:0009987 cellular process,-2.4241833312057706,8.857602339181287,4.66207714291993,30293,9,1140,3,0.2631578947368421,0.15173423614217976,1191|90865|146433,CLU|IL33|IL34,-1.111808523304576,0,58,0,0,-4.74849122560616,8.857602339181287,
1,-2.4241833312057706,GO:0061518,M1,1,0,GO Biological Processes,19,microglial cell proliferation,19_GO:0032502 developmental process,-2.4241833312057706,8.857602339181287,4.66207714291993,30293,9,1140,3,0.2631578947368421,0.15173423614217976,1191|90865|146433,CLU|IL33|IL34,-1.111808523304576,0,58,0,0,-4.74849122560616,8.857602339181287,
1,-4.747337792024683,GO:0072006,M1,1,0,GO Biological Processes,19,nephron development,19_GO:0032502 developmental process,-4.747337792024683,3.273461734045258,5.293248693200211,30293,138,1140,17,1.4912280701754386,0.3589690963831384,358|655|1910|2247|4868|5156|5727|6299|6662|7477|25937|26508|54361|55083|55366|55959|388585,AQP1|BMP7|EDNRB|FGF2|NPHS1|PDGFRA|PTCH1|SALL1|SOX9|WNT7B|WWTR1|HEYL|WNT4|KIF26B|LGR4|SULF2|HES5,-2.771256133802812,0,59,1,1,-4.747337792024683,13.286403508771931,
1,-4.734311425138403,GO:0072210,M1,1,0,GO Biological Processes,19,metanephric nephron development,19_GO:0032502 developmental process,-4.734311425138403,6.643201754385964,6.31587755998839,30293,32,1140,8,0.7017543859649122,0.24723555672122605,358|5156|6299|6662|54361|55083|55366|388585,AQP1|PDGFRA|SALL1|SOX9|WNT4|KIF26B|LGR4|HES5,-2.766347657138711,0,59,0,0,-4.747337792024683,13.286403508771931,
1,-4.665009733057035,GO:0072073,M1,1,0,GO Biological Processes,19,kidney epithelium development,19_GO:0032502 developmental process,-4.665009733057035,3.2266979949874686,5.221975687267809,30293,140,1140,17,1.4912280701754386,0.3589690963831384,358|655|1910|1948|2247|4087|4868|5727|6299|6422|6662|7477|26508|54361|55083|55366|388585,AQP1|BMP7|EDNRB|EFNB2|FGF2|SMAD2|NPHS1|PTCH1|SALL1|SFRP1|SOX9|WNT7B|HEYL|WNT4|KIF26B|LGR4|HES5,-2.7255770536435078,0,59,0,0,-4.747337792024683,13.286403508771931,
1,-4.551587225072536,GO:2000027,M1,1,0,GO Biological Processes,19,regulation of animal organ morphogenesis,19_GO:0032502 developmental process,-4.551587225072536,3.881421249753598,5.383246920314234,30293,89,1140,13,1.1403508771929824,0.31446792656606076,655|2247|2535|5154|6091|6422|6662|7474|8321|9500|54361|55366|147495,BMP7|FGF2|FZD2|PDGFA|ROBO1|SFRP1|SOX9|WNT5A|FZD1|MAGED1|WNT4|LGR4|APCDD1,-2.64838595323792,0,59,0,0,-4.747337792024683,13.286403508771931,
1,-4.547436911535771,GO:1905330,M1,1,0,GO Biological Processes,19,regulation of morphogenesis of an epithelium,19_GO:0032502 developmental process,-4.547436911535771,4.49693657219973,5.581031838614299,30293,65,1140,11,0.9649122807017544,0.2895249775013002,655|2247|2697|5154|5293|6422|6662|7474|9500|54361|55366,BMP7|FGF2|GJA1|PDGFA|PIK3CD|SFRP1|SOX9|WNT5A|MAGED1|WNT4|LGR4,-2.64838595323792,0,59,0,0,-4.747337792024683,13.286403508771931,
1,-4.43398509940097,GO:0003338,M1,1,0,GO Biological Processes,19,metanephros morphogenesis,19_GO:0032502 developmental process,-4.43398509940097,7.154217273954116,6.207969634242182,30293,26,1140,7,0.6140350877192983,0.23136981425843328,6299|6662|7477|54361|55083|55366|388585,SALL1|SOX9|WNT7B|WNT4|KIF26B|LGR4|HES5,-2.5840643256091043,0,59,0,0,-4.747337792024683,13.286403508771931,
1,-4.302052438293568,GO:0072273,M1,1,0,GO Biological Processes,19,metanephric nephron morphogenesis,19_GO:0032502 developmental process,-4.302052438293568,8.391412742382272,6.373003029360308,30293,19,1140,6,0.5263157894736842,0.21430133448577773,6299|6662|54361|55083|55366|388585,SALL1|SOX9|WNT4|KIF26B|LGR4|HES5,-2.484409138091134,0,59,0,0,-4.747337792024683,13.286403508771931,
1,-4.029087053129202,GO:0072170,M1,1,0,GO Biological Processes,19,metanephric tubule development,19_GO:0032502 developmental process,-4.029087053129202,7.5922305764411036,5.975802734997832,30293,21,1140,6,0.5263157894736842,0.21430133448577773,358|6662|7477|54361|55366|388585,AQP1|SOX9|WNT7B|WNT4|LGR4|HES5,-2.2732121974567105,0,59,0,0,-4.747337792024683,13.286403508771931,
1,-3.999491930703819,GO:0001656,M1,1,0,GO Biological Processes,19,metanephros development,19_GO:0032502 developmental process,-3.999491930703819,3.6652147610405326,4.922888513571276,30293,87,1140,12,1.0526315789473684,0.3022650235027283,358|655|1512|5156|5727|6299|6662|7477|54361|55083|55366|388585,AQP1|BMP7|CTSH|PDGFRA|PTCH1|SALL1|SOX9|WNT7B|WNT4|KIF26B|LGR4|HES5,-2.250147942190285,0,59,0,0,-4.747337792024683,13.286403508771931,
1,-3.676585193514514,GO:0072207,M1,1,0,GO Biological Processes,19,metanephric epithelium development,19_GO:0032502 developmental process,-3.676585193514514,6.643201754385966,5.468987552882164,30293,24,1140,6,0.5263157894736842,0.21430133448577773,358|6662|7477|54361|55366|388585,AQP1|SOX9|WNT7B|WNT4|LGR4|HES5,-2.017620350850079,0,59,0,0,-4.747337792024683,13.286403508771931,
1,-3.631102123418498,GO:0072009,M1,1,0,GO Biological Processes,19,nephron epithelium development,19_GO:0032502 developmental process,-3.631102123418498,3.1692338644777083,4.486482747190633,30293,109,1140,13,1.1403508771929824,0.31446792656606076,358|1910|2247|4868|5727|6299|6662|7477|26508|54361|55083|55366|388585,AQP1|EDNRB|FGF2|NPHS1|PTCH1|SALL1|SOX9|WNT7B|HEYL|WNT4|KIF26B|LGR4|HES5,-1.9863777198686732,0,59,0,0,-4.747337792024683,13.286403508771931,
1,-3.47316750785661,GO:1905332,M1,1,0,GO Biological Processes,19,positive regulation of morphogenesis of an epithelium,19_GO:0032502 developmental process,-3.47316750785661,5.16693469785575,4.946861890636098,30293,36,1140,7,0.6140350877192983,0.23136981425843328,2247|2697|5293|6662|9500|54361|55366,FGF2|GJA1|PIK3CD|SOX9|MAGED1|WNT4|LGR4,-1.8627150914733481,0,59,0,0,-4.747337792024683,13.286403508771931,
1,-3.467185366828983,GO:0072080,M1,1,0,GO Biological Processes,19,nephron tubule development,19_GO:0032502 developmental process,-3.467185366828983,3.4388338493292054,4.4525157469242185,30293,85,1140,11,0.9649122807017544,0.2895249775013002,358|2247|5727|6299|6662|7477|26508|54361|55083|55366|388585,AQP1|FGF2|PTCH1|SALL1|SOX9|WNT7B|HEYL|WNT4|KIF26B|LGR4|HES5,-1.8593110118323588,0,59,0,0,-4.747337792024683,13.286403508771931,
1,-3.3710991088201383,GO:0072234,M1,1,0,GO Biological Processes,19,metanephric nephron tubule development,19_GO:0032502 developmental process,-3.3710991088201383,7.381335282651071,5.355259417697287,30293,18,1140,5,0.43859649122807015,0.19571569570288536,358|6662|7477|55366|388585,AQP1|SOX9|WNT7B|LGR4|HES5,-1.7978463793622859,0,59,0,0,-4.747337792024683,13.286403508771931,
1,-3.2929215676843597,GO:0060993,M1,1,0,GO Biological Processes,19,kidney morphogenesis,19_GO:0032502 developmental process,-3.2929215676843597,3.2842795190222747,4.267630318532945,30293,89,1140,11,0.9649122807017544,0.2895249775013002,655|2247|5727|6299|6662|7477|25937|54361|55083|55366|388585,BMP7|FGF2|PTCH1|SALL1|SOX9|WNT7B|WWTR1|WNT4|KIF26B|LGR4|HES5,-1.744189630203924,0,59,0,0,-4.747337792024683,13.286403508771931,
1,-3.2736892524231354,GO:0072173,M1,1,0,GO Biological Processes,19,metanephric tubule morphogenesis,19_GO:0032502 developmental process,-3.2736892524231354,9.662838915470493,5.682495196333317,30293,11,1140,4,0.3508771929824561,0.17513053901652795,6662|54361|55366|388585,SOX9|WNT4|LGR4|HES5,-1.7337001993933234,0,59,0,0,-4.747337792024683,13.286403508771931,
1,-3.2510851448924463,GO:0061326,M1,1,0,GO Biological Processes,19,renal tubule development,19_GO:0032502 developmental process,-3.2510851448924463,3.247787524366472,4.2230501934061335,30293,90,1140,11,0.9649122807017544,0.2895249775013002,358|2247|5727|6299|6662|7477|26508|54361|55083|55366|388585,AQP1|FGF2|PTCH1|SALL1|SOX9|WNT7B|HEYL|WNT4|KIF26B|LGR4|HES5,-1.7193009915603652,0,59,0,0,-4.747337792024683,13.286403508771931,
1,-3.1407396850889193,GO:0072243,M1,1,0,GO Biological Processes,19,metanephric nephron epithelium development,19_GO:0032502 developmental process,-3.1407396850889193,6.643201754385965,4.9921499076261515,30293,20,1140,5,0.43859649122807015,0.19571569570288536,358|6662|7477|55366|388585,AQP1|SOX9|WNT7B|LGR4|HES5,-1.6381220432844084,0,59,0,0,-4.747337792024683,13.286403508771931,
1,-3.0105170667364636,GO:0072033,M1,1,0,GO Biological Processes,19,renal vesicle formation,19_GO:0032502 developmental process,-3.0105170667364636,13.286403508771931,5.9517823904580975,30293,6,1140,3,0.2631578947368421,0.15173423614217976,6299|54361|55083,SALL1|WNT4|KIF26B,-1.5397560665308998,0,59,0,0,-4.747337792024683,13.286403508771931,
1,-2.8279197106078886,GO:0072028,M1,1,0,GO Biological Processes,19,nephron morphogenesis,19_GO:0032502 developmental process,-2.8279197106078886,3.321600877192983,3.9000858359654487,30293,72,1140,9,0.7894736842105263,0.2621170552142749,655|2247|5727|6299|6662|54361|55083|55366|388585,BMP7|FGF2|PTCH1|SALL1|SOX9|WNT4|KIF26B|LGR4|HES5,-1.3978527359519894,0,59,0,0,-4.747337792024683,13.286403508771931,
1,-2.587993942632076,GO:0072282,M1,1,0,GO Biological Processes,19,metanephric nephron tubule morphogenesis,19_GO:0032502 developmental process,-2.587993942632076,9.964802631578948,5.014720249471465,30293,8,1140,3,0.2631578947368421,0.15173423614217976,6662|55366|388585,SOX9|LGR4|HES5,-1.2294005746837633,0,59,0,0,-4.747337792024683,13.286403508771931,
1,-2.4472523682228435,GO:0060688,M1,1,0,GO Biological Processes,19,regulation of morphogenesis of a branching structure,19_GO:0032502 developmental process,-2.4472523682228435,3.509616021185038,3.6160055886282287,30293,53,1140,7,0.6140350877192983,0.23136981425843328,655|5154|6422|6662|7474|9500|55366,BMP7|PDGFA|SFRP1|SOX9|WNT5A|MAGED1|LGR4,-1.1238092262456976,0,59,0,0,-4.747337792024683,13.286403508771931,
1,-2.4469819669869395,GO:0030325,M1,1,0,GO Biological Processes,19,adrenal gland development,19_GO:0032502 developmental process,-2.4469819669869395,4.745144110275689,3.9205950174983584,30293,28,1140,5,0.43859649122807015,0.19571569570288536,190|4087|5156|6299|54361,NR0B1|SMAD2|PDGFRA|SALL1|WNT4,-1.1238092262456976,0,59,0,0,-4.747337792024683,13.286403508771931,
1,-2.405598382857915,GO:0072078,M1,1,0,GO Biological Processes,19,nephron tubule morphogenesis,19_GO:0032502 developmental process,-2.405598382857915,3.1262125902992772,3.470985188990387,30293,68,1140,8,0.7017543859649122,0.24723555672122605,2247|5727|6299|6662|54361|55083|55366|388585,FGF2|PTCH1|SALL1|SOX9|WNT4|KIF26B|LGR4|HES5,-1.0949974146530914,0,59,0,0,-4.747337792024683,13.286403508771931,
1,-2.327854284341368,GO:0072088,M1,1,0,GO Biological Processes,19,nephron epithelium morphogenesis,19_GO:0032502 developmental process,-2.327854284341368,3.0368922305764405,3.3738289423185615,30293,70,1140,8,0.7017543859649122,0.24723555672122605,2247|5727|6299|6662|54361|55083|55366|388585,FGF2|PTCH1|SALL1|SOX9|WNT4|KIF26B|LGR4|HES5,-1.0385549957173708,0,59,0,0,-4.747337792024683,13.286403508771931,
1,-2.264324269701252,GO:0001657,M1,1,0,GO Biological Processes,19,ureteric bud development,19_GO:0032502 developmental process,-2.264324269701252,2.7489110707803994,3.2303941684013253,30293,87,1140,9,0.7894736842105263,0.2621170552142749,655|2247|4087|5727|6299|6422|6662|54361|55083,BMP7|FGF2|SMAD2|PTCH1|SALL1|SFRP1|SOX9|WNT4|KIF26B,-0.9969360327529975,0,59,0,0,-4.747337792024683,13.286403508771931,
1,-2.253231105092847,GO:0061333,M1,1,0,GO Biological Processes,19,renal tubule morphogenesis,19_GO:0032502 developmental process,-2.253231105092847,2.9525341130604286,3.2800860446751714,30293,72,1140,8,0.7017543859649122,0.24723555672122605,2247|5727|6299|6662|54361|55083|55366|388585,FGF2|PTCH1|SALL1|SOX9|WNT4|KIF26B|LGR4|HES5,-0.989566174934241,0,59,0,0,-4.747337792024683,13.286403508771931,
1,-2.231840073878057,GO:0072163,M1,1,0,GO Biological Processes,19,mesonephric epithelium development,19_GO:0032502 developmental process,-2.231840073878057,2.717673444976077,3.1909301023933767,30293,88,1140,9,0.7894736842105263,0.2621170552142749,655|2247|4087|5727|6299|6422|6662|54361|55083,BMP7|FGF2|SMAD2|PTCH1|SALL1|SFRP1|SOX9|WNT4|KIF26B,-0.9755273419734732,0,59,0,0,-4.747337792024683,13.286403508771931,
1,-2.231840073878057,GO:0072164,M1,1,0,GO Biological Processes,19,mesonephric tubule development,19_GO:0032502 developmental process,-2.231840073878057,2.717673444976077,3.1909301023933767,30293,88,1140,9,0.7894736842105263,0.2621170552142749,655|2247|4087|5727|6299|6422|6662|54361|55083,BMP7|FGF2|SMAD2|PTCH1|SALL1|SFRP1|SOX9|WNT4|KIF26B,-0.9755273419734732,0,59,0,0,-4.747337792024683,13.286403508771931,
1,-2.1892274649122054,GO:0031128,M1,1,0,GO Biological Processes,19,developmental induction,19_GO:0032502 developmental process,-2.1892274649122054,4.152001096491228,3.5277230658845893,30293,32,1140,5,0.43859649122807015,0.19571569570288536,2247|6091|6299|6662|54361,FGF2|ROBO1|SALL1|SOX9|WNT4,-0.9426977135374061,0,59,0,0,-4.747337792024683,13.286403508771931,
1,-2.1072542405932015,GO:0001823,M1,1,0,GO Biological Processes,19,mesonephros development,19_GO:0032502 developmental process,-2.1072542405932015,2.599513729977117,3.0384073487809604,30293,92,1140,9,0.7894736842105263,0.2621170552142749,655|2247|4087|5727|6299|6422|6662|54361|55083,BMP7|FGF2|SMAD2|PTCH1|SALL1|SFRP1|SOX9|WNT4|KIF26B,-0.8806269169394255,0,59,0,0,-4.747337792024683,13.286403508771931,
1,-2.093532554159584,GO:0061005,M1,1,0,GO Biological Processes,19,cell differentiation involved in kidney development,19_GO:0032502 developmental process,-2.093532554159584,3.392273236282195,3.2456412182874392,30293,47,1140,6,0.5263157894736842,0.21430133448577773,1910|4868|5727|6299|54361|55366,EDNRB|NPHS1|PTCH1|SALL1|WNT4|LGR4,-0.8702962810565865,0,59,0,0,-4.747337792024683,13.286403508771931,
1,-2.042732788166127,GO:0072070,M1,1,0,GO Biological Processes,19,loop of Henle development,19_GO:0032502 developmental process,-2.042732788166127,6.643201754385966,3.866391854550837,30293,12,1140,3,0.2631578947368421,0.15173423614217976,358|7477|388585,AQP1|WNT7B|HES5,-0.8379195978899155,0,59,0,0,-4.747337792024683,13.286403508771931,
1,-2.042732788166127,GO:0072077,M1,1,0,GO Biological Processes,19,renal vesicle morphogenesis,19_GO:0032502 developmental process,-2.042732788166127,6.643201754385966,3.866391854550837,30293,12,1140,3,0.2631578947368421,0.15173423614217976,6299|54361|55083,SALL1|WNT4|KIF26B,-0.8379195978899155,0,59,0,0,-4.747337792024683,13.286403508771931,
1,-4.647197569847757,GO:0006954,M1,1,0,GO Biological Processes,19,inflammatory response,19_GO:0050896 response to stimulus,-4.647197569847757,1.9858681401011422,4.665057538593397,30293,562,1140,42,3.6842105263157894,0.5579156427379696,2|199|240|445|712|718|923|968|1191|1524|1536|2210|2214|3162|3689|4067|5293|5588|5764|6335|7098|7099|7130|7474|7852|8111|8460|9051|9734|9865|10100|10219|10628|10758|26471|53342|57326|57413|84868|90139|90865|146433,A2M|AIF1|ALOX5|ASS1|C1QA|C3|CD6|CD68|CLU|CX3CR1|CYBB|FCGR1BP|FCGR3A|HMOX1|ITGB2|LYN|PIK3CD|PRKCQ|PTN|SCN9A|TLR3|TLR4|TNFAIP6|WNT5A|CXCR4|GPR68|TPST1|PSTPIP1|HDAC9|TRIL|TSPAN2|KLRG1|TXNIP|TRAF3IP2|NUPR1|IL17D|PBXIP1|TMIGD3|HAVCR2|TSPAN18|IL33|IL34,-2.710268035588034,0,60,1,1,-4.647197569847757,1.9858681401011422,
1,-4.352840004729911,GO:0045087,M1,1,0,GO Biological Processes,19,innate immune response,19_GO:0044419 biological process involved in interspecies interaction between organisms,-4.352840004729911,1.7875626971698328,4.3862308129047385,30293,773,1140,52,4.56140350877193,0.6179578343272725,71|199|361|445|712|713|714|716|718|834|923|1191|1524|1536|1675|2214|2635|3149|3821|3822|4067|5052|5245|5293|5987|6039|6441|6609|6810|6814|7098|7099|7474|7525|8635|9023|9051|9865|10219|10346|10417|23580|51191|54625|55223|55366|55577|66005|79626|84282|84868|146433,ACTG1|AIF1|AQP4|ASS1|C1QA|C1QB|C1QC|C1S|C3|CASP1|CD6|CLU|CX3CR1|CYBB|CFD|FCGR3A|GBP3|HMGB3|KLRC1|KLRC2|LYN|PRDX1|PHB1|PIK3CD|TRIM27|RNASE6|SFTPD|SMPD1|STX4|STXBP3|TLR3|TLR4|WNT5A|YES1|RNASET2|CH25H|PSTPIP1|TRIL|KLRG1|TRIM22|SPON2|CDC42EP4|HERC5|PARP14|TRIM62|LGR4|NAGK|CHID1|TNFAIP8L2|RNF135|HAVCR2|IL34,-2.5197534958726995,0,60,0,0,-4.647197569847757,1.9858681401011422,
1,-3.703978891710667,GO:0001819,M1,1,0,GO Biological Processes,19,positive regulation of cytokine production,19_GO:0048518 positive regulation of biological process,-3.703978891710667,1.9018311185518468,4.033190460754174,30293,503,1140,36,3.1578947368421053,0.5179388761227809,136|199|718|834|923|975|1191|1536|2214|3162|4860|5245|5293|5588|5788|5987|6284|7098|7099|7474|7805|9308|10417|10972|23705|26137|53342|55612|55959|80342|84282|84868|90865|114899|147372|283420,ADORA2B|AIF1|C3|CASP1|CD6|CD81|CLU|CYBB|FCGR3A|HMOX1|PNP|PHB1|PIK3CD|PRKCQ|PTPRC|TRIM27|S100A13|TLR3|TLR4|WNT5A|LAPTM5|CD83|SPON2|TMED10|CADM1|ZBTB20|IL17D|FERMT1|SULF2|TRAF3IP3|RNF135|HAVCR2|IL33|C1QTNF3|CCBE1|CLEC9A,-2.022044446714793,0,60,0,0,-4.647197569847757,1.9858681401011422,
1,-4.5906258456298215,GO:0061024,M1,1,0,GO Biological Processes,19,membrane organization,19_GO:0009987 cellular process,-4.5906258456298215,1.82534473568333,4.547600013166625,30293,757,1140,52,4.56140350877193,0.6179578343272725,199|288|348|1176|1191|1718|2054|2139|3689|5375|5580|5788|5872|6609|6810|7274|7805|7852|8673|9938|10449|10577|10972|11079|11145|23673|23787|25801|26207|26519|26521|28988|29082|29091|51100|51454|51693|54947|55968|57088|79090|80183|81624|84303|94121|112574|115209|132112|133022|196383|282991|440574,AIF1|ANK3|APOE|AP3S1|CLU|DHCR24|STX2|EYA2|ITGB2|PMP2|PRKCD|PTPRC|RAB13|SMPD1|STX4|TTPA|LAPTM5|CXCR4|VAMP8|ARHGAP25|ACAA2|NPC2|TMED10|RER1|PLAAT3|STX12|MTCH1|GCA|PITPNC1|TIMM10|TIMM8B|DBNL|CHMP4A|STXBP6|SH3GLB1|GULP1|TRAPPC2L|LPCAT2|NSFL1C|PLSCR4|TRAPPC6A|RUBCNL|DIAPH3|CHCHD6|SYTL4|SNX18|OMA1|RTP1|TRAM1L1|RILPL2|BLOC1S2|MICOS10,-2.67121045768871,0,61,1,1,-4.5906258456298215,1.82534473568333,
1,-4.587154471609275,GO:0007167,M1,1,0,GO Biological Processes,19,enzyme-linked receptor protein signaling pathway,19_GO:0050896 response to stimulus,-4.587154471609275,1.922469961076324,4.5968052734805065,30293,622,1140,45,3.9473684210526314,0.5767080843967279,154|238|655|780|1176|1796|1948|2202|2247|2261|2662|2734|2887|3175|3725|4067|4087|5154|5156|5293|5764|5786|5792|6422|6464|6655|6662|6720|6776|7409|7474|7525|8829|10160|10628|10979|25759|25805|25937|25976|54361|54541|55959|220164|388585,ADRB2|ALK|BMP7|DDR1|AP3S1|DOK1|EFNB2|EFEMP1|FGF2|FGFR3|GDF10|GLG1|GRB10|ONECUT1|JUN|LYN|SMAD2|PDGFA|PDGFRA|PIK3CD|PTN|PTPRA|PTPRF|SFRP1|SHC1|SOS2|SOX9|SREBF1|STAT5A|VAV1|WNT5A|YES1|NRP1|FARP1|TXNIP|FERMT2|SHC2|BAMBI|WWTR1|TIPARP|WNT4|DDIT4|SULF2|DOK6|HES5,-2.67121045768871,0,62,1,1,-4.587154471609275,2.952534113060429,
1,-4.377796483010821,GO:0071560,M1,1,0,GO Biological Processes,19,cellular response to transforming growth factor beta stimulus,19_GO:0050896 response to stimulus,-4.377796483010821,2.952534113060429,4.927471694939857,30293,162,1140,18,1.5789473684210527,0.3692116566580194,677|678|1524|2662|2734|3175|3725|3987|4087|4772|6422|6660|6662|7474|7525|10979|25805|54361,ZFP36L1|ZFP36L2|CX3CR1|GDF10|GLG1|ONECUT1|JUN|LIMS1|SMAD2|NFATC1|SFRP1|SOX5|SOX9|WNT5A|YES1|FERMT2|BAMBI|WNT4,-2.5367774343170275,0,62,0,0,-4.587154471609275,2.952534113060429,
1,-4.1694458578799996,GO:0071559,M1,1,0,GO Biological Processes,19,response to transforming growth factor beta,19_GO:0050896 response to stimulus,-4.1694458578799996,2.847086466165414,4.747370346115321,30293,168,1140,18,1.5789473684210527,0.3692116566580194,677|678|1524|2662|2734|3175|3725|3987|4087|4772|6422|6660|6662|7474|7525|10979|25805|54361,ZFP36L1|ZFP36L2|CX3CR1|GDF10|GLG1|ONECUT1|JUN|LIMS1|SMAD2|NFATC1|SFRP1|SOX5|SOX9|WNT5A|YES1|FERMT2|BAMBI|WNT4,-2.380668357671244,0,62,0,0,-4.587154471609275,2.952534113060429,
1,-3.5366451028668533,GO:0007169,M1,1,0,GO Biological Processes,19,transmembrane receptor protein tyrosine kinase signaling pathway,19_GO:0050896 response to stimulus,-3.5366451028668533,1.9707105682867456,3.9518341985604626,30293,418,1140,31,2.719298245614035,0.48171408278676175,154|238|780|1176|1796|1948|2202|2247|2261|2887|4067|5154|5156|5293|5786|6464|6655|6662|6720|6776|7409|7474|7525|8829|10628|25759|25976|54361|54541|55959|220164,ADRB2|ALK|DDR1|AP3S1|DOK1|EFNB2|EFEMP1|FGF2|FGFR3|GRB10|LYN|PDGFA|PDGFRA|PIK3CD|PTPRA|SHC1|SOS2|SOX9|SREBF1|STAT5A|VAV1|WNT5A|YES1|NRP1|TXNIP|SHC2|TIPARP|WNT4|DDIT4|SULF2|DOK6,-1.9130493469684051,0,62,0,0,-4.587154471609275,2.952534113060429,
1,-3.4460323865551135,GO:0070848,M1,1,0,GO Biological Processes,19,response to growth factor,19_GO:0050896 response to stimulus,-3.4460323865551135,1.843200486766048,3.8315165774753774,30293,519,1140,36,3.1578947368421053,0.5179388761227809,655|677|678|1524|2247|2261|2662|2734|3175|3725|3987|4087|4495|4772|5028|5080|5156|5293|6422|6464|6657|6660|6662|7099|7474|7525|8829|10519|10979|11021|25805|26508|54361|54541|66000|388585,BMP7|ZFP36L1|ZFP36L2|CX3CR1|FGF2|FGFR3|GDF10|GLG1|ONECUT1|JUN|LIMS1|SMAD2|MT1G|NFATC1|P2RY1|PAX6|PDGFRA|PIK3CD|SFRP1|SHC1|SOX2|SOX5|SOX9|TLR4|WNT5A|YES1|NRP1|CIB1|FERMT2|RAB35|BAMBI|HEYL|WNT4|DDIT4|TMEM108|HES5,-1.8471928139808633,0,62,0,0,-4.587154471609275,2.952534113060429,
1,-3.322515776033654,GO:0071363,M1,1,0,GO Biological Processes,19,cellular response to growth factor stimulus,19_GO:0050896 response to stimulus,-3.322515776033654,1.8513840954846132,3.7494334910006533,30293,488,1140,34,2.982456140350877,0.5038018350032145,655|677|678|1524|2247|2261|2662|2734|3175|3725|3987|4087|4495|4772|5080|5156|5293|6422|6464|6660|6662|7099|7474|7525|8829|10519|10979|11021|25805|26508|54361|54541|66000|388585,BMP7|ZFP36L1|ZFP36L2|CX3CR1|FGF2|FGFR3|GDF10|GLG1|ONECUT1|JUN|LIMS1|SMAD2|MT1G|NFATC1|PAX6|PDGFRA|PIK3CD|SFRP1|SHC1|SOX5|SOX9|TLR4|WNT5A|YES1|NRP1|CIB1|FERMT2|RAB35|BAMBI|HEYL|WNT4|DDIT4|TMEM108|HES5,-1.7672510164576267,0,62,0,0,-4.587154471609275,2.952534113060429,
1,-4.55030398383767,GO:0006578,M1,1,0,GO Biological Processes,19,amino-acid betaine biosynthetic process,19_GO:0008152 metabolic process,-4.55030398383767,17.71520467836257,8.097183263316499,30293,6,1140,4,0.3508771929824561,0.17513053901652795,223|501|8424|55349,ALDH9A1|ALDH7A1|BBOX1|CHDH,-2.64838595323792,0,63,1,1,-4.55030398383767,17.71520467836257,
1,-3.6364369152639684,GO:0006577,M1,1,0,GO Biological Processes,19,amino-acid betaine metabolic process,19_GO:0008152 metabolic process,-3.6364369152639684,8.304002192982455,5.778820959191344,30293,16,1140,5,0.43859649122807015,0.19571569570288536,33|223|501|8424|55349,ACADL|ALDH9A1|ALDH7A1|BBOX1|CHDH,-1.988241405823089,0,63,0,0,-4.55030398383767,17.71520467836257,
1,-3.2520827950793603,GO:0009310,M1,1,0,GO Biological Processes,19,amine catabolic process,19_GO:0008152 metabolic process,-3.2520827950793603,6.9928439519852255,5.167132994953808,30293,19,1140,5,0.43859649122807015,0.19571569570288536,501|3176|4129|54498|55349,ALDH7A1|HNMT|MAOB|SMOX|CHDH,-1.7193009915603652,0,63,0,0,-4.55030398383767,17.71520467836257,
1,-3.2520827950793603,GO:0042402,M1,1,0,GO Biological Processes,19,cellular biogenic amine catabolic process,19_GO:0008152 metabolic process,-3.2520827950793603,6.9928439519852255,5.167132994953808,30293,19,1140,5,0.43859649122807015,0.19571569570288536,501|3176|4129|54498|55349,ALDH7A1|HNMT|MAOB|SMOX|CHDH,-1.7193009915603652,0,63,0,0,-4.55030398383767,17.71520467836257,
1,-3.0105170667364636,GO:0019695,M1,1,0,GO Biological Processes,19,choline metabolic process,19_GO:0008152 metabolic process,-3.0105170667364636,13.286403508771931,5.9517823904580975,30293,6,1140,3,0.2631578947368421,0.15173423614217976,501|590|55349,ALDH7A1|BCHE|CHDH,-1.5397560665308998,0,63,0,0,-4.55030398383767,17.71520467836257,
1,-2.9378166327682482,GO:0097164,M1,1,0,GO Biological Processes,19,ammonium ion metabolic process,19_GO:0008152 metabolic process,-2.9378166327682482,6.039274322169058,4.675636394084351,30293,22,1140,5,0.43859649122807015,0.19571569570288536,501|590|3067|3176|55349,ALDH7A1|BCHE|HDC|HNMT|CHDH,-1.482971772759738,0,63,0,0,-4.55030398383767,17.71520467836257,
1,-2.518928797248198,GO:0042398,M1,1,0,GO Biological Processes,19,cellular modified amino acid biosynthetic process,19_GO:0008152 metabolic process,-2.518928797248198,4.920890188434048,4.0305454326105,30293,27,1140,5,0.43859649122807015,0.19571569570288536,223|501|2628|8424|55349,ALDH9A1|ALDH7A1|GATM|BBOX1|CHDH,-1.178406751765426,0,63,0,0,-4.55030398383767,17.71520467836257,
1,-2.5099595034749735,GO:0006575,M1,1,0,GO Biological Processes,19,cellular modified amino acid metabolic process,19_GO:0008152 metabolic process,-2.5099595034749735,2.5108164111065068,3.373878697971951,30293,127,1140,12,1.0526315789473684,0.3022650235027283,33|223|445|501|1757|2628|5033|6567|8424|23743|55349|129642,ACADL|ALDH9A1|ASS1|ALDH7A1|SARDH|GATM|P4HA1|SLC16A2|BBOX1|BHMT2|CHDH|MBOAT2,-1.170699942840277,0,63,0,0,-4.55030398383767,17.71520467836257,
1,-2.042732788166127,GO:0009437,M1,1,0,GO Biological Processes,19,carnitine metabolic process,19_GO:0008152 metabolic process,-2.042732788166127,6.643201754385966,3.866391854550837,30293,12,1140,3,0.2631578947368421,0.15173423614217976,33|223|8424,ACADL|ALDH9A1|BBOX1,-0.8379195978899155,0,63,0,0,-4.55030398383767,17.71520467836257,
1,-4.522383873544497,GO:0007507,M1,1,0,GO Biological Processes,19,heart development,19_GO:0032502 developmental process,-4.522383873544497,1.961437424845065,4.5782373463920045,30293,569,1140,42,3.6842105263157894,0.5579156427379696,70|187|655|677|1009|1363|1767|1901|2247|2535|2697|3784|4087|4772|5021|5125|5156|5727|5950|6091|6299|6444|6464|6662|6664|7248|7403|7474|8321|8829|8862|9734|10413|10758|26508|27295|55636|55803|57216|161582|161742|285590,ACTC1|APLNR|BMP7|ZFP36L1|CDH11|CPE|DNAH5|S1PR1|FGF2|FZD2|GJA1|KCNQ1|SMAD2|NFATC1|OXTR|PCSK5|PDGFRA|PTCH1|RBP4|ROBO1|SALL1|SGCD|SHC1|SOX9|SOX11|TSC1|KDM6A|WNT5A|FZD1|NRP1|APLN|HDAC9|YAP1|TRAF3IP2|HEYL|PDLIM3|CHD7|ADAP2|VANGL2|DNAAF4|SPRED1|SH3PXD2B,-2.6349397023646923,0,64,1,1,-4.522383873544497,10.629122807017541,
1,-3.4714146883677586,GO:0062009,M1,1,0,GO Biological Processes,19,secondary palate development,19_GO:0032502 developmental process,-3.4714146883677586,6.132186234817814,5.1770119390916784,30293,26,1140,6,0.5263157894736842,0.21430133448577773,2535|4087|6664|7474|8321|55636,FZD2|SMAD2|SOX11|WNT5A|FZD1|CHD7,-1.862137629892431,0,64,0,0,-4.522383873544497,10.629122807017541,
1,-3.4568571289567633,GO:0090179,M1,1,0,GO Biological Processes,19,planar cell polarity pathway involved in neural tube closure,19_GO:0032502 developmental process,-3.4568571289567633,10.629122807017541,6.022295350859218,30293,10,1140,4,0.3508771929824561,0.17513053901652795,2535|6422|7474|8321,FZD2|SFRP1|WNT5A|FZD1,-1.8545661913421019,0,64,0,0,-4.522383873544497,10.629122807017541,
1,-3.4523496619286913,GO:0060411,M1,1,0,GO Biological Processes,19,cardiac septum morphogenesis,19_GO:0032502 developmental process,-3.4523496619286913,3.6906676413255357,4.5200856272557255,30293,72,1140,10,0.8771929824561403,0.2761734623942493,187|655|2535|6091|6664|7474|8321|8829|26508|55636,APLNR|BMP7|FZD2|ROBO1|SOX11|WNT5A|FZD1|NRP1|HEYL|CHD7,-1.852362679223594,0,64,0,0,-4.522383873544497,10.629122807017541,
1,-3.2736892524231354,GO:0090178,M1,1,0,GO Biological Processes,19,regulation of establishment of planar polarity involved in neural tube closure,19_GO:0032502 developmental process,-3.2736892524231354,9.662838915470493,5.682495196333317,30293,11,1140,4,0.3508771929824561,0.17513053901652795,2535|6422|7474|8321,FZD2|SFRP1|WNT5A|FZD1,-1.7337001993933234,0,64,0,0,-4.522383873544497,10.629122807017541,
1,-3.209907637710089,GO:0060021,M1,1,0,GO Biological Processes,19,roof of mouth development,19_GO:0032502 developmental process,-3.209907637710089,3.2120975515712358,4.17909162548748,30293,91,1140,11,0.9649122807017544,0.2895249775013002,2535|3638|4087|5156|5396|6664|7474|8321|25976|27152|55636,FZD2|INSIG1|SMAD2|PDGFRA|PRRX1|SOX11|WNT5A|FZD1|TIPARP|INTU|CHD7,-1.6837068691659105,0,64,0,0,-4.522383873544497,10.629122807017541,
1,-3.0473444848741513,GO:0021915,M1,1,0,GO Biological Processes,19,neural tube development,19_GO:0032502 developmental process,-3.0473444848741513,2.5388032182366747,3.82265304468063,30293,157,1140,15,1.3157894736842106,0.3374928789753796,655|677|2535|4082|5080|5727|6422|7248|7474|8321|26227|27152|57216|221074|388585,BMP7|ZFP36L1|FZD2|MARCKS|PAX6|PTCH1|SFRP1|TSC1|WNT5A|FZD1|PHGDH|INTU|VANGL2|SLC39A12|HES5,-1.5635926512554759,0,64,0,0,-4.522383873544497,10.629122807017541,
1,-2.985884963149602,GO:0060412,M1,1,0,GO Biological Processes,19,ventricular septum morphogenesis,19_GO:0032502 developmental process,-2.985884963149602,4.325805793553652,4.315620001510133,30293,43,1140,7,0.6140350877192983,0.23136981425843328,187|2535|6091|6664|7474|8321|26508,APLNR|FZD2|ROBO1|SOX11|WNT5A|FZD1|HEYL,-1.5185235457190955,0,64,0,0,-4.522383873544497,10.629122807017541,
1,-2.9554718589062587,GO:0016331,M1,1,0,GO Biological Processes,19,morphogenesis of embryonic epithelium,19_GO:0032502 developmental process,-2.9554718589062587,2.583467348927875,3.7664193837058977,30293,144,1140,14,1.2280701754385965,0.32619397574769193,655|2535|5727|6422|6662|6664|7248|7474|7477|8321|54361|57216|221074|388585,BMP7|FZD2|PTCH1|SFRP1|SOX9|SOX11|TSC1|WNT5A|WNT7B|FZD1|WNT4|VANGL2|SLC39A12|HES5,-1.493160434212394,0,64,0,0,-4.522383873544497,10.629122807017541,
1,-2.831043080765561,GO:0090175,M1,1,0,GO Biological Processes,19,regulation of establishment of planar polarity,19_GO:0032502 developmental process,-2.831043080765561,7.592230576441102,4.878658471374922,30293,14,1140,4,0.3508771929824561,0.17513053901652795,2535|6422|7474|8321,FZD2|SFRP1|WNT5A|FZD1,-1.3994194933969675,0,64,0,0,-4.522383873544497,10.629122807017541,
1,-2.6553050530289863,GO:0001838,M1,1,0,GO Biological Processes,19,embryonic epithelial tube formation,19_GO:0032502 developmental process,-2.6553050530289863,2.6137187230371013,3.5317314620464018,30293,122,1140,12,1.0526315789473684,0.3022650235027283,655|2535|5727|6422|6662|7248|7474|8321|54361|57216|221074|388585,BMP7|FZD2|PTCH1|SFRP1|SOX9|TSC1|WNT5A|FZD1|WNT4|VANGL2|SLC39A12|HES5,-1.2667013862620806,0,64,0,0,-4.522383873544497,10.629122807017541,
1,-2.620184586767111,GO:0060071,M1,1,0,GO Biological Processes,19,"Wnt signaling pathway, planar cell polarity pathway",19_GO:0050896 response to stimulus,-2.620184586767111,4.309103840682789,3.9827245890647935,30293,37,1140,6,0.5263157894736842,0.21430133448577773,2535|6422|7474|7477|8321|57216,FZD2|SFRP1|WNT5A|WNT7B|FZD1|VANGL2,-1.237193850883958,0,64,0,0,-4.522383873544497,10.629122807017541,
1,-2.6160847536414424,GO:0003007,M1,1,0,GO Biological Processes,19,heart morphogenesis,19_GO:0032502 developmental process,-2.6160847536414424,2.020745780801814,3.2877029780589275,30293,263,1140,20,1.7543859649122806,0.38883623754641444,70|187|655|1363|1901|2535|2697|4087|5727|5950|6091|6662|6664|7474|8321|8829|10413|26508|55636|57216,ACTC1|APLNR|BMP7|CPE|S1PR1|FZD2|GJA1|SMAD2|PTCH1|RBP4|ROBO1|SOX9|SOX11|WNT5A|FZD1|NRP1|YAP1|HEYL|CHD7|VANGL2,-1.2340692958425095,0,64,0,0,-4.522383873544497,10.629122807017541,
1,-2.597549775631393,GO:0003279,M1,1,0,GO Biological Processes,19,cardiac septum development,19_GO:0032502 developmental process,-2.597549775631393,2.7064896036387265,3.513133940561075,30293,108,1140,11,0.9649122807017544,0.2895249775013002,187|655|2535|6091|6299|6664|7474|8321|8829|26508|55636,APLNR|BMP7|FZD2|ROBO1|SALL1|SOX11|WNT5A|FZD1|NRP1|HEYL|CHD7,-1.2294005746837633,0,64,0,0,-4.522383873544497,10.629122807017541,
1,-2.587993942632076,GO:0060022,M1,1,0,GO Biological Processes,19,hard palate development,19_GO:0032502 developmental process,-2.587993942632076,9.964802631578948,5.014720249471465,30293,8,1140,3,0.2631578947368421,0.15173423614217976,2535|6664|8321,FZD2|SOX11|FZD1,-1.2294005746837633,0,64,0,0,-4.522383873544497,10.629122807017541,
1,-2.5434161259891583,GO:0035567,M1,1,0,GO Biological Processes,19,non-canonical Wnt signaling pathway,19_GO:0050896 response to stimulus,-2.5434161259891583,3.647248022015824,3.7415300657850916,30293,51,1140,7,0.6140350877192983,0.23136981425843328,2535|6422|7474|7477|8321|54361|57216,FZD2|SFRP1|WNT5A|WNT7B|FZD1|WNT4|VANGL2,-1.19652601213198,0,64,0,0,-4.522383873544497,10.629122807017541,
1,-2.5099595034749735,GO:0003206,M1,1,0,GO Biological Processes,19,cardiac chamber morphogenesis,19_GO:0032502 developmental process,-2.5099595034749735,2.5108164111065068,3.373878697971951,30293,127,1140,12,1.0526315789473684,0.3022650235027283,187|655|1363|2535|5950|6091|6664|7474|8321|8829|26508|55636,APLNR|BMP7|CPE|FZD2|RBP4|ROBO1|SOX11|WNT5A|FZD1|NRP1|HEYL|CHD7,-1.170699942840277,0,64,0,0,-4.522383873544497,10.629122807017541,
1,-2.4269869642999007,GO:0072175,M1,1,0,GO Biological Processes,19,epithelial tube formation,19_GO:0032502 developmental process,-2.4269869642999007,2.452874493927126,3.2827460094434167,30293,130,1140,12,1.0526315789473684,0.3022650235027283,655|2535|5727|6422|6662|7248|7474|8321|54361|57216|221074|388585,BMP7|FZD2|PTCH1|SFRP1|SOX9|TSC1|WNT5A|FZD1|WNT4|VANGL2|SLC39A12|HES5,-1.111808523304576,0,64,0,0,-4.522383873544497,10.629122807017541,
1,-2.181546187110863,GO:0003281,M1,1,0,GO Biological Processes,19,ventricular septum development,19_GO:0032502 developmental process,-2.181546187110863,2.872735893788525,3.189533173065647,30293,74,1140,8,0.7017543859649122,0.24723555672122605,187|2535|6091|6299|6664|7474|8321|26508,APLNR|FZD2|ROBO1|SALL1|SOX11|WNT5A|FZD1|HEYL,-0.9375546924172458,0,64,0,0,-4.522383873544497,10.629122807017541,
1,-2.07707867276978,GO:0035148,M1,1,0,GO Biological Processes,19,tube formation,19_GO:0032502 developmental process,-2.07707867276978,2.214400584795322,2.8885609199670426,30293,144,1140,12,1.0526315789473684,0.3022650235027283,655|2535|5727|6422|6662|7248|7474|8321|54361|57216|221074|388585,BMP7|FZD2|PTCH1|SFRP1|SOX9|TSC1|WNT5A|FZD1|WNT4|VANGL2|SLC39A12|HES5,-0.857635706080204,0,64,0,0,-4.522383873544497,10.629122807017541,
1,-4.475930586807975,GO:0022600,M1,1,0,GO Biological Processes,19,digestive system process,19_GO:0032501 multicellular organismal process,-4.475930586807975,4.088124156545209,5.400146328264893,30293,78,1140,12,1.0526315789473684,0.3022650235027283,358|1645|3784|3949|5950|6518|6662|7099|7430|9414|29887|64081,AQP1|AKR1C1|KCNQ1|LDLR|RBP4|SLC2A5|SOX9|TLR4|EZR|TJP2|SNX10|PBLD,-2.605947842178865,0,65,1,1,-4.475930586807975,4.982401315789474,
1,-3.5914617572614826,GO:0007586,M1,1,0,GO Biological Processes,19,digestion,19_GO:0032501 multicellular organismal process,-3.5914617572614826,3.140422647527911,4.447228576601904,30293,110,1140,13,1.1403508771929824,0.31446792656606076,358|1645|3784|3949|5950|6518|6662|7099|7430|8544|9414|29887|64081,AQP1|AKR1C1|KCNQ1|LDLR|RBP4|SLC2A5|SOX9|TLR4|EZR|PIR|TJP2|SNX10|PBLD,-1.9530590735119366,0,65,0,0,-4.475930586807975,4.982401315789474,
1,-2.959973350713923,GO:0050892,M1,1,0,GO Biological Processes,19,intestinal absorption,19_GO:0051179 localization,-2.959973350713923,4.982401315789474,4.457107897252523,30293,32,1140,6,0.5263157894736842,0.21430133448577773,1645|3784|3949|6518|7430|9414,AKR1C1|KCNQ1|LDLR|SLC2A5|EZR|TJP2,-1.4968243279168334,0,65,0,0,-4.475930586807975,4.982401315789474,
1,-2.0768414408306297,GO:0015850,M1,1,0,GO Biological Processes,19,organic hydroxy compound transport,19_GO:0051179 localization,-2.0768414408306297,2.0667738791423003,2.838614304722018,30293,180,1140,14,1.2280701754385965,0.32619397574769193,348|358|1109|1191|1645|3784|3949|5950|10577|23673|55315|55937|57153|84925,APOE|AQP1|AKR1C4|CLU|AKR1C1|KCNQ1|LDLR|RBP4|NPC2|STX12|SLC29A3|APOM|SLC44A2|SLC49A4,-0.857635706080204,0,65,0,0,-4.475930586807975,4.982401315789474,
1,-4.466485421560734,GO:0120254,M1,1,0,GO Biological Processes,19,olefinic compound metabolic process,19_GO:0008152 metabolic process,-4.466485421560734,3.1154325468844526,5.049271264442561,30293,145,1140,17,1.4912280701754386,0.3589690963831384,30|240|1109|1573|1645|1910|2052|2053|2950|3992|5950|8630|8644|8912|9415|10170|10901,ACAA1|ALOX5|AKR1C4|CYP2J2|AKR1C1|EDNRB|EPHX1|EPHX2|GSTP1|FADS1|RBP4|HSD17B6|AKR1C3|CACNA1H|FADS2|DHRS9|DHRS4,-2.6007605000741663,0,66,1,1,-4.466485421560734,7.971842105263159,
1,-3.631102123418498,GO:0001676,M1,1,0,GO Biological Processes,19,long-chain fatty acid metabolic process,19_GO:0008152 metabolic process,-3.631102123418498,3.1692338644777083,4.486482747190633,30293,109,1140,13,1.1403508771929824,0.31446792656606076,30|33|240|1573|2052|2950|3992|8644|9415|23205|28965|80221|80339,ACAA1|ACADL|ALOX5|CYP2J2|EPHX1|GSTP1|FADS1|AKR1C3|FADS2|ACSBG1|SLC27A6|ACSF2|PNPLA3,-1.9863777198686732,0,66,0,0,-4.466485421560734,7.971842105263159,
1,-3.302423965123806,GO:0033559,M1,1,0,GO Biological Processes,19,unsaturated fatty acid metabolic process,19_GO:0008152 metabolic process,-3.302423965123806,3.095861011752683,4.213318672563075,30293,103,1140,12,1.0526315789473684,0.3022650235027283,30|240|1109|1573|1645|2052|2950|3992|3995|8644|9415|79966,ACAA1|ALOX5|AKR1C4|CYP2J2|AKR1C1|EPHX1|GSTP1|FADS1|FADS3|AKR1C3|FADS2|SCD5,-1.7502576335431572,0,66,0,0,-4.466485421560734,7.971842105263159,
1,-3.0362222849713127,GO:0043651,M1,1,0,GO Biological Processes,19,linoleic acid metabolic process,19_GO:0008152 metabolic process,-3.0362222849713127,6.326858813700919,4.828753651551778,30293,21,1140,5,0.43859649122807015,0.19571569570288536,240|1573|2950|3992|9415,ALOX5|CYP2J2|GSTP1|FADS1|FADS2,-1.5578592030409697,0,66,0,0,-4.466485421560734,7.971842105263159,
1,-2.2815372740694615,GO:0036109,M1,1,0,GO Biological Processes,19,alpha-linolenic acid metabolic process,19_GO:0008152 metabolic process,-2.2815372740694615,7.971842105263159,4.360365231488356,30293,10,1140,3,0.2631578947368421,0.15173423614217976,30|3992|9415,ACAA1|FADS1|FADS2,-1.0071484785190825,0,66,0,0,-4.466485421560734,7.971842105263159,
1,-4.431204873463661,GO:0006790,M1,1,0,GO Biological Processes,19,sulfur compound metabolic process,19_GO:0008152 metabolic process,-4.431204873463661,2.3600848337950135,4.71299057202335,30293,304,1140,27,2.3684210526315788,0.45037283480897017,1910|2639|2681|2950|3141|3157|4166|4598|6448|6576|6776|7263|8460|9200|9469|23205|23743|26227|27233|55256|58472|64131|80221|83539|84532|92126|113189,EDNRB|GCDH|GGTA1|GSTP1|HLCS|HMGCS1|CHST6|MVK|SGSH|SLC25A1|STAT5A|TST|TPST1|HACD1|CHST3|ACSBG1|BHMT2|PHGDH|SULT1C4|ADI1|SQOR|XYLT1|ACSF2|CHST9|ACSS1|DSEL|CHST14,-2.5840643256091043,0,67,1,1,-4.431204873463661,2.7808751529987763,
1,-3.2535621342687047,GO:0044272,M1,1,0,GO Biological Processes,19,sulfur compound biosynthetic process,19_GO:0008152 metabolic process,-3.2535621342687047,2.6572807017543862,4.02367819415609,30293,150,1140,15,1.3157894736842106,0.3374928789753796,2639|2681|2950|4166|6576|9200|9469|23205|23743|55256|64131|83539|84532|92126|113189,GCDH|GGTA1|GSTP1|CHST6|SLC25A1|HACD1|CHST3|ACSBG1|BHMT2|ADI1|XYLT1|CHST9|ACSS1|DSEL|CHST14,-1.7193009915603652,0,67,0,0,-4.431204873463661,2.7808751529987763,
1,-2.297369963022976,GO:1903510,M1,1,0,GO Biological Processes,19,mucopolysaccharide metabolic process,19_GO:0008152 metabolic process,-2.297369963022976,2.7808751529987763,3.270421098427874,30293,86,1140,9,0.7894736842105263,0.2621170552142749,1910|2247|4166|7130|9469|64131|83539|92126|113189,EDNRB|FGF2|CHST6|TNFAIP6|CHST3|XYLT1|CHST9|DSEL|CHST14,-1.0158659128397178,0,67,0,0,-4.431204873463661,2.7808751529987763,
1,-2.1746915735361223,GO:0030203,M1,1,0,GO Biological Processes,19,glycosaminoglycan metabolic process,19_GO:0008152 metabolic process,-2.1746915735361223,2.506868586560741,3.0732161586458213,30293,106,1140,10,0.8771929824561403,0.2761734623942493,1910|2247|4166|6448|7130|9469|64131|83539|92126|113189,EDNRB|FGF2|CHST6|SGSH|TNFAIP6|CHST3|XYLT1|CHST9|DSEL|CHST14,-0.9317112422373676,0,67,0,0,-4.431204873463661,2.7808751529987763,
1,-4.35610117614984,GO:0051336,M1,1,0,GO Biological Processes,19,regulation of hydrolase activity,19_GO:0065007 biological regulation,-4.35610117614984,1.7997518697141262,4.394629635910315,30293,753,1140,51,4.473684210526316,0.6122682666800867,330|358|613|834|1032|1512|2261|2768|3987|4067|5156|5245|5330|5361|5580|5788|6001|6091|6251|6422|6655|6657|7013|7077|7079|7184|7248|7409|7805|9938|10979|23161|23179|23348|23526|23787|51129|51291|54662|55803|57139|57326|57630|57718|58504|89846|112574|121512|143872|400410|414899,BIRC3|AQP1|BCR|CASP1|CDKN2D|CTSH|FGFR3|GNA12|LIMS1|LYN|PDGFRA|PHB1|PLCB2|PLXNA1|PRKCD|PTPRC|RGS10|ROBO1|RSU1|SFRP1|SOS2|SOX2|TERF1|TIMP2|TIMP4|HSP90B1|TSC1|VAV1|LAPTM5|ARHGAP25|FERMT2|SNX13|RGL1|DOCK9|ARHGAP45|MTCH1|ANGPTL4|GMIP|TBC1D13|ADAP2|RGL3|PBXIP1|SH3RF1|PPP4R4|ARHGAP22|FGD3|SNX18|FGD4|ARHGAP42|ST20|BLID,-2.521045074429724,0,68,1,1,-4.35610117614984,2.2218066068180486,
1,-3.736347865032043,GO:0043087,M1,1,0,GO Biological Processes,19,regulation of GTPase activity,19_GO:0065007 biological regulation,-3.736347865032043,2.2218066068180486,4.198514363059281,30293,299,1140,25,2.192982456140351,0.4337606599742675,613|3987|5361|6001|6251|6422|6655|7248|7409|9938|10979|23161|23179|23348|23526|51291|54662|55803|57139|57326|58504|89846|112574|121512|143872,BCR|LIMS1|PLXNA1|RGS10|RSU1|SFRP1|SOS2|TSC1|VAV1|ARHGAP25|FERMT2|SNX13|RGL1|DOCK9|ARHGAP45|GMIP|TBC1D13|ADAP2|RGL3|PBXIP1|ARHGAP22|FGD3|SNX18|FGD4|ARHGAP42,-2.047700012614553,0,68,0,0,-4.35610117614984,2.2218066068180486,
1,-3.338337125685294,GO:0051345,M1,1,0,GO Biological Processes,19,positive regulation of hydrolase activity,19_GO:0065007 biological regulation,-3.338337125685294,1.855185705536943,3.7622516253843266,30293,487,1140,34,2.982456140350877,0.5038018350032145,613|834|1512|2261|2768|3987|4067|5156|5245|5330|5580|5788|6001|6091|6251|6422|6655|7248|7805|9938|10979|23161|23179|23348|23526|23787|51291|54662|57139|58504|112574|143872|400410|414899,BCR|CASP1|CTSH|FGFR3|GNA12|LIMS1|LYN|PDGFRA|PHB1|PLCB2|PRKCD|PTPRC|RGS10|ROBO1|RSU1|SFRP1|SOS2|TSC1|LAPTM5|ARHGAP25|FERMT2|SNX13|RGL1|DOCK9|ARHGAP45|MTCH1|GMIP|TBC1D13|RGL3|ARHGAP22|SNX18|ARHGAP42|ST20|BLID,-1.7778586842638704,0,68,0,0,-4.35610117614984,2.2218066068180486,
1,-2.922608050589172,GO:0043547,M1,1,0,GO Biological Processes,19,positive regulation of GTPase activity,19_GO:0065007 biological regulation,-2.922608050589172,2.195144927536232,3.5978504359269867,30293,230,1140,19,1.6666666666666667,0.3791598386378328,613|3987|6001|6251|6422|6655|7248|9938|10979|23161|23179|23348|23526|51291|54662|57139|58504|112574|143872,BCR|LIMS1|RGS10|RSU1|SFRP1|SOS2|TSC1|ARHGAP25|FERMT2|SNX13|RGL1|DOCK9|ARHGAP45|GMIP|TBC1D13|RGL3|ARHGAP22|SNX18|ARHGAP42,-1.4734830500680778,0,68,0,0,-4.35610117614984,2.2218066068180486,
1,-4.344422599704697,GO:0120035,M1,1,0,GO Biological Processes,19,regulation of plasma membrane bounded cell projection organization,19_GO:0050789 regulation of biological process,-4.344422599704697,1.8633370774497218,4.420689029899074,30293,656,1140,46,4.035087719298246,0.5828144351451007,238|348|393|655|780|952|1272|1809|1948|2059|2596|2670|4067|4134|4504|4651|5080|5361|5396|5580|5764|5792|6091|6239|6422|7101|7430|7436|7474|8321|8829|8934|10413|10519|23043|23189|23251|23580|27152|56896|64221|80258|84062|202018|221074|347733,ALK|APOE|ARHGAP4|BMP7|DDR1|CD38|CNTN1|DPYSL3|EFNB2|EPS8|GAP43|GFAP|LYN|MAP4|MT3|MYO10|PAX6|PLXNA1|PRRX1|PRKCD|PTN|PTPRF|ROBO1|RREB1|SFRP1|NR2E1|EZR|VLDLR|WNT5A|FZD1|NRP1|RAB29|YAP1|CIB1|TNIK|KANK1|MINAR1|CDC42EP4|INTU|DPYSL5|ROBO3|EFHC2|DTNBP1|TAPT1|SLC39A12|TUBB2B,-2.515038562101241,0,69,1,1,-4.344422599704697,2.5656503327283726,
1,-4.149955678055883,GO:0010975,M1,1,0,GO Biological Processes,19,regulation of neuron projection development,19_GO:0032502 developmental process,-4.149955678055883,2.0262489011199025,4.381048677328093,30293,459,1140,35,3.0701754385964914,0.5109258594856301,238|348|393|655|780|952|1272|1809|1948|2670|4067|4504|5080|5361|5396|5764|5792|6091|6422|7101|7436|7474|8321|8829|8934|10519|23043|23189|23251|56896|64221|80258|84062|221074|347733,ALK|APOE|ARHGAP4|BMP7|DDR1|CD38|CNTN1|DPYSL3|EFNB2|GFAP|LYN|MT3|PAX6|PLXNA1|PRRX1|PTN|PTPRF|ROBO1|SFRP1|NR2E1|VLDLR|WNT5A|FZD1|NRP1|RAB29|CIB1|TNIK|KANK1|MINAR1|DPYSL5|ROBO3|EFHC2|DTNBP1|SLC39A12|TUBB2B,-2.368676242609297,0,69,0,0,-4.344422599704697,2.5656503327283726,
1,-4.0965505338090855,GO:0031344,M1,1,0,GO Biological Processes,19,regulation of cell projection organization,19_GO:0050789 regulation of biological process,-4.0965505338090855,1.8189719089390142,4.245497186714781,30293,672,1140,46,4.035087719298246,0.5828144351451007,238|348|393|655|780|952|1272|1809|1948|2059|2596|2670|4067|4134|4504|4651|5080|5361|5396|5580|5764|5792|6091|6239|6422|7101|7430|7436|7474|8321|8829|8934|10413|10519|23043|23189|23251|23580|27152|56896|64221|80258|84062|202018|221074|347733,ALK|APOE|ARHGAP4|BMP7|DDR1|CD38|CNTN1|DPYSL3|EFNB2|EPS8|GAP43|GFAP|LYN|MAP4|MT3|MYO10|PAX6|PLXNA1|PRRX1|PRKCD|PTN|PTPRF|ROBO1|RREB1|SFRP1|NR2E1|EZR|VLDLR|WNT5A|FZD1|NRP1|RAB29|YAP1|CIB1|TNIK|KANK1|MINAR1|CDC42EP4|INTU|DPYSL5|ROBO3|EFHC2|DTNBP1|TAPT1|SLC39A12|TUBB2B,-2.327311716578613,0,69,0,0,-4.344422599704697,2.5656503327283726,
1,-3.611556846532643,GO:0051129,M1,1,0,GO Biological Processes,19,negative regulation of cellular component organization,19_GO:0048519 negative regulation of biological process,-3.611556846532643,1.7202781402542169,3.884540803684888,30293,726,1140,47,4.12280701754386,0.5888460049861405,348|393|655|869|952|1191|1452|1809|1901|1948|2059|2670|3949|4134|4504|5202|5580|6662|7013|7114|7411|7474|8829|8934|9023|9168|9535|10382|10413|10449|10493|10519|11170|22919|23189|23251|23671|26471|29103|54550|55937|56896|81624|84062|85477|115209|147138,APOE|ARHGAP4|BMP7|CBLN1|CD38|CLU|CSNK1A1|DPYSL3|S1PR1|EFNB2|EPS8|GFAP|LDLR|MAP4|MT3|PFDN2|PRKCD|SOX9|TERF1|TMSB4X|VBP1|WNT5A|NRP1|RAB29|CH25H|TMSB10|GMFG|TUBB4A|YAP1|ACAA2|VAT1|CIB1|FAM107A|MAPRE1|KANK1|MINAR1|TMEFF2|NUPR1|DNAJC15|NECAB2|APOM|DPYSL5|DIAPH3|DTNBP1|SCIN|OMA1|TMC8,-1.969372184033091,0,69,0,0,-4.344422599704697,2.5656503327283726,
1,-3.3044788221070465,GO:0031345,M1,1,0,GO Biological Processes,19,negative regulation of cell projection organization,19_GO:0048519 negative regulation of biological process,-3.3044788221070465,2.427972214800962,3.976246085052715,30293,197,1140,18,1.5789473684210527,0.3692116566580194,348|393|952|1809|1948|2670|4134|4504|5580|7474|8829|8934|10413|10519|23189|23251|56896|84062,APOE|ARHGAP4|CD38|DPYSL3|EFNB2|GFAP|MAP4|MT3|PRKCD|WNT5A|NRP1|RAB29|YAP1|CIB1|KANK1|MINAR1|DPYSL5|DTNBP1,-1.7512821354003922,0,69,0,0,-4.344422599704697,2.5656503327283726,
1,-2.926345031900735,GO:0010977,M1,1,0,GO Biological Processes,19,negative regulation of neuron projection development,19_GO:0032502 developmental process,-2.926345031900735,2.5656503327283726,3.7370103087678874,30293,145,1140,14,1.2280701754385965,0.32619397574769193,348|393|952|1809|1948|2670|4504|7474|8829|8934|10519|23189|23251|84062,APOE|ARHGAP4|CD38|DPYSL3|EFNB2|GFAP|MT3|WNT5A|NRP1|RAB29|CIB1|KANK1|MINAR1|DTNBP1,-1.474850218018597,0,69,0,0,-4.344422599704697,2.5656503327283726,
1,-4.342269326309401,GO:1902904,M1,1,0,GO Biological Processes,19,negative regulation of supramolecular fiber organization,19_GO:0048519 negative regulation of biological process,-4.342269326309401,2.9344204068453346,4.896884659779625,30293,163,1140,18,1.5789473684210527,0.3692116566580194,348|1191|1901|2059|3949|5202|5580|7114|7411|9168|9535|10382|10519|22919|23189|23671|81624|85477,APOE|CLU|S1PR1|EPS8|LDLR|PFDN2|PRKCD|TMSB4X|VBP1|TMSB10|GMFG|TUBB4A|CIB1|MAPRE1|KANK1|TMEFF2|DIAPH3|SCIN,-2.515038562101241,0,70,1,1,-4.342269326309401,2.9344204068453346,
1,-4.130650160146961,GO:0090066,M1,1,0,GO Biological Processes,19,regulation of anatomical structure size,19_GO:0065007 biological regulation,-4.130650160146961,1.9569121447028424,4.335420434469005,30293,516,1140,38,3.3333333333333335,0.5316493883423138,136|147|154|348|358|361|393|952|1185|1910|1955|2059|3363|3741|4504|4868|5021|5028|5580|7114|7248|7409|7430|7474|7477|7873|8829|9168|10242|23189|23580|27345|57403|59342|85477|118426|143872|282991,ADORA2B|ADRA1B|ADRB2|APOE|AQP1|AQP4|ARHGAP4|CD38|CLCN6|EDNRB|MEGF9|EPS8|HTR7|KCNA5|MT3|NPHS1|OXTR|P2RY1|PRKCD|TMSB4X|TSC1|VAV1|EZR|WNT5A|WNT7B|MANF|NRP1|TMSB10|KCNMB2|KANK1|CDC42EP4|KCNMB4|RAB22A|SCPEP1|SCIN|BORCS5|ARHGAP42|BLOC1S2,-2.35350742834544,0,70,0,0,-4.342269326309401,2.9344204068453346,
1,-4.071677749797554,GO:1902903,M1,1,0,GO Biological Processes,19,regulation of supramolecular fiber organization,19_GO:0050789 regulation of biological process,-4.071677749797554,2.1121974808816915,4.3715112824262725,30293,390,1140,31,2.719298245614035,0.48171408278676175,71|348|1191|1901|1955|2059|3949|4868|5202|5580|5987|6422|7114|7248|7411|8829|9168|9535|10382|10519|10979|22919|23189|23580|23671|27236|30008|54361|81624|85477|221074,ACTG1|APOE|CLU|S1PR1|MEGF9|EPS8|LDLR|NPHS1|PFDN2|PRKCD|TRIM27|SFRP1|TMSB4X|TSC1|VBP1|NRP1|TMSB10|GMFG|TUBB4A|CIB1|FERMT2|MAPRE1|KANK1|CDC42EP4|TMEFF2|ARFIP1|EFEMP2|WNT4|DIAPH3|SCIN|SLC39A12,-2.307498731336483,0,70,0,0,-4.342269326309401,2.9344204068453346,
1,-2.9103006399130957,GO:0043254,M1,1,0,GO Biological Processes,19,regulation of protein-containing complex assembly,19_GO:0050789 regulation of biological process,-2.9103006399130957,1.8479889772392613,3.448035928828932,30293,417,1140,29,2.543859649122807,0.4663357940423699,348|1191|1452|1955|2059|2670|3936|4868|5580|6662|7013|7099|7114|8631|9168|9780|10382|10979|22919|23189|23580|29091|29103|51100|51673|55612|85477|147138|221074,APOE|CLU|CSNK1A1|MEGF9|EPS8|GFAP|LCP1|NPHS1|PRKCD|SOX9|TERF1|TLR4|TMSB4X|SKAP1|TMSB10|PIEZO1|TUBB4A|FERMT2|MAPRE1|KANK1|CDC42EP4|STXBP6|DNAJC15|SH3GLB1|TPPP3|FERMT1|SCIN|TMC8|SLC39A12,-1.462796143070329,0,70,0,0,-4.342269326309401,2.9344204068453346,
1,-2.552570430777884,GO:0031333,M1,1,0,GO Biological Processes,19,negative regulation of protein-containing complex assembly,19_GO:0048519 negative regulation of biological process,-2.552570430777884,2.432721769211762,3.383996810369721,30293,142,1140,13,1.1403508771929824,0.31446792656606076,1191|1452|2059|5580|6662|7114|9168|10382|22919|23189|29103|85477|147138,CLU|CSNK1A1|EPS8|PRKCD|SOX9|TMSB4X|TMSB10|TUBB4A|MAPRE1|KANK1|DNAJC15|SCIN|TMC8,-1.2018141684045536,0,70,0,0,-4.342269326309401,2.9344204068453346,
1,-2.526825508412667,GO:0032956,M1,1,0,GO Biological Processes,19,regulation of actin cytoskeleton organization,19_GO:0050789 regulation of biological process,-2.526825508412667,1.8539167686658509,3.1497666028409292,30293,344,1140,24,2.1052631578947367,0.42518745383600876,71|1901|1955|2059|2824|4868|5154|5156|5580|5987|6422|7114|7248|8829|9168|9535|10979|11170|23189|23580|23671|27236|54361|85477,ACTG1|S1PR1|MEGF9|EPS8|GPM6B|NPHS1|PDGFA|PDGFRA|PRKCD|TRIM27|SFRP1|TMSB4X|TSC1|NRP1|TMSB10|GMFG|FERMT2|FAM107A|KANK1|CDC42EP4|TMEFF2|ARFIP1|WNT4|SCIN,-1.1856708415770965,0,70,0,0,-4.342269326309401,2.9344204068453346,
1,-2.43174102989114,GO:0110053,M1,1,0,GO Biological Processes,19,regulation of actin filament organization,19_GO:0050789 regulation of biological process,-2.43174102989114,1.9467257888310519,3.107241155207687,30293,273,1140,20,1.7543859649122806,0.38883623754641444,71|1901|1955|2059|4868|5580|5987|6422|7114|7248|8829|9168|9535|10979|23189|23580|23671|27236|54361|85477,ACTG1|S1PR1|MEGF9|EPS8|NPHS1|PRKCD|TRIM27|SFRP1|TMSB4X|TSC1|NRP1|TMSB10|GMFG|FERMT2|KANK1|CDC42EP4|TMEFF2|ARFIP1|WNT4|SCIN,-1.1134005446433484,0,70,0,0,-4.342269326309401,2.9344204068453346,
1,-2.295281213641327,GO:0051493,M1,1,0,GO Biological Processes,19,regulation of cytoskeleton organization,19_GO:0050789 regulation of biological process,-2.295281213641327,1.6289843382402363,2.866507914312318,30293,522,1140,32,2.807017543859649,0.4892012886170548,71|1901|1955|2059|2824|4868|5154|5156|5202|5580|5987|6422|7114|7248|8829|9168|9535|10382|10519|10979|11170|22919|23189|23580|23671|27236|29082|54361|81551|81624|85477|221074,ACTG1|S1PR1|MEGF9|EPS8|GPM6B|NPHS1|PDGFA|PDGFRA|PFDN2|PRKCD|TRIM27|SFRP1|TMSB4X|TSC1|NRP1|TMSB10|GMFG|TUBB4A|CIB1|FERMT2|FAM107A|MAPRE1|KANK1|CDC42EP4|TMEFF2|ARFIP1|CHMP4A|WNT4|STMN4|DIAPH3|SCIN|SLC39A12,-1.0143286485885599,0,70,0,0,-4.342269326309401,2.9344204068453346,
1,-2.146752742984747,GO:0032272,M1,1,0,GO Biological Processes,19,negative regulation of protein polymerization,19_GO:0048519 negative regulation of biological process,-2.146752742984747,2.834432748538011,3.1453888401141015,30293,75,1140,8,0.7017543859649122,0.24723555672122605,2059|5580|7114|9168|10382|22919|23189|85477,EPS8|PRKCD|TMSB4X|TMSB10|TUBB4A|MAPRE1|KANK1|SCIN,-0.9119267960123998,0,70,0,0,-4.342269326309401,2.9344204068453346,
1,-2.1389251826871454,GO:0032535,M1,1,0,GO Biological Processes,19,regulation of cellular component size,19_GO:0065007 biological regulation,-2.1389251826871454,1.7236415362731152,2.769469305384335,30293,370,1140,24,2.1052631578947367,0.42518745383600876,348|358|361|393|1185|1955|2059|4504|4868|5580|7114|7248|7409|7430|7474|7477|8829|9168|23189|23580|57403|85477|118426|282991,APOE|AQP1|AQP4|ARHGAP4|CLCN6|MEGF9|EPS8|MT3|NPHS1|PRKCD|TMSB4X|TSC1|VAV1|EZR|WNT5A|WNT7B|NRP1|TMSB10|KANK1|CDC42EP4|RAB22A|SCIN|BORCS5|BLOC1S2,-0.90775043228342,0,70,0,0,-4.342269326309401,2.9344204068453346,
1,-2.1387769498126694,GO:0051494,M1,1,0,GO Biological Processes,19,negative regulation of cytoskeleton organization,19_GO:0048519 negative regulation of biological process,-2.1387769498126694,2.1726194416859763,2.931581916027521,30293,159,1140,13,1.1403508771929824,0.31446792656606076,1901|2059|5580|7114|9168|9535|10382|10519|22919|23189|23671|81624|85477,S1PR1|EPS8|PRKCD|TMSB4X|TMSB10|GMFG|TUBB4A|CIB1|MAPRE1|KANK1|TMEFF2|DIAPH3|SCIN,-0.90775043228342,0,70,0,0,-4.342269326309401,2.9344204068453346,
1,-4.3311799983845285,GO:0042176,M1,1,0,GO Biological Processes,19,regulation of protein catabolic process,19_GO:0008152 metabolic process,-4.3311799983845285,2.214400584795322,4.583664991815902,30293,360,1140,30,2.6315789473684212,0.4740944155917378,348|975|1050|1191|1452|1595|1642|2670|2768|3949|4947|4983|5245|6662|7077|7079|7314|7430|7474|8451|9491|25976|26232|26471|51582|51686|57630|79016|90865|161582,APOE|CD81|CEBPA|CLU|CSNK1A1|CYP51A1|DDB1|GFAP|GNA12|LDLR|OAZ2|OPHN1|PHB1|SOX9|TIMP2|TIMP4|UBB|EZR|WNT5A|CUL4A|PSMF1|TIPARP|FBXO2|NUPR1|AZIN1|OAZ3|SH3RF1|DDA1|IL33|DNAAF4,-2.5058837339535684,0,71,1,1,-4.3311799983845285,2.3678738926524234,
1,-3.1756885071832297,GO:0045732,M1,1,0,GO Biological Processes,19,positive regulation of protein catabolic process,19_GO:0048518 positive regulation of biological process,-3.1756885071832297,2.3678738926524234,3.857253736977297,30293,202,1140,18,1.5789473684210527,0.3692116566580194,348|975|1050|1191|1452|1642|3949|4947|6662|7430|7474|8451|25976|26471|51686|57630|79016|90865,APOE|CD81|CEBPA|CLU|CSNK1A1|DDB1|LDLR|OAZ2|SOX9|EZR|WNT5A|CUL4A|TIPARP|NUPR1|OAZ3|SH3RF1|DDA1|IL33,-1.6609675563224813,0,71,0,0,-4.3311799983845285,2.3678738926524234,
1,-2.408199923490917,GO:0009896,M1,1,0,GO Biological Processes,19,positive regulation of catabolic process,19_GO:0048518 positive regulation of biological process,-2.408199923490917,1.5935070658818844,2.9453748081716555,30293,617,1140,37,3.245614035087719,0.524845334815129,154|348|677|678|975|1050|1191|1452|1642|3162|3949|4947|5436|5580|6662|7430|7474|7805|8451|10247|10346|10715|23034|25976|26137|26353|26471|51100|51375|51686|57630|79016|79443|90865|112574|340719|400410,ADRB2|APOE|ZFP36L1|ZFP36L2|CD81|CEBPA|CLU|CSNK1A1|DDB1|HMOX1|LDLR|OAZ2|POLR2G|PRKCD|SOX9|EZR|WNT5A|LAPTM5|CUL4A|RIDA|TRIM22|CERS1|SAMD4A|TIPARP|ZBTB20|HSPB8|NUPR1|SH3GLB1|SNX7|OAZ3|SH3RF1|DDA1|FYCO1|IL33|SNX18|NANOS1|ST20,-1.0970084800327893,0,71,0,0,-4.3311799983845285,2.3678738926524234,
1,-4.3147697635930085,GO:2000377,M1,1,0,GO Biological Processes,19,regulation of reactive oxygen species metabolic process,19_GO:0008152 metabolic process,-4.3147697635930085,3.031796773813729,4.916405925972684,30293,149,1140,17,1.4912280701754386,0.3589690963831384,240|613|655|1645|2771|2950|3689|4504|5580|7099|8644|9263|10901|26574|55022|84329|84334,ALOX5|BCR|BMP7|AKR1C1|GNAI2|GSTP1|ITGB2|MT3|PRKCD|TLR4|AKR1C3|STK17A|DHRS4|AATF|PID1|HVCN1|COA8,-2.4927844721839953,0,72,1,1,-4.3147697635930085,7.971842105263159,
1,-4.161187967312065,GO:0032928,M1,1,0,GO Biological Processes,19,regulation of superoxide anion generation,19_GO:0008152 metabolic process,-4.161187967312065,7.971842105263159,6.167506042952146,30293,20,1140,6,0.5263157894736842,0.21430133448577773,2771|2950|3689|5580|26574|84329,GNAI2|GSTP1|ITGB2|PRKCD|AATF|HVCN1,-2.3746442918731216,0,72,0,0,-4.3147697635930085,7.971842105263159,
1,-4.000508734898775,GO:0090322,M1,1,0,GO Biological Processes,19,regulation of superoxide metabolic process,19_GO:0008152 metabolic process,-4.000508734898775,6.2003216374269,5.635203671484423,30293,30,1140,7,0.6140350877192983,0.23136981425843328,655|2771|2950|3689|5580|26574|84329,BMP7|GNAI2|GSTP1|ITGB2|PRKCD|AATF|HVCN1,-2.250147942190285,0,72,0,0,-4.3147697635930085,7.971842105263159,
1,-3.5538175324841297,GO:2000379,M1,1,0,GO Biological Processes,19,positive regulation of reactive oxygen species metabolic process,19_GO:0048518 positive regulation of biological process,-3.5538175324841297,3.796115288220551,4.631376438992153,30293,70,1140,10,0.8771929824561403,0.2761734623942493,1645|2771|2950|3689|5580|7099|8644|10901|55022|84329,AKR1C1|GNAI2|GSTP1|ITGB2|PRKCD|TLR4|AKR1C3|DHRS4|PID1|HVCN1,-1.9243701375164144,0,72,0,0,-4.3147697635930085,7.971842105263159,
1,-3.4988054742815127,GO:0032930,M1,1,0,GO Biological Processes,19,positive regulation of superoxide anion generation,19_GO:0048518 positive regulation of biological process,-3.4988054742815127,7.815531475748194,5.558398936234478,30293,17,1140,5,0.43859649122807015,0.19571569570288536,2771|2950|3689|5580|84329,GNAI2|GSTP1|ITGB2|PRKCD|HVCN1,-1.884807777133601,0,72,0,0,-4.3147697635930085,7.971842105263159,
1,-4.234912416336725,GO:0048608,M1,1,0,GO Biological Processes,19,reproductive structure development,19_GO:0022414 reproductive process,-4.234912416336725,2.342010110020815,4.580315759878285,30293,295,1140,26,2.280701754385965,0.4421524057977656,2|190|718|1718|2697|3400|5156|5727|5872|5950|6299|6422|6662|7098|7130|7314|7474|8644|9289|10549|25976|26471|54361|55366|55636|57599,A2M|NR0B1|C3|DHCR24|GJA1|ID4|PDGFRA|PTCH1|RAB13|RBP4|SALL1|SFRP1|SOX9|TLR3|TNFAIP6|UBB|WNT5A|AKR1C3|ADGRG1|PRDX4|TIPARP|NUPR1|WNT4|LGR4|CHD7|WDR48,-2.426649491204545,0,73,1,1,-4.234912416336725,3.392273236282195,
1,-4.137971987962209,GO:0061458,M1,1,0,GO Biological Processes,19,reproductive system development,19_GO:0032502 developmental process,-4.137971987962209,2.310678871090771,4.5039076028277,30293,299,1140,26,2.280701754385965,0.4421524057977656,2|190|718|1718|2697|3400|5156|5727|5872|5950|6299|6422|6662|7098|7130|7314|7474|8644|9289|10549|25976|26471|54361|55366|55636|57599,A2M|NR0B1|C3|DHCR24|GJA1|ID4|PDGFRA|PTCH1|RAB13|RBP4|SALL1|SFRP1|SOX9|TLR3|TNFAIP6|UBB|WNT5A|AKR1C3|ADGRG1|PRDX4|TIPARP|NUPR1|WNT4|LGR4|CHD7|WDR48,-2.3584332140919244,0,73,0,0,-4.234912416336725,3.392273236282195,
1,-3.669779176848264,GO:0046661,M1,1,0,GO Biological Processes,19,male sex differentiation,19_GO:0022414 reproductive process,-3.669779176848264,2.6889149958228904,4.340838999770485,30293,168,1140,17,1.4912280701754386,0.3589690963831384,190|1718|2697|5156|5872|6422|6662|7098|7314|7474|8644|9289|10549|26471|54361|55366|57599,NR0B1|DHCR24|GJA1|PDGFRA|RAB13|SFRP1|SOX9|TLR3|UBB|WNT5A|AKR1C3|ADGRG1|PRDX4|NUPR1|WNT4|LGR4|WDR48,-2.013438478009978,0,73,0,0,-4.234912416336725,3.392273236282195,
1,-3.4426010629152786,GO:0008584,M1,1,0,GO Biological Processes,19,male gonad development,19_GO:0022414 reproductive process,-3.4426010629152786,2.768000730994152,4.205348615575326,30293,144,1140,15,1.3157894736842106,0.3374928789753796,190|2697|5156|5872|6422|6662|7098|7314|7474|8644|9289|10549|26471|54361|57599,NR0B1|GJA1|PDGFRA|RAB13|SFRP1|SOX9|TLR3|UBB|WNT5A|AKR1C3|ADGRG1|PRDX4|NUPR1|WNT4|WDR48,-1.8460472560485754,0,73,0,0,-4.234912416336725,3.392273236282195,
1,-3.4102613370386825,GO:0046546,M1,1,0,GO Biological Processes,19,development of primary male sexual characteristics,19_GO:0022414 reproductive process,-3.4102613370386825,2.7489110707803994,4.174430627326112,30293,145,1140,15,1.3157894736842106,0.3374928789753796,190|2697|5156|5872|6422|6662|7098|7314|7474|8644|9289|10549|26471|54361|57599,NR0B1|GJA1|PDGFRA|RAB13|SFRP1|SOX9|TLR3|UBB|WNT5A|AKR1C3|ADGRG1|PRDX4|NUPR1|WNT4|WDR48,-1.8216142800905673,0,73,0,0,-4.234912416336725,3.392273236282195,
1,-3.37780559705411,GO:0007548,M1,1,0,GO Biological Processes,19,sex differentiation,19_GO:0022414 reproductive process,-3.37780559705411,2.182766290726817,3.931859798667611,30293,280,1140,23,2.017543859649123,0.41642157992527234,2|190|1718|2697|5156|5872|5950|6299|6422|6662|7098|7130|7314|7474|8644|9289|10549|25976|26471|54361|55366|55636|57599,A2M|NR0B1|DHCR24|GJA1|PDGFRA|RAB13|RBP4|SALL1|SFRP1|SOX9|TLR3|TNFAIP6|UBB|WNT5A|AKR1C3|ADGRG1|PRDX4|TIPARP|NUPR1|WNT4|LGR4|CHD7|WDR48,-1.7978463793622859,0,73,0,0,-4.234912416336725,3.392273236282195,
1,-3.058596138605283,GO:0008406,M1,1,0,GO Biological Processes,19,gonad development,19_GO:0022414 reproductive process,-3.058596138605283,2.2539434523809523,3.7249225068073484,30293,224,1140,19,1.6666666666666667,0.3791598386378328,2|190|2697|5156|5872|6299|6422|6662|7098|7130|7314|7474|8644|9289|10549|25976|26471|54361|57599,A2M|NR0B1|GJA1|PDGFRA|RAB13|SALL1|SFRP1|SOX9|TLR3|TNFAIP6|UBB|WNT5A|AKR1C3|ADGRG1|PRDX4|TIPARP|NUPR1|WNT4|WDR48,-1.571313436091474,0,73,0,0,-4.234912416336725,3.392273236282195,
1,-2.944846905960309,GO:0045137,M1,1,0,GO Biological Processes,19,development of primary sexual characteristics,19_GO:0022414 reproductive process,-2.944846905960309,2.204730713245997,3.6187544535575342,30293,229,1140,19,1.6666666666666667,0.3791598386378328,2|190|2697|5156|5872|6299|6422|6662|7098|7130|7314|7474|8644|9289|10549|25976|26471|54361|57599,A2M|NR0B1|GJA1|PDGFRA|RAB13|SALL1|SFRP1|SOX9|TLR3|TNFAIP6|UBB|WNT5A|AKR1C3|ADGRG1|PRDX4|TIPARP|NUPR1|WNT4|WDR48,-1.485869812285261,0,73,0,0,-4.234912416336725,3.392273236282195,
1,-2.093532554159584,GO:0048806,M1,1,0,GO Biological Processes,19,genitalia development,19_GO:0022414 reproductive process,-2.093532554159584,3.392273236282195,3.2456412182874392,30293,47,1140,6,0.5263157894736842,0.21430133448577773,1718|5156|5950|7474|55366|55636,DHCR24|PDGFRA|RBP4|WNT5A|LGR4|CHD7,-0.8702962810565865,0,73,0,0,-4.234912416336725,3.392273236282195,
1,-2.011859900858192,GO:0046660,M1,1,0,GO Biological Processes,19,female sex differentiation,19_GO:0022414 reproductive process,-2.011859900858192,2.3725720551378444,2.8777437854818064,30293,112,1140,10,0.8771929824561403,0.2761734623942493,2|5156|5950|6422|7130|7314|7474|25976|54361|55636,A2M|PDGFRA|RBP4|SFRP1|TNFAIP6|UBB|WNT5A|TIPARP|WNT4|CHD7,-0.8152930560927131,0,73,0,0,-4.234912416336725,3.392273236282195,
1,-4.230230760950988,GO:0002764,M1,1,0,GO Biological Processes,19,immune response-regulating signaling pathway,19_GO:0002376 immune system process,-4.230230760950988,2.220782142676576,4.522809217574272,30293,347,1140,29,2.543859649122807,0.4663357940423699,718|834|952|1512|2210|2214|2533|3821|3822|3823|4067|5245|5293|5580|5588|5788|7098|7099|7409|7462|7525|8631|9865|11006|25800|84282|84868|121665|196051,C3|CASP1|CD38|CTSH|FCGR1BP|FCGR3A|FYB1|KLRC1|KLRC2|KLRC3|LYN|PHB1|PIK3CD|PRKCD|PRKCQ|PTPRC|TLR3|TLR4|VAV1|LAT2|YES1|SKAP1|TRIL|LILRB4|SLC39A6|RNF135|HAVCR2|SPPL3|PLPP4,-2.423819840680402,0,74,1,1,-4.230230760950988,2.2925558995528035,
1,-4.216648657737426,GO:0002697,M1,1,0,GO Biological Processes,19,regulation of immune effector process,19_GO:0002376 immune system process,-4.216648657737426,2.1508016123860565,4.481943893723118,30293,383,1140,31,2.719298245614035,0.48171408278676175,2|136|430|613|718|975|1524|3109|3689|3821|3822|3823|4067|5245|5650|5788|5950|6810|7098|7099|7409|7474|7805|8673|9516|9865|10417|11006|23705|84868|90865,A2M|ADORA2B|ASCL2|BCR|C3|CD81|CX3CR1|HLA-DMB|ITGB2|KLRC1|KLRC2|KLRC3|LYN|PHB1|KLK7|PTPRC|RBP4|STX4|TLR3|TLR4|VAV1|WNT5A|LAPTM5|VAMP8|LITAF|TRIL|SPON2|LILRB4|CADM1|HAVCR2|IL33,-2.414271648946768,0,74,0,0,-4.230230760950988,2.2925558995528035,
1,-3.908329110988156,GO:0002253,M1,1,0,GO Biological Processes,19,activation of immune response,19_GO:0002376 immune system process,-3.908329110988156,2.097853185595568,4.258737311536199,30293,380,1140,30,2.6315789473684212,0.4740944155917378,712|713|714|716|718|834|952|1191|1675|2533|3821|3822|3823|4067|5245|5293|5580|5788|7098|7099|7409|7462|7525|8631|9865|25800|84282|84868|121665|196051,C1QA|C1QB|C1QC|C1S|C3|CASP1|CD38|CLU|CFD|FYB1|KLRC1|KLRC2|KLRC3|LYN|PHB1|PIK3CD|PRKCD|PTPRC|TLR3|TLR4|VAV1|LAT2|YES1|SKAP1|TRIL|SLC39A6|RNF135|HAVCR2|SPPL3|PLPP4,-2.1784417145192627,0,74,0,0,-4.230230760950988,2.2925558995528035,
1,-3.8670440949097964,GO:0050778,M1,1,0,GO Biological Processes,19,positive regulation of immune response,19_GO:0002376 immune system process,-3.8670440949097964,1.8043264024258177,4.092784460793583,30293,648,1140,44,3.8596491228070176,0.5705245515955123,712|713|714|716|718|834|952|975|1191|1675|2533|3109|3689|3821|3822|3823|4067|5245|5293|5580|5588|5650|5788|6810|7098|7099|7409|7462|7474|7525|8631|8934|9865|23705|25800|55223|55577|57590|84282|84868|90865|121665|123920|196051,C1QA|C1QB|C1QC|C1S|C3|CASP1|CD38|CD81|CLU|CFD|FYB1|HLA-DMB|ITGB2|KLRC1|KLRC2|KLRC3|LYN|PHB1|PIK3CD|PRKCD|PRKCQ|KLK7|PTPRC|STX4|TLR3|TLR4|VAV1|LAT2|WNT5A|YES1|SKAP1|RAB29|TRIL|CADM1|SLC39A6|TRIM62|NAGK|WDFY1|RNF135|HAVCR2|IL33|SPPL3|CMTM3|PLPP4,-2.1549481638158925,0,74,0,0,-4.230230760950988,2.2925558995528035,
1,-3.7646407675146025,GO:0032103,M1,1,0,GO Biological Processes,19,positive regulation of response to external stimulus,19_GO:0048518 positive regulation of biological process,-3.7646407675146025,1.8605735613720118,4.053676586126994,30293,557,1140,39,3.4210526315789473,0.5383549194926929,136|199|718|834|975|1050|1524|1901|2247|3821|3822|3823|3949|4067|5156|5245|5650|5764|6810|7098|7099|7114|7409|7474|7852|8673|8792|8829|9865|23328|23705|26471|55223|55577|57590|84282|84868|90865|146433,ADORA2B|AIF1|C3|CASP1|CD81|CEBPA|CX3CR1|S1PR1|FGF2|KLRC1|KLRC2|KLRC3|LDLR|LYN|PDGFRA|PHB1|KLK7|PTN|STX4|TLR3|TLR4|TMSB4X|VAV1|WNT5A|CXCR4|VAMP8|TNFRSF11A|NRP1|TRIL|SASH1|CADM1|NUPR1|TRIM62|NAGK|WDFY1|RNF135|HAVCR2|IL33|IL34,-2.0714618243190657,0,74,0,0,-4.230230760950988,2.2925558995528035,
1,-3.549238608757937,GO:0002699,M1,1,0,GO Biological Processes,19,positive regulation of immune effector process,19_GO:0002376 immune system process,-3.549238608757937,2.2925558995528035,4.0988185347428105,30293,255,1140,22,1.9298245614035088,0.407450603294495,136|718|975|3109|3689|3821|3822|3823|5245|5650|5788|5950|6810|7098|7099|7409|7474|7805|8673|10417|23705|90865,ADORA2B|C3|CD81|HLA-DMB|ITGB2|KLRC1|KLRC2|KLRC3|PHB1|KLK7|PTPRC|RBP4|STX4|TLR3|TLR4|VAV1|WNT5A|LAPTM5|VAMP8|SPON2|CADM1|IL33,-1.9232098241884896,0,74,0,0,-4.230230760950988,2.2925558995528035,
1,-3.5110257218178775,GO:0002768,M1,1,0,GO Biological Processes,19,immune response-regulating cell surface receptor signaling pathway,19_GO:0002376 immune system process,-3.5110257218178775,2.2305640927135357,4.046282333681186,30293,274,1140,23,2.017543859649123,0.41642157992527234,718|952|2210|2214|2533|3821|3822|3823|4067|5293|5580|5588|5788|7099|7409|7462|7525|8631|9865|11006|25800|121665|196051,C3|CD38|FCGR1BP|FCGR3A|FYB1|KLRC1|KLRC2|KLRC3|LYN|PIK3CD|PRKCD|PRKCQ|PTPRC|TLR4|VAV1|LAT2|YES1|SKAP1|TRIL|LILRB4|SLC39A6|SPPL3|PLPP4,-1.8922555098087208,0,74,0,0,-4.230230760950988,2.2925558995528035,
1,-3.052877518636491,GO:0002757,M1,1,0,GO Biological Processes,19,immune response-activating signaling pathway,19_GO:0002376 immune system process,-3.052877518636491,2.03104257458934,3.631680425979313,30293,314,1140,24,2.1052631578947367,0.42518745383600876,718|834|952|2533|3821|3822|3823|4067|5245|5293|5580|5788|7098|7099|7409|7462|7525|8631|9865|25800|84282|84868|121665|196051,C3|CASP1|CD38|FYB1|KLRC1|KLRC2|KLRC3|LYN|PHB1|PIK3CD|PRKCD|PTPRC|TLR3|TLR4|VAV1|LAT2|YES1|SKAP1|TRIL|SLC39A6|RNF135|HAVCR2|SPPL3|PLPP4,-1.5682456553713986,0,74,0,0,-4.230230760950988,2.2925558995528035,
1,-2.648128142226728,GO:0002429,M1,1,0,GO Biological Processes,19,immune response-activating cell surface receptor signaling pathway,19_GO:0002376 immune system process,-2.648128142226728,2.0777091906721536,3.3354716875363044,30293,243,1140,19,1.6666666666666667,0.3791598386378328,718|952|2533|3821|3822|3823|4067|5293|5580|5788|7099|7409|7462|7525|8631|9865|25800|121665|196051,C3|CD38|FYB1|KLRC1|KLRC2|KLRC3|LYN|PIK3CD|PRKCD|PTPRC|TLR4|VAV1|LAT2|YES1|SKAP1|TRIL|SLC39A6|SPPL3|PLPP4,-1.260230071848831,0,74,0,0,-4.230230760950988,2.2925558995528035,
1,-2.5688500274022354,GO:0002703,M1,1,0,GO Biological Processes,19,regulation of leukocyte mediated immunity,19_GO:0002376 immune system process,-2.5688500274022354,2.0440620782726047,3.2580387135978106,30293,247,1140,19,1.6666666666666667,0.3791598386378328,136|613|718|975|1524|3689|3821|3822|3823|4067|5788|6810|7098|7099|7409|8673|11006|23705|84868,ADORA2B|BCR|C3|CD81|CX3CR1|ITGB2|KLRC1|KLRC2|KLRC3|LYN|PTPRC|STX4|TLR3|TLR4|VAV1|VAMP8|LILRB4|CADM1|HAVCR2,-1.2128847732646861,0,74,0,0,-4.230230760950988,2.2925558995528035,
1,-2.312396759449486,GO:0031349,M1,1,0,GO Biological Processes,19,positive regulation of defense response,19_GO:0048518 positive regulation of biological process,-2.312396759449486,1.7164253336691009,2.9166202849790297,30293,418,1140,27,2.3684210526315788,0.45037283480897017,136|718|834|975|1050|3821|3822|3823|3949|4067|5245|5650|7098|7099|7409|7474|8673|8792|9865|23705|26471|55223|55577|57590|84282|84868|90865,ADORA2B|C3|CASP1|CD81|CEBPA|KLRC1|KLRC2|KLRC3|LDLR|LYN|PHB1|KLK7|TLR3|TLR4|VAV1|WNT5A|VAMP8|TNFRSF11A|TRIL|CADM1|NUPR1|TRIM62|NAGK|WDFY1|RNF135|HAVCR2|IL33,-1.0271588842652168,0,74,0,0,-4.230230760950988,2.2925558995528035,
1,-2.276127322006511,GO:0050729,M1,1,0,GO Biological Processes,19,positive regulation of inflammatory response,19_GO:0048518 positive regulation of biological process,-2.276127322006511,2.257820204105034,3.0843768247435506,30293,153,1140,13,1.1403508771929824,0.31446792656606076,136|718|834|975|1050|3949|7098|7099|7474|8673|8792|26471|90865,ADORA2B|C3|CASP1|CD81|CEBPA|LDLR|TLR3|TLR4|WNT5A|VAMP8|TNFRSF11A|NUPR1|IL33,-1.0039045882126398,0,74,0,0,-4.230230760950988,2.2925558995528035,
1,-4.207311940396661,GO:0032703,M1,1,0,GO Biological Processes,19,negative regulation of interleukin-2 production,19_GO:0048519 negative regulation of biological process,-4.207311940396661,6.643201754385965,5.907572053176601,30293,28,1140,7,0.6140350877192983,0.23136981425843328,5788|5987|6441|7430|7805|11006|84868,PTPRC|TRIM27|SFTPD|EZR|LAPTM5|LILRB4|HAVCR2,-2.409871319464313,0,75,1,1,-4.207311940396661,6.643201754385965,
1,-3.9426562329662467,GO:0032663,M1,1,0,GO Biological Processes,19,regulation of interleukin-2 production,19_GO:0032501 multicellular organismal process,-3.9426562329662467,4.2179058758006125,5.055909730553924,30293,63,1140,10,0.8771929824561403,0.2761734623942493,4860|5588|5788|5987|6441|7430|7805|9308|11006|84868,PNP|PRKCQ|PTPRC|TRIM27|SFTPD|EZR|LAPTM5|CD83|LILRB4|HAVCR2,-2.207657219488373,0,75,0,0,-4.207311940396661,6.643201754385965,
1,-3.0072532154482032,GO:0050854,M1,1,0,GO Biological Processes,19,regulation of antigen receptor-mediated signaling pathway,19_GO:0002376 immune system process,-3.0072532154482032,3.5169891640866875,4.10891749454107,30293,68,1140,9,0.7894736842105263,0.2621170552142749,975|4067|5788|7430|7805|8934|11006|29085|123920,CD81|LYN|PTPRC|EZR|LAPTM5|RAB29|LILRB4|PHPT1|CMTM3,-1.5373446090038172,0,75,0,0,-4.207311940396661,6.643201754385965,
1,-2.139113507730204,GO:0050856,M1,1,0,GO Biological Processes,19,regulation of T cell receptor signaling pathway,19_GO:0002376 immune system process,-2.139113507730204,3.4660183066361556,3.3098539636574653,30293,46,1140,6,0.5263157894736842,0.21430133448577773,975|7430|7805|8934|11006|29085,CD81|EZR|LAPTM5|RAB29|LILRB4|PHPT1,-0.90775043228342,0,75,0,0,-4.207311940396661,6.643201754385965,
1,-4.2071388602950295,GO:0099177,M1,1,0,GO Biological Processes,19,regulation of trans-synaptic signaling,19_GO:0050789 regulation of biological process,-4.2071388602950295,1.9943080317426425,4.401604819478553,30293,493,1140,37,3.245614035087719,0.524845334815129,136|154|348|590|613|869|952|1009|1524|2171|2550|2670|2771|2913|4983|5021|5028|5764|5786|6623|6810|7101|7474|8938|10590|11170|23657|26001|26232|27253|27345|57537|66000|84062|152404|347733|729993,ADORA2B|ADRB2|APOE|BCHE|BCR|CBLN1|CD38|CDH11|CX3CR1|FABP5|GABBR1|GFAP|GNAI2|GRM3|OPHN1|OXTR|P2RY1|PTN|PTPRA|SNCG|STX4|NR2E1|WNT5A|BAIAP3|SCGN|FAM107A|SLC7A11|RNF167|FBXO2|PCDH17|KCNMB4|SORCS2|TMEM108|DTNBP1|IGSF11|TUBB2B|SHISA9,-2.409871319464313,0,76,1,1,-4.2071388602950295,1.9943080317426425,
1,-3.8909979523878917,GO:0050804,M1,1,0,GO Biological Processes,19,modulation of chemical synaptic transmission,19_GO:0050789 regulation of biological process,-3.8909979523878917,1.9443517329910143,4.176146137684128,30293,492,1140,36,3.1578947368421053,0.5179388761227809,136|154|348|590|613|869|952|1009|1524|2550|2670|2771|2913|4983|5021|5028|5764|5786|6623|6810|7101|7474|8938|10590|11170|23657|26001|26232|27253|27345|57537|66000|84062|152404|347733|729993,ADORA2B|ADRB2|APOE|BCHE|BCR|CBLN1|CD38|CDH11|CX3CR1|GABBR1|GFAP|GNAI2|GRM3|OPHN1|OXTR|P2RY1|PTN|PTPRA|SNCG|STX4|NR2E1|WNT5A|BAIAP3|SCGN|FAM107A|SLC7A11|RNF167|FBXO2|PCDH17|KCNMB4|SORCS2|TMEM108|DTNBP1|IGSF11|TUBB2B|SHISA9,-2.1729116576048,0,76,0,0,-4.2071388602950295,1.9943080317426425,
1,-4.168981055849034,GO:0031960,M1,1,0,GO Biological Processes,19,response to corticosteroid,19_GO:0050896 response to stimulus,-4.168981055849034,2.952534113060429,4.78792672290538,30293,153,1140,17,1.4912280701754386,0.3589690963831384,2|358|445|590|594|677|678|1536|4129|5788|7477|8644|11170|23205|54541|57630|387758,A2M|AQP1|ASS1|BCHE|BCKDHB|ZFP36L1|ZFP36L2|CYBB|MAOB|PTPRC|WNT7B|AKR1C3|FAM107A|ACSBG1|DDIT4|SH3RF1|FIBIN,-2.380668357671244,0,77,1,1,-4.168981055849034,2.952534113060429,
1,-3.7730340914767613,GO:0048545,M1,1,0,GO Biological Processes,19,response to steroid hormone,19_GO:0050896 response to stimulus,-3.7730340914767613,2.277669172932331,4.247344633031843,30293,280,1140,24,2.1052631578947367,0.42518745383600876,2|358|445|590|594|677|678|952|1536|4129|5021|5245|5788|6720|7101|7477|8644|10413|10628|11170|23205|54541|57630|387758,A2M|AQP1|ASS1|BCHE|BCKDHB|ZFP36L1|ZFP36L2|CD38|CYBB|MAOB|OXTR|PHB1|PTPRC|SREBF1|NR2E1|WNT7B|AKR1C3|YAP1|TXNIP|FAM107A|ACSBG1|DDIT4|SH3RF1|FIBIN,-2.0784288925431924,0,77,0,0,-4.168981055849034,2.952534113060429,
1,-2.865596220418514,GO:0051384,M1,1,0,GO Biological Processes,19,response to glucocorticoid,19_GO:0050896 response to stimulus,-2.865596220418514,2.636996116244811,3.7130261041219708,30293,131,1140,13,1.1403508771929824,0.31446792656606076,2|358|445|590|594|677|678|4129|7477|11170|23205|54541|387758,A2M|AQP1|ASS1|BCHE|BCKDHB|ZFP36L1|ZFP36L2|MAOB|WNT7B|FAM107A|ACSBG1|DDIT4|FIBIN,-1.4283871347025396,0,77,0,0,-4.168981055849034,2.952534113060429,
1,-2.5409306955531425,GO:1901654,M1,1,0,GO Biological Processes,19,response to ketone,19_GO:0050896 response to stimulus,-2.5409306955531425,2.1308382985766303,3.2673606739899554,30293,212,1140,17,1.4912280701754386,0.3589690963831384,2|358|445|952|1536|4129|5021|5080|5788|6422|6720|8644|10413|10628|54541|57630|387758,A2M|AQP1|ASS1|CD38|CYBB|MAOB|OXTR|PAX6|PTPRC|SFRP1|SREBF1|AKR1C3|YAP1|TXNIP|DDIT4|SH3RF1|FIBIN,-1.195321687291322,0,77,0,0,-4.168981055849034,2.952534113060429,
1,-2.252613687412718,GO:0007584,M1,1,0,GO Biological Processes,19,response to nutrient,19_GO:0050896 response to stimulus,-2.252613687412718,2.243159033948508,3.0584219710835976,30293,154,1140,13,1.1403508771929824,0.31446792656606076,2|445|590|594|655|1032|1452|1536|2771|3141|6422|6720|8644,A2M|ASS1|BCHE|BCKDHB|BMP7|CDKN2D|CSNK1A1|CYBB|GNAI2|HLCS|SFRP1|SREBF1|AKR1C3,-0.9894780619898363,0,77,0,0,-4.168981055849034,2.952534113060429,
1,-2.0323629774249854,GO:0071384,M1,1,0,GO Biological Processes,19,cellular response to corticosteroid stimulus,19_GO:0050896 response to stimulus,-2.0323629774249854,2.952534113060429,3.067782776276696,30293,63,1140,7,0.6140350877192983,0.23136981425843328,358|445|677|678|8644|11170|54541,AQP1|ASS1|ZFP36L1|ZFP36L2|AKR1C3|FAM107A|DDIT4,-0.8316186408281188,0,77,0,0,-4.168981055849034,2.952534113060429,
1,-4.153938949430713,GO:0032438,M1,1,0,GO Biological Processes,19,melanosome organization,19_GO:0043473 pigmentation,-4.153938949430713,5.59427516158818,5.603830564436809,30293,38,1140,8,0.7017543859649122,0.24723555672122605,348|1174|1176|4935|8934|63971|84062|282991,APOE|AP1S1|AP3S1|GPR143|RAB29|KIF13A|DTNBP1|BLOC1S2,-2.3691571201480564,0,78,1,1,-4.153938949430713,5.59427516158818,
1,-4.068715065425994,GO:0048753,M1,1,0,GO Biological Processes,19,pigment granule organization,19_GO:0043473 pigmentation,-4.068715065425994,5.450832208726944,5.499926653860304,30293,39,1140,8,0.7017543859649122,0.24723555672122605,348|1174|1176|4935|8934|63971|84062|282991,APOE|AP1S1|AP3S1|GPR143|RAB29|KIF13A|DTNBP1|BLOC1S2,-2.306209630854489,0,78,0,0,-4.153938949430713,5.59427516158818,
1,-3.35908686901937,GO:0033059,M1,1,0,GO Biological Processes,19,cellular pigmentation,19_GO:0043473 pigmentation,-3.35908686901937,3.9205780845556517,4.515180053416528,30293,61,1140,9,0.7894736842105263,0.2621170552142749,348|967|1174|1176|4935|8934|63971|84062|282991,APOE|CD63|AP1S1|AP3S1|GPR143|RAB29|KIF13A|DTNBP1|BLOC1S2,-1.7922682495669273,0,78,0,0,-4.153938949430713,5.59427516158818,
1,-2.8820769671684494,GO:0016050,M1,1,0,GO Biological Processes,19,vesicle organization,19_GO:0009987 cellular process,-2.8820769671684494,1.9424566533292298,3.4661196274751194,30293,342,1140,25,2.192982456140351,0.4337606599742675,348|358|1174|1176|2054|4935|5872|6810|8673|8934|8938|10972|23673|29082|29091|29887|51693|57403|63971|64645|79090|80183|81624|84062|282991,APOE|AQP1|AP1S1|AP3S1|STX2|GPR143|RAB13|STX4|VAMP8|RAB29|BAIAP3|TMED10|STX12|CHMP4A|STXBP6|SNX10|TRAPPC2L|RAB22A|KIF13A|MFSD14A|TRAPPC6A|RUBCNL|DIAPH3|DTNBP1|BLOC1S2,-1.4415451882447152,0,78,0,0,-4.153938949430713,5.59427516158818,
1,-2.1746915735361223,GO:0043473,M1,1,0,GO Biological Processes,19,pigmentation,19_GO:0043473 pigmentation,-2.1746915735361223,2.506868586560741,3.0732161586458213,30293,106,1140,10,0.8771929824561403,0.2761734623942493,348|967|1174|1176|1910|4935|8934|63971|84062|282991,APOE|CD63|AP1S1|AP3S1|EDNRB|GPR143|RAB29|KIF13A|DTNBP1|BLOC1S2,-0.9317112422373676,0,78,0,0,-4.153938949430713,5.59427516158818,
1,-4.151433700631688,GO:0000041,M1,1,0,GO Biological Processes,19,transition metal ion transport,19_GO:0051179 localization,-4.151433700631688,3.5613040332790744,4.9962834123796345,30293,97,1140,13,1.1403508771929824,0.31446792656606076,392|475|2495|2512|4504|9843|9914|25800|30061|51076|57348|201266|221074,ARHGAP1|ATOX1|FTH1|FTL|MT3|HEPH|ATP2C2|SLC39A6|SLC40A1|CUTC|TTYH1|SLC39A11|SLC39A12,-2.368676242609297,0,79,1,1,-4.151433700631688,5.905068226120857,
1,-2.3978684709320666,GO:0006825,M1,1,0,GO Biological Processes,19,copper ion transport,19_GO:0051179 localization,-2.3978684709320666,5.905068226120857,4.116366191225837,30293,18,1140,4,0.3508771929824561,0.17513053901652795,475|9843|51076|201266,ATOX1|HEPH|CUTC|SLC39A11,-1.0931285158624129,0,79,0,0,-4.151433700631688,5.905068226120857,
1,-4.126152494267824,GO:1905907,M1,1,0,GO Biological Processes,19,negative regulation of amyloid fibril formation,19_GO:0048519 negative regulation of biological process,-4.126152494267824,10.220310391363022,6.575277033555886,30293,13,1140,5,0.43859649122807015,0.19571569570288536,348|1191|3949|5202|7411,APOE|CLU|LDLR|PFDN2|VBP1,-2.35350742834544,0,80,1,1,-4.126152494267824,11.388345864661655,
1,-3.4988054742815127,GO:1905906,M1,1,0,GO Biological Processes,19,regulation of amyloid fibril formation,19_GO:0008152 metabolic process,-3.4988054742815127,7.815531475748194,5.558398936234478,30293,17,1140,5,0.43859649122807015,0.19571569570288536,348|1191|3949|5202|7411,APOE|CLU|LDLR|PFDN2|VBP1,-1.884807777133601,0,80,0,0,-4.126152494267824,11.388345864661655,
1,-2.7798086884315523,GO:0034384,M1,1,0,GO Biological Processes,19,high-density lipoprotein particle clearance,19_GO:0032501 multicellular organismal process,-2.7798086884315523,11.388345864661655,5.435621838541554,30293,7,1140,3,0.2631578947368421,0.15173423614217976,348|3949|55937,APOE|LDLR|APOM,-1.3635057190449613,0,80,0,0,-4.126152494267824,11.388345864661655,
1,-2.7569980994353886,GO:0034381,M1,1,0,GO Biological Processes,19,plasma lipoprotein particle clearance,19_GO:0032501 multicellular organismal process,-2.7569980994353886,5.536001461988303,4.39596821364552,30293,24,1140,5,0.43859649122807015,0.19571569570288536,348|3162|3949|7436|55937,APOE|HMOX1|LDLR|VLDLR|APOM,-1.3488966429692046,0,80,0,0,-4.126152494267824,11.388345864661655,
1,-2.2242421013096756,GO:1900221,M1,1,0,GO Biological Processes,19,regulation of amyloid-beta clearance,19_GO:0032501 multicellular organismal process,-2.2242421013096756,5.314561403508771,3.8167937723001577,30293,20,1140,4,0.3508771929824561,0.17513053901652795,348|1191|1595|7274,APOE|CLU|CYP51A1|TTPA,-0.9700073373976296,0,80,0,0,-4.126152494267824,11.388345864661655,
1,-4.126152494267824,GO:0006596,M1,1,0,GO Biological Processes,19,polyamine biosynthetic process,19_GO:0008152 metabolic process,-4.126152494267824,10.220310391363022,6.575277033555886,30293,13,1140,5,0.43859649122807015,0.19571569570288536,4947|6723|51582|51686|54498,OAZ2|SRM|AZIN1|OAZ3|SMOX,-2.35350742834544,0,81,1,1,-4.126152494267824,15.943684210526317,
1,-3.5445594463102488,GO:0009308,M1,1,0,GO Biological Processes,19,amine metabolic process,19_GO:0008152 metabolic process,-3.5445594463102488,3.287357569180684,4.461901645642413,30293,97,1140,12,1.0526315789473684,0.3022650235027283,501|2639|3067|3176|4129|4947|6723|51573|51582|51686|54498|55349,ALDH7A1|GCDH|HDC|HNMT|MAOB|OAZ2|SRM|GDE1|AZIN1|OAZ3|SMOX|CHDH,-1.9197488798801194,0,81,0,0,-4.126152494267824,15.943684210526317,
1,-3.3710991088201383,GO:0006595,M1,1,0,GO Biological Processes,19,polyamine metabolic process,19_GO:0008152 metabolic process,-3.3710991088201383,7.381335282651071,5.355259417697287,30293,18,1140,5,0.43859649122807015,0.19571569570288536,4947|6723|51582|51686|54498,OAZ2|SRM|AZIN1|OAZ3|SMOX,-1.7978463793622859,0,81,0,0,-4.126152494267824,15.943684210526317,
1,-3.2991931141415507,GO:1902267,M1,1,0,GO Biological Processes,19,regulation of polyamine transmembrane transport,19_GO:0051179 localization,-3.2991931141415507,15.943684210526317,6.6081844821288085,30293,5,1140,3,0.2631578947368421,0.15173423614217976,4947|51582|51686,OAZ2|AZIN1|OAZ3,-1.7490801881919609,0,81,0,0,-4.126152494267824,15.943684210526317,
1,-2.7615356704386764,GO:0006576,M1,1,0,GO Biological Processes,19,biogenic amine metabolic process,19_GO:0008152 metabolic process,-2.7615356704386764,3.019637161084529,3.7518895294481798,30293,88,1140,10,0.8771929824561403,0.2761734623942493,2639|3067|3176|4129|4947|6723|51573|51582|51686|54498,GCDH|HDC|HNMT|MAOB|OAZ2|SRM|GDE1|AZIN1|OAZ3|SMOX,-1.3502879781428776,0,81,0,0,-4.126152494267824,15.943684210526317,
1,-2.7484905675795126,GO:0042401,M1,1,0,GO Biological Processes,19,biogenic amine biosynthetic process,19_GO:0008152 metabolic process,-2.7484905675795126,4.555338345864662,4.161689006528793,30293,35,1140,6,0.5263157894736842,0.21430133448577773,3067|4947|6723|51582|51686|54498,HDC|OAZ2|SRM|AZIN1|OAZ3|SMOX,-1.3440664784014529,0,81,0,0,-4.126152494267824,15.943684210526317,
1,-2.683172709472584,GO:0009309,M1,1,0,GO Biological Processes,19,amine biosynthetic process,19_GO:0008152 metabolic process,-2.683172709472584,4.428801169590644,4.070571551108002,30293,36,1140,6,0.5263157894736842,0.21430133448577773,3067|4947|6723|51582|51686|54498,HDC|OAZ2|SRM|AZIN1|OAZ3|SMOX,-1.2895975062029965,0,81,0,0,-4.126152494267824,15.943684210526317,
1,-3.958647186306815,GO:0003013,M1,1,0,GO Biological Processes,19,circulatory system process,19_GO:0032501 multicellular organismal process,-3.958647186306815,1.9392383819509325,4.217435916113178,30293,507,1140,37,3.245614035087719,0.524845334815129,70|136|147|154|348|493|613|952|1910|2171|2697|2768|3363|3741|3784|5021|5028|5125|6335|6444|6518|6567|7525|7852|7873|8862|9414|10242|10413|10979|23576|25937|27345|55636|59342|143282|143872,ACTC1|ADORA2B|ADRA1B|ADRB2|APOE|ATP2B4|BCR|CD38|EDNRB|FABP5|GJA1|GNA12|HTR7|KCNA5|KCNQ1|OXTR|P2RY1|PCSK5|SCN9A|SGCD|SLC2A5|SLC16A2|YES1|CXCR4|MANF|APLN|TJP2|KCNMB2|YAP1|FERMT2|DDAH1|WWTR1|KCNMB4|CHD7|SCPEP1|FGFBP3|ARHGAP42,-2.220501097594755,0,82,1,1,-3.958647186306815,3.7078335373317017,
1,-3.8984276660705444,GO:0008015,M1,1,0,GO Biological Processes,19,blood circulation,19_GO:0032501 multicellular organismal process,-3.8984276660705444,2.0391602507467708,4.225363744763374,30293,417,1140,32,2.807017543859649,0.4892012886170548,70|136|147|154|348|613|952|1910|2697|2768|3363|3741|3784|5021|5028|5125|6335|6444|6518|7525|7852|7873|8862|9414|10242|10979|23576|27345|55636|59342|143282|143872,ACTC1|ADORA2B|ADRA1B|ADRB2|APOE|BCR|CD38|EDNRB|GJA1|GNA12|HTR7|KCNA5|KCNQ1|OXTR|P2RY1|PCSK5|SCN9A|SGCD|SLC2A5|YES1|CXCR4|MANF|APLN|TJP2|KCNMB2|FERMT2|DDAH1|KCNMB4|CHD7|SCPEP1|FGFBP3|ARHGAP42,-2.1773149166572647,0,82,0,0,-3.958647186306815,3.7078335373317017,
1,-3.8919757479000685,GO:0003018,M1,1,0,GO Biological Processes,19,vascular process in circulatory system,19_GO:0032501 multicellular organismal process,-3.8919757479000685,2.319081339712919,4.345320559410104,30293,275,1140,24,2.1052631578947367,0.42518745383600876,136|147|154|348|493|613|952|1910|2171|3363|3741|5021|5028|6567|7525|7873|9414|10242|10979|23576|27345|59342|143282|143872,ADORA2B|ADRA1B|ADRB2|APOE|ATP2B4|BCR|CD38|EDNRB|FABP5|HTR7|KCNA5|OXTR|P2RY1|SLC16A2|YES1|MANF|TJP2|KCNMB2|FERMT2|DDAH1|KCNMB4|SCPEP1|FGFBP3|ARHGAP42,-2.1729116576048,0,82,0,0,-3.958647186306815,3.7078335373317017,
1,-3.1931274282333852,GO:0035296,M1,1,0,GO Biological Processes,19,regulation of tube diameter,19_GO:0065007 biological regulation,-3.1931274282333852,2.62231648199446,3.965092464456847,30293,152,1140,15,1.3157894736842106,0.3374928789753796,136|147|154|348|952|1910|3363|3741|5021|5028|7873|10242|27345|59342|143872,ADORA2B|ADRA1B|ADRB2|APOE|CD38|EDNRB|HTR7|KCNA5|OXTR|P2RY1|MANF|KCNMB2|KCNMB4|SCPEP1|ARHGAP42,-1.6743331942079789,0,82,0,0,-3.958647186306815,3.7078335373317017,
1,-3.1931274282333852,GO:0097746,M1,1,0,GO Biological Processes,19,blood vessel diameter maintenance,19_GO:0032501 multicellular organismal process,-3.1931274282333852,2.62231648199446,3.965092464456847,30293,152,1140,15,1.3157894736842106,0.3374928789753796,136|147|154|348|952|1910|3363|3741|5021|5028|7873|10242|27345|59342|143872,ADORA2B|ADRA1B|ADRB2|APOE|CD38|EDNRB|HTR7|KCNA5|OXTR|P2RY1|MANF|KCNMB2|KCNMB4|SCPEP1|ARHGAP42,-1.6743331942079789,0,82,0,0,-3.958647186306815,3.7078335373317017,
1,-3.163373143124308,GO:0035150,M1,1,0,GO Biological Processes,19,regulation of tube size,19_GO:0065007 biological regulation,-3.163373143124308,2.6051771585827317,3.936151773824465,30293,153,1140,15,1.3157894736842106,0.3374928789753796,136|147|154|348|952|1910|3363|3741|5021|5028|7873|10242|27345|59342|143872,ADORA2B|ADRA1B|ADRB2|APOE|CD38|EDNRB|HTR7|KCNA5|OXTR|P2RY1|MANF|KCNMB2|KCNMB4|SCPEP1|ARHGAP42,-1.6524123411368663,0,82,0,0,-3.958647186306815,3.7078335373317017,
1,-3.085697613850929,GO:0003012,M1,1,0,GO Biological Processes,19,muscle system process,19_GO:0032501 multicellular organismal process,-3.085697613850929,2.0788250387874445,3.675750857460111,30293,294,1140,23,2.017543859649123,0.41642157992527234,136|154|493|952|1910|2628|2697|3162|3363|3741|3768|3784|4637|4772|5021|5028|6335|6444|7852|8082|8912|23336|55959,ADORA2B|ADRB2|ATP2B4|CD38|EDNRB|GATM|GJA1|HMOX1|HTR7|KCNA5|KCNJ12|KCNQ1|MYL6|NFATC1|OXTR|P2RY1|SCN9A|SGCD|CXCR4|SSPN|CACNA1H|SYNM|SULF2,-1.5948551005708997,0,82,0,0,-3.958647186306815,3.7078335373317017,
1,-2.4245376957516926,GO:0006936,M1,1,0,GO Biological Processes,19,muscle contraction,19_GO:0032501 multicellular organismal process,-2.4245376957516926,2.026739518287244,3.1312535616805777,30293,236,1140,18,1.5789473684210527,0.3692116566580194,154|493|952|1910|2697|3363|3741|3768|3784|4637|5021|6335|6444|7852|8082|8912|23336|55959,ADRB2|ATP2B4|CD38|EDNRB|GJA1|HTR7|KCNA5|KCNJ12|KCNQ1|MYL6|OXTR|SCN9A|SGCD|CXCR4|SSPN|CACNA1H|SYNM|SULF2,-1.111808523304576,0,82,0,0,-3.958647186306815,3.7078335373317017,
1,-2.2843561558649914,GO:0003044,M1,1,0,GO Biological Processes,19,regulation of systemic arterial blood pressure mediated by a chemical signal,19_GO:0032501 multicellular organismal process,-2.2843561558649914,3.7078335373317017,3.513729092997357,30293,43,1140,6,0.5263157894736842,0.21430133448577773,147|154|1910|5021|5125|6518,ADRA1B|ADRB2|EDNRB|OXTR|PCSK5|SLC2A5,-1.0071484785190825,0,82,0,0,-3.958647186306815,3.7078335373317017,
1,-2.019091556656224,GO:0003073,M1,1,0,GO Biological Processes,19,regulation of systemic arterial blood pressure,19_GO:0032501 multicellular organismal process,-2.019091556656224,2.5174238227146817,2.9292361397516573,30293,95,1140,9,0.7894736842105263,0.2621170552142749,147|154|1910|5021|5125|6518|7873|23576|143872,ADRA1B|ADRB2|EDNRB|OXTR|PCSK5|SLC2A5|MANF|DDAH1|ARHGAP42,-0.8207056747522281,0,82,0,0,-3.958647186306815,3.7078335373317017,
1,-3.846294781680048,GO:1903034,M1,1,0,GO Biological Processes,19,regulation of response to wounding,19_GO:0050896 response to stimulus,-3.846294781680048,2.6871377882909524,4.464202574984432,30293,178,1140,18,1.5789473684210527,0.3692116566580194,71|240|348|2247|5154|5156|5580|5764|5792|6239|7852|10979|22875|23189|54361|55612|58189|90865,ACTG1|ALOX5|APOE|FGF2|PDGFA|PDGFRA|PRKCD|PTN|PTPRF|RREB1|CXCR4|FERMT2|ENPP4|KANK1|WNT4|FERMT1|WFDC1|IL33,-2.135683619491835,0,83,1,1,-3.846294781680048,5.905068226120857,
1,-3.6789327410900996,GO:0061041,M1,1,0,GO Biological Processes,19,regulation of wound healing,19_GO:0050896 response to stimulus,-3.6789327410900996,2.909431425278525,4.429475007120661,30293,137,1140,15,1.3157894736842106,0.3374928789753796,71|240|348|2247|5154|5156|5580|6239|7852|10979|22875|23189|54361|55612|58189,ACTG1|ALOX5|APOE|FGF2|PDGFA|PDGFRA|PRKCD|RREB1|CXCR4|FERMT2|ENPP4|KANK1|WNT4|FERMT1|WFDC1,-2.017620350850079,0,83,0,0,-3.846294781680048,5.905068226120857,
1,-2.4947027510246773,GO:0010543,M1,1,0,GO Biological Processes,19,regulation of platelet activation,19_GO:0032501 multicellular organismal process,-2.4947027510246773,3.577108636977058,3.677994687476438,30293,52,1140,7,0.6140350877192983,0.23136981425843328,348|4067|5154|5156|5580|5588|7099,APOE|LYN|PDGFA|PDGFRA|PRKCD|PRKCQ|TLR4,-1.162251407166498,0,83,0,0,-3.846294781680048,5.905068226120857,
1,-2.3978684709320666,GO:0010544,M1,1,0,GO Biological Processes,19,negative regulation of platelet activation,19_GO:0048519 negative regulation of biological process,-2.3978684709320666,5.905068226120857,4.116366191225837,30293,18,1140,4,0.3508771929824561,0.17513053901652795,348|5154|5156|5580,APOE|PDGFA|PDGFRA|PRKCD,-1.0931285158624129,0,83,0,0,-3.846294781680048,5.905068226120857,
1,-2.253231105092847,GO:0061045,M1,1,0,GO Biological Processes,19,negative regulation of wound healing,19_GO:0048519 negative regulation of biological process,-2.253231105092847,2.9525341130604286,3.2800860446751714,30293,72,1140,8,0.7017543859649122,0.24723555672122605,240|348|2247|5154|5156|5580|54361|58189,ALOX5|APOE|FGF2|PDGFA|PDGFRA|PRKCD|WNT4|WFDC1,-0.989566174934241,0,83,0,0,-3.846294781680048,5.905068226120857,
1,-2.019091556656224,GO:1903035,M1,1,0,GO Biological Processes,19,negative regulation of response to wounding,19_GO:0048519 negative regulation of biological process,-2.019091556656224,2.5174238227146817,2.9292361397516573,30293,95,1140,9,0.7894736842105263,0.2621170552142749,240|348|2247|5154|5156|5580|54361|58189|90865,ALOX5|APOE|FGF2|PDGFA|PDGFRA|PRKCD|WNT4|WFDC1|IL33,-0.8207056747522281,0,83,0,0,-3.846294781680048,5.905068226120857,
1,-3.8291588106996404,GO:0021983,M1,1,0,GO Biological Processes,19,pituitary gland development,19_GO:0032502 developmental process,-3.8291588106996404,5.061487050960734,5.2085234496267905,30293,42,1140,8,0.7017543859649122,0.24723555672122605,190|2247|5080|6299|6657|6658|7474|54361,NR0B1|FGF2|PAX6|SALL1|SOX2|SOX3|WNT5A|WNT4,-2.121502044135481,0,84,1,1,-3.8291588106996404,5.061487050960734,
1,-3.7019476782968845,GO:0021536,M1,1,0,GO Biological Processes,19,diencephalon development,19_GO:0032502 developmental process,-3.7019476782968845,3.653760964912281,4.699856990288776,30293,80,1140,11,0.9649122807017544,0.2895249775013002,190|2247|5080|5361|6299|6657|6658|7314|7474|8829|54361,NR0B1|FGF2|PAX6|PLXNA1|SALL1|SOX2|SOX3|UBB|WNT5A|NRP1|WNT4,-2.021398543827777,0,84,0,0,-3.8291588106996404,5.061487050960734,
1,-3.1157825826126144,GO:0002065,M1,1,0,GO Biological Processes,19,columnar/cuboidal epithelial cell differentiation,19_GO:0032502 developmental process,-3.1157825826126144,2.952534113060429,4.019663435434621,30293,108,1140,12,1.0526315789473684,0.3022650235027283,655|2247|2697|3175|4087|5080|6662|6664|7474|10413|51092|54361,BMP7|FGF2|GJA1|ONECUT1|SMAD2|PAX6|SOX9|SOX11|WNT5A|YAP1|SIDT2|WNT4,-1.617731696682411,0,84,0,0,-3.8291588106996404,5.061487050960734,
1,-2.926950365395824,GO:0035270,M1,1,0,GO Biological Processes,19,endocrine system development,19_GO:0032502 developmental process,-2.926950365395824,2.6778797769617846,3.776469679336479,30293,129,1140,13,1.1403508771929824,0.31446792656606076,190|2247|3175|4087|5080|5156|6299|6657|6658|6662|7474|51092|54361,NR0B1|FGF2|ONECUT1|SMAD2|PAX6|PDGFRA|SALL1|SOX2|SOX3|SOX9|WNT5A|SIDT2|WNT4,-1.474850218018597,0,84,0,0,-3.8291588106996404,5.061487050960734,
1,-2.5712687769635068,GO:0002067,M1,1,0,GO Biological Processes,19,glandular epithelial cell differentiation,19_GO:0032502 developmental process,-2.5712687769635068,3.321600877192982,3.6765495994618913,30293,64,1140,8,0.7017543859649122,0.24723555672122605,2247|3175|5080|6662|7474|10413|51092|54361,FGF2|ONECUT1|PAX6|SOX9|WNT5A|YAP1|SIDT2|WNT4,-1.2146479838608841,0,84,0,0,-3.8291588106996404,5.061487050960734,
1,-2.071192664042631,GO:0003309,M1,1,0,GO Biological Processes,19,type B pancreatic cell differentiation,19_GO:0032502 developmental process,-2.071192664042631,4.8314194577352465,3.5549412697737344,30293,22,1140,4,0.3508771929824561,0.17513053901652795,3175|5080|7474|51092,ONECUT1|PAX6|WNT5A|SIDT2,-0.8565565627015509,0,84,0,0,-3.8291588106996404,5.061487050960734,
1,-2.022029588843763,GO:0048048,M1,1,0,GO Biological Processes,19,embryonic eye morphogenesis,19_GO:0032502 developmental process,-2.022029588843763,3.796115288220551,3.2729830817675754,30293,35,1140,5,0.43859649122807015,0.19571569570288536,655|2202|5080|6664|7474,BMP7|EFEMP1|PAX6|SOX11|WNT5A,-0.8227313232388545,0,84,0,0,-3.8291588106996404,5.061487050960734,
1,-3.795075395305136,GO:1905477,M1,1,0,GO Biological Processes,19,positive regulation of protein localization to membrane,19_GO:0051179 localization,-3.795075395305136,3.289966583124478,4.648163511883773,30293,105,1140,13,1.1403508771929824,0.31446792656606076,288|493|975|2040|3689|6810|7130|7430|10160|10519|11079|23184|54550,ANK3|ATP2B4|CD81|STOM|ITGB2|STX4|TNFAIP6|EZR|FARP1|CIB1|RER1|MESD|NECAB2,-2.091812876839069,0,85,1,1,-3.795075395305136,10.629122807017541,
1,-3.78501900443127,GO:1905475,M1,1,0,GO Biological Processes,19,regulation of protein localization to membrane,19_GO:0051179 localization,-3.78501900443127,2.6572807017543862,4.409913664854755,30293,180,1140,18,1.5789473684210527,0.3692116566580194,288|493|975|2040|3689|6810|7130|7430|8673|10082|10160|10519|11079|23184|23657|54550|55022|116372,ANK3|ATP2B4|CD81|STOM|ITGB2|STX4|TNFAIP6|EZR|VAMP8|GPC6|FARP1|CIB1|RER1|MESD|SLC7A11|NECAB2|PID1|LYPD1,-2.0875471648460984,0,85,0,0,-3.795075395305136,10.629122807017541,
1,-3.6364369152639684,GO:1903909,M1,1,0,GO Biological Processes,19,regulation of receptor clustering,19_GO:0051179 localization,-3.6364369152639684,8.304002192982455,5.778820959191344,30293,16,1140,5,0.43859649122807015,0.19571569570288536,975|7130|10160|23184|23657,CD81|TNFAIP6|FARP1|MESD|SLC7A11,-1.988241405823089,0,85,0,0,-3.795075395305136,10.629122807017541,
1,-3.4568571289567633,GO:1903911,M1,1,0,GO Biological Processes,19,positive regulation of receptor clustering,19_GO:0051179 localization,-3.4568571289567633,10.629122807017541,6.022295350859218,30293,10,1140,4,0.3508771929824561,0.17513053901652795,975|7130|10160|23184,CD81|TNFAIP6|FARP1|MESD,-1.8545661913421019,0,85,0,0,-3.795075395305136,10.629122807017541,
1,-3.7532484811743427,GO:0032526,M1,1,0,GO Biological Processes,19,response to retinoic acid,19_GO:0050896 response to stimulus,-3.7532484811743427,3.2589291625289643,4.6070225800944105,30293,106,1140,13,1.1403508771929824,0.31446792656606076,358|952|1032|1512|4067|5727|5950|6662|6720|7474|7477|7525|10413,AQP1|CD38|CDKN2D|CTSH|LYN|PTCH1|RBP4|SOX9|SREBF1|WNT5A|WNT7B|YES1|YAP1,-2.0614911251136,0,86,1,1,-3.7532484811743427,3.321600877192983,
1,-3.522004540267698,GO:0030323,M1,1,0,GO Biological Processes,19,respiratory tube development,19_GO:0032502 developmental process,-3.522004540267698,2.530743525480368,4.174418669271718,30293,189,1140,18,1.5789473684210527,0.3692116566580194,1050|1512|2247|4087|5125|5154|5156|5950|6441|6662|6664|6720|7474|7477|10413|23657|147372|284217,CEBPA|CTSH|FGF2|SMAD2|PCSK5|PDGFA|PDGFRA|RBP4|SFTPD|SOX9|SOX11|SREBF1|WNT5A|WNT7B|YAP1|SLC7A11|CCBE1|LAMA1,-1.9008282584926628,0,86,0,0,-3.7532484811743427,3.321600877192983,
1,-3.4752856377765506,GO:0055123,M1,1,0,GO Biological Processes,19,digestive system development,19_GO:0032502 developmental process,-3.4752856377765506,2.7873573794626427,4.236532395279778,30293,143,1140,15,1.3157894736842106,0.3374928789753796,445|1910|3784|4087|5021|5125|5156|6299|6422|6662|6664|7474|10413|55366|79971,ASS1|EDNRB|KCNQ1|SMAD2|OXTR|PCSK5|PDGFRA|SALL1|SFRP1|SOX9|SOX11|WNT5A|YAP1|LGR4|WLS,-1.8636546739077458,0,86,0,0,-3.7532484811743427,3.321600877192983,
1,-3.364957797615233,GO:0048565,M1,1,0,GO Biological Processes,19,digestive tract development,19_GO:0032502 developmental process,-3.364957797615233,2.839841971340565,4.173120021028273,30293,131,1140,14,1.2280701754385965,0.32619397574769193,445|1910|3784|4087|5021|5125|5156|6299|6422|6662|6664|7474|10413|55366,ASS1|EDNRB|KCNQ1|SMAD2|OXTR|PCSK5|PDGFRA|SALL1|SFRP1|SOX9|SOX11|WNT5A|YAP1|LGR4,-1.7949340382875791,0,86,0,0,-3.7532484811743427,3.321600877192983,
1,-3.3500005677602798,GO:0060541,M1,1,0,GO Biological Processes,19,respiratory system development,19_GO:0032502 developmental process,-3.3500005677602798,2.3815251572327045,3.991676771605242,30293,212,1140,19,1.6666666666666667,0.3791598386378328,445|1050|1512|2247|4087|5154|5156|5950|6441|6662|6664|6720|7474|7477|10413|23657|55636|147372|284217,ASS1|CEBPA|CTSH|FGF2|SMAD2|PDGFA|PDGFRA|RBP4|SFTPD|SOX9|SOX11|SREBF1|WNT5A|WNT7B|YAP1|SLC7A11|CHD7|CCBE1|LAMA1,-1.7853056419376927,0,86,0,0,-3.7532484811743427,3.321600877192983,
1,-3.1816939263573545,GO:0030324,M1,1,0,GO Biological Processes,19,lung development,19_GO:0032502 developmental process,-3.1816939263573545,2.4418255097202466,3.889845831557521,30293,185,1140,17,1.4912280701754386,0.3589690963831384,1050|1512|2247|4087|5154|5156|5950|6441|6662|6664|6720|7474|7477|10413|23657|147372|284217,CEBPA|CTSH|FGF2|SMAD2|PDGFA|PDGFRA|RBP4|SFTPD|SOX9|SOX11|SREBF1|WNT5A|WNT7B|YAP1|SLC7A11|CCBE1|LAMA1,-1.6660278293522932,0,86,0,0,-3.7532484811743427,3.321600877192983,
1,-2.0492613554456054,GO:0060425,M1,1,0,GO Biological Processes,19,lung morphogenesis,19_GO:0032502 developmental process,-2.0492613554456054,3.321600877192983,3.1831430550794373,30293,48,1140,6,0.5263157894736842,0.21430133448577773,1512|6662|6664|7477|10413|284217,CTSH|SOX9|SOX11|WNT7B|YAP1|LAMA1,-0.8388623070477801,0,86,0,0,-3.7532484811743427,3.321600877192983,
1,-2.041563633363454,GO:0048706,M1,1,0,GO Biological Processes,19,embryonic skeletal system development,19_GO:0032502 developmental process,-2.041563633363454,2.2836006030701754,2.8777827558406703,30293,128,1140,11,0.9649122807017544,0.2895249775013002,655|4087|5125|5156|5396|5950|6664|7474|55959|64131|202018,BMP7|SMAD2|PCSK5|PDGFRA|PRRX1|RBP4|SOX11|WNT5A|SULF2|XYLT1|TAPT1,-0.8376744742483886,0,86,0,0,-3.7532484811743427,3.321600877192983,
1,-3.747129215253377,GO:0008283,M1,1,0,GO Biological Processes,19,cell population proliferation,19_GO:0009987 cellular process,-3.747129215253377,1.756248739665255,3.99135366051417,30293,696,1140,46,4.035087719298246,0.5828144351451007,655|677|952|1050|1163|1191|1948|2173|2247|2261|2670|2697|2752|2771|2950|3162|3400|5052|5080|5396|5580|5588|5727|5788|6660|6662|6664|7045|7099|7101|7345|7474|7477|8451|9289|10413|10973|23189|26471|51092|54361|55366|55612|90865|146433|163175,BMP7|ZFP36L1|CD38|CEBPA|CKS1B|CLU|EFNB2|FABP7|FGF2|FGFR3|GFAP|GJA1|GLUL|GNAI2|GSTP1|HMOX1|ID4|PRDX1|PAX6|PRRX1|PRKCD|PRKCQ|PTCH1|PTPRC|SOX5|SOX9|SOX11|TGFBI|TLR4|NR2E1|UCHL1|WNT5A|WNT7B|CUL4A|ADGRG1|YAP1|ASCC3|KANK1|NUPR1|SIDT2|WNT4|LGR4|FERMT1|IL33|IL34|LGI4,-2.056788808188241,0,87,1,1,-3.747129215253377,1.756248739665255,
1,-3.7352203157320405,GO:0009612,M1,1,0,GO Biological Processes,19,response to mechanical stimulus,19_GO:0050896 response to stimulus,-3.7352203157320405,2.4834399081816687,4.306455081646397,30293,214,1140,20,1.7543859649122806,0.38883623754641444,358|834|1185|2247|3741|3784|5028|5727|5764|6335|6662|7098|7099|7852|8792|9780|10628|83862|90865|441027,AQP1|CASP1|CLCN6|FGF2|KCNA5|KCNQ1|P2RY1|PTCH1|PTN|SCN9A|SOX9|TLR3|TLR4|CXCR4|TNFRSF11A|PIEZO1|TXNIP|TMEM120A|IL33|TMEM150C,-2.047700012614553,0,88,1,1,-3.7352203157320405,3.276099495313627,
1,-2.785257344776772,GO:0071260,M1,1,0,GO Biological Processes,19,cellular response to mechanical stimulus,19_GO:0050896 response to stimulus,-2.785257344776772,3.276099495313627,3.8501727504947065,30293,73,1140,9,0.7894736842105263,0.2621170552142749,358|834|2247|6662|7098|7099|9780|90865|441027,AQP1|CASP1|FGF2|SOX9|TLR3|TLR4|PIEZO1|IL33|TMEM150C,-1.365174591027474,0,88,0,0,-3.7352203157320405,3.276099495313627,
1,-2.639817388459419,GO:0071214,M1,1,0,GO Biological Processes,19,cellular response to abiotic stimulus,19_GO:0050896 response to stimulus,-2.639817388459419,1.9219325830299017,3.2681945517296924,30293,318,1140,23,2.017543859649123,0.41642157992527234,358|677|834|1642|2247|2697|5580|6422|6494|6609|6662|7098|7099|8111|8451|9780|10413|10715|84329|90865|375757|400410|441027,AQP1|ZFP36L1|CASP1|DDB1|FGF2|GJA1|PRKCD|SFRP1|SIPA1|SMPD1|SOX9|TLR3|TLR4|GPR68|CUL4A|PIEZO1|YAP1|CERS1|HVCN1|IL33|SWI5|ST20|TMEM150C,-1.2533270810059125,0,88,0,0,-3.7352203157320405,3.276099495313627,
1,-2.639817388459419,GO:0104004,M1,1,0,GO Biological Processes,19,cellular response to environmental stimulus,19_GO:0050896 response to stimulus,-2.639817388459419,1.9219325830299017,3.2681945517296924,30293,318,1140,23,2.017543859649123,0.41642157992527234,358|677|834|1642|2247|2697|5580|6422|6494|6609|6662|7098|7099|8111|8451|9780|10413|10715|84329|90865|375757|400410|441027,AQP1|ZFP36L1|CASP1|DDB1|FGF2|GJA1|PRKCD|SFRP1|SIPA1|SMPD1|SOX9|TLR3|TLR4|GPR68|CUL4A|PIEZO1|YAP1|CERS1|HVCN1|IL33|SWI5|ST20|TMEM150C,-1.2533270810059125,0,88,0,0,-3.7352203157320405,3.276099495313627,
1,-3.68636474232156,GO:0045444,M1,1,0,GO Biological Processes,19,fat cell differentiation,19_GO:0032502 developmental process,-3.68636474232156,3.0493385102099513,4.485114530536053,30293,122,1140,14,1.2280701754385965,0.32619397574769193,154|1050|2662|3400|4329|5156|6720|54463|59343|63976|80339|83862|114899|221395,ADRB2|CEBPA|GDF10|ID4|ALDH6A1|PDGFRA|SREBF1|RETREG1|SENP2|PRDM16|PNPLA3|TMEM120A|C1QTNF3|ADGRF5,-2.0178212800087056,0,89,1,1,-3.68636474232156,6.2524251805985545,
1,-2.494012171742162,GO:0050872,M1,1,0,GO Biological Processes,19,white fat cell differentiation,19_GO:0032502 developmental process,-2.494012171742162,6.2524251805985545,4.283609376667902,30293,17,1140,4,0.3508771929824561,0.17513053901652795,1050|5156|54463|80339,CEBPA|PDGFRA|RETREG1|PNPLA3,-1.162251407166498,0,89,0,0,-3.68636474232156,6.2524251805985545,
1,-3.68636474232156,GO:0009306,M1,1,0,GO Biological Processes,19,protein secretion,19_GO:0051179 localization,-3.68636474232156,3.0493385102099513,4.485114530536053,30293,122,1140,14,1.2280701754385965,0.32619397574769193,869|1174|1910|4087|5125|5872|6623|6720|6814|8111|51083|79971|94121|115827,CBLN1|AP1S1|EDNRB|SMAD2|PCSK5|RAB13|SNCG|SREBF1|STXBP3|GPR68|GAL|WLS|SYTL4|RAB3C,-2.0178212800087056,0,90,1,1,-3.68636474232156,3.368383988139363,
1,-3.6489373368196953,GO:0035592,M1,1,0,GO Biological Processes,19,establishment of protein localization to extracellular region,19_GO:0051179 localization,-3.6489373368196953,3.0245471402082442,4.449052878738401,30293,123,1140,14,1.2280701754385965,0.32619397574769193,869|1174|1910|4087|5125|5872|6623|6720|6814|8111|51083|79971|94121|115827,CBLN1|AP1S1|EDNRB|SMAD2|PCSK5|RAB13|SNCG|SREBF1|STXBP3|GPR68|GAL|WLS|SYTL4|RAB3C,-1.996503361314218,0,90,0,0,-3.68636474232156,3.368383988139363,
1,-3.364957797615233,GO:0071692,M1,1,0,GO Biological Processes,19,protein localization to extracellular region,19_GO:0051179 localization,-3.364957797615233,2.839841971340565,4.173120021028273,30293,131,1140,14,1.2280701754385965,0.32619397574769193,869|1174|1910|4087|5125|5872|6623|6720|6814|8111|51083|79971|94121|115827,CBLN1|AP1S1|EDNRB|SMAD2|PCSK5|RAB13|SNCG|SREBF1|STXBP3|GPR68|GAL|WLS|SYTL4|RAB3C,-1.7949340382875791,0,90,0,0,-3.68636474232156,3.368383988139363,
1,-3.1693736023269303,GO:0046879,M1,1,0,GO Biological Processes,19,hormone secretion,19_GO:0051179 localization,-3.1693736023269303,3.177183447749809,4.135738295526809,30293,92,1140,11,0.9649122807017544,0.2895249775013002,358|1363|3784|4067|4087|6567|6720|6814|8111|51083|94121,AQP1|CPE|KCNQ1|LYN|SMAD2|SLC16A2|SREBF1|STXBP3|GPR68|GAL|SYTL4,-1.6566695219803407,0,90,0,0,-3.68636474232156,3.368383988139363,
1,-3.1289807185360394,GO:0023061,M1,1,0,GO Biological Processes,19,signal release,19_GO:0051179 localization,-3.1289807185360394,2.4157097288676237,3.8401064606023243,30293,187,1140,17,1.4912280701754386,0.3589690963831384,358|1363|1910|2054|3784|4067|4087|5125|6567|6720|6814|8111|8447|9501|51083|79971|94121,AQP1|CPE|EDNRB|STX2|KCNQ1|LYN|SMAD2|PCSK5|SLC16A2|SREBF1|STXBP3|GPR68|DOC2B|RPH3AL|GAL|WLS|SYTL4,-1.627280277667802,0,90,0,0,-3.68636474232156,3.368383988139363,
1,-2.8714241908930163,GO:0030072,M1,1,0,GO Biological Processes,19,peptide hormone secretion,19_GO:0051179 localization,-2.8714241908930163,3.368383988139363,3.950885680366861,30293,71,1140,9,0.7894736842105263,0.2621170552142749,358|1363|4087|6567|6720|6814|8111|51083|94121,AQP1|CPE|SMAD2|SLC16A2|SREBF1|STXBP3|GPR68|GAL|SYTL4,-1.432725966835063,0,90,0,0,-3.68636474232156,3.368383988139363,
1,-2.7620385658789908,GO:0009914,M1,1,0,GO Biological Processes,19,hormone transport,19_GO:0051179 localization,-2.7620385658789908,2.8378725941066256,3.694683414176294,30293,103,1140,11,0.9649122807017544,0.2895249775013002,358|1363|3784|4067|4087|6567|6720|6814|8111|51083|94121,AQP1|CPE|KCNQ1|LYN|SMAD2|SLC16A2|SREBF1|STXBP3|GPR68|GAL|SYTL4,-1.3502879781428776,0,90,0,0,-3.68636474232156,3.368383988139363,
1,-2.7615356704386764,GO:0015833,M1,1,0,GO Biological Processes,19,peptide transport,19_GO:0051179 localization,-2.7615356704386764,3.019637161084529,3.7518895294481798,30293,88,1140,10,0.8771929824561403,0.2761734623942493,358|1363|4087|6567|6720|6814|8111|23657|51083|94121,AQP1|CPE|SMAD2|SLC16A2|SREBF1|STXBP3|GPR68|SLC7A11|GAL|SYTL4,-1.3502879781428776,0,90,0,0,-3.68636474232156,3.368383988139363,
1,-2.7434125155290254,GO:0002790,M1,1,0,GO Biological Processes,19,peptide secretion,19_GO:0051179 localization,-2.7434125155290254,3.2318278805120912,3.8011174373688528,30293,74,1140,9,0.7894736842105263,0.2621170552142749,358|1363|4087|6567|6720|6814|8111|51083|94121,AQP1|CPE|SMAD2|SLC16A2|SREBF1|STXBP3|GPR68|GAL|SYTL4,-1.3397201779678967,0,90,0,0,-3.68636474232156,3.368383988139363,
1,-2.0492613554456054,GO:0030073,M1,1,0,GO Biological Processes,19,insulin secretion,19_GO:0051179 localization,-2.0492613554456054,3.321600877192983,3.1831430550794373,30293,48,1140,6,0.5263157894736842,0.21430133448577773,4087|6720|6814|8111|51083|94121,SMAD2|SREBF1|STXBP3|GPR68|GAL|SYTL4,-0.8388623070477801,0,90,0,0,-3.68636474232156,3.368383988139363,
1,-3.68636474232156,GO:0030278,M1,1,0,GO Biological Processes,19,regulation of ossification,19_GO:0032501 multicellular organismal process,-3.68636474232156,3.0493385102099513,4.485114530536053,30293,122,1140,14,1.2280701754385965,0.32619397574769193,154|240|655|1901|2662|2697|2824|5764|6422|6662|6664|7474|27152|54361,ADRB2|ALOX5|BMP7|S1PR1|GDF10|GJA1|GPM6B|PTN|SFRP1|SOX9|SOX11|WNT5A|INTU|WNT4,-2.0178212800087056,0,91,1,1,-3.68636474232156,4.0109897384971855,
1,-3.1121023610540344,GO:0045778,M1,1,0,GO Biological Processes,19,positive regulation of ossification,19_GO:0048518 positive regulation of biological process,-3.1121023610540344,4.0109897384971855,4.3384149725689465,30293,53,1140,8,0.7017543859649122,0.24723555672122605,154|240|655|2824|5764|6664|7474|54361,ADRB2|ALOX5|BMP7|GPM6B|PTN|SOX11|WNT5A|WNT4,-1.6167686548855438,0,91,0,0,-3.68636474232156,4.0109897384971855,
1,-2.43545673687582,GO:0030500,M1,1,0,GO Biological Processes,19,regulation of bone mineralization,19_GO:0032502 developmental process,-2.43545673687582,2.916527599486521,3.436483214930563,30293,82,1140,9,0.7894736842105263,0.2621170552142749,154|240|655|1901|2697|2824|5764|6662|54361,ADRB2|ALOX5|BMP7|S1PR1|GJA1|GPM6B|PTN|SOX9|WNT4,-1.1159132190529268,0,91,0,0,-3.68636474232156,4.0109897384971855,
1,-2.234456565899151,GO:0030501,M1,1,0,GO Biological Processes,19,positive regulation of bone mineralization,19_GO:0032502 developmental process,-2.234456565899151,3.6235645933014355,3.4437955610643716,30293,44,1140,6,0.5263157894736842,0.21430133448577773,154|240|655|2824|5764|54361,ADRB2|ALOX5|BMP7|GPM6B|PTN|WNT4,-0.9760558757329023,0,91,0,0,-3.68636474232156,4.0109897384971855,
1,-2.234456565899151,GO:0046849,M1,1,0,GO Biological Processes,19,bone remodeling,19_GO:0032501 multicellular organismal process,-2.234456565899151,3.6235645933014355,3.4437955610643716,30293,44,1140,6,0.5263157894736842,0.21430133448577773,154|1200|2697|5764|29887|55366,ADRB2|TPP1|GJA1|PTN|SNX10|LGR4,-0.9760558757329023,0,91,0,0,-3.68636474232156,4.0109897384971855,
1,-3.6848684590808913,GO:0019216,M1,1,0,GO Biological Processes,19,regulation of lipid metabolic process,19_GO:0008152 metabolic process,-3.6848684590808913,2.165808722433042,4.139282465955698,30293,319,1140,26,2.280701754385965,0.4421524057977656,33|190|238|348|718|2053|2171|3638|3949|5154|5580|6662|6720|8644|8897|9023|9104|10577|26137|29103|51083|54361|80183|151176|221395|339559,ACADL|NR0B1|ALK|APOE|C3|EPHX2|FABP5|INSIG1|LDLR|PDGFA|PRKCD|SOX9|SREBF1|AKR1C3|MTMR3|CH25H|RGN|NPC2|ZBTB20|DNAJC15|GAL|WNT4|RUBCNL|ERFE|ADGRF5|ZFP69,-2.0178212800087056,0,92,1,1,-3.6848684590808913,3.907765737874097,
1,-3.416319979249271,GO:0062012,M1,1,0,GO Biological Processes,19,regulation of small molecule metabolic process,19_GO:0008152 metabolic process,-3.416319979249271,2.081002959205242,3.9164496337207177,30293,332,1140,26,2.280701754385965,0.4421524057977656,33|348|493|1642|2023|2053|2171|3638|3949|4199|5028|6662|6720|7114|8644|9023|9056|9104|23657|26137|26471|54361|54541|55022|114899|151176,ACADL|APOE|ATP2B4|DDB1|ENO1|EPHX2|FABP5|INSIG1|LDLR|ME1|P2RY1|SOX9|SREBF1|TMSB4X|AKR1C3|CH25H|SLC7A7|RGN|SLC7A11|ZBTB20|NUPR1|WNT4|DDIT4|PID1|C1QTNF3|ERFE,-1.8231724210744795,0,92,0,0,-3.6848684590808913,3.907765737874097,
1,-3.40086637631695,GO:0062014,M1,1,0,GO Biological Processes,19,negative regulation of small molecule metabolic process,19_GO:0048519 negative regulation of biological process,-3.40086637631695,3.003882532418002,4.257461468225796,30293,115,1140,13,1.1403508771929824,0.31446792656606076,33|348|493|3638|6662|8644|9023|26471|54361|54541|55022|114899|151176,ACADL|APOE|ATP2B4|INSIG1|SOX9|AKR1C3|CH25H|NUPR1|WNT4|DDIT4|PID1|C1QTNF3|ERFE,-1.814452200801127,0,92,0,0,-3.6848684590808913,3.907765737874097,
1,-2.728193213856098,GO:0019218,M1,1,0,GO Biological Processes,19,regulation of steroid metabolic process,19_GO:0008152 metabolic process,-2.728193213856098,2.810585357624831,3.657514724936769,30293,104,1140,11,0.9649122807017544,0.2895249775013002,33|190|348|2053|3638|3949|6720|8644|9023|51083|54361,ACADL|NR0B1|APOE|EPHX2|INSIG1|LDLR|SREBF1|AKR1C3|CH25H|GAL|WNT4,-1.327415615302186,0,92,0,0,-3.6848684590808913,3.907765737874097,
1,-2.5349406610825675,GO:0045833,M1,1,0,GO Biological Processes,19,negative regulation of lipid metabolic process,19_GO:0048519 negative regulation of biological process,-2.5349406610825675,2.657280701754386,3.443388204103206,30293,110,1140,11,0.9649122807017544,0.2895249775013002,33|190|238|348|3638|5154|6662|6720|8644|9023|54361,ACADL|NR0B1|ALK|APOE|INSIG1|PDGFA|SOX9|SREBF1|AKR1C3|CH25H|WNT4,-1.1931524500326707,0,92,0,0,-3.6848684590808913,3.907765737874097,
1,-2.3889947821308515,GO:0090181,M1,1,0,GO Biological Processes,19,regulation of cholesterol metabolic process,19_GO:0008152 metabolic process,-2.3889947821308515,3.8887034659820285,3.660097195582358,30293,41,1140,6,0.5263157894736842,0.21430133448577773,33|348|2053|3949|6720|9023,ACADL|APOE|EPHX2|LDLR|SREBF1|CH25H,-1.0883109757892295,0,92,0,0,-3.6848684590808913,3.907765737874097,
1,-2.3084140359819876,GO:0046890,M1,1,0,GO Biological Processes,19,regulation of lipid biosynthetic process,19_GO:0008152 metabolic process,-2.3084140359819876,2.131508584294962,3.069212096362138,30293,187,1140,15,1.3157894736842106,0.3374928789753796,33|190|348|718|2171|3638|3949|5154|5580|6720|8644|9104|26137|54361|221395,ACADL|NR0B1|APOE|C3|FABP5|INSIG1|LDLR|PDGFA|PRKCD|SREBF1|AKR1C3|RGN|ZBTB20|WNT4|ADGRF5,-1.0250257005864551,0,92,0,0,-3.6848684590808913,3.907765737874097,
1,-2.07707867276978,GO:0010565,M1,1,0,GO Biological Processes,19,regulation of cellular ketone metabolic process,19_GO:0008152 metabolic process,-2.07707867276978,2.214400584795322,2.8885609199670426,30293,144,1140,12,1.0526315789473684,0.3022650235027283,33|493|2171|3638|6662|6720|8644|9056|9104|23657|54361|151176,ACADL|ATP2B4|FABP5|INSIG1|SOX9|SREBF1|AKR1C3|SLC7A7|RGN|SLC7A11|WNT4|ERFE,-0.857635706080204,0,92,0,0,-3.6848684590808913,3.907765737874097,
1,-2.0755961116495283,GO:0045939,M1,1,0,GO Biological Processes,19,negative regulation of steroid metabolic process,19_GO:0048519 negative regulation of biological process,-2.0755961116495283,3.907765737874097,3.3546433997461764,30293,34,1140,5,0.43859649122807015,0.19571569570288536,190|348|3638|9023|54361,NR0B1|APOE|INSIG1|CH25H|WNT4,-0.857635706080204,0,92,0,0,-3.6848684590808913,3.907765737874097,
1,-3.684862374897106,GO:1903531,M1,1,0,GO Biological Processes,19,negative regulation of secretion by cell,19_GO:0051179 localization,-3.684862374897106,2.79713758079409,4.392371499818856,30293,152,1140,16,1.4035087719298245,0.3484061960898092,348|613|1595|2550|2697|2771|4129|4988|5028|6422|6720|6814|8673|29091|79651|94121,APOE|BCR|CYP51A1|GABBR1|GJA1|GNAI2|MAOB|OPRM1|P2RY1|SFRP1|SREBF1|STXBP3|VAMP8|STXBP6|RHBDF2|SYTL4,-2.0178212800087056,0,93,1,1,-3.684862374897106,2.79713758079409,
1,-3.1201865675517872,GO:0051051,M1,1,0,GO Biological Processes,19,negative regulation of transport,19_GO:0051179 localization,-3.1201865675517872,1.8405407458039034,3.600150250195572,30293,462,1140,32,2.807017543859649,0.4892012886170548,288|348|392|613|1595|2171|2550|2697|2771|2824|2887|3638|4129|4947|4988|5028|5569|5987|6422|6720|6814|8673|8682|27236|29091|29969|51686|54550|55022|55612|79651|94121,ANK3|APOE|ARHGAP1|BCR|CYP51A1|FABP5|GABBR1|GJA1|GNAI2|GPM6B|GRB10|INSIG1|MAOB|OAZ2|OPRM1|P2RY1|PKIA|TRIM27|SFRP1|SREBF1|STXBP3|VAMP8|PEA15|ARFIP1|STXBP6|MDFIC|OAZ3|NECAB2|PID1|FERMT1|RHBDF2|SYTL4,-1.6212261640495786,0,93,0,0,-3.684862374897106,2.79713758079409,
1,-3.0588329367329554,GO:0051048,M1,1,0,GO Biological Processes,19,negative regulation of secretion,19_GO:0051179 localization,-3.0588329367329554,2.457600649021397,3.801971825801261,30293,173,1140,16,1.4035087719298245,0.3484061960898092,348|613|1595|2550|2697|2771|4129|4988|5028|6422|6720|6814|8673|29091|79651|94121,APOE|BCR|CYP51A1|GABBR1|GJA1|GNAI2|MAOB|OPRM1|P2RY1|SFRP1|SREBF1|STXBP3|VAMP8|STXBP6|RHBDF2|SYTL4,-1.571313436091474,0,93,0,0,-3.684862374897106,2.79713758079409,
1,-2.819280648882606,GO:1903828,M1,1,0,GO Biological Processes,19,negative regulation of protein localization,19_GO:0051179 localization,-2.819280648882606,2.2041959738054815,3.520398060893619,30293,217,1140,18,1.5789473684210527,0.3692116566580194,348|1595|2824|3638|4988|5569|6422|6720|7013|9500|11006|29969|55022|55612|55968|79651|94121|116372,APOE|CYP51A1|GPM6B|INSIG1|OPRM1|PKIA|SFRP1|SREBF1|TERF1|MAGED1|LILRB4|MDFIC|PID1|FERMT1|NSFL1C|RHBDF2|SYTL4|LYPD1,-1.3923102611916296,0,93,0,0,-3.684862374897106,2.79713758079409,
1,-2.3470013535962444,GO:1904950,M1,1,0,GO Biological Processes,19,negative regulation of establishment of protein localization,19_GO:0051179 localization,-2.3470013535962444,2.397546497823506,3.194119730898833,30293,133,1140,12,1.0526315789473684,0.3022650235027283,348|1595|3638|4988|5569|6422|6720|7013|29969|55612|79651|94121,APOE|CYP51A1|INSIG1|OPRM1|PKIA|SFRP1|SREBF1|TERF1|MDFIC|FERMT1|RHBDF2|SYTL4,-1.0543179350029028,0,93,0,0,-3.684862374897106,2.79713758079409,
1,-2.301029006971742,GO:0051224,M1,1,0,GO Biological Processes,19,negative regulation of protein transport,19_GO:0051179 localization,-2.301029006971742,2.477126077906631,3.179140364291947,30293,118,1140,11,0.9649122807017544,0.2895249775013002,348|1595|3638|4988|5569|6422|6720|29969|55612|79651|94121,APOE|CYP51A1|INSIG1|OPRM1|PKIA|SFRP1|SREBF1|MDFIC|FERMT1|RHBDF2|SYTL4,-1.018419881174672,0,93,0,0,-3.684862374897106,2.79713758079409,
1,-3.684755052344416,GO:0033489,M1,1,0,GO Biological Processes,19,cholesterol biosynthetic process via desmosterol,19_GO:0008152 metabolic process,-3.684755052344416,19.929605263157896,7.486931492920261,30293,4,1140,3,0.2631578947368421,0.15173423614217976,1717|1718|6309,DHCR7|DHCR24|SC5D,-2.0178212800087056,0,94,1,1,-3.684755052344416,19.929605263157896,
1,-3.684755052344416,GO:0033490,M1,1,0,GO Biological Processes,19,cholesterol biosynthetic process via lathosterol,19_GO:0008152 metabolic process,-3.684755052344416,19.929605263157896,7.486931492920261,30293,4,1140,3,0.2631578947368421,0.15173423614217976,1717|1718|6309,DHCR7|DHCR24|SC5D,-2.0178212800087056,0,94,0,0,-3.684755052344416,19.929605263157896,
1,-3.684755052344416,GO:0060406,M1,1,0,GO Biological Processes,19,positive regulation of penile erection,19_GO:0022414 reproductive process,-3.684755052344416,19.929605263157896,7.486931492920261,30293,4,1140,3,0.2631578947368421,0.15173423614217976,1910|5021|5028,EDNRB|OXTR|P2RY1,-2.0178212800087056,0,95,1,1,-3.684755052344416,19.929605263157896,
1,-3.3500005677602798,GO:2000241,M1,1,0,GO Biological Processes,19,regulation of reproductive process,19_GO:0022414 reproductive process,-3.3500005677602798,2.3815251572327045,3.991676771605242,30293,212,1140,19,1.6666666666666667,0.3791598386378328,655|996|1642|1910|2697|5021|5028|6422|6662|7474|8881|8912|9104|10519|10549|26471|54361|79645|644186,BMP7|CDC27|DDB1|EDNRB|GJA1|OXTR|P2RY1|SFRP1|SOX9|WNT5A|CDC16|CACNA1H|RGN|CIB1|PRDX4|NUPR1|WNT4|CLXN|SYCE3,-1.7853056419376927,0,95,0,0,-3.684755052344416,19.929605263157896,
1,-3.0105170667364636,GO:0060405,M1,1,0,GO Biological Processes,19,regulation of penile erection,19_GO:0022414 reproductive process,-3.0105170667364636,13.286403508771931,5.9517823904580975,30293,6,1140,3,0.2631578947368421,0.15173423614217976,1910|5021|5028,EDNRB|OXTR|P2RY1,-1.5397560665308998,0,95,0,0,-3.684755052344416,19.929605263157896,
1,-2.3559406850126106,GO:0050433,M1,1,0,GO Biological Processes,19,regulation of catecholamine secretion,19_GO:0051179 localization,-2.3559406850126106,3.381993620414673,3.496392506864949,30293,55,1140,7,0.6140350877192983,0.23136981425843328,1137|2550|5021|5028|6623|51760|84062,CHRNA4|GABBR1|OXTR|P2RY1|SNCG|SYT17|DTNBP1,-1.061833867756229,0,95,0,0,-3.684755052344416,19.929605263157896,
1,-2.1999038242470164,GO:2000243,M1,1,0,GO Biological Processes,19,positive regulation of reproductive process,19_GO:0022414 reproductive process,-2.1999038242470164,2.6871377882909524,3.1520137167516555,30293,89,1140,9,0.7894736842105263,0.2621170552142749,1910|5021|5028|6662|7474|8912|10519|54361|644186,EDNRB|OXTR|P2RY1|SOX9|WNT5A|CACNA1H|CIB1|WNT4|SYCE3,-0.9503084520354008,0,95,0,0,-3.684755052344416,19.929605263157896,
1,-3.676585193514514,GO:0046847,M1,1,0,GO Biological Processes,19,filopodium assembly,19_GO:0009987 cellular process,-3.676585193514514,6.643201754385966,5.468987552882164,30293,24,1140,6,0.5263157894736842,0.21430133448577773,3691|7430|57348|89846|121512|221178,ITGB4|EZR|TTYH1|FGD3|FGD4|SPATA13,-2.017620350850079,0,96,1,1,-3.676585193514514,6.643201754385966,
1,-3.145716969074531,GO:0030031,M1,1,0,GO Biological Processes,19,cell projection assembly,19_GO:0009987 cellular process,-3.145716969074531,1.8679297449974142,3.630713032418085,30293,441,1140,31,2.719298245614035,0.48171408278676175,199|1767|1901|3175|3691|3784|4983|5154|7430|7802|8829|11188|22919|23043|25937|27152|29887|51134|57216|57348|64792|79645|85477|89846|118491|121512|144132|161582|196383|221178|221421,AIF1|DNAH5|S1PR1|ONECUT1|ITGB4|KCNQ1|OPHN1|PDGFA|EZR|DNALI1|NRP1|NISCH|MAPRE1|TNIK|WWTR1|INTU|SNX10|CEP83|VANGL2|TTYH1|IFT22|CLXN|SCIN|FGD3|CFAP70|FGD4|DNHD1|DNAAF4|RILPL2|SPATA13|RSPH9,-1.640336044467926,0,96,0,0,-3.676585193514514,6.643201754385966,
1,-2.7407980809343018,GO:0120031,M1,1,0,GO Biological Processes,19,plasma membrane bounded cell projection assembly,19_GO:0009987 cellular process,-2.7407980809343018,1.80049393343171,3.2981730856131857,30293,428,1140,29,2.543859649122807,0.4663357940423699,199|1767|1901|3175|3691|3784|4983|7430|7802|8829|11188|22919|23043|25937|27152|29887|51134|57216|57348|64792|79645|89846|118491|121512|144132|161582|196383|221178|221421,AIF1|DNAH5|S1PR1|ONECUT1|ITGB4|KCNQ1|OPHN1|EZR|DNALI1|NRP1|NISCH|MAPRE1|TNIK|WWTR1|INTU|SNX10|CEP83|VANGL2|TTYH1|IFT22|CLXN|FGD3|CFAP70|FGD4|DNHD1|DNAAF4|RILPL2|SPATA13|RSPH9,-1.3378362641205288,0,96,0,0,-3.676585193514514,6.643201754385966,
1,-3.6738351808069245,GO:0007229,M1,1,0,GO Biological Processes,19,integrin-mediated signaling pathway,19_GO:0050896 response to stimulus,-3.6738351808069245,3.392273236282195,4.59360027105741,30293,94,1140,12,1.0526315789473684,0.3022650235027283,1307|2533|3689|3691|5764|5786|7409|8613|8829|10979|55612|81624,COL16A1|FYB1|ITGB2|ITGB4|PTN|PTPRA|VAV1|PLPP3|NRP1|FERMT2|FERMT1|DIAPH3,-2.0161843920403206,0,97,1,1,-3.6738351808069245,3.392273236282195,
1,-3.657675633319409,GO:0001503,M1,1,0,GO Biological Processes,19,ossification,19_GO:0032501 multicellular organismal process,-3.657675633319409,2.2377100646352726,4.1514288620923745,30293,285,1140,24,2.1052631578947367,0.42518745383600876,655|865|1009|1462|2247|2261|2550|2662|2697|2824|3400|5245|5764|6422|6657|6662|8792|23184|25840|25937|29887|55366|64131|202018,BMP7|CBFB|CDH11|VCAN|FGF2|FGFR3|GABBR1|GDF10|GJA1|GPM6B|ID4|PHB1|PTN|SFRP1|SOX2|SOX9|TNFRSF11A|MESD|TMT1A|WWTR1|SNX10|LGR4|XYLT1|TAPT1,-2.003943317588651,0,98,1,1,-3.657675633319409,2.4852265555976274,
1,-2.6340539135520094,GO:0001649,M1,1,0,GO Biological Processes,19,osteoblast differentiation,19_GO:0032502 developmental process,-2.6340539135520094,2.4852265555976274,3.4705828314193914,30293,139,1140,13,1.1403508771929824,0.31446792656606076,865|1462|2247|2550|2662|2697|3400|5245|6422|6657|25840|25937|55366,CBFB|VCAN|FGF2|GABBR1|GDF10|GJA1|ID4|PHB1|SFRP1|SOX2|TMT1A|WWTR1|LGR4,-1.248265780029805,0,98,0,0,-3.657675633319409,2.4852265555976274,
1,-3.6355204901623295,GO:0090162,M1,1,0,GO Biological Processes,19,establishment of epithelial cell polarity,19_GO:0009987 cellular process,-3.6355204901623295,5.470872033023736,5.157974441110995,30293,34,1140,7,0.6140350877192983,0.23136981425843328,2195|4983|6494|7474|55612|284217|388585,FAT1|OPHN1|SIPA1|WNT5A|FERMT1|LAMA1|HES5,-1.988241405823089,0,99,1,1,-3.6355204901623295,6.2524251805985545,
1,-3.347992617269653,GO:0001738,M1,1,0,GO Biological Processes,19,morphogenesis of a polarized epithelium,19_GO:0032502 developmental process,-3.347992617269653,4.338417472252058,4.6248094462817635,30293,49,1140,8,0.7017543859649122,0.24723555672122605,71|2195|4983|7474|10413|27152|57216|284217,ACTG1|FAT1|OPHN1|WNT5A|YAP1|INTU|VANGL2|LAMA1,-1.7843556566033996,0,99,0,0,-3.6355204901623295,6.2524251805985545,
1,-2.844915514071807,GO:0030859,M1,1,0,GO Biological Processes,19,polarized epithelial cell differentiation,19_GO:0032502 developmental process,-2.844915514071807,5.776697177726925,4.531689972212927,30293,23,1140,5,0.43859649122807015,0.19571569570288536,2195|4983|7474|10413|284217,FAT1|OPHN1|WNT5A|YAP1|LAMA1,-1.4109464962579146,0,99,0,0,-3.6355204901623295,6.2524251805985545,
1,-2.494012171742162,GO:0045198,M1,1,0,GO Biological Processes,19,establishment of epithelial cell apical/basal polarity,19_GO:0032502 developmental process,-2.494012171742162,6.2524251805985545,4.283609376667902,30293,17,1140,4,0.3508771929824561,0.17513053901652795,2195|4983|7474|284217,FAT1|OPHN1|WNT5A|LAMA1,-1.162251407166498,0,99,0,0,-3.6355204901623295,6.2524251805985545,
1,-2.071192664042631,GO:0035089,M1,1,0,GO Biological Processes,19,establishment of apical/basal cell polarity,19_GO:0009987 cellular process,-2.071192664042631,4.8314194577352465,3.5549412697737344,30293,22,1140,4,0.3508771929824561,0.17513053901652795,2195|4983|7474|284217,FAT1|OPHN1|WNT5A|LAMA1,-0.8565565627015509,0,99,0,0,-3.6355204901623295,6.2524251805985545,
1,-3.552845658032949,GO:0021772,M1,1,0,GO Biological Processes,19,olfactory bulb development,19_GO:0032502 developmental process,-3.552845658032949,5.314561403508772,5.050394931290009,30293,35,1140,7,0.6140350877192983,0.23136981425843328,5080|6091|6299|7101|7474|7545|55636,PAX6|ROBO1|SALL1|NR2E1|WNT5A|ZIC1|CHD7,-1.9243701375164144,0,100,1,1,-3.552845658032949,7.247129186602871,
1,-3.396304508436878,GO:0021988,M1,1,0,GO Biological Processes,19,olfactory lobe development,19_GO:0032502 developmental process,-3.396304508436878,5.027287814129919,4.847106339602413,30293,37,1140,7,0.6140350877192983,0.23136981425843328,5080|6091|6299|7101|7474|7545|55636,PAX6|ROBO1|SALL1|NR2E1|WNT5A|ZIC1|CHD7,-1.8132182762699824,0,100,0,0,-3.552845658032949,7.247129186602871,
1,-2.6736142352734737,GO:2000178,M1,1,0,GO Biological Processes,19,negative regulation of neural precursor cell proliferation,19_GO:0048519 negative regulation of biological process,-2.6736142352734737,5.314561403508772,4.26765761104595,30293,25,1140,5,0.43859649122807015,0.19571569570288536,5080|5764|6567|7101|7474,PAX6|PTN|SLC16A2|NR2E1|WNT5A,-1.2821766629737055,0,100,0,0,-3.552845658032949,7.247129186602871,
1,-2.155465578293214,GO:0021889,M1,1,0,GO Biological Processes,19,olfactory bulb interneuron differentiation,19_GO:0032502 developmental process,-2.155465578293214,7.247129186602871,4.097880837925802,30293,11,1140,3,0.2631578947368421,0.15173423614217976,6091|6299|7474,ROBO1|SALL1|WNT5A,-0.9190010394564615,0,100,0,0,-3.552845658032949,7.247129186602871,
1,-3.5137314603074765,GO:0014013,M1,1,0,GO Biological Processes,19,regulation of gliogenesis,19_GO:0032502 developmental process,-3.5137314603074765,3.0843436716791985,4.370048935158275,30293,112,1140,13,1.1403508771929824,0.31446792656606076,430|2670|3400|3949|4067|5764|5803|6664|7101|7852|90865|146433|388585,ASCL2|GFAP|ID4|LDLR|LYN|PTN|PTPRZ1|SOX11|NR2E1|CXCR4|IL33|IL34|HES5,-1.893759879670812,0,101,1,1,-3.5137314603074765,6.643201754385964,
1,-2.8079450155453127,GO:0048713,M1,1,0,GO Biological Processes,19,regulation of oligodendrocyte differentiation,19_GO:0032502 developmental process,-2.8079450155453127,4.043688024408849,4.085193870871277,30293,46,1140,7,0.6140350877192983,0.23136981425843328,3400|5764|5803|7852|90865|146433|388585,ID4|PTN|PTPRZ1|CXCR4|IL33|IL34|HES5,-1.3845660434620934,0,101,0,0,-3.5137314603074765,6.643201754385964,
1,-2.59749861500923,GO:0048712,M1,1,0,GO Biological Processes,19,negative regulation of astrocyte differentiation,19_GO:0032502 developmental process,-2.59749861500923,6.643201754385964,4.4648196582584605,30293,16,1140,4,0.3508771929824561,0.17513053901652795,3400|3949|7101|388585,ID4|LDLR|NR2E1|HES5,-1.2294005746837633,0,101,0,0,-3.5137314603074765,6.643201754385964,
1,-2.545661473807967,GO:0045685,M1,1,0,GO Biological Processes,19,regulation of glial cell differentiation,19_GO:0032502 developmental process,-2.545661473807967,3.02728181212525,3.567782169661712,30293,79,1140,9,0.7894736842105263,0.2621170552142749,3400|3949|5764|5803|7101|7852|90865|146433|388585,ID4|LDLR|PTN|PTPRZ1|NR2E1|CXCR4|IL33|IL34|HES5,-1.1968425878009643,0,101,0,0,-3.5137314603074765,6.643201754385964,
1,-2.4469819669869395,GO:0048714,M1,1,0,GO Biological Processes,19,positive regulation of oligodendrocyte differentiation,19_GO:0032502 developmental process,-2.4469819669869395,4.745144110275689,3.9205950174983584,30293,28,1140,5,0.43859649122807015,0.19571569570288536,5764|5803|7852|90865|146433,PTN|PTPRZ1|CXCR4|IL33|IL34,-1.1238092262456976,0,101,0,0,-3.5137314603074765,6.643201754385964,
1,-2.1860660772561165,GO:0014014,M1,1,0,GO Biological Processes,19,negative regulation of gliogenesis,19_GO:0032502 developmental process,-2.1860660772561165,3.543040935672515,3.3758726045329963,30293,45,1140,6,0.5263157894736842,0.21430133448577773,430|3400|3949|6664|7101|388585,ASCL2|ID4|LDLR|SOX11|NR2E1|HES5,-0.9410223614688604,0,101,0,0,-3.5137314603074765,6.643201754385964,
1,-3.4568571289567633,GO:2000739,M1,1,0,GO Biological Processes,19,regulation of mesenchymal stem cell differentiation,19_GO:0032502 developmental process,-3.4568571289567633,10.629122807017541,6.022295350859218,30293,10,1140,4,0.3508771929824561,0.17513053901652795,5156|6660|6662|8321,PDGFRA|SOX5|SOX9|FZD1,-1.8545661913421019,0,102,1,1,-3.4568571289567633,10.629122807017541,
1,-3.4523496619286913,GO:0061035,M1,1,0,GO Biological Processes,19,regulation of cartilage development,19_GO:0032502 developmental process,-3.4523496619286913,3.6906676413255357,4.5200856272557255,30293,72,1140,10,0.8771929824561403,0.2761734623942493,2202|2734|6660|6662|7227|7474|51222|85477|129642|202018,EFEMP1|GLG1|SOX5|SOX9|TRPS1|WNT5A|ZNF219|SCIN|MBOAT2|TAPT1,-1.852362679223594,0,102,0,0,-3.4568571289567633,10.629122807017541,
1,-3.1121023610540344,GO:0032330,M1,1,0,GO Biological Processes,19,regulation of chondrocyte differentiation,19_GO:0032502 developmental process,-3.1121023610540344,4.0109897384971855,4.3384149725689465,30293,53,1140,8,0.7017543859649122,0.24723555672122605,2202|2734|6660|6662|7227|51222|85477|129642,EFEMP1|GLG1|SOX5|SOX9|TRPS1|ZNF219|SCIN|MBOAT2,-1.6167686548855438,0,102,0,0,-3.4568571289567633,10.629122807017541,
1,-2.400019177083283,GO:2000736,M1,1,0,GO Biological Processes,19,regulation of stem cell differentiation,19_GO:0032502 developmental process,-2.400019177083283,2.88138871274572,3.3940402722080485,30293,83,1140,9,0.7894736842105263,0.2621170552142749,678|2247|5156|5764|6660|6662|8321|10413|388585,ZFP36L2|FGF2|PDGFRA|PTN|SOX5|SOX9|FZD1|YAP1|HES5,-1.0931285158624129,0,102,0,0,-3.4568571289567633,10.629122807017541,
1,-2.1892274649122054,GO:0061036,M1,1,0,GO Biological Processes,19,positive regulation of cartilage development,19_GO:0032502 developmental process,-2.1892274649122054,4.152001096491228,3.5277230658845893,30293,32,1140,5,0.43859649122807015,0.19571569570288536,6660|6662|7474|51222|202018,SOX5|SOX9|WNT5A|ZNF219|TAPT1,-0.9426977135374061,0,102,0,0,-3.4568571289567633,10.629122807017541,
1,-2.1454167034809504,GO:2000738,M1,1,0,GO Biological Processes,19,positive regulation of stem cell differentiation,19_GO:0032502 developmental process,-2.1454167034809504,5.061487050960734,3.681704568105724,30293,21,1140,4,0.3508771929824561,0.17513053901652795,2247|5764|6660|6662,FGF2|PTN|SOX5|SOX9,-0.9119267960123998,0,102,0,0,-3.4568571289567633,10.629122807017541,
1,-3.434902919082691,GO:0097190,M1,1,0,GO Biological Processes,19,apoptotic signaling pathway,19_GO:0050896 response to stimulus,-3.434902919082691,2.1224286755226727,3.947206809402792,30293,313,1140,25,2.192982456140351,0.4337606599742675,597|952|1191|2139|2261|5580|5788|6422|7098|7159|8451|8453|10413|10519|26471|51246|54361|54541|79017|83982|84334|90865|92196|282991|400410,BCL2A1|CD38|CLU|EYA2|FGFR3|PRKCD|PTPRC|SFRP1|TLR3|TP53BP2|CUL4A|CUL2|YAP1|CIB1|NUPR1|SHISA5|WNT4|DDIT4|GGCT|IFI27L2|COA8|IL33|DAPL1|BLOC1S2|ST20,-1.8394874994520771,0,103,1,1,-3.434902919082691,2.3725720551378444,
1,-2.011859900858192,GO:0097191,M1,1,0,GO Biological Processes,19,extrinsic apoptotic signaling pathway,19_GO:0050896 response to stimulus,-2.011859900858192,2.3725720551378444,2.8777437854818064,30293,112,1140,10,0.8771929824561403,0.2761734623942493,597|2139|2261|5788|6422|7098|10413|10519|90865|282991,BCL2A1|EYA2|FGFR3|PTPRC|SFRP1|TLR3|YAP1|CIB1|IL33|BLOC1S2,-0.8152930560927131,0,103,0,0,-3.434902919082691,2.3725720551378444,
1,-3.4133026152082833,GO:0050727,M1,1,0,GO Biological Processes,19,regulation of inflammatory response,19_GO:0050896 response to stimulus,-3.4133026152082833,1.9382518059855522,3.851993771004981,30293,425,1140,31,2.719298245614035,0.48171408278676175,136|240|330|348|613|718|834|975|1050|1910|2840|2950|3949|4067|4598|5580|5788|7098|7099|7114|7130|7474|7525|8673|8792|26471|58189|79626|79651|90865|114899,ADORA2B|ALOX5|BIRC3|APOE|BCR|C3|CASP1|CD81|CEBPA|EDNRB|GPR17|GSTP1|LDLR|LYN|MVK|PRKCD|PTPRC|TLR3|TLR4|TMSB4X|TNFAIP6|WNT5A|YES1|VAMP8|TNFRSF11A|NUPR1|WFDC1|TNFAIP8L2|RHBDF2|IL33|C1QTNF3,-1.8224111373377156,0,104,1,1,-3.4133026152082833,2.3796543597800475,
1,-3.2010245562624213,GO:0050728,M1,1,0,GO Biological Processes,19,negative regulation of inflammatory response,19_GO:0048519 negative regulation of biological process,-3.2010245562624213,2.3796543597800475,3.8807670412990194,30293,201,1140,18,1.5789473684210527,0.3692116566580194,240|348|613|2840|2950|3949|4067|4598|5580|5788|7114|7130|7525|58189|79626|79651|90865|114899,ALOX5|APOE|BCR|GPR17|GSTP1|LDLR|LYN|MVK|PRKCD|PTPRC|TMSB4X|TNFAIP6|YES1|WFDC1|TNFAIP8L2|RHBDF2|IL33|C1QTNF3,-1.6773420319229684,0,104,0,0,-3.4133026152082833,2.3796543597800475,
1,-3.0035188702387434,GO:0032102,M1,1,0,GO Biological Processes,19,negative regulation of response to external stimulus,19_GO:0048519 negative regulation of biological process,-3.0035188702387434,1.830571150097466,3.51023856023965,30293,450,1140,31,2.719298245614035,0.48171408278676175,2|199|240|348|613|2247|2840|2950|3821|3949|4067|4598|5154|5156|5580|5788|6091|6480|7114|7130|7474|7525|8829|54361|54625|58189|79626|79651|84868|90865|114899,A2M|AIF1|ALOX5|APOE|BCR|FGF2|GPR17|GSTP1|KLRC1|LDLR|LYN|MVK|PDGFA|PDGFRA|PRKCD|PTPRC|ROBO1|ST6GAL1|TMSB4X|TNFAIP6|WNT5A|YES1|NRP1|WNT4|PARP14|WFDC1|TNFAIP8L2|RHBDF2|HAVCR2|IL33|C1QTNF3,-1.534719459612391,0,104,0,0,-3.4133026152082833,2.3796543597800475,
1,-2.8254841728726605,GO:0031348,M1,1,0,GO Biological Processes,19,negative regulation of defense response,19_GO:0048519 negative regulation of biological process,-2.8254841728726605,2.0228434407818856,3.4549620464435793,30293,289,1140,22,1.9298245614035088,0.407450603294495,2|240|348|613|2840|2950|3821|3949|4067|4598|5580|5788|7114|7130|7525|54625|58189|79626|79651|84868|90865|114899,A2M|ALOX5|APOE|BCR|GPR17|GSTP1|KLRC1|LDLR|LYN|MVK|PRKCD|PTPRC|TMSB4X|TNFAIP6|YES1|PARP14|WFDC1|TNFAIP8L2|RHBDF2|HAVCR2|IL33|C1QTNF3,-1.3969682515864994,0,104,0,0,-3.4133026152082833,2.3796543597800475,
1,-3.4109992155714663,GO:0070371,M1,1,0,GO Biological Processes,19,ERK1 and ERK2 cascade,19_GO:0050896 response to stimulus,-3.4109992155714663,4.428801169590643,4.701223512383888,30293,48,1140,8,0.7017543859649122,0.24723555672122605,677|678|1512|2247|2887|5021|6662|7099,ZFP36L1|ZFP36L2|CTSH|FGF2|GRB10|OXTR|SOX9|TLR4,-1.8216142800905673,0,105,1,1,-3.4109992155714663,4.428801169590643,
1,-2.270965551336015,GO:0000165,M1,1,0,GO Biological Processes,19,MAPK cascade,19_GO:0050896 response to stimulus,-2.270965551336015,2.053936774302907,3.008792784344831,30293,207,1140,16,1.4035087719298245,0.3484061960898092,677|678|1512|2247|2261|2887|4868|4893|5021|5788|6662|7098|7099|7474|8682|23043,ZFP36L1|ZFP36L2|CTSH|FGF2|FGFR3|GRB10|NPHS1|NRAS|OXTR|PTPRC|SOX9|TLR3|TLR4|WNT5A|PEA15|TNIK,-1.0003603035157629,0,105,0,0,-3.4109992155714663,4.428801169590643,
1,-3.4030596467790004,GO:0045665,M1,1,0,GO Biological Processes,19,negative regulation of neuron differentiation,19_GO:0032502 developmental process,-3.4030596467790004,3.6401105503484734,4.46592151185581,30293,73,1140,10,0.8771929824561403,0.2761734623942493,655|3400|5080|6657|6658|6662|7101|58190|388585|100507043,BMP7|ID4|PAX6|SOX2|SOX3|SOX9|NR2E1|CTDSP1|HES5|TUNAR,-1.8155304655623856,0,106,1,1,-3.4030596467790004,8.176248313090417,
1,-3.330881329848211,GO:0045664,M1,1,0,GO Biological Processes,19,regulation of neuron differentiation,19_GO:0032502 developmental process,-3.330881329848211,2.440359828141783,4.0004809373823855,30293,196,1140,18,1.5789473684210527,0.3692116566580194,238|655|1910|2247|3400|5080|6422|6657|6658|6662|6664|7101|26508|55364|58190|124936|388585|100507043,ALK|BMP7|EDNRB|FGF2|ID4|PAX6|SFRP1|SOX2|SOX3|SOX9|SOX11|NR2E1|HEYL|IMPACT|CTDSP1|CYB5D2|HES5|TUNAR,-1.7724958779326316,0,106,0,0,-3.4030596467790004,8.176248313090417,
1,-3.1876804252203383,GO:0098727,M1,1,0,GO Biological Processes,19,maintenance of cell number,19_GO:0032502 developmental process,-3.1876804252203383,2.8549296795708283,4.042898695819142,30293,121,1140,13,1.1403508771929824,0.31446792656606076,430|678|5396|6422|6657|6662|7101|7545|8451|9646|10413|84750|388585,ASCL2|ZFP36L2|PRRX1|SFRP1|SOX2|SOX9|NR2E1|ZIC1|CUL4A|CTR9|YAP1|FUT10|HES5,-1.6701178427478662,0,106,0,0,-3.4030596467790004,8.176248313090417,
1,-2.964097635735887,GO:0021781,M1,1,0,GO Biological Processes,19,glial cell fate commitment,19_GO:0032502 developmental process,-2.964097635735887,8.176248313090417,5.117595690092836,30293,13,1140,4,0.3508771929824561,0.17513053901652795,5080|6657|6662|388585,PAX6|SOX2|SOX9|HES5,-1.5001093962875067,0,106,0,0,-3.4030596467790004,8.176248313090417,
1,-2.95033306416542,GO:0035019,M1,1,0,GO Biological Processes,19,somatic stem cell population maintenance,19_GO:0032502 developmental process,-2.95033306416542,3.796115288220551,4.141469917015755,30293,56,1140,8,0.7017543859649122,0.24723555672122605,430|678|6422|6657|6662|7101|8451|10413,ASCL2|ZFP36L2|SFRP1|SOX2|SOX9|NR2E1|CUL4A|YAP1,-1.489692004922622,0,106,0,0,-3.4030596467790004,8.176248313090417,
1,-2.8101594973668567,GO:0019827,M1,1,0,GO Biological Processes,19,stem cell population maintenance,19_GO:0032502 developmental process,-2.8101594973668567,2.725416104363473,3.6976918497214823,30293,117,1140,12,1.0526315789473684,0.3022650235027283,430|678|5396|6422|6657|6662|7101|8451|9646|10413|84750|388585,ASCL2|ZFP36L2|PRRX1|SFRP1|SOX2|SOX9|NR2E1|CUL4A|CTR9|YAP1|FUT10|HES5,-1.3847291626439728,0,106,0,0,-3.4030596467790004,8.176248313090417,
1,-2.713170169774968,GO:0045165,M1,1,0,GO Biological Processes,19,cell fate commitment,19_GO:0032502 developmental process,-2.713170169774968,2.059907520739834,3.3809502638927333,30293,258,1140,20,1.7543859649122806,0.38883623754641444,2139|2596|3175|4087|5080|5396|5727|6422|6657|6660|6662|7101|7474|7477|8829|9646|25925|54361|80213|388585,EYA2|GAP43|ONECUT1|SMAD2|PAX6|PRRX1|PTCH1|SFRP1|SOX2|SOX5|SOX9|NR2E1|WNT5A|WNT7B|NRP1|CTR9|ZNF521|WNT4|TM2D3|HES5,-1.3131182096219571,0,106,0,0,-3.4030596467790004,8.176248313090417,
1,-3.3975535013103304,GO:0048871,M1,1,0,GO Biological Processes,19,multicellular organismal-level homeostasis,19_GO:0042592 homeostatic process,-3.3975535013103304,1.768572846425548,3.763373481379348,30293,601,1140,40,3.508771929824561,0.5449655650854346,33|71|154|238|348|358|361|613|1200|1512|1524|2697|3162|3784|4067|5052|5950|6441|6655|6662|7099|7314|8444|8792|9289|9414|9469|10413|10758|25937|29887|30061|55366|57599|64081|65217|81624|115209|221395|340719,ACADL|ACTG1|ADRB2|ALK|APOE|AQP1|AQP4|BCR|TPP1|CTSH|CX3CR1|GJA1|HMOX1|KCNQ1|LYN|PRDX1|RBP4|SFTPD|SOS2|SOX9|TLR4|UBB|DYRK3|TNFRSF11A|ADGRG1|TJP2|CHST3|YAP1|TRAF3IP2|WWTR1|SNX10|SLC40A1|LGR4|WDR48|PBLD|PCDH15|DIAPH3|OMA1|ADGRF5|NANOS1,-1.8132182762699824,0,107,1,1,-3.3975535013103304,1.768572846425548,
1,-3.3762337201805757,GO:0008299,M1,1,0,GO Biological Processes,19,isoprenoid biosynthetic process,19_GO:0008152 metabolic process,-3.3762337201805757,5.905068226120858,5.042247904252128,30293,27,1140,6,0.5263157894736842,0.21430133448577773,3157|3422|4047|4598|5947|10170,HMGCS1|IDI1|LSS|MVK|RBP1|DHRS9,-1.7978463793622859,0,108,1,1,-3.3762337201805757,7.592230576441102,
1,-2.831043080765561,GO:0016114,M1,1,0,GO Biological Processes,19,terpenoid biosynthetic process,19_GO:0008152 metabolic process,-2.831043080765561,7.592230576441102,4.878658471374922,30293,14,1140,4,0.3508771929824561,0.17513053901652795,3157|4047|5947|10170,HMGCS1|LSS|RBP1|DHRS9,-1.3994194933969675,0,108,0,0,-3.3762337201805757,7.592230576441102,
1,-3.3710991088201383,GO:0010737,M1,1,0,GO Biological Processes,19,protein kinase A signaling,19_GO:0050896 response to stimulus,-3.3710991088201383,7.381335282651071,5.355259417697287,30293,18,1140,5,0.43859649122807015,0.19571569570288536,3936|5872|7430|8736|51083,LCP1|RAB13|EZR|MYOM1|GAL,-1.7978463793622859,0,109,1,1,-3.3710991088201383,7.381335282651071,
1,-3.3413459082106614,GO:1901222,M1,1,0,GO Biological Processes,19,regulation of non-canonical NF-kappaB signal transduction,19_GO:0050896 response to stimulus,-3.3413459082106614,3.1262125902992777,4.253464335861949,30293,102,1140,12,1.0526315789473684,0.3022650235027283,655|5052|5245|7098|7099|7205|7805|9516|23328|54976|84868|114899,BMP7|PRDX1|PHB1|TLR3|TLR4|TRIP6|LAPTM5|LITAF|SASH1|ADISSP|HAVCR2|C1QTNF3,-1.7798171773247398,0,110,1,1,-3.3413459082106614,9.964802631578948,
1,-2.7569980994353886,GO:0060907,M1,1,0,GO Biological Processes,19,positive regulation of macrophage cytokine production,19_GO:0002376 immune system process,-2.7569980994353886,5.536001461988303,4.39596821364552,30293,24,1140,5,0.43859649122807015,0.19571569570288536,7098|7099|7474|7805|10417,TLR3|TLR4|WNT5A|LAPTM5|SPON2,-1.3488966429692046,0,110,0,0,-3.3413459082106614,9.964802631578948,
1,-2.7520933010116284,GO:0043030,M1,1,0,GO Biological Processes,19,regulation of macrophage activation,19_GO:0002376 immune system process,-2.7520933010116284,3.543040935672514,3.899088813994673,30293,60,1140,8,0.7017543859649122,0.24723555672122605,1050|3949|5788|7099|7474|84868|90865|221395,CEBPA|LDLR|PTPRC|TLR4|WNT5A|HAVCR2|IL33|ADGRF5,-1.346875638855335,0,110,0,0,-3.3413459082106614,9.964802631578948,
1,-2.728193213856098,GO:0032642,M1,1,0,GO Biological Processes,19,regulation of chemokine production,19_GO:0032501 multicellular organismal process,-2.728193213856098,2.810585357624831,3.657514724936769,30293,104,1140,11,0.9649122807017544,0.2895249775013002,136|199|2950|3162|7098|7099|7474|11006|84868|90865|114899,ADORA2B|AIF1|GSTP1|HMOX1|TLR3|TLR4|WNT5A|LILRB4|HAVCR2|IL33|C1QTNF3,-1.327415615302186,0,110,0,0,-3.3413459082106614,9.964802631578948,
1,-2.620184586767111,GO:0010935,M1,1,0,GO Biological Processes,19,regulation of macrophage cytokine production,19_GO:0002376 immune system process,-2.620184586767111,4.309103840682789,3.9827245890647935,30293,37,1140,6,0.5263157894736842,0.21430133448577773,7098|7099|7474|7805|9516|10417,TLR3|TLR4|WNT5A|LAPTM5|LITAF|SPON2,-1.237193850883958,0,110,0,0,-3.3413459082106614,9.964802631578948,
1,-2.614973745174402,GO:1901224,M1,1,0,GO Biological Processes,19,positive regulation of non-canonical NF-kappaB signal transduction,19_GO:0048518 positive regulation of biological process,-2.614973745174402,3.3743247006404897,3.730491761035772,30293,63,1140,8,0.7017543859649122,0.24723555672122605,5245|7098|7099|7205|7805|23328|54976|84868,PHB1|TLR3|TLR4|TRIP6|LAPTM5|SASH1|ADISSP|HAVCR2,-1.2340692958425095,0,110,0,0,-3.3413459082106614,9.964802631578948,
1,-2.587993942632076,GO:0007252,M1,1,0,GO Biological Processes,19,I-kappaB phosphorylation,19_GO:0050896 response to stimulus,-2.587993942632076,9.964802631578948,5.014720249471465,30293,8,1140,3,0.2631578947368421,0.15173423614217976,7098|7099|10549,TLR3|TLR4|PRDX4,-1.2294005746837633,0,110,0,0,-3.3413459082106614,9.964802631578948,
1,-2.566026579541723,GO:0032760,M1,1,0,GO Biological Processes,19,positive regulation of tumor necrosis factor production,19_GO:0048518 positive regulation of biological process,-2.566026579541723,2.68165942378883,3.4780648205008964,30293,109,1140,11,0.9649122807017544,0.2895249775013002,1191|1536|2214|5788|7098|7099|7474|10417|26137|84868|90865,CLU|CYBB|FCGR3A|PTPRC|TLR3|TLR4|WNT5A|SPON2|ZBTB20|HAVCR2|IL33,-1.210715876367418,0,110,0,0,-3.3413459082106614,9.964802631578948,
1,-2.4442232438622584,GO:1903557,M1,1,0,GO Biological Processes,19,positive regulation of tumor necrosis factor superfamily cytokine production,19_GO:0048518 positive regulation of biological process,-2.4442232438622584,2.5867334264865702,3.341629900084875,30293,113,1140,11,0.9649122807017544,0.2895249775013002,1191|1536|2214|5788|7098|7099|7474|10417|26137|84868|90865,CLU|CYBB|FCGR3A|PTPRC|TLR3|TLR4|WNT5A|SPON2|ZBTB20|HAVCR2|IL33,-1.122551000506966,0,110,0,0,-3.3413459082106614,9.964802631578948,
1,-2.3209783810647475,GO:0002702,M1,1,0,GO Biological Processes,19,positive regulation of production of molecular mediator of immune response,19_GO:0002376 immune system process,-2.3209783810647475,2.3796543597800475,3.1651114109305873,30293,134,1140,12,1.0526315789473684,0.3022650235027283,975|5245|5650|5788|5950|6810|7098|7099|7474|7805|10417|90865,CD81|PHB1|KLK7|PTPRC|RBP4|STX4|TLR3|TLR4|WNT5A|LAPTM5|SPON2|IL33,-1.0333613197806135,0,110,0,0,-3.3413459082106614,9.964802631578948,
1,-2.31253726205892,GO:0043032,M1,1,0,GO Biological Processes,19,positive regulation of macrophage activation,19_GO:0002376 immune system process,-2.31253726205892,4.428801169590643,3.715538054532282,30293,30,1140,5,0.43859649122807015,0.19571569570288536,1050|7099|7474|84868|90865,CEBPA|TLR4|WNT5A|HAVCR2|IL33,-1.0271588842652168,0,110,0,0,-3.3413459082106614,9.964802631578948,
1,-2.2872292705809443,GO:0002700,M1,1,0,GO Biological Processes,19,regulation of production of molecular mediator of immune response,19_GO:0002376 immune system process,-2.2872292705809443,2.120170772676372,3.0466223183353915,30293,188,1140,15,1.3157894736842106,0.3374928789753796,975|5245|5650|5788|5950|6810|7098|7099|7474|7805|9516|9865|10417|11006|90865,CD81|PHB1|KLK7|PTPRC|RBP4|STX4|TLR3|TLR4|WNT5A|LAPTM5|LITAF|TRIL|SPON2|LILRB4|IL33,-1.0071484785190825,0,110,0,0,-3.3413459082106614,9.964802631578948,
1,-2.2662396019577384,GO:0032680,M1,1,0,GO Biological Processes,19,regulation of tumor necrosis factor production,19_GO:0032501 multicellular organismal process,-2.2662396019577384,2.1089529379003062,3.024173396952337,30293,189,1140,15,1.3157894736842106,0.3374928789753796,1191|1524|1536|2214|2950|5788|5987|7098|7099|7474|10417|11006|26137|84868|90865,CLU|CX3CR1|CYBB|FCGR3A|GSTP1|PTPRC|TRIM27|TLR3|TLR4|WNT5A|SPON2|LILRB4|ZBTB20|HAVCR2|IL33,-0.9983168486565913,0,110,0,0,-3.3413459082106614,9.964802631578948,
1,-2.253231105092847,GO:0032722,M1,1,0,GO Biological Processes,19,positive regulation of chemokine production,19_GO:0048518 positive regulation of biological process,-2.253231105092847,2.9525341130604286,3.2800860446751714,30293,72,1140,8,0.7017543859649122,0.24723555672122605,136|199|3162|7098|7099|7474|84868|90865,ADORA2B|AIF1|HMOX1|TLR3|TLR4|WNT5A|HAVCR2|IL33,-0.989566174934241,0,110,0,0,-3.3413459082106614,9.964802631578948,
1,-2.1641416943577707,GO:1903555,M1,1,0,GO Biological Processes,19,regulation of tumor necrosis factor superfamily cytokine production,19_GO:0032501 multicellular organismal process,-2.1641416943577707,2.0545984807379276,2.9139812049456824,30293,194,1140,15,1.3157894736842106,0.3374928789753796,1191|1524|1536|2214|2950|5788|5987|7098|7099|7474|10417|11006|26137|84868|90865,CLU|CX3CR1|CYBB|FCGR3A|GSTP1|PTPRC|TRIM27|TLR3|TLR4|WNT5A|SPON2|LILRB4|ZBTB20|HAVCR2|IL33,-0.9236790192802625,0,110,0,0,-3.3413459082106614,9.964802631578948,
1,-2.022029588843763,GO:0061081,M1,1,0,GO Biological Processes,19,positive regulation of myeloid leukocyte cytokine production involved in immune response,19_GO:0002376 immune system process,-2.022029588843763,3.796115288220551,3.2729830817675754,30293,35,1140,5,0.43859649122807015,0.19571569570288536,7098|7099|7474|7805|10417,TLR3|TLR4|WNT5A|LAPTM5|SPON2,-0.8227313232388545,0,110,0,0,-3.3413459082106614,9.964802631578948,
1,-3.2991931141415507,GO:0097176,M1,1,0,GO Biological Processes,19,epoxide metabolic process,19_GO:0008152 metabolic process,-3.2991931141415507,15.943684210526317,6.6081844821288085,30293,5,1140,3,0.2631578947368421,0.15173423614217976,240|2052|2053,ALOX5|EPHX1|EPHX2,-1.7490801881919609,0,111,1,1,-3.2991931141415507,15.943684210526317,
1,-2.594372161866099,GO:0018904,M1,1,0,GO Biological Processes,19,ether metabolic process,19_GO:0008152 metabolic process,-2.594372161866099,5.110155195681511,4.146054243941175,30293,26,1140,5,0.43859649122807015,0.19571569570288536,240|2052|2053|11145|54947,ALOX5|EPHX1|EPHX2|PLAAT3|LPCAT2,-1.2294005746837633,0,111,0,0,-3.2991931141415507,15.943684210526317,
1,-3.2854510280013876,GO:0038094,M1,1,0,GO Biological Processes,19,Fc-gamma receptor signaling pathway,19_GO:0002376 immune system process,-3.2854510280013876,5.694172932330828,4.91408353533748,30293,28,1140,6,0.5263157894736842,0.21430133448577773,2214|4067|5580|7409|7525|196051,FCGR3A|LYN|PRKCD|VAV1|YES1|PLPP4,-1.7401361861557674,0,112,1,1,-3.2854510280013876,6.643201754385965,
1,-3.1687907026864894,GO:0038093,M1,1,0,GO Biological Processes,19,Fc receptor signaling pathway,19_GO:0002376 immune system process,-3.1687907026864894,4.088124156545208,4.407305178785153,30293,52,1140,8,0.7017543859649122,0.24723555672122605,2210|2214|4067|5580|5588|7409|7525|196051,FCGR1BP|FCGR3A|LYN|PRKCD|PRKCQ|VAV1|YES1|PLPP4,-1.6566695219803407,0,112,0,0,-3.2854510280013876,6.643201754385965,
1,-3.1407396850889193,GO:0002433,M1,1,0,GO Biological Processes,19,immune response-regulating cell surface receptor signaling pathway involved in phagocytosis,19_GO:0002376 immune system process,-3.1407396850889193,6.643201754385965,4.9921499076261515,30293,20,1140,5,0.43859649122807015,0.19571569570288536,4067|5580|7409|7525|196051,LYN|PRKCD|VAV1|YES1|PLPP4,-1.6381220432844084,0,112,0,0,-3.2854510280013876,6.643201754385965,
1,-3.1407396850889193,GO:0038096,M1,1,0,GO Biological Processes,19,Fc-gamma receptor signaling pathway involved in phagocytosis,19_GO:0002376 immune system process,-3.1407396850889193,6.643201754385965,4.9921499076261515,30293,20,1140,5,0.43859649122807015,0.19571569570288536,4067|5580|7409|7525|196051,LYN|PRKCD|VAV1|YES1|PLPP4,-1.6381220432844084,0,112,0,0,-3.2854510280013876,6.643201754385965,
1,-2.9378166327682482,GO:0002431,M1,1,0,GO Biological Processes,19,Fc receptor mediated stimulatory signaling pathway,19_GO:0002376 immune system process,-2.9378166327682482,6.039274322169058,4.675636394084351,30293,22,1140,5,0.43859649122807015,0.19571569570288536,4067|5580|7409|7525|196051,LYN|PRKCD|VAV1|YES1|PLPP4,-1.482971772759738,0,112,0,0,-3.2854510280013876,6.643201754385965,
1,-2.549569883406236,GO:0006909,M1,1,0,GO Biological Processes,19,phagocytosis,19_GO:0051179 localization,-2.549569883406236,2.3397440141233585,3.349398094801459,30293,159,1140,14,1.2280701754385965,0.32619397574769193,199|613|3689|3949|4067|5580|7099|7409|7525|9938|23184|51454|56990|196051,AIF1|BCR|ITGB2|LDLR|LYN|PRKCD|TLR4|VAV1|YES1|ARHGAP25|MESD|GULP1|CDC42SE2|PLPP4,-1.2001061650878906,0,112,0,0,-3.2854510280013876,6.643201754385965,
1,-2.0492613554456054,GO:0002861,M1,1,0,GO Biological Processes,19,regulation of inflammatory response to antigenic stimulus,19_GO:0002376 immune system process,-2.0492613554456054,3.321600877192983,3.1831430550794373,30293,48,1140,6,0.5263157894736842,0.21430133448577773,718|975|2840|4067|7525|79651,C3|CD81|GPR17|LYN|YES1|RHBDF2,-0.8388623070477801,0,112,0,0,-3.2854510280013876,6.643201754385965,
1,-3.2736892524231354,GO:0033625,M1,1,0,GO Biological Processes,19,positive regulation of integrin activation,19_GO:0048518 positive regulation of biological process,-3.2736892524231354,9.662838915470493,5.682495196333317,30293,11,1140,4,0.3508771929824561,0.17513053901652795,8631|9780|10979|55612,SKAP1|PIEZO1|FERMT2|FERMT1,-1.7337001993933234,0,113,1,1,-3.2736892524231354,13.286403508771931,
1,-3.0105170667364636,GO:1903691,M1,1,0,GO Biological Processes,19,"positive regulation of wound healing, spreading of epidermal cells",19_GO:0040011 locomotion,-3.0105170667364636,13.286403508771931,5.9517823904580975,30293,6,1140,3,0.2631578947368421,0.15173423614217976,6239|10979|55612,RREB1|FERMT2|FERMT1,-1.5397560665308998,0,113,0,0,-3.2736892524231354,13.286403508771931,
1,-2.494012171742162,GO:0033623,M1,1,0,GO Biological Processes,19,regulation of integrin activation,19_GO:0050789 regulation of biological process,-2.494012171742162,6.2524251805985545,4.283609376667902,30293,17,1140,4,0.3508771929824561,0.17513053901652795,8631|9780|10979|55612,SKAP1|PIEZO1|FERMT2|FERMT1,-1.162251407166498,0,113,0,0,-3.2736892524231354,13.286403508771931,
1,-2.2815372740694615,GO:1903689,M1,1,0,GO Biological Processes,19,"regulation of wound healing, spreading of epidermal cells",19_GO:0040011 locomotion,-2.2815372740694615,7.971842105263159,4.360365231488356,30293,10,1140,3,0.2631578947368421,0.15173423614217976,6239|10979|55612,RREB1|FERMT2|FERMT1,-1.0071484785190825,0,113,0,0,-3.2736892524231354,13.286403508771931,
1,-2.071192664042631,GO:0033630,M1,1,0,GO Biological Processes,19,positive regulation of cell adhesion mediated by integrin,19_GO:0048518 positive regulation of biological process,-2.071192664042631,4.8314194577352465,3.5549412697737344,30293,22,1140,4,0.3508771929824561,0.17513053901652795,8631|9780|10519|55612,SKAP1|PIEZO1|CIB1|FERMT1,-0.8565565627015509,0,113,0,0,-3.2736892524231354,13.286403508771931,
1,-3.2599718124399355,GO:2001233,M1,1,0,GO Biological Processes,19,regulation of apoptotic signaling pathway,19_GO:0050896 response to stimulus,-3.2599718124399355,1.945988392698919,3.74709210456913,30293,396,1140,29,2.543859649122807,0.4663357940423699,1032|1191|1512|1524|2023|2139|2771|2950|3162|5580|5788|5831|6422|6810|7099|7314|7474|8321|8682|8829|9500|10413|10449|26471|26574|54361|57630|83787|147138,CDKN2D|CLU|CTSH|CX3CR1|ENO1|EYA2|GNAI2|GSTP1|HMOX1|PRKCD|PTPRC|PYCR1|SFRP1|STX4|TLR4|UBB|WNT5A|FZD1|PEA15|NRP1|MAGED1|YAP1|ACAA2|NUPR1|AATF|WNT4|SH3RF1|ARMC10|TMC8,-1.721979519166199,0,114,1,1,-3.2599718124399355,1.9602890422778259,
1,-2.27490713119685,GO:2001234,M1,1,0,GO Biological Processes,19,negative regulation of apoptotic signaling pathway,19_GO:0048519 negative regulation of biological process,-2.27490713119685,1.9602890422778259,2.978219123575288,30293,244,1140,18,1.5789473684210527,0.3692116566580194,1032|1191|1524|2023|2139|2771|2950|3162|5831|8321|8682|8829|10413|10449|26574|54361|57630|83787,CDKN2D|CLU|CX3CR1|ENO1|EYA2|GNAI2|GSTP1|HMOX1|PYCR1|FZD1|PEA15|NRP1|YAP1|ACAA2|AATF|WNT4|SH3RF1|ARMC10,-1.003224229022396,0,114,0,0,-3.2599718124399355,1.9602890422778259,
1,-3.2520827950793603,GO:0061298,M1,1,0,GO Biological Processes,19,retina vasculature development in camera-type eye,19_GO:0032502 developmental process,-3.2520827950793603,6.9928439519852255,5.167132994953808,30293,19,1140,5,0.43859649122807015,0.19571569570288536,5156|6094|8829|57381|284217,PDGFRA|ROM1|NRP1|RHOJ|LAMA1,-1.7193009915603652,0,115,1,1,-3.2520827950793603,9.964802631578948,
1,-2.924787743532363,GO:0035272,M1,1,0,GO Biological Processes,19,exocrine system development,19_GO:0032502 developmental process,-2.924787743532363,4.227492025518341,4.236534804300006,30293,44,1140,7,0.6140350877192983,0.23136981425843328,655|5080|5361|6662|8829|79971|284217,BMP7|PAX6|PLXNA1|SOX9|NRP1|WLS|LAMA1,-1.474850218018597,0,115,0,0,-3.2520827950793603,9.964802631578948,
1,-2.59749861500923,GO:0060445,M1,1,0,GO Biological Processes,19,branching involved in salivary gland morphogenesis,19_GO:0032502 developmental process,-2.59749861500923,6.643201754385964,4.4648196582584605,30293,16,1140,4,0.3508771929824561,0.17513053901652795,655|5361|8829|284217,BMP7|PLXNA1|NRP1|LAMA1,-1.2294005746837633,0,115,0,0,-3.2520827950793603,9.964802631578948,
1,-2.587993942632076,GO:0021886,M1,1,0,GO Biological Processes,19,hypothalamus gonadotrophin-releasing hormone neuron differentiation,19_GO:0032502 developmental process,-2.587993942632076,9.964802631578948,5.014720249471465,30293,8,1140,3,0.2631578947368421,0.15173423614217976,5361|7314|8829,PLXNA1|UBB|NRP1,-1.2294005746837633,0,115,0,0,-3.2520827950793603,9.964802631578948,
1,-2.587993942632076,GO:0021888,M1,1,0,GO Biological Processes,19,hypothalamus gonadotrophin-releasing hormone neuron development,19_GO:0032502 developmental process,-2.587993942632076,9.964802631578948,5.014720249471465,30293,8,1140,3,0.2631578947368421,0.15173423614217976,5361|7314|8829,PLXNA1|UBB|NRP1,-1.2294005746837633,0,115,0,0,-3.2520827950793603,9.964802631578948,
1,-2.587993942632076,GO:0060600,M1,1,0,GO Biological Processes,19,dichotomous subdivision of an epithelial terminal unit,19_GO:0032502 developmental process,-2.587993942632076,9.964802631578948,5.014720249471465,30293,8,1140,3,0.2631578947368421,0.15173423614217976,1512|5361|8829,CTSH|PLXNA1|NRP1,-1.2294005746837633,0,115,0,0,-3.2520827950793603,9.964802631578948,
1,-2.4469819669869395,GO:0021854,M1,1,0,GO Biological Processes,19,hypothalamus development,19_GO:0032502 developmental process,-2.4469819669869395,4.745144110275689,3.9205950174983584,30293,28,1140,5,0.43859649122807015,0.19571569570288536,190|5361|6658|7314|8829,NR0B1|PLXNA1|SOX3|UBB|NRP1,-1.1238092262456976,0,115,0,0,-3.2520827950793603,9.964802631578948,
1,-2.378264129392693,GO:0007435,M1,1,0,GO Biological Processes,19,salivary gland morphogenesis,19_GO:0032502 developmental process,-2.378264129392693,4.581518451300665,3.815731446007975,30293,29,1140,5,0.43859649122807015,0.19571569570288536,655|5080|5361|8829|284217,BMP7|PAX6|PLXNA1|NRP1|LAMA1,-1.081598939131162,0,115,0,0,-3.2520827950793603,9.964802631578948,
1,-2.2815372740694615,GO:0061299,M1,1,0,GO Biological Processes,19,retina vasculature morphogenesis in camera-type eye,19_GO:0032502 developmental process,-2.2815372740694615,7.971842105263159,4.360365231488356,30293,10,1140,3,0.2631578947368421,0.15173423614217976,8829|57381|284217,NRP1|RHOJ|LAMA1,-1.0071484785190825,0,115,0,0,-3.2520827950793603,9.964802631578948,
1,-2.1892274649122054,GO:0007431,M1,1,0,GO Biological Processes,19,salivary gland development,19_GO:0032502 developmental process,-2.1892274649122054,4.152001096491228,3.5277230658845893,30293,32,1140,5,0.43859649122807015,0.19571569570288536,655|5080|5361|8829|284217,BMP7|PAX6|PLXNA1|NRP1|LAMA1,-0.9426977135374061,0,115,0,0,-3.2520827950793603,9.964802631578948,
1,-3.198722612452459,GO:0071354,M1,1,0,GO Biological Processes,19,cellular response to interleukin-6,19_GO:0050896 response to stimulus,-3.198722612452459,5.497822141560799,4.791956712626104,30293,29,1140,6,0.5263157894736842,0.21430133448577773,1050|5245|6404|9646|10413|55022,CEBPA|PHB1|SELPLG|CTR9|YAP1|PID1,-1.6773420319229684,0,116,1,1,-3.198722612452459,5.497822141560799,
1,-2.8867205716402697,GO:0070741,M1,1,0,GO Biological Processes,19,response to interleukin-6,19_GO:0050896 response to stimulus,-2.8867205716402697,4.831419457735247,4.354687372214433,30293,33,1140,6,0.5263157894736842,0.21430133448577773,1050|5245|6404|9646|10413|55022,CEBPA|PHB1|SELPLG|CTR9|YAP1|PID1,-1.4448406887961271,0,116,0,0,-3.198722612452459,5.497822141560799,
1,-3.1928471340858664,GO:0051301,M1,1,0,GO Biological Processes,19,cell division,19_GO:0009987 cellular process,-3.1928471340858664,1.802419080647355,3.635468625311137,30293,516,1140,35,3.0701754385964914,0.5109258594856301,288|678|996|1069|1070|1163|1452|2771|3796|4134|6660|6993|7013|8444|8881|10519|10907|11021|22919|25937|26574|27152|29082|51550|54962|63971|81620|84750|112574|117583|127829|152185|200942|205564|644186,ANK3|ZFP36L2|CDC27|CETN2|CETN3|CKS1B|CSNK1A1|GNAI2|KIF2A|MAP4|SOX5|DYNLT1|TERF1|DYRK3|CDC16|CIB1|TXNL4A|RAB35|MAPRE1|WWTR1|AATF|INTU|CHMP4A|CINP|TIPIN|KIF13A|CDT1|FUT10|SNX18|PARD3B|ARL8A|SPICE1|KLHDC8B|SENP5|SYCE3,-1.6743331942079789,0,117,1,1,-3.1928471340858664,1.802419080647355,
1,-2.4836861437352753,GO:0000226,M1,1,0,GO Biological Processes,19,microtubule cytoskeleton organization,19_GO:0009987 cellular process,-2.4836861437352753,1.6486778076578308,3.0303103300111864,30293,548,1140,34,2.982456140350877,0.5038018350032145,1069|1070|1155|1642|1767|2697|3796|4134|5080|6993|7280|7430|10381|10382|10519|11188|22919|22981|51115|51673|55968|79645|79839|80323|81551|81624|83987|84617|117583|152185|161582|221421|260334|347733,CETN2|CETN3|TBCB|DDB1|DNAH5|GJA1|KIF2A|MAP4|PAX6|DYNLT1|TUBB2A|EZR|TUBB3|TUBB4A|CIB1|NISCH|MAPRE1|NINL|RMDN1|TPPP3|NSFL1C|CLXN|CCDC102B|CCDC68|STMN4|DIAPH3|CCDC8|TUBB6|PARD3B|SPICE1|DNAAF4|RSPH9|TUBB8B|TUBB2B,-1.1527469045592236,0,117,0,0,-3.1928471340858664,1.802419080647355,
1,-2.0612659608646626,GO:0000278,M1,1,0,GO Biological Processes,19,mitotic cell cycle,19_GO:0009987 cellular process,-2.0612659608646626,1.5444024591393013,2.6292753943054215,30293,585,1140,34,2.982456140350877,0.5038018350032145,288|996|1069|1163|1871|2059|2697|3400|3796|4134|5080|6993|7280|7319|8451|8453|10381|10382|10519|11021|22919|25949|29082|51115|54962|55968|57348|81620|84617|112574|152185|200942|260334|347733,ANK3|CDC27|CETN2|CKS1B|E2F3|EPS8|GJA1|ID4|KIF2A|MAP4|PAX6|DYNLT1|TUBB2A|UBE2A|CUL4A|CUL2|TUBB3|TUBB4A|CIB1|RAB35|MAPRE1|SYF2|CHMP4A|RMDN1|TIPIN|NSFL1C|TTYH1|CDT1|TUBB6|SNX18|SPICE1|KLHDC8B|TUBB8B|TUBB2B,-0.8485180993759694,0,117,0,0,-3.1928471340858664,1.802419080647355,
1,-3.184873258296778,GO:0006935,M1,1,0,GO Biological Processes,19,chemotaxis,19_GO:0040011 locomotion,-3.184873258296778,2.0084098327213384,3.7196313852047,30293,344,1140,26,2.280701754385965,0.4421524057977656,240|1524|1901|1910|2247|3689|3730|5154|5156|5293|5580|5588|5764|5872|6091|6441|7409|7474|7477|7852|8792|8829|9023|64221|112616|123920,ALOX5|CX3CR1|S1PR1|EDNRB|FGF2|ITGB2|ANOS1|PDGFA|PDGFRA|PIK3CD|PRKCD|PRKCQ|PTN|RAB13|ROBO1|SFTPD|VAV1|WNT5A|WNT7B|CXCR4|TNFRSF11A|NRP1|CH25H|ROBO3|CMTM7|CMTM3,-1.6682599537583245,0,118,1,1,-3.184873258296778,2.245589325426242,
1,-3.1477477020535827,GO:0042330,M1,1,0,GO Biological Processes,19,taxis,19_GO:0040011 locomotion,-3.1477477020535827,1.9968005273298857,3.687605215977342,30293,346,1140,26,2.280701754385965,0.4421524057977656,240|1524|1901|1910|2247|3689|3730|5154|5156|5293|5580|5588|5764|5872|6091|6441|7409|7474|7477|7852|8792|8829|9023|64221|112616|123920,ALOX5|CX3CR1|S1PR1|EDNRB|FGF2|ITGB2|ANOS1|PDGFA|PDGFRA|PIK3CD|PRKCD|PRKCQ|PTN|RAB13|ROBO1|SFTPD|VAV1|WNT5A|WNT7B|CXCR4|TNFRSF11A|NRP1|CH25H|ROBO3|CMTM7|CMTM3,-1.640336044467926,0,118,0,0,-3.184873258296778,2.245589325426242,
1,-2.944846905960309,GO:0050920,M1,1,0,GO Biological Processes,19,regulation of chemotaxis,19_GO:0040011 locomotion,-2.944846905960309,2.204730713245997,3.6187544535575342,30293,229,1140,19,1.6666666666666667,0.3791598386378328,199|1524|1901|1948|2247|4067|5156|5764|6091|6480|6810|7114|7130|7474|7852|8829|64221|146433|347733,AIF1|CX3CR1|S1PR1|EFNB2|FGF2|LYN|PDGFRA|PTN|ROBO1|ST6GAL1|STX4|TMSB4X|TNFAIP6|WNT5A|CXCR4|NRP1|ROBO3|IL34|TUBB2B,-1.485869812285261,0,118,0,0,-3.184873258296778,2.245589325426242,
1,-2.81435276230383,GO:0040011,M1,1,0,GO Biological Processes,19,locomotion,19_GO:0040011 locomotion,-2.81435276230383,1.8928574861812066,3.393630093758376,30293,365,1140,26,2.280701754385965,0.4421524057977656,240|1524|1901|1910|2247|3689|3730|5154|5156|5293|5580|5588|5764|5872|6091|6441|7409|7474|7477|7852|8792|8829|9023|64221|112616|123920,ALOX5|CX3CR1|S1PR1|EDNRB|FGF2|ITGB2|ANOS1|PDGFA|PDGFRA|PIK3CD|PRKCD|PRKCQ|PTN|RAB13|ROBO1|SFTPD|VAV1|WNT5A|WNT7B|CXCR4|TNFRSF11A|NRP1|CH25H|ROBO3|CMTM7|CMTM3,-1.3881530837448497,0,118,0,0,-3.184873258296778,2.245589325426242,
1,-2.478288456651603,GO:0060326,M1,1,0,GO Biological Processes,19,cell chemotaxis,19_GO:0040011 locomotion,-2.478288456651603,2.101105671154631,3.204044397412529,30293,215,1140,17,1.4912280701754386,0.3589690963831384,240|1524|1901|1910|3689|5156|5293|5580|5588|5764|5872|6441|7409|7852|8792|8829|9023,ALOX5|CX3CR1|S1PR1|EDNRB|ITGB2|PDGFRA|PIK3CD|PRKCD|PRKCQ|PTN|RAB13|SFTPD|VAV1|CXCR4|TNFRSF11A|NRP1|CH25H,-1.1502290879061796,0,118,0,0,-3.184873258296778,2.245589325426242,
1,-2.256836901188971,GO:0050900,M1,1,0,GO Biological Processes,19,leukocyte migration,19_GO:0002376 immune system process,-2.256836901188971,1.9522878625134266,2.959499557275595,30293,245,1140,18,1.5789473684210527,0.3692116566580194,240|613|1524|1901|1910|2059|3689|4067|4267|5293|5764|6404|6441|7409|7525|7852|8792|9023,ALOX5|BCR|CX3CR1|S1PR1|EDNRB|EPS8|ITGB2|LYN|CD99|PIK3CD|PTN|SELPLG|SFTPD|VAV1|YES1|CXCR4|TNFRSF11A|CH25H,-0.990515727386625,0,118,0,0,-3.184873258296778,2.245589325426242,
1,-2.1235915702413033,GO:0050921,M1,1,0,GO Biological Processes,19,positive regulation of chemotaxis,19_GO:0040011 locomotion,-2.1235915702413033,2.245589325426242,2.9420019956784578,30293,142,1140,12,1.0526315789473684,0.3022650235027283,199|1524|1901|2247|5156|5764|6810|7114|7474|7852|8829|146433,AIF1|CX3CR1|S1PR1|FGF2|PDGFRA|PTN|STX4|TMSB4X|WNT5A|CXCR4|NRP1|IL34,-0.8945257534775819,0,118,0,0,-3.184873258296778,2.245589325426242,
1,-3.16856731350471,GO:0007369,M1,1,0,GO Biological Processes,19,gastrulation,19_GO:0032502 developmental process,-3.16856731350471,2.515768711720128,3.907461831271413,30293,169,1140,16,1.4035087719298245,0.3484061960898092,187|190|655|2139|3281|3689|3691|4087|6422|6657|7474|8613|8862|9646|25949|79971,APLNR|NR0B1|BMP7|EYA2|HSBP1|ITGB2|ITGB4|SMAD2|SFRP1|SOX2|WNT5A|PLPP3|APLN|CTR9|SYF2|WLS,-1.6566695219803407,0,119,1,1,-3.16856731350471,2.515768711720128,
1,-2.219598251681612,GO:0001704,M1,1,0,GO Biological Processes,19,formation of primary germ layer,19_GO:0032502 developmental process,-2.219598251681612,2.4157097288676237,3.0855999984978624,30293,121,1140,11,0.9649122807017544,0.2895249775013002,190|655|2139|3281|3689|3691|4087|6657|7474|9646|79971,NR0B1|BMP7|EYA2|HSBP1|ITGB2|ITGB4|SMAD2|SOX2|WNT5A|CTR9|WLS,-0.9674315606389389,0,119,0,0,-3.16856731350471,2.515768711720128,
1,-3.1520840502326903,GO:0071346,M1,1,0,GO Biological Processes,19,cellular response to type II interferon,19_GO:0044419 biological process involved in interspecies interaction between organisms,-3.1520840502326903,2.9801278898180033,4.057486833417391,30293,107,1140,12,1.0526315789473684,0.3022650235027283,71|199|361|445|834|2635|6810|6814|7098|7099|7474|23580,ACTG1|AIF1|AQP4|ASS1|CASP1|GBP3|STX4|STXBP3|TLR3|TLR4|WNT5A|CDC42EP4,-1.642991184380368,0,120,1,1,-3.1520840502326903,2.9801278898180033,
1,-2.454305277998051,GO:0034341,M1,1,0,GO Biological Processes,19,response to type II interferon,19_GO:0044419 biological process involved in interspecies interaction between organisms,-2.454305277998051,2.471889024887801,3.3128382320108978,30293,129,1140,12,1.0526315789473684,0.3022650235027283,71|199|361|445|834|2635|6810|6814|7098|7099|7474|23580,ACTG1|AIF1|AQP4|ASS1|CASP1|GBP3|STX4|STXBP3|TLR3|TLR4|WNT5A|CDC42EP4,-1.127472730638795,0,120,0,0,-3.1520840502326903,2.9801278898180033,
1,-3.146219243322255,GO:0030198,M1,1,0,GO Biological Processes,19,extracellular matrix organization,19_GO:0009987 cellular process,-3.146219243322255,2.141398367714157,3.7461744725760444,30293,273,1140,22,1.9298245614035088,0.407450603294495,1307|2670|2824|3936|4868|5033|5156|5650|5768|6662|7045|7101|10549|30008|55612|55959|57188|57326|64093|89932|151887|285590,COL16A1|GFAP|GPM6B|LCP1|NPHS1|P4HA1|PDGFRA|KLK7|QSOX1|SOX9|TGFBI|NR2E1|PRDX4|EFEMP2|FERMT1|SULF2|ADAMTSL3|PBXIP1|SMOC1|PAPLN|CCDC80|SH3PXD2B,-1.640336044467926,0,121,1,1,-3.146219243322255,2.141398367714157,
1,-3.1251902506784712,GO:0043062,M1,1,0,GO Biological Processes,19,extracellular structure organization,19_GO:0009987 cellular process,-3.1251902506784712,2.1335830452042517,3.727393864919355,30293,274,1140,22,1.9298245614035088,0.407450603294495,1307|2670|2824|3936|4868|5033|5156|5650|5768|6662|7045|7101|10549|30008|55612|55959|57188|57326|64093|89932|151887|285590,COL16A1|GFAP|GPM6B|LCP1|NPHS1|P4HA1|PDGFRA|KLK7|QSOX1|SOX9|TGFBI|NR2E1|PRDX4|EFEMP2|FERMT1|SULF2|ADAMTSL3|PBXIP1|SMOC1|PAPLN|CCDC80|SH3PXD2B,-1.6244050777610153,0,121,0,0,-3.146219243322255,2.141398367714157,
1,-3.104297067181453,GO:0045229,M1,1,0,GO Biological Processes,19,external encapsulating structure organization,19_GO:0009987 cellular process,-3.104297067181453,2.1258245614035087,3.7086936685953167,30293,275,1140,22,1.9298245614035088,0.407450603294495,1307|2670|2824|3936|4868|5033|5156|5650|5768|6662|7045|7101|10549|30008|55612|55959|57188|57326|64093|89932|151887|285590,COL16A1|GFAP|GPM6B|LCP1|NPHS1|P4HA1|PDGFRA|KLK7|QSOX1|SOX9|TGFBI|NR2E1|PRDX4|EFEMP2|FERMT1|SULF2|ADAMTSL3|PBXIP1|SMOC1|PAPLN|CCDC80|SH3PXD2B,-1.6098653228779802,0,121,0,0,-3.146219243322255,2.141398367714157,
1,-3.056674717959675,GO:0022411,M1,1,0,GO Biological Processes,19,cellular component disassembly,19_GO:0009987 cellular process,-3.056674717959675,1.9683560753736196,3.6084692625933403,30293,351,1140,26,2.280701754385965,0.4421524057977656,712|713|714|718|1524|3796|3936|4134|5650|8444|8673|10973|11145|27341|29082|51375|54463|54541|57326|80183|81551|81624|128077|132671|167410|285590,C1QA|C1QB|C1QC|C3|CX3CR1|KIF2A|LCP1|MAP4|KLK7|DYRK3|VAMP8|ASCC3|PLAAT3|RRP7A|CHMP4A|SNX7|RETREG1|DDIT4|PBXIP1|RUBCNL|STMN4|DIAPH3|LIX1L|SPATA18|LIX1|SH3PXD2B,-1.5702774275403208,0,122,1,1,-3.056674717959675,1.9683560753736196,
1,-3.036241391112781,GO:0033238,M1,1,0,GO Biological Processes,19,regulation of amine metabolic process,19_GO:0008152 metabolic process,-3.036241391112781,5.143123938879457,4.563885414131265,30293,31,1140,6,0.5263157894736842,0.21430133448577773,217|493|3689|4129|9056|23657,ALDH2|ATP2B4|ITGB2|MAOB|SLC7A7|SLC7A11,-1.5578592030409697,0,123,1,1,-3.036241391112781,9.964802631578948,
1,-2.587993942632076,GO:0000820,M1,1,0,GO Biological Processes,19,regulation of glutamine family amino acid metabolic process,19_GO:0008152 metabolic process,-2.587993942632076,9.964802631578948,5.014720249471465,30293,8,1140,3,0.2631578947368421,0.15173423614217976,493|9056|23657,ATP2B4|SLC7A7|SLC7A11,-1.2294005746837633,0,123,0,0,-3.036241391112781,9.964802631578948,
1,-3.0362222849713127,GO:0010829,M1,1,0,GO Biological Processes,19,negative regulation of glucose transmembrane transport,19_GO:0051179 localization,-3.0362222849713127,6.326858813700919,4.828753651551778,30293,21,1140,5,0.43859649122807015,0.19571569570288536,2171|2887|6814|8682|55022,FABP5|GRB10|STXBP3|PEA15|PID1,-1.5578592030409697,0,124,1,1,-3.0362222849713127,6.643201754385964,
1,-2.59749861500923,GO:0046325,M1,1,0,GO Biological Processes,19,negative regulation of glucose import,19_GO:0051179 localization,-2.59749861500923,6.643201754385964,4.4648196582584605,30293,16,1140,4,0.3508771929824561,0.17513053901652795,2887|6814|8682|55022,GRB10|STXBP3|PEA15|PID1,-1.2294005746837633,0,124,0,0,-3.0362222849713127,6.643201754385964,
1,-2.327854284341368,GO:0046626,M1,1,0,GO Biological Processes,19,regulation of insulin receptor signaling pathway,19_GO:0050896 response to stimulus,-2.327854284341368,3.0368922305764405,3.3738289423185615,30293,70,1140,8,0.7017543859649122,0.24723555672122605,2771|2887|5580|5588|23189|27131|55022|151176,GNAI2|GRB10|PRKCD|PRKCQ|KANK1|SNX5|PID1|ERFE,-1.0385549957173708,0,124,0,0,-3.0362222849713127,6.643201754385964,
1,-2.253231105092847,GO:1900076,M1,1,0,GO Biological Processes,19,regulation of cellular response to insulin stimulus,19_GO:0050896 response to stimulus,-2.253231105092847,2.9525341130604286,3.2800860446751714,30293,72,1140,8,0.7017543859649122,0.24723555672122605,2771|2887|5580|5588|23189|27131|55022|151176,GNAI2|GRB10|PRKCD|PRKCQ|KANK1|SNX5|PID1|ERFE,-0.989566174934241,0,124,0,0,-3.0362222849713127,6.643201754385964,
1,-2.0463356198543448,GO:0010827,M1,1,0,GO Biological Processes,19,regulation of glucose transmembrane transport,19_GO:0051179 localization,-2.0463356198543448,2.725416104363472,3.017203638318522,30293,78,1140,8,0.7017543859649122,0.24723555672122605,718|2171|2887|6814|7525|8682|55022|151176,C3|FABP5|GRB10|STXBP3|YES1|PEA15|PID1|ERFE,-0.8379195978899155,0,124,0,0,-3.0362222849713127,6.643201754385964,
1,-3.0279106894286656,GO:0040013,M1,1,0,GO Biological Processes,19,negative regulation of locomotion,19_GO:0040011 locomotion,-3.0279106894286656,1.8582382529750952,3.5402774502073275,30293,429,1140,30,2.6315789473684212,0.4740944155917378,199|348|393|493|613|1009|1524|1809|2247|2697|2768|3162|6091|6422|6480|7130|7474|8829|9104|9289|11188|23189|23671|54361|57413|57522|60672|84312|90865|161742,AIF1|APOE|ARHGAP4|ATP2B4|BCR|CDH11|CX3CR1|DPYSL3|FGF2|GJA1|GNA12|HMOX1|ROBO1|SFRP1|ST6GAL1|TNFAIP6|WNT5A|NRP1|RGN|ADGRG1|NISCH|KANK1|TMEFF2|WNT4|TMIGD3|SRGAP1|MIIP|BRMS1L|IL33|SPRED1,-1.5511356240313625,0,125,1,1,-3.0279106894286656,1.8582382529750952,
1,-2.660272726261491,GO:2000146,M1,1,0,GO Biological Processes,19,negative regulation of cell motility,19_GO:0040011 locomotion,-2.660272726261491,1.820979161100721,3.2435954783046395,30293,394,1140,27,2.3684210526315788,0.45037283480897017,199|348|393|493|613|1009|1524|1809|2247|2697|2768|3162|6091|6422|7130|9104|9289|11188|23189|23671|54361|57413|57522|60672|84312|90865|161742,AIF1|APOE|ARHGAP4|ATP2B4|BCR|CDH11|CX3CR1|DPYSL3|FGF2|GJA1|GNA12|HMOX1|ROBO1|SFRP1|TNFAIP6|RGN|ADGRG1|NISCH|KANK1|TMEFF2|WNT4|TMIGD3|SRGAP1|MIIP|BRMS1L|IL33|SPRED1,-1.2703459720625505,0,125,0,0,-3.0279106894286656,1.8582382529750952,
1,-2.5895412783297265,GO:0030336,M1,1,0,GO Biological Processes,19,negative regulation of cell migration,19_GO:0040011 locomotion,-2.5895412783297265,1.8229366291718745,3.188038277067535,30293,379,1140,26,2.280701754385965,0.4421524057977656,199|348|393|493|613|1009|1524|1809|2247|2697|2768|3162|6091|6422|7130|9289|11188|23189|23671|54361|57413|57522|60672|84312|90865|161742,AIF1|APOE|ARHGAP4|ATP2B4|BCR|CDH11|CX3CR1|DPYSL3|FGF2|GJA1|GNA12|HMOX1|ROBO1|SFRP1|TNFAIP6|ADGRG1|NISCH|KANK1|TMEFF2|WNT4|TMIGD3|SRGAP1|MIIP|BRMS1L|IL33|SPRED1,-1.2294005746837633,0,125,0,0,-3.0279106894286656,1.8582382529750952,
1,-3.0105170667364636,GO:0097402,M1,1,0,GO Biological Processes,19,neuroblast migration,19_GO:0009987 cellular process,-3.0105170667364636,13.286403508771931,5.9517823904580975,30293,6,1140,3,0.2631578947368421,0.15173423614217976,1910|2697|84750,EDNRB|GJA1|FUT10,-1.5397560665308998,0,126,1,1,-3.0105170667364636,13.286403508771931,
1,-2.4241833312057706,GO:0034635,M1,1,0,GO Biological Processes,19,glutathione transport,19_GO:0051179 localization,-2.4241833312057706,8.857602339181287,4.66207714291993,30293,9,1140,3,0.2631578947368421,0.15173423614217976,2697|4257|23657,GJA1|MGST1|SLC7A11,-1.111808523304576,0,126,0,0,-3.0105170667364636,13.286403508771931,
1,-3.0105170667364636,GO:2001188,M1,1,0,GO Biological Processes,19,regulation of T cell activation via T cell receptor contact with antigen bound to MHC molecule on antigen presenting cell,19_GO:0002376 immune system process,-3.0105170667364636,13.286403508771931,5.9517823904580975,30293,6,1140,3,0.2631578947368421,0.15173423614217976,975|3109|84868,CD81|HLA-DMB|HAVCR2,-1.5397560665308998,0,127,1,1,-3.0105170667364636,13.286403508771931,
1,-3.0105170667364636,GO:0036514,M1,1,0,GO Biological Processes,19,dopaminergic neuron axon guidance,19_GO:0032502 developmental process,-3.0105170667364636,13.286403508771931,5.9517823904580975,30293,6,1140,3,0.2631578947368421,0.15173423614217976,7474|7477|57216,WNT5A|WNT7B|VANGL2,-1.5397560665308998,0,128,1,1,-3.0105170667364636,13.286403508771931,
1,-2.4241833312057706,GO:0048819,M1,1,0,GO Biological Processes,19,regulation of hair follicle maturation,19_GO:0032502 developmental process,-2.4241833312057706,8.857602339181287,4.66207714291993,30293,9,1140,3,0.2631578947368421,0.15173423614217976,7474|51083|55612,WNT5A|GAL|FERMT1,-1.111808523304576,0,128,0,0,-3.0105170667364636,13.286403508771931,
1,-2.042732788166127,GO:0007494,M1,1,0,GO Biological Processes,19,midgut development,19_GO:0032502 developmental process,-2.042732788166127,6.643201754385966,3.866391854550837,30293,12,1140,3,0.2631578947368421,0.15173423614217976,445|1910|7474,ASS1|EDNRB|WNT5A,-0.8379195978899155,0,128,0,0,-3.0105170667364636,13.286403508771931,
1,-3.0029282811788827,GO:0072132,M1,1,0,GO Biological Processes,19,mesenchyme morphogenesis,19_GO:0032502 developmental process,-3.0029282811788827,3.865135566188197,4.205568998555396,30293,55,1140,8,0.7017543859649122,0.24723555672122605,70|187|655|4087|6091|6662|7474|26508,ACTC1|APLNR|BMP7|SMAD2|ROBO1|SOX9|WNT5A|HEYL,-1.534719459612391,0,129,1,1,-3.0029282811788827,5.59427516158818,
1,-2.5593913229491143,GO:0003180,M1,1,0,GO Biological Processes,19,aortic valve morphogenesis,19_GO:0032502 developmental process,-2.5593913229491143,4.195706371191136,3.897937412972822,30293,38,1140,6,0.5263157894736842,0.21430133448577773,1009|4087|4772|6091|6662|26508,CDH11|SMAD2|NFATC1|ROBO1|SOX9|HEYL,-1.2066890028823376,0,129,0,0,-3.0029282811788827,5.59427516158818,
1,-2.4439053388069882,GO:0003203,M1,1,0,GO Biological Processes,19,endocardial cushion morphogenesis,19_GO:0032502 developmental process,-2.4439053388069882,3.9859210526315794,3.7367914987609074,30293,40,1140,6,0.5263157894736842,0.21430133448577773,187|655|4087|6091|6662|26508,APLNR|BMP7|SMAD2|ROBO1|SOX9|HEYL,-1.122551000506966,0,129,0,0,-3.0029282811788827,5.59427516158818,
1,-2.3081884204443393,GO:0003184,M1,1,0,GO Biological Processes,19,pulmonary valve morphogenesis,19_GO:0032502 developmental process,-2.3081884204443393,5.59427516158818,3.961262960547308,30293,19,1140,4,0.3508771929824561,0.17513053901652795,4087|4772|6091|26508,SMAD2|NFATC1|ROBO1|HEYL,-1.0250257005864551,0,129,0,0,-3.0029282811788827,5.59427516158818,
1,-2.2843561558649914,GO:0003176,M1,1,0,GO Biological Processes,19,aortic valve development,19_GO:0032502 developmental process,-2.2843561558649914,3.7078335373317017,3.513729092997357,30293,43,1140,6,0.5263157894736842,0.21430133448577773,1009|4087|4772|6091|6662|26508,CDH11|SMAD2|NFATC1|ROBO1|SOX9|HEYL,-1.0071484785190825,0,129,0,0,-3.0029282811788827,5.59427516158818,
1,-2.093532554159584,GO:1905314,M1,1,0,GO Biological Processes,19,semi-lunar valve development,19_GO:0032502 developmental process,-2.093532554159584,3.392273236282195,3.2456412182874392,30293,47,1140,6,0.5263157894736842,0.21430133448577773,1009|4087|4772|6091|6662|26508,CDH11|SMAD2|NFATC1|ROBO1|SOX9|HEYL,-0.8702962810565865,0,129,0,0,-3.0029282811788827,5.59427516158818,
1,-2.001125604706132,GO:0003177,M1,1,0,GO Biological Processes,19,pulmonary valve development,19_GO:0032502 developmental process,-2.001125604706132,4.62135774218154,3.4356104135219923,30293,23,1140,4,0.3508771929824561,0.17513053901652795,4087|4772|6091|26508,SMAD2|NFATC1|ROBO1|HEYL,-0.8086239485793028,0,129,0,0,-3.0029282811788827,5.59427516158818,
1,-2.964097635735887,GO:1900272,M1,1,0,GO Biological Processes,19,negative regulation of long-term synaptic potentiation,19_GO:0048519 negative regulation of biological process,-2.964097635735887,8.176248313090417,5.117595690092836,30293,13,1140,4,0.3508771929824561,0.17513053901652795,348|1524|5764|11170,APOE|CX3CR1|PTN|FAM107A,-1.5001093962875067,0,130,1,1,-2.964097635735887,8.176248313090417,
1,-2.139113507730204,GO:1900271,M1,1,0,GO Biological Processes,19,regulation of long-term synaptic potentiation,19_GO:0048518 positive regulation of biological process,-2.139113507730204,3.4660183066361556,3.3098539636574653,30293,46,1140,6,0.5263157894736842,0.21430133448577773,348|1524|5764|10590|11170|152404,APOE|CX3CR1|PTN|SCGN|FAM107A|IGSF11,-0.90775043228342,0,130,0,0,-2.964097635735887,8.176248313090417,
1,-2.9388814411732938,GO:0051651,M1,1,0,GO Biological Processes,19,maintenance of location in cell,19_GO:0051179 localization,-2.9388814411732938,2.9826620121732903,3.8874872699629988,30293,98,1140,11,0.9649122807017544,0.2895249775013002,288|348|2495|2512|3638|7114|7184|9168|11079|56898|85477,ANK3|APOE|FTH1|FTL|INSIG1|TMSB4X|HSP90B1|TMSB10|RER1|BDH2|SCIN,-1.482971772759738,0,131,1,1,-2.9388814411732938,7.247129186602871,
1,-2.155465578293214,GO:0042989,M1,1,0,GO Biological Processes,19,sequestering of actin monomers,19_GO:0051179 localization,-2.155465578293214,7.247129186602871,4.097880837925802,30293,11,1140,3,0.2631578947368421,0.15173423614217976,7114|9168|85477,TMSB4X|TMSB10|SCIN,-0.9190010394564615,0,131,0,0,-2.9388814411732938,7.247129186602871,
1,-2.9378166327682482,GO:0023019,M1,1,0,GO Biological Processes,19,signal transduction involved in regulation of gene expression,19_GO:0050896 response to stimulus,-2.9378166327682482,6.039274322169058,4.675636394084351,30293,22,1140,5,0.43859649122807015,0.19571569570288536,4087|5028|5080|5156|10758,SMAD2|P2RY1|PAX6|PDGFRA|TRAF3IP2,-1.482971772759738,0,132,1,1,-2.9378166327682482,6.039274322169058,
1,-2.924787743532363,GO:1905145,M1,1,0,GO Biological Processes,19,cellular response to acetylcholine,19_GO:0050896 response to stimulus,-2.924787743532363,4.227492025518341,4.236534804300006,30293,44,1140,7,0.6140350877192983,0.23136981425843328,493|1137|2771|4062|4988|6001|116372,ATP2B4|CHRNA4|GNAI2|LY6H|OPRM1|RGS10|LYPD1,-1.474850218018597,0,133,1,1,-2.924787743532363,4.227492025518341,
1,-2.8079450155453127,GO:1905144,M1,1,0,GO Biological Processes,19,response to acetylcholine,19_GO:0050896 response to stimulus,-2.8079450155453127,4.043688024408849,4.085193870871277,30293,46,1140,7,0.6140350877192983,0.23136981425843328,493|1137|2771|4062|4988|6001|116372,ATP2B4|CHRNA4|GNAI2|LY6H|OPRM1|RGS10|LYPD1,-1.3845660434620934,0,133,0,0,-2.924787743532363,4.227492025518341,
1,-2.3358414008575954,GO:0095500,M1,1,0,GO Biological Processes,19,acetylcholine receptor signaling pathway,19_GO:0050896 response to stimulus,-2.3358414008575954,3.7961152882205518,3.5857881273096073,30293,42,1140,6,0.5263157894736842,0.21430133448577773,1137|2771|4062|4988|6001|116372,CHRNA4|GNAI2|LY6H|OPRM1|RGS10|LYPD1,-1.0448533434877547,0,133,0,0,-2.924787743532363,4.227492025518341,
1,-2.093532554159584,GO:0098926,M1,1,0,GO Biological Processes,19,postsynaptic signal transduction,19_GO:0050896 response to stimulus,-2.093532554159584,3.392273236282195,3.2456412182874392,30293,47,1140,6,0.5263157894736842,0.21430133448577773,1137|2771|4062|4988|6001|116372,CHRNA4|GNAI2|LY6H|OPRM1|RGS10|LYPD1,-0.8702962810565865,0,133,0,0,-2.924787743532363,4.227492025518341,
1,-2.924787743532363,GO:0045761,M1,1,0,GO Biological Processes,19,regulation of adenylate cyclase activity,19_GO:0065007 biological regulation,-2.924787743532363,4.227492025518341,4.236534804300006,30293,44,1140,7,0.6140350877192983,0.23136981425843328,136|154|1910|2771|2913|55366|57413,ADORA2B|ADRB2|EDNRB|GNAI2|GRM3|LGR4|TMIGD3,-1.474850218018597,0,134,1,1,-2.924787743532363,9.964802631578948,
1,-2.8488756752957087,GO:0051339,M1,1,0,GO Biological Processes,19,regulation of lyase activity,19_GO:0065007 biological regulation,-2.8488756752957087,3.6652147610405317,4.017593508444223,30293,58,1140,8,0.7017543859649122,0.24723555672122605,136|154|1910|2771|2913|29085|55366|57413,ADORA2B|ADRB2|EDNRB|GNAI2|GRM3|PHPT1|LGR4|TMIGD3,-1.4133359704825852,0,134,0,0,-2.924787743532363,9.964802631578948,
1,-2.587993942632076,GO:0001973,M1,1,0,GO Biological Processes,19,G protein-coupled adenosine receptor signaling pathway,19_GO:0050896 response to stimulus,-2.587993942632076,9.964802631578948,5.014720249471465,30293,8,1140,3,0.2631578947368421,0.15173423614217976,136|2771|5028,ADORA2B|GNAI2|P2RY1,-1.2294005746837633,0,134,0,0,-2.924787743532363,9.964802631578948,
1,-2.587993942632076,GO:0035588,M1,1,0,GO Biological Processes,19,G protein-coupled purinergic receptor signaling pathway,19_GO:0050896 response to stimulus,-2.587993942632076,9.964802631578948,5.014720249471465,30293,8,1140,3,0.2631578947368421,0.15173423614217976,136|2771|5028,ADORA2B|GNAI2|P2RY1,-1.2294005746837633,0,134,0,0,-2.924787743532363,9.964802631578948,
1,-2.4010142617066728,GO:0031279,M1,1,0,GO Biological Processes,19,regulation of cyclase activity,19_GO:0065007 biological regulation,-2.4010142617066728,3.4446231319038336,3.5554932439097655,30293,54,1140,7,0.6140350877192983,0.23136981425843328,136|154|1910|2771|2913|55366|57413,ADORA2B|ADRB2|EDNRB|GNAI2|GRM3|LGR4|TMIGD3,-1.0931285158624129,0,134,0,0,-2.924787743532363,9.964802631578948,
1,-2.3978684709320666,GO:0051350,M1,1,0,GO Biological Processes,19,negative regulation of lyase activity,19_GO:0065007 biological regulation,-2.3978684709320666,5.905068226120857,4.116366191225837,30293,18,1140,4,0.3508771929824561,0.17513053901652795,1910|2771|2913|29085,EDNRB|GNAI2|GRM3|PHPT1,-1.0931285158624129,0,134,0,0,-2.924787743532363,9.964802631578948,
1,-2.8989979537778634,GO:0032835,M1,1,0,GO Biological Processes,19,glomerulus development,19_GO:0032502 developmental process,-2.8989979537778634,3.72951677439212,4.078831837643089,30293,57,1140,8,0.7017543859649122,0.24723555672122605,358|1910|4868|5156|25937|26508|55366|55959,AQP1|EDNRB|NPHS1|PDGFRA|WWTR1|HEYL|LGR4|SULF2,-1.4547164363421103,0,135,1,1,-2.8989979537778634,7.247129186602871,
1,-2.155465578293214,GO:0072224,M1,1,0,GO Biological Processes,19,metanephric glomerulus development,19_GO:0032502 developmental process,-2.155465578293214,7.247129186602871,4.097880837925802,30293,11,1140,3,0.2631578947368421,0.15173423614217976,358|5156|55366,AQP1|PDGFRA|LGR4,-0.9190010394564615,0,135,0,0,-2.8989979537778634,7.247129186602871,
1,-2.841464253936676,GO:0005975,M1,1,0,GO Biological Processes,19,carbohydrate metabolic process,19_GO:0008152 metabolic process,-2.841464253936676,1.8076739467716911,3.3786517185181464,30293,441,1140,30,2.6315789473684212,0.4740944155917378,217|2023|2171|3175|3418|3784|4166|4199|4351|5836|5950|6518|6576|8574|8704|8908|9104|9469|9761|51071|55277|55556|55577|66005|83539|84750|92126|113189|115209|130589,ALDH2|ENO1|FABP5|ONECUT1|IDH2|KCNQ1|CHST6|ME1|MPI|PYGL|RBP4|SLC2A5|SLC25A1|AKR7A2|B4GALT2|GYG2|RGN|CHST3|MLEC|DERA|FGGY|ENOSF1|NAGK|CHID1|CHST9|FUT10|DSEL|CHST14|OMA1|GALM,-1.4082784545170297,0,136,1,1,-2.841464253936676,1.8076739467716911,
1,-2.819280648882606,GO:0016311,M1,1,0,GO Biological Processes,19,dephosphorylation,19_GO:0008152 metabolic process,-2.819280648882606,2.2041959738054815,3.520398060893619,30293,217,1140,18,1.5789473684210527,0.3692116566580194,2053|5475|5786|5788|5792|5803|7803|8613|8897|29085|30833|54886|58190|64759|79948|118924|150290|196051,EPHX2|PPEF1|PTPRA|PTPRC|PTPRF|PTPRZ1|PTP4A1|PLPP3|MTMR3|PHPT1|NT5C|PLPPR1|CTDSP1|TNS3|PLPPR3|FRA10AC1|DUSP18|PLPP4,-1.3923102611916296,0,137,1,1,-2.819280648882606,3.7961152882205518,
1,-2.3358414008575954,GO:0046839,M1,1,0,GO Biological Processes,19,phospholipid dephosphorylation,19_GO:0008152 metabolic process,-2.3358414008575954,3.7961152882205518,3.5857881273096073,30293,42,1140,6,0.5263157894736842,0.21430133448577773,2053|8613|8897|54886|79948|196051,EPHX2|PLPP3|MTMR3|PLPPR1|PLPPR3|PLPP4,-1.0448533434877547,0,137,0,0,-2.819280648882606,3.7961152882205518,
1,-2.7798086884315523,GO:0006880,M1,1,0,GO Biological Processes,19,intracellular sequestering of iron ion,19_GO:0042592 homeostatic process,-2.7798086884315523,11.388345864661655,5.435621838541554,30293,7,1140,3,0.2631578947368421,0.15173423614217976,2495|2512|56898,FTH1|FTL|BDH2,-1.3635057190449613,0,138,1,1,-2.7798086884315523,11.388345864661655,
1,-2.587993942632076,GO:0097577,M1,1,0,GO Biological Processes,19,sequestering of iron ion,19_GO:0042592 homeostatic process,-2.587993942632076,9.964802631578948,5.014720249471465,30293,8,1140,3,0.2631578947368421,0.15173423614217976,2495|2512|56898,FTH1|FTL|BDH2,-1.2294005746837633,0,138,0,0,-2.7798086884315523,11.388345864661655,
1,-2.2815372740694615,GO:0051238,M1,1,0,GO Biological Processes,19,sequestering of metal ion,19_GO:0051179 localization,-2.2815372740694615,7.971842105263159,4.360365231488356,30293,10,1140,3,0.2631578947368421,0.15173423614217976,2495|2512|56898,FTH1|FTL|BDH2,-1.0071484785190825,0,138,0,0,-2.7798086884315523,11.388345864661655,
1,-2.7798086884315523,GO:0016198,M1,1,0,GO Biological Processes,19,axon choice point recognition,19_GO:0032502 developmental process,-2.7798086884315523,11.388345864661655,5.435621838541554,30293,7,1140,3,0.2631578947368421,0.15173423614217976,2596|6091|64221,GAP43|ROBO1|ROBO3,-1.3635057190449613,0,139,1,1,-2.7798086884315523,11.388345864661655,
1,-2.7798086884315523,GO:0060710,M1,1,0,GO Biological Processes,19,chorio-allantoic fusion,19_GO:0032502 developmental process,-2.7798086884315523,11.388345864661655,5.435621838541554,30293,7,1140,3,0.2631578947368421,0.15173423614217976,655|677|7477,BMP7|ZFP36L1|WNT7B,-1.3635057190449613,0,140,1,1,-2.7798086884315523,11.388345864661655,
1,-2.7798086884315523,GO:0021553,M1,1,0,GO Biological Processes,19,olfactory nerve development,19_GO:0032502 developmental process,-2.7798086884315523,11.388345864661655,5.435621838541554,30293,7,1140,3,0.2631578947368421,0.15173423614217976,5361|6299|55636,PLXNA1|SALL1|CHD7,-1.3635057190449613,0,141,1,1,-2.7798086884315523,11.388345864661655,
1,-2.7785245297961825,GO:0009895,M1,1,0,GO Biological Processes,19,negative regulation of catabolic process,19_GO:0048519 negative regulation of biological process,-2.7785245297961825,1.9089660213752777,3.3724839041184915,30293,348,1140,25,2.192982456140351,0.4337606599742675,238|493|1595|3162|4504|4983|5245|5768|5987|7077|7079|7248|9104|9491|10758|11180|26471|51538|51582|54541|55170|64121|81892|92196|151176,ALK|ATP2B4|CYP51A1|HMOX1|MT3|OPHN1|PHB1|QSOX1|TRIM27|TIMP2|TIMP4|TSC1|RGN|PSMF1|TRAF3IP2|WDR6|NUPR1|ZCCHC17|AZIN1|DDIT4|PRMT6|RRAGC|SLIRP|DAPL1|ERFE,-1.362973585674389,0,142,1,1,-2.7785245297961825,2.834432748538011,
1,-2.7312335385988047,GO:0031330,M1,1,0,GO Biological Processes,19,negative regulation of cellular catabolic process,19_GO:0048519 negative regulation of biological process,-2.7312335385988047,2.164301024053346,3.4352237791987648,30293,221,1140,18,1.5789473684210527,0.3692116566580194,493|3162|4504|5768|5987|7077|7079|7248|9104|10758|11180|26471|51538|54541|64121|81892|92196|151176,ATP2B4|HMOX1|MT3|QSOX1|TRIM27|TIMP2|TIMP4|TSC1|RGN|TRAF3IP2|WDR6|NUPR1|ZCCHC17|DDIT4|RRAGC|SLIRP|DAPL1|ERFE,-1.3290010157967187,0,142,0,0,-2.7785245297961825,2.834432748538011,
1,-2.6788715277664976,GO:0031329,M1,1,0,GO Biological Processes,19,regulation of cellular catabolic process,19_GO:0008152 metabolic process,-2.6788715277664976,1.56110999081356,3.145712668063892,30293,783,1140,46,4.035087719298246,0.5828144351451007,154|348|493|677|678|2670|3162|3949|4504|5436|5580|5768|5987|6720|7077|7079|7248|7345|7805|8897|8992|9104|9939|10247|10346|10715|10758|11180|23034|26137|26353|26471|27131|51100|51375|51538|54541|55332|64121|79443|81892|92196|112574|151176|340719|400410,ADRB2|APOE|ATP2B4|ZFP36L1|ZFP36L2|GFAP|HMOX1|LDLR|MT3|POLR2G|PRKCD|QSOX1|TRIM27|SREBF1|TIMP2|TIMP4|TSC1|UCHL1|LAPTM5|MTMR3|ATP6V0E1|RGN|RBM8A|RIDA|TRIM22|CERS1|TRAF3IP2|WDR6|SAMD4A|ZBTB20|HSPB8|NUPR1|SNX5|SH3GLB1|SNX7|ZCCHC17|DDIT4|DRAM1|RRAGC|FYCO1|SLIRP|DAPL1|SNX18|ERFE|NANOS1|ST20,-1.2860100378570505,0,142,0,0,-2.7785245297961825,2.834432748538011,
1,-2.549569883406236,GO:0016241,M1,1,0,GO Biological Processes,19,regulation of macroautophagy,19_GO:0008152 metabolic process,-2.549569883406236,2.3397440141233585,3.349398094801459,30293,159,1140,14,1.2280701754385965,0.32619397574769193,154|3162|5768|7248|7345|8992|10715|26353|26471|27131|51100|51375|79443|112574,ADRB2|HMOX1|QSOX1|TSC1|UCHL1|ATP6V0E1|CERS1|HSPB8|NUPR1|SNX5|SH3GLB1|SNX7|FYCO1|SNX18,-1.2001061650878906,0,142,0,0,-2.7785245297961825,2.834432748538011,
1,-2.355651215144934,GO:0010506,M1,1,0,GO Biological Processes,19,regulation of autophagy,19_GO:0008152 metabolic process,-2.355651215144934,1.7964714603409935,2.9850236506644183,30293,355,1140,24,2.1052631578947367,0.42518745383600876,154|2670|3162|5768|5987|6720|7248|7345|8897|8992|10346|10715|11180|26353|26471|27131|51100|51375|55332|64121|79443|92196|112574|151176,ADRB2|GFAP|HMOX1|QSOX1|TRIM27|SREBF1|TSC1|UCHL1|MTMR3|ATP6V0E1|TRIM22|CERS1|WDR6|HSPB8|NUPR1|SNX5|SH3GLB1|SNX7|DRAM1|RRAGC|FYCO1|DAPL1|SNX18|ERFE,-1.061833867756229,0,142,0,0,-2.7785245297961825,2.834432748538011,
1,-2.168502444999347,GO:0010507,M1,1,0,GO Biological Processes,19,negative regulation of autophagy,19_GO:0048519 negative regulation of biological process,-2.168502444999347,2.6572807017543862,3.1136304086591484,30293,90,1140,9,0.7894736842105263,0.2621170552142749,3162|5768|5987|7248|11180|26471|64121|92196|151176,HMOX1|QSOX1|TRIM27|TSC1|WDR6|NUPR1|RRAGC|DAPL1|ERFE,-0.927034458172234,0,142,0,0,-2.7785245297961825,2.834432748538011,
1,-2.146752742984747,GO:0016239,M1,1,0,GO Biological Processes,19,positive regulation of macroautophagy,19_GO:0048518 positive regulation of biological process,-2.146752742984747,2.834432748538011,3.1453888401141015,30293,75,1140,8,0.7017543859649122,0.24723555672122605,154|3162|10715|26353|51100|51375|79443|112574,ADRB2|HMOX1|CERS1|HSPB8|SH3GLB1|SNX7|FYCO1|SNX18,-0.9119267960123998,0,142,0,0,-2.7785245297961825,2.834432748538011,
1,-2.7569980994353886,GO:0018279,M1,1,0,GO Biological Processes,19,protein N-linked glycosylation via asparagine,19_GO:0008152 metabolic process,-2.7569980994353886,5.536001461988303,4.39596821364552,30293,24,1140,5,0.43859649122807015,0.19571569570288536,1603|6480|29880|84061|100128731,DAD1|ST6GAL1|ALG5|MAGT1|OST4,-1.3488966429692046,0,143,1,1,-2.7569980994353886,5.536001461988303,
1,-2.6921152373999284,GO:0009100,M1,1,0,GO Biological Processes,19,glycoprotein metabolic process,19_GO:0008152 metabolic process,-2.6921152373999284,1.9094232587456668,3.3048397648127525,30293,334,1140,24,2.1052631578947367,0.42518745383600876,175|1603|6448|6480|8704|9469|9761|11061|22845|26232|29071|29880|55959|57171|64131|83539|83857|84002|84061|84750|92126|113189|727936|100128731,AGA|DAD1|SGSH|ST6GAL1|B4GALT2|CHST3|MLEC|CNMD|DOLK|FBXO2|C1GALT1C1|ALG5|SULF2|DOLPP1|XYLT1|CHST9|TMTC1|B3GNT5|MAGT1|FUT10|DSEL|CHST14|GXYLT2|OST4,-1.2971090790238922,0,143,0,0,-2.7569980994353886,5.536001461988303,
1,-2.253231105092847,GO:0006487,M1,1,0,GO Biological Processes,19,protein N-linked glycosylation,19_GO:0008152 metabolic process,-2.253231105092847,2.9525341130604286,3.2800860446751714,30293,72,1140,8,0.7017543859649122,0.24723555672122605,1603|6480|9761|22845|29880|57171|84061|100128731,DAD1|ST6GAL1|MLEC|DOLK|ALG5|DOLPP1|MAGT1|OST4,-0.989566174934241,0,143,0,0,-2.7569980994353886,5.536001461988303,
1,-2.042218104970953,GO:0009101,M1,1,0,GO Biological Processes,19,glycoprotein biosynthetic process,19_GO:0008152 metabolic process,-2.042218104970953,1.8226835138387485,2.720013402495722,30293,277,1140,19,1.6666666666666667,0.3791598386378328,1603|6480|8704|9469|9761|22845|29071|29880|57171|64131|83539|83857|84002|84061|84750|92126|113189|727936|100128731,DAD1|ST6GAL1|B4GALT2|CHST3|MLEC|DOLK|C1GALT1C1|ALG5|DOLPP1|XYLT1|CHST9|TMTC1|B3GNT5|MAGT1|FUT10|DSEL|CHST14|GXYLT2|OST4,-0.8378671760283292,0,143,0,0,-2.7569980994353886,5.536001461988303,
1,-2.7109307480307256,GO:0007005,M1,1,0,GO Biological Processes,19,mitochondrion organization,19_GO:0009987 cellular process,-2.7109307480307256,1.7921195430436556,3.271395201753434,30293,430,1140,29,2.543859649122807,0.4663357940423699,597|1050|1191|2139|3028|3155|4082|4718|5245|8934|10449|23787|26519|26521|51375|54463|55022|64645|79017|81892|84303|84334|92667|115209|132671|282991|284184|440574|440957,BCL2A1|CEBPA|CLU|EYA2|HSD17B10|HMGCL|MARCKS|NDUFC2|PHB1|RAB29|ACAA2|MTCH1|TIMM10|TIMM8B|SNX7|RETREG1|PID1|MFSD14A|GGCT|SLIRP|CHCHD6|COA8|MGME1|OMA1|SPATA18|BLOC1S2|NDUFAF8|MICOS10|UQCC5,-1.3116032158720468,0,144,1,1,-2.7109307480307256,1.7921195430436556,
1,-2.7053508972209257,GO:0045428,M1,1,0,GO Biological Processes,19,regulation of nitric oxide biosynthetic process,19_GO:0008152 metabolic process,-2.7053508972209257,3.484958297382801,3.841716883807194,30293,61,1140,8,0.7017543859649122,0.24723555672122605,445|493|1191|1524|7099|9104|23564|23576,ASS1|ATP2B4|CLU|CX3CR1|TLR4|RGN|DDAH2|DDAH1,-1.3067465866813428,0,145,1,1,-2.7053508972209257,3.484958297382801,
1,-2.614973745174402,GO:0080164,M1,1,0,GO Biological Processes,19,regulation of nitric oxide metabolic process,19_GO:0008152 metabolic process,-2.614973745174402,3.3743247006404897,3.730491761035772,30293,63,1140,8,0.7017543859649122,0.24723555672122605,445|493|1191|1524|7099|9104|23564|23576,ASS1|ATP2B4|CLU|CX3CR1|TLR4|RGN|DDAH2|DDAH1,-1.2340692958425095,0,145,0,0,-2.7053508972209257,3.484958297382801,
1,-2.702361694632374,GO:0007589,M1,1,0,GO Biological Processes,19,body fluid secretion,19_GO:0051179 localization,-2.702361694632374,3.1887368421052633,3.75289224562261,30293,75,1140,9,0.7894736842105263,0.2621170552142749,358|780|2697|5021|6776|7372|8673|8862|10758,AQP1|DDR1|GJA1|OXTR|STAT5A|UMPS|VAMP8|APLN|TRAF3IP2,-1.305200224230203,0,146,1,1,-2.702361694632374,3.8887034659820285,
1,-2.3889947821308515,GO:0007595,M1,1,0,GO Biological Processes,19,lactation,19_GO:0051179 localization,-2.3889947821308515,3.8887034659820285,3.660097195582358,30293,41,1140,6,0.5263157894736842,0.21430133448577773,780|2697|5021|6776|7372|8862,DDR1|GJA1|OXTR|STAT5A|UMPS|APLN,-1.0883109757892295,0,146,0,0,-2.702361694632374,3.8887034659820285,
1,-2.702361694632374,GO:1902893,M1,1,0,GO Biological Processes,19,regulation of miRNA transcription,19_GO:0008152 metabolic process,-2.702361694632374,3.1887368421052633,3.75289224562261,30293,75,1140,9,0.7894736842105263,0.2621170552142749,2247|3725|4613|5080|6662|6720|7003|8862|11006,FGF2|JUN|MYCN|PAX6|SOX9|SREBF1|TEAD1|APLN|LILRB4,-1.305200224230203,0,147,1,1,-2.702361694632374,3.3216008771929824,
1,-2.311986632930239,GO:1902895,M1,1,0,GO Biological Processes,19,positive regulation of miRNA transcription,19_GO:0048518 positive regulation of biological process,-2.311986632930239,3.3216008771929824,3.4386422593937507,30293,56,1140,7,0.6140350877192983,0.23136981425843328,2247|3725|4613|5080|6720|7003|8862,FGF2|JUN|MYCN|PAX6|SREBF1|TEAD1|APLN,-1.0271588842652168,0,147,0,0,-2.702361694632374,3.3216008771929824,
1,-2.1072542405932015,GO:2000628,M1,1,0,GO Biological Processes,19,regulation of miRNA metabolic process,19_GO:0008152 metabolic process,-2.1072542405932015,2.599513729977117,3.0384073487809604,30293,92,1140,9,0.7894736842105263,0.2621170552142749,2247|3725|4613|5080|6662|6720|7003|8862|11006,FGF2|JUN|MYCN|PAX6|SOX9|SREBF1|TEAD1|APLN|LILRB4,-0.8806269169394255,0,147,0,0,-2.702361694632374,3.3216008771929824,
1,-2.6736142352734737,GO:0016601,M1,1,0,GO Biological Processes,19,Rac protein signal transduction,19_GO:0050896 response to stimulus,-2.6736142352734737,5.314561403508772,4.26765761104595,30293,25,1140,5,0.43859649122807015,0.19571569570288536,199|2059|10160|11188|28988,AIF1|EPS8|FARP1|NISCH|DBNL,-1.2821766629737055,0,148,1,1,-2.6736142352734737,6.2524251805985545,
1,-2.597549775631393,GO:0099173,M1,1,0,GO Biological Processes,19,postsynapse organization,19_GO:0009987 cellular process,-2.597549775631393,2.7064896036387265,3.513133940561075,30293,108,1140,11,0.9649122807017544,0.2895249775013002,71|348|1501|4983|7430|7474|8829|10160|11079|28988|66000,ACTG1|APOE|CTNND2|OPHN1|EZR|WNT5A|NRP1|FARP1|RER1|DBNL|TMEM108,-1.2294005746837633,0,148,0,0,-2.6736142352734737,6.2524251805985545,
1,-2.494012171742162,GO:0098974,M1,1,0,GO Biological Processes,19,postsynaptic actin cytoskeleton organization,19_GO:0009987 cellular process,-2.494012171742162,6.2524251805985545,4.283609376667902,30293,17,1140,4,0.3508771929824561,0.17513053901652795,71|7430|10160|28988,ACTG1|EZR|FARP1|DBNL,-1.162251407166498,0,148,0,0,-2.6736142352734737,6.2524251805985545,
1,-2.2242421013096756,GO:0099188,M1,1,0,GO Biological Processes,19,postsynaptic cytoskeleton organization,19_GO:0009987 cellular process,-2.2242421013096756,5.314561403508771,3.8167937723001577,30293,20,1140,4,0.3508771929824561,0.17513053901652795,71|7430|10160|28988,ACTG1|EZR|FARP1|DBNL,-0.9700073373976296,0,148,0,0,-2.6736142352734737,6.2524251805985545,
1,-2.6618395163947133,GO:0008277,M1,1,0,GO Biological Processes,19,regulation of G protein-coupled receptor signaling pathway,19_GO:0050896 response to stimulus,-2.6618395163947133,2.5032354436816684,3.499948527254089,30293,138,1140,13,1.1403508771929824,0.31446792656606076,154|408|493|718|2771|5245|6001|6993|8862|9501|54550|64407|115207,ADRB2|ARRB1|ATP2B4|C3|GNAI2|PHB1|RGS10|DYNLT1|APLN|RPH3AL|NECAB2|RGS18|KCTD12,-1.271112155997952,0,149,1,1,-2.6618395163947133,2.5032354436816684,
1,-2.6065837089801005,GO:0044000,M1,1,0,GO Biological Processes,19,movement in host,19_GO:0044419 biological process involved in interspecies interaction between organisms,-2.6065837089801005,2.4674749373433587,3.4414718393479293,30293,140,1140,13,1.1403508771929824,0.31446792656606076,975|1642|1948|3949|5245|6404|6609|6993|7852|8673|8829|29082|55223,CD81|DDB1|EFNB2|LDLR|PHB1|SELPLG|SMPD1|DYNLT1|CXCR4|VAMP8|NRP1|CHMP4A|TRIM62,-1.2294005746837633,0,150,1,1,-2.6065837089801005,2.4674749373433587,
1,-2.5082392186020144,GO:0019058,M1,1,0,GO Biological Processes,19,viral life cycle,19_GO:0016032 viral process,-2.5082392186020144,2.23928149024246,3.2791652574358996,30293,178,1140,15,1.3157894736842106,0.3374928789753796,348|975|1642|1948|3949|5125|5245|6404|6609|6993|7852|8673|8829|29082|55223,APOE|CD81|DDB1|EFNB2|LDLR|PCSK5|PHB1|SELPLG|SMPD1|DYNLT1|CXCR4|VAMP8|NRP1|CHMP4A|TRIM62,-1.1696095267969473,0,150,0,0,-2.6065837089801005,2.4674749373433587,
1,-2.2211052822642783,GO:0016032,M1,1,0,GO Biological Processes,19,viral process,19_GO:0016032 viral process,-2.2211052822642783,1.9364798636266782,2.922323982160643,30293,247,1140,18,1.5789473684210527,0.3692116566580194,348|975|1452|1642|1948|3725|3949|5125|5245|6404|6480|6609|6993|7852|8673|8829|29082|55223,APOE|CD81|CSNK1A1|DDB1|EFNB2|JUN|LDLR|PCSK5|PHB1|SELPLG|ST6GAL1|SMPD1|DYNLT1|CXCR4|VAMP8|NRP1|CHMP4A|TRIM62,-0.968422495519868,0,150,0,0,-2.6065837089801005,2.4674749373433587,
1,-2.1835789651846644,GO:0051701,M1,1,0,GO Biological Processes,19,biological process involved in interaction with host,19_GO:0044419 biological process involved in interspecies interaction between organisms,-2.1835789651846644,2.200296122471785,2.981742936788828,30293,157,1140,13,1.1403508771929824,0.31446792656606076,975|1642|1948|3949|5245|6404|6609|6993|7852|8673|8829|29082|55223,CD81|DDB1|EFNB2|LDLR|PHB1|SELPLG|SMPD1|DYNLT1|CXCR4|VAMP8|NRP1|CHMP4A|TRIM62,-0.9390810045655401,0,150,0,0,-2.6065837089801005,2.4674749373433587,
1,-2.0645799416476533,GO:0046718,M1,1,0,GO Biological Processes,19,viral entry into host cell,19_GO:0016032 viral process,-2.0645799416476533,2.4157097288676233,2.9414680178538575,30293,110,1140,10,0.8771929824561403,0.2761734623942493,975|1948|3949|5245|6404|6609|6993|7852|8673|8829,CD81|EFNB2|LDLR|PHB1|SELPLG|SMPD1|DYNLT1|CXCR4|VAMP8|NRP1,-0.8513607893021798,0,150,0,0,-2.6065837089801005,2.4674749373433587,
1,-2.011859900858192,GO:0044409,M1,1,0,GO Biological Processes,19,entry into host,19_GO:0044419 biological process involved in interspecies interaction between organisms,-2.011859900858192,2.3725720551378444,2.8777437854818064,30293,112,1140,10,0.8771929824561403,0.2761734623942493,975|1948|3949|5245|6404|6609|6993|7852|8673|8829,CD81|EFNB2|LDLR|PHB1|SELPLG|SMPD1|DYNLT1|CXCR4|VAMP8|NRP1,-0.8152930560927131,0,150,0,0,-2.6065837089801005,2.4674749373433587,
1,-2.59749861500923,GO:1900006,M1,1,0,GO Biological Processes,19,positive regulation of dendrite development,19_GO:0032502 developmental process,-2.59749861500923,6.643201754385964,4.4648196582584605,30293,16,1140,4,0.3508771929824561,0.17513053901652795,238|655|5764|7436,ALK|BMP7|PTN|VLDLR,-1.2294005746837633,0,151,1,1,-2.59749861500923,6.643201754385964,
1,-2.09492131854925,GO:0010976,M1,1,0,GO Biological Processes,19,positive regulation of neuron projection development,19_GO:0032502 developmental process,-2.09492131854925,2.145630380298573,2.882161111253301,30293,161,1140,13,1.1403508771929824,0.31446792656606076,238|348|655|780|1272|1809|4067|5764|7436|7474|8321|64221|347733,ALK|APOE|BMP7|DDR1|CNTN1|DPYSL3|LYN|PTN|VLDLR|WNT5A|FZD1|ROBO3|TUBB2B,-0.8702962810565865,0,151,0,0,-2.59749861500923,6.643201754385964,
1,-2.59749861500923,GO:0002438,M1,1,0,GO Biological Processes,19,acute inflammatory response to antigenic stimulus,19_GO:0002376 immune system process,-2.59749861500923,6.643201754385964,4.4648196582584605,30293,16,1140,4,0.3508771929824561,0.17513053901652795,2|923|2210|2214,A2M|CD6|FCGR1BP|FCGR3A,-1.2294005746837633,0,152,1,1,-2.59749861500923,6.643201754385964,
1,-2.594372161866099,GO:0001835,M1,1,0,GO Biological Processes,19,blastocyst hatching,19_GO:0032502 developmental process,-2.594372161866099,5.110155195681511,4.146054243941175,30293,26,1140,5,0.43859649122807015,0.19571569570288536,9646|10161|57718|123920|196051,CTR9|LPAR6|PPP4R4|CMTM3|PLPP4,-1.2294005746837633,0,153,1,1,-2.594372161866099,5.110155195681511,
1,-2.594372161866099,GO:0035188,M1,1,0,GO Biological Processes,19,hatching,19_GO:0032502 developmental process,-2.594372161866099,5.110155195681511,4.146054243941175,30293,26,1140,5,0.43859649122807015,0.19571569570288536,9646|10161|57718|123920|196051,CTR9|LPAR6|PPP4R4|CMTM3|PLPP4,-1.2294005746837633,0,153,0,0,-2.594372161866099,5.110155195681511,
1,-2.594372161866099,GO:0071684,M1,1,0,GO Biological Processes,19,organism emergence from protective structure,19_GO:0032501 multicellular organismal process,-2.594372161866099,5.110155195681511,4.146054243941175,30293,26,1140,5,0.43859649122807015,0.19571569570288536,9646|10161|57718|123920|196051,CTR9|LPAR6|PPP4R4|CMTM3|PLPP4,-1.2294005746837633,0,153,0,0,-2.594372161866099,5.110155195681511,
1,-2.59344643046293,GO:0043114,M1,1,0,GO Biological Processes,19,regulation of vascular permeability,19_GO:0032501 multicellular organismal process,-2.59344643046293,3.7201929824561404,3.806686016422672,30293,50,1140,7,0.6140350877192983,0.23136981425843328,348|613|7525|9414|10979|23576|143282,APOE|BCR|YES1|TJP2|FERMT2|DDAH1|FGFBP3,-1.2294005746837633,0,154,1,1,-2.59344643046293,3.7201929824561404,
1,-2.587993942632076,GO:0071800,M1,1,0,GO Biological Processes,19,podosome assembly,19_GO:0009987 cellular process,-2.587993942632076,9.964802631578948,5.014720249471465,30293,8,1140,3,0.2631578947368421,0.15173423614217976,28988|81624|285590,DBNL|DIAPH3|SH3PXD2B,-1.2294005746837633,0,155,1,1,-2.587993942632076,9.964802631578948,
1,-2.587993942632076,GO:0002826,M1,1,0,GO Biological Processes,19,negative regulation of T-helper 1 type immune response,19_GO:0002376 immune system process,-2.587993942632076,9.964802631578948,5.014720249471465,30293,8,1140,3,0.2631578947368421,0.15173423614217976,430|84868|90865,ASCL2|HAVCR2|IL33,-1.2294005746837633,0,156,1,1,-2.587993942632076,9.964802631578948,
1,-2.234456565899151,GO:0032689,M1,1,0,GO Biological Processes,19,negative regulation of type II interferon production,19_GO:0048519 negative regulation of biological process,-2.234456565899151,3.6235645933014355,3.4437955610643716,30293,44,1140,6,0.5263157894736842,0.21430133448577773,7099|7805|11006|84868|90865|654346,TLR4|LAPTM5|LILRB4|HAVCR2|IL33|LGALS9C,-0.9760558757329023,0,156,0,0,-2.587993942632076,9.964802631578948,
1,-2.069549189564752,GO:0002820,M1,1,0,GO Biological Processes,19,negative regulation of adaptive immune response,19_GO:0002376 immune system process,-2.069549189564752,3.0001556310130164,3.117512121202694,30293,62,1140,7,0.6140350877192983,0.23136981425843328,430|3821|5788|5987|11006|84868|90865,ASCL2|KLRC1|PTPRC|TRIM27|LILRB4|HAVCR2|IL33,-0.8553859184085411,0,156,0,0,-2.587993942632076,9.964802631578948,
1,-2.581499992680522,GO:0006644,M1,1,0,GO Biological Processes,19,phospholipid metabolic process,19_GO:0008152 metabolic process,-2.581499992680522,1.8453338206627683,3.190649847079058,30293,360,1140,25,2.192982456140351,0.4337606599742675,1622|2171|3157|3422|3992|4598|5293|5330|5920|6609|8613|8897|11145|22845|51573|54886|54947|57153|57171|79948|80339|129642|196051|221395|253558,DBI|FABP5|HMGCS1|IDI1|FADS1|MVK|PIK3CD|PLCB2|PLAAT4|SMPD1|PLPP3|MTMR3|PLAAT3|DOLK|GDE1|PLPPR1|LPCAT2|SLC44A2|DOLPP1|PLPPR3|PNPLA3|MBOAT2|PLPP4|ADGRF5|LCLAT1,-1.2235651456800685,0,157,1,1,-2.581499992680522,1.8453338206627683,
1,-2.032289086032375,GO:0090407,M1,1,0,GO Biological Processes,19,organophosphate biosynthetic process,19_GO:0008152 metabolic process,-2.032289086032375,1.56023821020441,2.609857913757105,30293,545,1140,32,2.807017543859649,0.4892012886170548,113|205|2171|2639|3157|3422|3992|4199|4598|4718|4860|5293|5636|5836|6576|7372|8897|9200|11145|22845|23205|51084|54947|55191|57153|57171|80339|84532|129642|221395|253558|349565,ADCY7|AK4|FABP5|GCDH|HMGCS1|IDI1|FADS1|ME1|MVK|NDUFC2|PNP|PIK3CD|PRPSAP2|PYGL|SLC25A1|UMPS|MTMR3|HACD1|PLAAT3|DOLK|ACSBG1|CRYL1|LPCAT2|NADSYN1|SLC44A2|DOLPP1|PNPLA3|ACSS1|MBOAT2|ADGRF5|LCLAT1|NMNAT3,-0.8316186408281188,0,157,0,0,-2.581499992680522,1.8453338206627683,
1,-2.5593913229491143,GO:0055094,M1,1,0,GO Biological Processes,19,response to lipoprotein particle,19_GO:0050896 response to stimulus,-2.5593913229491143,4.195706371191136,3.897937412972822,30293,38,1140,6,0.5263157894736842,0.21430133448577773,968|975|3689|3949|7099|10628,CD68|CD81|ITGB2|LDLR|TLR4|TXNIP,-1.2066890028823376,0,158,1,1,-2.5593913229491143,4.195706371191136,
1,-2.5593913229491143,GO:0071404,M1,1,0,GO Biological Processes,19,cellular response to low-density lipoprotein particle stimulus,19_GO:0050896 response to stimulus,-2.5593913229491143,4.195706371191136,3.897937412972822,30293,38,1140,6,0.5263157894736842,0.21430133448577773,968|975|3689|3949|7099|10628,CD68|CD81|ITGB2|LDLR|TLR4|TXNIP,-1.2066890028823376,0,158,0,0,-2.5593913229491143,4.195706371191136,
1,-2.3889947821308515,GO:0071402,M1,1,0,GO Biological Processes,19,cellular response to lipoprotein particle stimulus,19_GO:0050896 response to stimulus,-2.3889947821308515,3.8887034659820285,3.660097195582358,30293,41,1140,6,0.5263157894736842,0.21430133448577773,968|975|3689|3949|7099|10628,CD68|CD81|ITGB2|LDLR|TLR4|TXNIP,-1.0883109757892295,0,158,0,0,-2.5593913229491143,4.195706371191136,
1,-2.554992379870886,GO:0055088,M1,1,0,GO Biological Processes,19,lipid homeostasis,19_GO:0042592 homeostatic process,-2.554992379870886,2.264727870813397,3.3275327770230367,30293,176,1140,15,1.3157894736842106,0.3374928789753796,348|1050|1645|2053|3638|3949|5947|8309|9734|10577|26137|51129|55937|80339|114899,APOE|CEBPA|AKR1C1|EPHX2|INSIG1|LDLR|RBP1|ACOX2|HDAC9|NPC2|ZBTB20|ANGPTL4|APOM|PNPLA3|C1QTNF3,-1.2035884000293897,0,159,1,1,-2.554992379870886,2.264727870813397,
1,-2.5434161259891583,GO:1901570,M1,1,0,GO Biological Processes,19,fatty acid derivative biosynthetic process,19_GO:0008152 metabolic process,-2.5434161259891583,3.647248022015824,3.7415300657850916,30293,51,1140,7,0.6140350877192983,0.23136981425843328,240|2639|2681|3155|6576|9200|23205,ALOX5|GCDH|GGTA1|HMGCL|SLC25A1|HACD1|ACSBG1,-1.19652601213198,0,160,1,1,-2.5434161259891583,4.026182881446039,
1,-2.1312817520046514,GO:0000038,M1,1,0,GO Biological Processes,19,very long-chain fatty acid metabolic process,19_GO:0008152 metabolic process,-2.1312817520046514,4.026182881446039,3.4394773334564936,30293,33,1140,5,0.43859649122807015,0.19571569570288536,30|8309|9200|23205|28965,ACAA1|ACOX2|HACD1|ACSBG1|SLC27A6,-0.9017265892940554,0,160,0,0,-2.5434161259891583,4.026182881446039,
1,-2.5349406610825675,GO:0090130,M1,1,0,GO Biological Processes,19,tissue migration,19_GO:0032501 multicellular organismal process,-2.5349406610825675,2.657280701754386,3.443388204103206,30293,110,1140,11,0.9649122807017544,0.2895249775013002,70|1948|2247|5872|6091|7474|8829|23189|55612|147372|340719,ACTC1|EFNB2|FGF2|RAB13|ROBO1|WNT5A|NRP1|KANK1|FERMT1|CCBE1|NANOS1,-1.1931524500326707,0,161,1,1,-2.5349406610825675,5.061487050960734,
1,-2.321758459846398,GO:0010631,M1,1,0,GO Biological Processes,19,epithelial cell migration,19_GO:0032501 multicellular organismal process,-2.321758459846398,2.6309709918360253,3.24665211577609,30293,101,1140,10,0.8771929824561403,0.2761734623942493,1948|2247|5872|6091|7474|8829|23189|55612|147372|340719,EFNB2|FGF2|RAB13|ROBO1|WNT5A|NRP1|KANK1|FERMT1|CCBE1|NANOS1,-1.0335813798103857,0,161,0,0,-2.5349406610825675,5.061487050960734,
1,-2.2322098474931305,GO:0090132,M1,1,0,GO Biological Processes,19,epithelium migration,19_GO:0032501 multicellular organismal process,-2.2322098474931305,2.5550775978407554,3.1413703797887487,30293,104,1140,10,0.8771929824561403,0.2761734623942493,1948|2247|5872|6091|7474|8829|23189|55612|147372|340719,EFNB2|FGF2|RAB13|ROBO1|WNT5A|NRP1|KANK1|FERMT1|CCBE1|NANOS1,-0.9755273419734732,0,161,0,0,-2.5349406610825675,5.061487050960734,
1,-2.1454167034809504,GO:0002042,M1,1,0,GO Biological Processes,19,cell migration involved in sprouting angiogenesis,19_GO:0032502 developmental process,-2.1454167034809504,5.061487050960734,3.681704568105724,30293,21,1140,4,0.3508771929824561,0.17513053901652795,1948|2247|6091|8829,EFNB2|FGF2|ROBO1|NRP1,-0.9119267960123998,0,161,0,0,-2.5349406610825675,5.061487050960734,
1,-2.001125604706132,GO:0006929,M1,1,0,GO Biological Processes,19,substrate-dependent cell migration,19_GO:0009987 cellular process,-2.001125604706132,4.62135774218154,3.4356104135219923,30293,23,1140,4,0.3508771929824561,0.17513053901652795,4983|5788|6091|8829,OPHN1|PTPRC|ROBO1|NRP1,-0.8086239485793028,0,161,0,0,-2.5349406610825675,5.061487050960734,
1,-2.5006693842097953,GO:0017158,M1,1,0,GO Biological Processes,19,regulation of calcium ion-dependent exocytosis,19_GO:0051179 localization,-2.5006693842097953,4.088124156545209,3.816018120321562,30293,39,1140,6,0.5263157894736842,0.21430133448577773,2771|6814|8447|8938|9501|51760,GNAI2|STXBP3|DOC2B|BAIAP3|RPH3AL|SYT17,-1.1645500721223279,0,162,1,1,-2.5006693842097953,4.088124156545209,
1,-2.483270362081722,GO:0051090,M1,1,0,GO Biological Processes,19,regulation of DNA-binding transcription factor activity,19_GO:0008152 metabolic process,-2.483270362081722,1.7898781928915555,3.0884610193749897,30293,386,1140,26,2.280701754385965,0.4421524057977656,190|238|307|408|655|1191|2535|3162|3275|5588|5727|5987|7099|7474|8321|8613|8792|10346|10519|26471|26508|55223|57413|84868|170622|284434,NR0B1|ALK|ANXA4|ARRB1|BMP7|CLU|FZD2|HMOX1|PRMT2|PRKCQ|PTCH1|TRIM27|TLR4|WNT5A|FZD1|PLPP3|TNFRSF11A|TRIM22|CIB1|NUPR1|HEYL|TRIM62|TMIGD3|HAVCR2|COMMD6|NWD1,-1.1527469045592236,0,163,1,1,-2.483270362081722,1.7898781928915555,
1,-2.480365878386959,GO:0007200,M1,1,0,GO Biological Processes,19,phospholipase C-activating G protein-coupled receptor signaling pathway,19_GO:0050896 response to stimulus,-2.480365878386959,2.7680007309941517,3.4309226791162875,30293,96,1140,10,0.8771929824561403,0.2761734623942493,147|1524|1901|1910|4935|4988|5028|5330|23620|23683,ADRA1B|CX3CR1|S1PR1|EDNRB|GPR143|OPRM1|P2RY1|PLCB2|NTSR2|PRKD3,-1.1516917968964404,0,164,1,1,-2.480365878386959,2.7680007309941517,
1,-2.444345598061867,GO:0043068,M1,1,0,GO Biological Processes,19,positive regulation of programmed cell death,19_GO:0048518 positive regulation of biological process,-2.444345598061867,1.6259584713532083,2.988729431189983,30293,572,1140,35,3.0701754385964914,0.5109258594856301,597|655|1191|1512|1871|2635|3162|3275|3725|4067|5245|5293|5580|5654|5788|6422|6609|7098|7099|7159|7314|7474|7805|8644|8682|9263|9500|10628|23787|26471|51083|84187|85477|115209|644186,BCL2A1|BMP7|CLU|CTSH|E2F3|GBP3|HMOX1|PRMT2|JUN|LYN|PHB1|PIK3CD|PRKCD|HTRA1|PTPRC|SFRP1|SMPD1|TLR3|TLR4|TP53BP2|UBB|WNT5A|LAPTM5|AKR1C3|PEA15|STK17A|MAGED1|TXNIP|MTCH1|NUPR1|GAL|TMEM164|SCIN|OMA1|SYCE3,-1.122551000506966,0,165,1,1,-2.444345598061867,1.6259584713532083,
1,-2.4241833312057706,GO:0071578,M1,1,0,GO Biological Processes,19,zinc ion import across plasma membrane,19_GO:0051179 localization,-2.4241833312057706,8.857602339181287,4.66207714291993,30293,9,1140,3,0.2631578947368421,0.15173423614217976,25800|201266|221074,SLC39A6|SLC39A11|SLC39A12,-1.111808523304576,0,166,1,1,-2.4241833312057706,8.857602339181287,
1,-2.1076014663295535,GO:0019755,M1,1,0,GO Biological Processes,19,one-carbon compound transport,19_GO:0051179 localization,-2.1076014663295535,3.0493385102099513,3.1682537141978604,30293,61,1140,7,0.6140350877192983,0.23136981425843328,358|3047|6563|7439|25800|51706|221074,AQP1|HBG1|SLC14A1|BEST1|SLC39A6|CYB5R1|SLC39A12,-0.8806269169394255,0,166,0,0,-2.4241833312057706,8.857602339181287,
1,-2.4241833312057706,GO:0002767,M1,1,0,GO Biological Processes,19,immune response-inhibiting cell surface receptor signaling pathway,19_GO:0002376 immune system process,-2.4241833312057706,8.857602339181287,4.66207714291993,30293,9,1140,3,0.2631578947368421,0.15173423614217976,3821|4067|11006,KLRC1|LYN|LILRB4,-1.111808523304576,0,167,1,1,-2.4241833312057706,8.857602339181287,
1,-2.378264129392693,GO:0045954,M1,1,0,GO Biological Processes,19,positive regulation of natural killer cell mediated cytotoxicity,19_GO:0044419 biological process involved in interspecies interaction between organisms,-2.378264129392693,4.581518451300665,3.815731446007975,30293,29,1140,5,0.43859649122807015,0.19571569570288536,3821|3822|3823|7409|23705,KLRC1|KLRC2|KLRC3|VAV1|CADM1,-1.081598939131162,0,167,0,0,-2.4241833312057706,8.857602339181287,
1,-2.155465578293214,GO:0002765,M1,1,0,GO Biological Processes,19,immune response-inhibiting signal transduction,19_GO:0002376 immune system process,-2.155465578293214,7.247129186602871,4.097880837925802,30293,11,1140,3,0.2631578947368421,0.15173423614217976,3821|4067|11006,KLRC1|LYN|LILRB4,-0.9190010394564615,0,167,0,0,-2.4241833312057706,8.857602339181287,
1,-2.0755961116495283,GO:0002717,M1,1,0,GO Biological Processes,19,positive regulation of natural killer cell mediated immunity,19_GO:0044419 biological process involved in interspecies interaction between organisms,-2.0755961116495283,3.907765737874097,3.3546433997461764,30293,34,1140,5,0.43859649122807015,0.19571569570288536,3821|3822|3823|7409|23705,KLRC1|KLRC2|KLRC3|VAV1|CADM1,-0.857635706080204,0,167,0,0,-2.4241833312057706,8.857602339181287,
1,-2.006242103285024,GO:0042269,M1,1,0,GO Biological Processes,19,regulation of natural killer cell mediated cytotoxicity,19_GO:0044419 biological process involved in interspecies interaction between organisms,-2.006242103285024,3.253813104189044,3.122274616953634,30293,49,1140,6,0.5263157894736842,0.21430133448577773,3821|3822|3823|7409|23705|84868,KLRC1|KLRC2|KLRC3|VAV1|CADM1|HAVCR2,-0.8105819279133653,0,167,0,0,-2.4241833312057706,8.857602339181287,
1,-2.001125604706132,GO:0002223,M1,1,0,GO Biological Processes,19,stimulatory C-type lectin receptor signaling pathway,19_GO:0044419 biological process involved in interspecies interaction between organisms,-2.001125604706132,4.62135774218154,3.4356104135219923,30293,23,1140,4,0.3508771929824561,0.17513053901652795,3821|3822|3823|4067,KLRC1|KLRC2|KLRC3|LYN,-0.8086239485793028,0,167,0,0,-2.4241833312057706,8.857602339181287,
1,-2.001125604706132,GO:1990840,M1,1,0,GO Biological Processes,19,response to lectin,19_GO:0050896 response to stimulus,-2.001125604706132,4.62135774218154,3.4356104135219923,30293,23,1140,4,0.3508771929824561,0.17513053901652795,3821|3822|3823|4067,KLRC1|KLRC2|KLRC3|LYN,-0.8086239485793028,0,167,0,0,-2.4241833312057706,8.857602339181287,
1,-2.001125604706132,GO:1990858,M1,1,0,GO Biological Processes,19,cellular response to lectin,19_GO:0050896 response to stimulus,-2.001125604706132,4.62135774218154,3.4356104135219923,30293,23,1140,4,0.3508771929824561,0.17513053901652795,3821|3822|3823|4067,KLRC1|KLRC2|KLRC3|LYN,-0.8086239485793028,0,167,0,0,-2.4241833312057706,8.857602339181287,
1,-2.4241833312057706,GO:0007021,M1,1,0,GO Biological Processes,19,tubulin complex assembly,19_GO:0009987 cellular process,-2.4241833312057706,8.857602339181287,4.66207714291993,30293,9,1140,3,0.2631578947368421,0.15173423614217976,1155|6902|7411,TBCB|TBCA|VBP1,-1.111808523304576,0,168,1,1,-2.4241833312057706,8.857602339181287,
1,-2.4015684358184117,GO:0036293,M1,1,0,GO Biological Processes,19,response to decreased oxygen levels,19_GO:0050896 response to stimulus,-2.4015684358184117,1.8677372344599519,3.051542067060708,30293,313,1140,22,1.9298245614035088,0.407450603294495,205|358|430|655|677|952|1137|1536|3162|3741|4504|5021|6422|6657|7184|7248|7852|10449|51129|54541|126374|221074,AK4|AQP1|ASCL2|BMP7|ZFP36L1|CD38|CHRNA4|CYBB|HMOX1|KCNA5|MT3|OXTR|SFRP1|SOX2|HSP90B1|TSC1|CXCR4|ACAA2|ANGPTL4|DDIT4|WTIP|SLC39A12,-1.0931285158624129,0,169,1,1,-2.4015684358184117,1.8677372344599519,
1,-2.3978684709320666,GO:0002532,M1,1,0,GO Biological Processes,19,production of molecular mediator involved in inflammatory response,19_GO:0032501 multicellular organismal process,-2.3978684709320666,5.905068226120857,4.116366191225837,30293,18,1140,4,0.3508771929824561,0.17513053901652795,240|4067|7099|57326,ALOX5|LYN|TLR4|PBXIP1,-1.0931285158624129,0,170,1,1,-2.3978684709320666,5.905068226120857,
1,-2.3978684709320666,GO:0035329,M1,1,0,GO Biological Processes,19,hippo signaling,19_GO:0050896 response to stimulus,-2.3978684709320666,5.905068226120857,4.116366191225837,30293,18,1140,4,0.3508771929824561,0.17513053901652795,7003|10413|25937|92597,TEAD1|YAP1|WWTR1|MOB1B,-1.0931285158624129,0,171,1,1,-2.3978684709320666,5.905068226120857,
1,-2.3951495046868283,GO:0050954,M1,1,0,GO Biological Processes,19,sensory perception of mechanical stimulus,19_GO:0032501 multicellular organismal process,-2.3951495046868283,2.178098935864251,3.161016073877806,30293,183,1140,15,1.3157894736842106,0.3374928789753796,501|1032|1690|3784|4646|6335|7852|26519|26521|53405|55636|65217|81624|83862|375612,ALDH7A1|CDKN2D|COCH|KCNQ1|MYO6|SCN9A|CXCR4|TIMM10|TIMM8B|CLIC5|CHD7|PCDH15|DIAPH3|TMEM120A|LHFPL3,-1.0921525398439722,0,172,1,1,-2.3951495046868283,2.178098935864251,
1,-2.3889947821308515,GO:0050805,M1,1,0,GO Biological Processes,19,negative regulation of synaptic transmission,19_GO:0048519 negative regulation of biological process,-2.3889947821308515,3.8887034659820285,3.660097195582358,30293,41,1140,6,0.5263157894736842,0.21430133448577773,590|952|2550|2771|27253|57537,BCHE|CD38|GABBR1|GNAI2|PCDH17|SORCS2,-1.0883109757892295,0,173,1,1,-2.3889947821308515,3.8887034659820285,
1,-2.380502586366257,GO:0097305,M1,1,0,GO Biological Processes,19,response to alcohol,19_GO:0050896 response to stimulus,-2.380502586366257,1.964526588845655,3.070679513184456,30293,257,1140,19,1.6666666666666667,0.3791598386378328,2|113|1536|2059|2550|2742|4087|4129|4988|5080|5727|5788|6422|6480|6720|8644|8792|23209|57630,A2M|ADCY7|CYBB|EPS8|GABBR1|GLRA2|SMAD2|MAOB|OPRM1|PAX6|PTCH1|PTPRC|SFRP1|ST6GAL1|SREBF1|AKR1C3|TNFRSF11A|MLC1|SH3RF1,-1.082119683324007,0,174,1,1,-2.380502586366257,2.395908829450676,
1,-2.193162666851354,GO:0045471,M1,1,0,GO Biological Processes,19,response to ethanol,19_GO:0050896 response to stimulus,-2.193162666851354,2.395908829450676,3.0550399278015763,30293,122,1140,11,0.9649122807017544,0.2895249775013002,113|1536|2059|2550|2742|4129|4988|5080|6480|6720|8792,ADCY7|CYBB|EPS8|GABBR1|GLRA2|MAOB|OPRM1|PAX6|ST6GAL1|SREBF1|TNFRSF11A,-0.9451028100233244,0,174,0,0,-2.380502586366257,2.395908829450676,
1,-2.378264129392693,GO:0001816,M1,1,0,GO Biological Processes,19,cytokine production,19_GO:0032501 multicellular organismal process,-2.378264129392693,4.581518451300665,3.815731446007975,30293,29,1140,5,0.43859649122807015,0.19571569570288536,834|4772|5125|7098|9289,CASP1|NFATC1|PCSK5|TLR3|ADGRG1,-1.081598939131162,0,175,1,1,-2.378264129392693,4.581518451300665,
1,-2.3525173149047736,GO:0048661,M1,1,0,GO Biological Processes,19,positive regulation of smooth muscle cell proliferation,19_GO:0048518 positive regulation of biological process,-2.3525173149047736,2.657280701754386,3.2825980952863487,30293,100,1140,10,0.8771929824561403,0.2761734623942493,199|1901|2247|2697|2771|3162|3725|5245|7099|388585,AIF1|S1PR1|FGF2|GJA1|GNAI2|HMOX1|JUN|PHB1|TLR4|HES5,-1.059267301995055,0,176,1,1,-2.3525173149047736,2.657280701754386,
1,-2.201956537904522,GO:0048660,M1,1,0,GO Biological Processes,19,regulation of smooth muscle cell proliferation,19_GO:0050789 regulation of biological process,-2.201956537904522,2.1380419439403107,2.9770586604841696,30293,174,1140,14,1.2280701754385965,0.32619397574769193,199|348|1901|2247|2697|2768|2771|3162|3725|5245|7099|8862|30008|388585,AIF1|APOE|S1PR1|FGF2|GJA1|GNA12|GNAI2|HMOX1|JUN|PHB1|TLR4|APLN|EFEMP2|HES5,-0.951848118401223,0,176,0,0,-2.3525173149047736,2.657280701754386,
1,-2.321758459846398,GO:0120162,M1,1,0,GO Biological Processes,19,positive regulation of cold-induced thermogenesis,19_GO:0042592 homeostatic process,-2.321758459846398,2.6309709918360253,3.24665211577609,30293,101,1140,10,0.8771929824561403,0.2761734623942493,33|154|2171|2628|2697|2887|5021|7852|63976|115209,ACADL|ADRB2|FABP5|GATM|GJA1|GRB10|OXTR|CXCR4|PRDM16|OMA1,-1.0335813798103857,0,177,1,1,-2.321758459846398,2.6309709918360253,
1,-2.312043383395892,GO:0007565,M1,1,0,GO Biological Processes,19,female pregnancy,19_GO:0022414 reproductive process,-2.312043383395892,2.2012976227551126,3.0967947633552892,30293,169,1140,14,1.2280701754385965,0.32619397574769193,113|780|952|1307|3691|5021|5125|5764|7372|8909|51673|53405|54361|84868,ADCY7|DDR1|CD38|COL16A1|ITGB4|OXTR|PCSK5|PTN|UMPS|ENDOU|TPPP3|CLIC5|WNT4|HAVCR2,-1.0271588842652168,0,178,1,1,-2.312043383395892,2.2012976227551126,
1,-2.3081884204443393,GO:0060977,M1,1,0,GO Biological Processes,19,coronary vasculature morphogenesis,19_GO:0032502 developmental process,-2.3081884204443393,5.59427516158818,3.961262960547308,30293,19,1140,4,0.3508771929824561,0.17513053901652795,2247|6444|8829|161742,FGF2|SGCD|NRP1|SPRED1,-1.0250257005864551,0,179,1,1,-2.3081884204443393,5.59427516158818,
1,-2.0492613554456054,GO:0060976,M1,1,0,GO Biological Processes,19,coronary vasculature development,19_GO:0032502 developmental process,-2.0492613554456054,3.321600877192983,3.1831430550794373,30293,48,1140,6,0.5263157894736842,0.21430133448577773,187|2247|6444|8829|8862|161742,APLNR|FGF2|SGCD|NRP1|APLN|SPRED1,-0.8388623070477801,0,179,0,0,-2.3081884204443393,5.59427516158818,
1,-2.2815372740694615,GO:0051660,M1,1,0,GO Biological Processes,19,establishment of centrosome localization,19_GO:0051179 localization,-2.2815372740694615,7.971842105263159,4.360365231488356,30293,10,1140,3,0.2631578947368421,0.15173423614217976,7430|51134|117583,EZR|CEP83|PARD3B,-1.0071484785190825,0,180,1,1,-2.2815372740694615,7.971842105263159,
1,-2.2815372740694615,GO:2000271,M1,1,0,GO Biological Processes,19,positive regulation of fibroblast apoptotic process,19_GO:0048518 positive regulation of biological process,-2.2815372740694615,7.971842105263159,4.360365231488356,30293,10,1140,3,0.2631578947368421,0.15173423614217976,6422|9263|26471,SFRP1|STK17A|NUPR1,-1.0071484785190825,0,181,1,1,-2.2815372740694615,7.971842105263159,
1,-2.168502444999347,GO:0048145,M1,1,0,GO Biological Processes,19,regulation of fibroblast proliferation,19_GO:0050789 regulation of biological process,-2.168502444999347,2.6572807017543862,3.1136304086591484,30293,90,1140,9,0.7894736842105263,0.2621170552142749,358|2495|2950|5154|5156|6277|6422|7474|26471,AQP1|FTH1|GSTP1|PDGFA|PDGFRA|S100A6|SFRP1|WNT5A|NUPR1,-0.927034458172234,0,181,0,0,-2.2815372740694615,7.971842105263159,
1,-2.2815372740694615,GO:0009155,M1,1,0,GO Biological Processes,19,purine deoxyribonucleotide catabolic process,19_GO:0008152 metabolic process,-2.2815372740694615,7.971842105263159,4.360365231488356,30293,10,1140,3,0.2631578947368421,0.15173423614217976,4860|30833|79873,PNP|NT5C|NUDT18,-1.0071484785190825,0,182,1,1,-2.2815372740694615,7.971842105263159,
1,-2.155465578293214,GO:0046710,M1,1,0,GO Biological Processes,19,GDP metabolic process,19_GO:0008152 metabolic process,-2.155465578293214,7.247129186602871,4.097880837925802,30293,11,1140,3,0.2631578947368421,0.15173423614217976,1740|9414|79873,DLG2|TJP2|NUDT18,-0.9190010394564615,0,182,0,0,-2.2815372740694615,7.971842105263159,
1,-2.2763429365766745,GO:0043122,M1,1,0,GO Biological Processes,19,regulation of canonical NF-kappaB signal transduction,19_GO:0050896 response to stimulus,-2.2763429365766745,1.884596242378997,2.951237661487493,30293,282,1140,20,1.7543859649122806,0.38883623754641444,330|834|1524|2697|2950|3162|3987|6284|7098|7099|7114|7474|9516|10346|10758|11006|51246|55223|57153|79971,BIRC3|CASP1|CX3CR1|GJA1|GSTP1|HMOX1|LIMS1|S100A13|TLR3|TLR4|TMSB4X|WNT5A|LITAF|TRIM22|TRAF3IP2|LILRB4|SHISA5|TRIM62|SLC44A2|WLS,-1.0039045882126398,0,183,1,1,-2.2763429365766745,2.053936774302907,
1,-2.270965551336015,GO:0043123,M1,1,0,GO Biological Processes,19,positive regulation of canonical NF-kappaB signal transduction,19_GO:0048518 positive regulation of biological process,-2.270965551336015,2.053936774302907,3.008792784344831,30293,207,1140,16,1.4035087719298245,0.3484061960898092,330|834|1524|2697|3162|3987|6284|7098|7099|9516|10346|10758|51246|55223|57153|79971,BIRC3|CASP1|CX3CR1|GJA1|HMOX1|LIMS1|S100A13|TLR3|TLR4|LITAF|TRIM22|TRAF3IP2|SHISA5|TRIM62|SLC44A2|WLS,-1.0003603035157629,0,183,0,0,-2.2763429365766745,2.053936774302907,
1,-2.269109635146194,GO:1901616,M1,1,0,GO Biological Processes,19,organic hydroxy compound catabolic process,19_GO:0008152 metabolic process,-2.269109635146194,3.2633271775931054,3.382185095024959,30293,57,1140,7,0.6140350877192983,0.23136981425843328,217|2184|4129|8630|8644|27233|197257,ALDH2|FAH|MAOB|HSD17B6|AKR1C3|SULT1C4|LDHD,-1.0001158714825213,0,184,1,1,-2.269109635146194,3.2633271775931054,
1,-2.2463836342213845,GO:0010717,M1,1,0,GO Biological Processes,19,regulation of epithelial to mesenchymal transition,19_GO:0032502 developmental process,-2.2463836342213845,2.4358406432748536,3.116465995019717,30293,120,1140,11,0.9649122807017544,0.2895249775013002,655|4087|6422|10979|25805|25937|54756|55223|147906|152007|161742,BMP7|SMAD2|SFRP1|FERMT2|BAMBI|WWTR1|IL17RD|TRIM62|DACT3|GLIPR2|SPRED1,-0.9837766692191124,0,185,1,1,-2.2463836342213845,2.4358406432748536,
1,-2.237757928392926,GO:0006979,M1,1,0,GO Biological Processes,19,response to oxidative stress,19_GO:0050896 response to stimulus,-2.237757928392926,1.7568798028128172,2.8688090606071825,30293,363,1140,24,2.1052631578947367,0.42518745383600876,199|348|358|475|952|1137|2054|2110|2937|2950|3162|3725|3741|4257|4504|5052|5156|5580|5831|6810|10549|10628|23657|84334,AIF1|APOE|AQP1|ATOX1|CD38|CHRNA4|STX2|ETFDH|GSS|GSTP1|HMOX1|JUN|KCNA5|MGST1|MT3|PRDX1|PDGFRA|PRKCD|PYCR1|STX4|PRDX4|TXNIP|SLC7A11|COA8,-0.9772591931709855,0,186,1,1,-2.237757928392926,1.7568798028128172,
1,-2.234456565899151,GO:0061383,M1,1,0,GO Biological Processes,19,trabecula morphogenesis,19_GO:0032502 developmental process,-2.234456565899151,3.6235645933014355,3.4437955610643716,30293,44,1140,6,0.5263157894736842,0.21430133448577773,655|1901|5950|6422|30061|55636,BMP7|S1PR1|RBP4|SFRP1|SLC40A1|CHD7,-0.9760558757329023,0,187,1,1,-2.234456565899151,3.6235645933014355,
1,-2.2242421013096756,GO:2001185,M1,1,0,GO Biological Processes,19,"regulation of CD8-positive, alpha-beta T cell activation",19_GO:0002376 immune system process,-2.2242421013096756,5.314561403508771,3.8167937723001577,30293,20,1140,4,0.3508771929824561,0.17513053901652795,865|11006|57630|92196,CBFB|LILRB4|SH3RF1|DAPL1,-0.9700073373976296,0,188,1,1,-2.2242421013096756,5.314561403508771,
1,-2.206342961535455,GO:0045807,M1,1,0,GO Biological Processes,19,positive regulation of endocytosis,19_GO:0051179 localization,-2.206342961535455,2.214400584795322,3.007108036111014,30293,156,1140,13,1.1403508771929824,0.31446792656606076,348|408|613|718|967|1191|5788|6441|6609|7474|8862|11031|84062,APOE|ARRB1|BCR|C3|CD63|CLU|PTPRC|SFTPD|SMPD1|WNT5A|APLN|RAB31|DTNBP1,-0.954691753617875,0,189,1,1,-2.206342961535455,2.952534113060429,
1,-2.0323629774249854,GO:0002090,M1,1,0,GO Biological Processes,19,regulation of receptor internalization,19_GO:0051179 localization,-2.0323629774249854,2.952534113060429,3.067782776276696,30293,63,1140,7,0.6140350877192983,0.23136981425843328,408|967|1948|4983|8862|54550|84062,ARRB1|CD63|EFNB2|OPHN1|APLN|NECAB2|DTNBP1,-0.8316186408281188,0,189,0,0,-2.206342961535455,2.952534113060429,
1,-2.2053048562726207,GO:0048511,M1,1,0,GO Biological Processes,19,rhythmic process,19_GO:0048511 rhythmic process,-2.2053048562726207,1.890948813982522,2.8915747121171704,30293,267,1140,19,1.6666666666666667,0.3791598386378328,2|445|1390|1642|2662|3363|3400|5021|5156|5764|6335|6720|7130|8451|8792|9500|55068|55366|285382,A2M|ASS1|CREM|DDB1|GDF10|HTR7|ID4|OXTR|PDGFRA|PTN|SCN9A|SREBF1|TNFAIP6|CUL4A|TNFRSF11A|MAGED1|ENOX1|LGR4|C3orf70,-0.9541685203559533,0,190,1,1,-2.2053048562726207,1.890948813982522,
1,-2.195431792786188,GO:0001101,M1,1,0,GO Biological Processes,19,response to acid chemical,19_GO:0050896 response to stimulus,-2.195431792786188,2.2940552820901177,3.023865973849622,30293,139,1140,12,1.0526315789473684,0.3022650235027283,445|493|1307|1536|2662|2742|4067|5156|6494|64121|80339|652968,ASS1|ATP2B4|COL16A1|CYBB|GDF10|GLRA2|LYN|PDGFRA|SIPA1|RRAGC|PNPLA3|CASTOR1,-0.9463488625005794,0,191,1,1,-2.195431792786188,2.5442049272116463,
1,-2.047999556095549,GO:0071229,M1,1,0,GO Biological Processes,19,cellular response to acid chemical,19_GO:0050896 response to stimulus,-2.047999556095549,2.5442049272116463,2.9651546757390776,30293,94,1140,9,0.7894736842105263,0.2621170552142749,445|1307|1536|2742|5156|6494|64121|80339|652968,ASS1|COL16A1|CYBB|GLRA2|PDGFRA|SIPA1|RRAGC|PNPLA3|CASTOR1,-0.8380687497720887,0,191,0,0,-2.195431792786188,2.5442049272116463,
1,-2.193162666851354,GO:0003014,M1,1,0,GO Biological Processes,19,renal system process,19_GO:0032501 multicellular organismal process,-2.193162666851354,2.395908829450676,3.0550399278015763,30293,122,1140,11,0.9649122807017544,0.2895249775013002,358|361|613|1184|1910|2771|3784|5125|8644|55959|221395,AQP1|AQP4|BCR|CLCN5|EDNRB|GNAI2|KCNQ1|PCSK5|AKR1C3|SULF2|ADGRF5,-0.9451028100233244,0,192,1,1,-2.193162666851354,2.395908829450676,
1,-2.1860273793340297,GO:0007610,M1,1,0,GO Biological Processes,19,behavior,19_GO:0032501 multicellular organismal process,-2.1860273793340297,1.5529562542720439,2.7418639766744257,30293,616,1140,36,3.1578947368421053,0.5179388761227809,238|348|590|1137|1272|1524|2059|2628|3784|3949|4988|5021|5028|5080|5764|5803|6335|6448|6623|7101|7248|7345|7436|7545|8704|8862|10882|23657|27253|51083|55636|116372|161582|163175|285382|644139,ALK|APOE|BCHE|CHRNA4|CNTN1|CX3CR1|EPS8|GATM|KCNQ1|LDLR|OPRM1|OXTR|P2RY1|PAX6|PTN|PTPRZ1|SCN9A|SGSH|SNCG|NR2E1|TSC1|UCHL1|VLDLR|ZIC1|B4GALT2|APLN|C1QL1|SLC7A11|PCDH17|GAL|CHD7|LYPD1|DNAAF4|LGI4|C3orf70|PIRT,-0.9410223614688604,0,193,1,1,-2.1860273793340297,2.214400584795322,
1,-2.07707867276978,GO:0030534,M1,1,0,GO Biological Processes,19,adult behavior,19_GO:0032501 multicellular organismal process,-2.07707867276978,2.214400584795322,2.8885609199670426,30293,144,1140,12,1.0526315789473684,0.3022650235027283,238|1137|2059|4988|6623|7248|7345|7545|23657|27253|55636|163175,ALK|CHRNA4|EPS8|OPRM1|SNCG|TSC1|UCHL1|ZIC1|SLC7A11|PCDH17|CHD7|LGI4,-0.857635706080204,0,193,0,0,-2.1860273793340297,2.214400584795322,
1,-2.1695007725633997,GO:0019439,M1,1,0,GO Biological Processes,19,aromatic compound catabolic process,19_GO:0008152 metabolic process,-2.1695007725633997,1.7121654006149396,2.7918983575590497,30293,388,1140,25,2.192982456140351,0.4337606599742675,30|677|678|2023|2052|2053|2184|3162|3176|4129|4860|5436|5445|6039|8635|9939|10247|22875|23034|30833|51071|51092|79873|115752|170685,ACAA1|ZFP36L1|ZFP36L2|ENO1|EPHX1|EPHX2|FAH|HMOX1|HNMT|MAOB|PNP|POLR2G|PON2|RNASE6|RNASET2|RBM8A|RIDA|ENPP4|SAMD4A|NT5C|DERA|SIDT2|NUDT18|DIS3L|NUDT10,-0.927034458172234,0,194,1,1,-2.1695007725633997,1.7121654006149396,
1,-2.155465578293214,GO:2001171,M1,1,0,GO Biological Processes,19,positive regulation of ATP biosynthetic process,19_GO:0048518 positive regulation of biological process,-2.155465578293214,7.247129186602871,4.097880837925802,30293,11,1140,3,0.2631578947368421,0.15173423614217976,2023|7114|55022,ENO1|TMSB4X|PID1,-0.9190010394564615,0,195,1,1,-2.155465578293214,7.247129186602871,
1,-2.042732788166127,GO:0010635,M1,1,0,GO Biological Processes,19,regulation of mitochondrial fusion,19_GO:0032502 developmental process,-2.042732788166127,6.643201754385966,3.866391854550837,30293,12,1140,3,0.2631578947368421,0.15173423614217976,10493|55022|115209,VAT1|PID1|OMA1,-0.8379195978899155,0,195,0,0,-2.155465578293214,7.247129186602871,
1,-2.155465578293214,GO:0036152,M1,1,0,GO Biological Processes,19,phosphatidylethanolamine acyl-chain remodeling,19_GO:0008152 metabolic process,-2.155465578293214,7.247129186602871,4.097880837925802,30293,11,1140,3,0.2631578947368421,0.15173423614217976,5920|11145|129642,PLAAT4|PLAAT3|MBOAT2,-0.9190010394564615,0,196,1,1,-2.155465578293214,7.247129186602871,
1,-2.1454167034809504,GO:0060008,M1,1,0,GO Biological Processes,19,Sertoli cell differentiation,19_GO:0022414 reproductive process,-2.1454167034809504,5.061487050960734,3.681704568105724,30293,21,1140,4,0.3508771929824561,0.17513053901652795,190|5872|6662|54361,NR0B1|RAB13|SOX9|WNT4,-0.9119267960123998,0,197,1,1,-2.1454167034809504,5.061487050960734,
1,-2.071192664042631,GO:0007530,M1,1,0,GO Biological Processes,19,sex determination,19_GO:0022414 reproductive process,-2.071192664042631,4.8314194577352465,3.5549412697737344,30293,22,1140,4,0.3508771929824561,0.17513053901652795,190|6658|6662|54361,NR0B1|SOX3|SOX9|WNT4,-0.8565565627015509,0,197,0,0,-2.1454167034809504,5.061487050960734,
1,-2.137623313671925,GO:0022406,M1,1,0,GO Biological Processes,19,membrane docking,19_GO:0009987 cellular process,-2.137623313671925,2.62807981492192,3.075766127643263,30293,91,1140,9,0.7894736842105263,0.2621170552142749,2054|5872|6810|6814|7430|8673|23673|51134|115827,STX2|RAB13|STX4|STXBP3|EZR|VAMP8|STX12|CEP83|RAB3C,-0.9070878018274279,0,198,1,1,-2.137623313671925,2.952534113060429,
1,-2.0323629774249854,GO:0048278,M1,1,0,GO Biological Processes,19,vesicle docking,19_GO:0051179 localization,-2.0323629774249854,2.952534113060429,3.067782776276696,30293,63,1140,7,0.6140350877192983,0.23136981425843328,2054|5872|6810|6814|23673|51134|115827,STX2|RAB13|STX4|STXBP3|STX12|CEP83|RAB3C,-0.8316186408281188,0,198,0,0,-2.137623313671925,2.952534113060429,
1,-2.1312817520046514,GO:0140467,M1,1,0,GO Biological Processes,19,integrated stress response signaling,19_GO:0050896 response to stimulus,-2.1312817520046514,4.026182881446039,3.4394773334564936,30293,33,1140,5,0.43859649122807015,0.19571569570288536,1050|3725|55364|55509|115209,CEBPA|JUN|IMPACT|BATF3|OMA1,-0.9017265892940554,0,199,1,1,-2.1312817520046514,4.026182881446039,
1,-2.0791658662785526,GO:0035304,M1,1,0,GO Biological Processes,19,regulation of protein dephosphorylation,19_GO:0008152 metabolic process,-2.0791658662785526,2.7608111187058553,3.059246149101256,30293,77,1140,8,0.7017543859649122,0.24723555672122605,2768|5580|5788|6609|7184|7248|57718|121665,GNA12|PRKCD|PTPRC|SMPD1|HSP90B1|TSC1|PPP4R4|SPPL3,-0.857635706080204,0,200,1,1,-2.0791658662785526,2.7608111187058553,
1,-2.0768414408306297,GO:0003341,M1,1,0,GO Biological Processes,19,cilium movement,19_GO:0009987 cellular process,-2.0768414408306297,2.0667738791423003,2.838614304722018,30293,180,1140,14,1.2280701754385965,0.32619397574769193,361|493|1767|7802|25911|79645|81892|118491|127602|144132|144406|161582|219670|221421,AQP4|ATP2B4|DNAH5|DNALI1|DPCD|CLXN|SLIRP|CFAP70|DNAH14|DNHD1|CFAP251|DNAAF4|ENKUR|RSPH9,-0.857635706080204,0,201,1,1,-2.0768414408306297,2.0667738791423003,
1,-2.0755961116495283,GO:1903725,M1,1,0,GO Biological Processes,19,regulation of phospholipid metabolic process,19_GO:0008152 metabolic process,-2.0755961116495283,3.907765737874097,3.3546433997461764,30293,34,1140,5,0.43859649122807015,0.19571569570288536,3949|5154|5580|8897|221395,LDLR|PDGFA|PRKCD|MTMR3|ADGRF5,-0.857635706080204,0,202,1,1,-2.0755961116495283,3.907765737874097,
1,-2.071192664042631,GO:0010866,M1,1,0,GO Biological Processes,19,regulation of triglyceride biosynthetic process,19_GO:0008152 metabolic process,-2.071192664042631,4.8314194577352465,3.5549412697737344,30293,22,1140,4,0.3508771929824561,0.17513053901652795,718|3949|6720|9104,C3|LDLR|SREBF1|RGN,-0.8565565627015509,0,203,1,1,-2.071192664042631,4.8314194577352465,
1,-2.071192664042631,GO:0030277,M1,1,0,GO Biological Processes,19,maintenance of gastrointestinal epithelium,19_GO:0042592 homeostatic process,-2.071192664042631,4.8314194577352465,3.5549412697737344,30293,22,1140,4,0.3508771929824561,0.17513053901652795,5950|6662|7099|64081,RBP4|SOX9|TLR4|PBLD,-0.8565565627015509,0,204,1,1,-2.071192664042631,4.8314194577352465,
1,-2.0645799416476533,GO:1902476,M1,1,0,GO Biological Processes,19,chloride transmembrane transport,19_GO:0051179 localization,-2.0645799416476533,2.4157097288676233,2.9414680178538575,30293,110,1140,10,0.8771929824561403,0.2761734623942493,1184|1185|2556|2742|7439|8001|23155|53405|57348|284129,CLCN5|CLCN6|GABRA3|GLRA2|BEST1|GLRA3|CLCC1|CLIC5|TTYH1|SLC26A11,-0.8513607893021798,0,205,1,1,-2.0645799416476533,2.4157097288676233,
1,-2.042732788166127,GO:0006991,M1,1,0,GO Biological Processes,19,response to sterol depletion,19_GO:0050896 response to stimulus,-2.042732788166127,6.643201754385966,3.866391854550837,30293,12,1140,3,0.2631578947368421,0.15173423614217976,3638|4067|6720,INSIG1|LYN|SREBF1,-0.8379195978899155,0,206,1,1,-2.042732788166127,6.643201754385966,
1,-2.042732788166127,GO:0021670,M1,1,0,GO Biological Processes,19,lateral ventricle development,19_GO:0032502 developmental process,-2.042732788166127,6.643201754385966,3.866391854550837,30293,12,1140,3,0.2631578947368421,0.15173423614217976,358|1767|25911,AQP1|DNAH5|DPCD,-0.8379195978899155,0,207,1,1,-2.042732788166127,6.643201754385966,
1,-2.042732788166127,GO:2001046,M1,1,0,GO Biological Processes,19,positive regulation of integrin-mediated signaling pathway,19_GO:0048518 positive regulation of biological process,-2.042732788166127,6.643201754385966,3.866391854550837,30293,12,1140,3,0.2631578947368421,0.15173423614217976,967|3987|284217,CD63|LIMS1|LAMA1,-0.8379195978899155,0,208,1,1,-2.042732788166127,6.643201754385966,
1,-2.042732788166127,GO:0006054,M1,1,0,GO Biological Processes,19,N-acetylneuraminate metabolic process,19_GO:0008152 metabolic process,-2.042732788166127,6.643201754385966,3.866391854550837,30293,12,1140,3,0.2631578947368421,0.15173423614217976,6480|55577|55907,ST6GAL1|NAGK|CMAS,-0.8379195978899155,0,209,1,1,-2.042732788166127,6.643201754385966,
1,-2.0323629774249854,GO:0034109,M1,1,0,GO Biological Processes,19,homotypic cell-cell adhesion,19_GO:0009987 cellular process,-2.0323629774249854,2.952534113060429,3.067782776276696,30293,63,1140,7,0.6140350877192983,0.23136981425843328,71|4267|5156|6814|8613|9414|23657,ACTG1|CD99|PDGFRA|STXBP3|PLPP3|TJP2|SLC7A11,-0.8316186408281188,0,210,1,1,-2.0323629774249854,2.952534113060429,
1,-2.001125604706132,GO:0071539,M1,1,0,GO Biological Processes,19,protein localization to centrosome,19_GO:0051179 localization,-2.001125604706132,4.62135774218154,3.4356104135219923,30293,23,1140,4,0.3508771929824561,0.17513053901652795,2804|22919|29887|51134,GOLGB1|MAPRE1|SNX10|CEP83,-0.8086239485793028,0,211,1,1,-2.001125604706132,4.62135774218154,
1,-2.001125604706132,GO:1905508,M1,1,0,GO Biological Processes,19,protein localization to microtubule organizing center,19_GO:0051179 localization,-2.001125604706132,4.62135774218154,3.4356104135219923,30293,23,1140,4,0.3508771929824561,0.17513053901652795,2804|22919|29887|51134,GOLGB1|MAPRE1|SNX10|CEP83,-0.8086239485793028,0,211,0,0,-2.001125604706132,4.62135774218154,
