Name,Category,CategoryID,GO,Description,PARENT_GO,LogP,Enrichment,Z-score,#TotalGeneInLibrary,#GeneInGO,#GeneInHitList,#GeneInGOAndHitList,%InGO,STDV %InGO,GeneID,Hits,Log(q-value)
MyList,GO Biological Processes,19,GO:0002181,cytoplasmic translation,19_GO:0008152 metabolic process,-35,7.7,19,30293,123,1751,55,3.1,0.42,2107|3646|4736|5936|6122|6124|6125|6129|6130|6133|6134|6135|6136|6137|6142|6143|6144|6146|6154|6155|6157|6159|6160|6161|6168|6171|6173|6175|6176|6187|6188|6189|6191|6203|6204|6206|6208|6209|6210|6218|6222|6223|6224|6228|6233|6301|7884|8664|8665|8667|8669|8894|11224|51386|55854,ETF1|EIF3E|RPL10A|RBM4|RPL3|RPL4|RPL5|RPL7|RPL7A|RPL9|RPL10|RPL11|RPL12|RPL13|RPL18A|RPL19|RPL21|RPL22|RPL26|RPL27|RPL27A|RPL29|RPL31|RPL32|RPL37A|RPL41|RPL36A|RPLP0|RPLP1|RPS2|RPS3|RPS3A|RPS4X|RPS9|RPS10|RPS12|RPS14|RPS15|RPS15A|RPS17|RPS18|RPS19|RPS20|RPS23|RPS27A|SARS1|SLBP|EIF3D|EIF3F|EIF3H|EIF3J|EIF2S2|RPL35|EIF3L|ZC3H15,-30
MyList,GO Biological Processes,19,GO:0006412,translation,19_GO:0008152 metabolic process,-31,4,15,30293,393,1751,92,5.3,0.53,1734|1915|1933|1965|2058|2107|3376|3646|4736|5188|5936|6122|6124|6125|6129|6130|6133|6134|6135|6136|6137|6142|6143|6144|6146|6154|6155|6157|6159|6160|6161|6166|6168|6171|6173|6175|6176|6187|6188|6189|6191|6192|6203|6204|6206|6208|6209|6210|6218|6222|6223|6224|6228|6233|6301|7284|7458|7884|7965|8664|8665|8667|8669|8890|8894|9086|9652|10209|11224|23438|25898|51021|51023|51253|51258|51263|51386|51649|51714|54952|55037|55052|55168|55699|55854|64976|80349|84340|118487|124454|124995|140032,DIO2|EEF1A1|EEF1B2|EIF2S1|EPRS1|ETF1|IARS1|EIF3E|RPL10A|GATB|RBM4|RPL3|RPL4|RPL5|RPL7|RPL7A|RPL9|RPL10|RPL11|RPL12|RPL13|RPL18A|RPL19|RPL21|RPL22|RPL26|RPL27|RPL27A|RPL29|RPL31|RPL32|RPL36AL|RPL37A|RPL41|RPL36A|RPLP0|RPLP1|RPS2|RPS3|RPS3A|RPS4X|RPS4Y1|RPS9|RPS10|RPS12|RPS14|RPS15|RPS15A|RPS17|RPS18|RPS19|RPS20|RPS23|RPS27A|SARS1|TUFM|EIF4H|SLBP|AIMP2|EIF3D|EIF3F|EIF3H|EIF3J|EIF2B4|EIF2S2|EIF1AY|SKIC3|EIF1|RPL35|HARS2|RCHY1|MRPS16|MRPS18C|MRPL37|MRPL51|MRPL30|EIF3L|MRPS23|SELENOT|TRNAU1AP|PTCD3|MRPL20|MRPS18A|IARS2|ZC3H15|MRPL40|SKIC8|GFM2|CHCHD1|EARS2|MRPL10|RPS4Y2,-27
MyList,GO Biological Processes,19,GO:0043043,peptide biosynthetic process,19_GO:0008152 metabolic process,-30,3.9,15,30293,422,1751,95,5.4,0.54,1734|1915|1933|1965|2058|2107|2681|3376|3646|4736|5125|5188|5936|6122|6124|6125|6129|6130|6133|6134|6135|6136|6137|6142|6143|6144|6146|6154|6155|6157|6159|6160|6161|6166|6168|6171|6173|6175|6176|6187|6188|6189|6191|6192|6203|6204|6206|6208|6209|6210|6218|6222|6223|6224|6228|6233|6301|6505|7284|7458|7884|7965|8664|8665|8667|8669|8890|8894|9086|9652|10209|11224|23438|25898|51021|51023|51253|51258|51263|51386|51649|51714|54952|55037|55052|55168|55699|55854|64976|80349|84340|118487|124454|124995|140032,DIO2|EEF1A1|EEF1B2|EIF2S1|EPRS1|ETF1|GGTA1|IARS1|EIF3E|RPL10A|PCSK5|GATB|RBM4|RPL3|RPL4|RPL5|RPL7|RPL7A|RPL9|RPL10|RPL11|RPL12|RPL13|RPL18A|RPL19|RPL21|RPL22|RPL26|RPL27|RPL27A|RPL29|RPL31|RPL32|RPL36AL|RPL37A|RPL41|RPL36A|RPLP0|RPLP1|RPS2|RPS3|RPS3A|RPS4X|RPS4Y1|RPS9|RPS10|RPS12|RPS14|RPS15|RPS15A|RPS17|RPS18|RPS19|RPS20|RPS23|RPS27A|SARS1|SLC1A1|TUFM|EIF4H|SLBP|AIMP2|EIF3D|EIF3F|EIF3H|EIF3J|EIF2B4|EIF2S2|EIF1AY|SKIC3|EIF1|RPL35|HARS2|RCHY1|MRPS16|MRPS18C|MRPL37|MRPL51|MRPL30|EIF3L|MRPS23|SELENOT|TRNAU1AP|PTCD3|MRPL20|MRPS18A|IARS2|ZC3H15|MRPL40|SKIC8|GFM2|CHCHD1|EARS2|MRPL10|RPS4Y2,-27
MyList,GO Biological Processes,19,GO:0043604,amide biosynthetic process,19_GO:0008152 metabolic process,-29,3.4,14,30293,546,1751,108,6.2,0.57,38|435|1050|1734|1738|1915|1933|1965|2058|2107|2681|3376|3646|4594|4736|5125|5162|5188|5936|6122|6124|6125|6129|6130|6133|6134|6135|6136|6137|6142|6143|6144|6146|6154|6155|6157|6159|6160|6161|6166|6168|6171|6173|6175|6176|6187|6188|6189|6191|6192|6203|6204|6206|6208|6209|6210|6218|6222|6223|6224|6228|6233|6301|6505|6609|7284|7458|7884|7965|8664|8665|8667|8669|8703|8890|8894|9086|9200|9652|10209|10715|11001|11224|23438|25898|30815|51021|51023|51253|51258|51263|51386|51649|51714|54952|55037|55052|55168|55699|55854|64976|80349|84340|118487|124454|124995|140032|142891,ACAT1|ASL|CEBPA|DIO2|DLD|EEF1A1|EEF1B2|EIF2S1|EPRS1|ETF1|GGTA1|IARS1|EIF3E|MMUT|RPL10A|PCSK5|PDHB|GATB|RBM4|RPL3|RPL4|RPL5|RPL7|RPL7A|RPL9|RPL10|RPL11|RPL12|RPL13|RPL18A|RPL19|RPL21|RPL22|RPL26|RPL27|RPL27A|RPL29|RPL31|RPL32|RPL36AL|RPL37A|RPL41|RPL36A|RPLP0|RPLP1|RPS2|RPS3|RPS3A|RPS4X|RPS4Y1|RPS9|RPS10|RPS12|RPS14|RPS15|RPS15A|RPS17|RPS18|RPS19|RPS20|RPS23|RPS27A|SARS1|SLC1A1|SMPD1|TUFM|EIF4H|SLBP|AIMP2|EIF3D|EIF3F|EIF3H|EIF3J|B4GALT3|EIF2B4|EIF2S2|EIF1AY|HACD1|SKIC3|EIF1|CERS1|SLC27A2|RPL35|HARS2|RCHY1|ST6GALNAC6|MRPS16|MRPS18C|MRPL37|MRPL51|MRPL30|EIF3L|MRPS23|SELENOT|TRNAU1AP|PTCD3|MRPL20|MRPS18A|IARS2|ZC3H15|MRPL40|SKIC8|GFM2|CHCHD1|EARS2|MRPL10|RPS4Y2|SAMD8,-26
MyList,GO Biological Processes,19,GO:0006518,peptide metabolic process,19_GO:0008152 metabolic process,-29,3.5,14,30293,515,1751,104,5.9,0.56,1363|1734|1915|1933|1965|2058|2107|2681|3376|3646|4736|5034|5125|5188|5936|6122|6124|6125|6129|6130|6133|6134|6135|6136|6137|6142|6143|6144|6146|6154|6155|6157|6159|6160|6161|6166|6168|6171|6173|6175|6176|6187|6188|6189|6191|6192|6203|6204|6206|6208|6209|6210|6218|6222|6223|6224|6228|6233|6301|6505|7284|7458|7884|7941|7965|8664|8665|8667|8669|8678|8890|8894|9086|9520|9652|10209|11224|23438|25898|51021|51023|51253|51258|51263|51386|51649|51714|54952|55037|55052|55168|55486|55699|55854|64976|80349|84340|90701|118487|121665|124454|124995|140032|440434,CPE|DIO2|EEF1A1|EEF1B2|EIF2S1|EPRS1|ETF1|GGTA1|IARS1|EIF3E|RPL10A|P4HB|PCSK5|GATB|RBM4|RPL3|RPL4|RPL5|RPL7|RPL7A|RPL9|RPL10|RPL11|RPL12|RPL13|RPL18A|RPL19|RPL21|RPL22|RPL26|RPL27|RPL27A|RPL29|RPL31|RPL32|RPL36AL|RPL37A|RPL41|RPL36A|RPLP0|RPLP1|RPS2|RPS3|RPS3A|RPS4X|RPS4Y1|RPS9|RPS10|RPS12|RPS14|RPS15|RPS15A|RPS17|RPS18|RPS19|RPS20|RPS23|RPS27A|SARS1|SLC1A1|TUFM|EIF4H|SLBP|PLA2G7|AIMP2|EIF3D|EIF3F|EIF3H|EIF3J|BECN1|EIF2B4|EIF2S2|EIF1AY|NPEPPS|SKIC3|EIF1|RPL35|HARS2|RCHY1|MRPS16|MRPS18C|MRPL37|MRPL51|MRPL30|EIF3L|MRPS23|SELENOT|TRNAU1AP|PTCD3|MRPL20|MRPS18A|PARL|IARS2|ZC3H15|MRPL40|SKIC8|GFM2|SEC11C|CHCHD1|SPPL3|EARS2|MRPL10|RPS4Y2|NPEPPSP1,-25
MyList,GO Biological Processes,19,GO:0022613,ribonucleoprotein complex biogenesis,19_GO:0009987 cellular process,-19,3,11,30293,492,1751,85,4.9,0.51,103|1662|2752|3646|4736|5822|6125|6129|6130|6134|6135|6154|6155|6175|6189|6191|6203|6206|6208|6209|6210|6218|6223|6228|6629|6631|6634|6635|6636|6637|6838|6880|7248|7514|7536|8451|8487|8575|8664|8665|8667|8669|8894|9188|9326|9724|10181|10200|10412|10419|10421|10438|10521|10528|10772|10885|10907|10969|11157|11224|22827|23016|23020|23450|23560|26747|51386|51491|51639|54433|55052|55341|55651|57050|57819|58155|60680|64282|79033|79707|79863|90121|90441|135295|404672,ADAR|DDX10|GLUL|EIF3E|RPL10A|PWP2|RPL5|RPL7|RPL7A|RPL10|RPL11|RPL26|RPL27|RPLP0|RPS3A|RPS4X|RPS9|RPS12|RPS14|RPS15|RPS15A|RPS17|RPS19|RPS23|SNRPB2|SNRPC|SNRPD3|SNRPE|SNRPF|SNRPG|SURF6|TAF9|TSC1|XPO1|SF1|CUL4A|GEMIN2|PRKRA|EIF3D|EIF3F|EIF3H|EIF3J|EIF2S2|DDX21|ZNHIT3|UTP14C|RBM5|MPHOSPH6|NSA2|PRMT5|CD2BP2|C1D|DDX17|NOP56|SRSF10|WDR3|TXNL4A|EBNA1BP2|LSM6|RPL35|PUF60|EXOSC7|SNRNP200|SF3B3|GTPBP4|NUFIP1|EIF3L|NOP16|SF3B6|GAR1|MRPL20|LSG1|NHP2|UTP3|LSM2|PTBP2|CELF5|TENT4B|ERI3|NOL9|RBFA|TSR2|ZNF622|SRSF12|GTF2H5,-16
MyList,GO Biological Processes,19,GO:0007005,mitochondrion organization,19_GO:0009987 cellular process,-17,3,10,30293,430,1751,74,4.2,0.48,142|572|597|598|1050|1191|1525|2139|3155|3313|3988|4082|4704|4706|4708|4712|4718|4720|4725|5245|6622|7386|8655|8678|9706|9804|10449|10730|10899|10981|11040|11345|23287|23787|25813|25875|25880|25994|26519|26521|28958|28976|30968|51103|51142|51204|51375|54463|54471|54543|54902|54968|55022|55245|55486|55744|56270|57143|57226|64422|79017|79145|80224|81892|83734|84233|84303|124045|132671|152926|282991|284184|401505|440574,PARP1|BAD|BCL2A1|BCL2L1|CEBPA|CLU|CXADR|EYA2|HMGCL|HSPA9|LIPA|MARCKS|NDUFA9|NDUFAB1|NDUFB2|NDUFB6|NDUFC2|NDUFS2|NDUFS5|PHB1|SNCA|UQCRFS1|DYNLL1|BECN1|ULK2|TOMM20|ACAA2|YME1L1|JTB|RAB32|PIM2|GABARAPL2|AGTPBP1|MTCH1|SAMM50|LETMD1|TMEM186|HIGD1A|TIMM10|TIMM8B|COA3|ACAD9|STOML2|NDUFAF1|CHCHD2|TACO1|SNX7|RETREG1|MIEF1|TOMM7|TTC19|TMEM70|PID1|UQCC1|PARL|COA1|WDR45B|ADCK1|LYRM2|ATG3|GGCT|CHCHD7|NUBPL|SLIRP|ATG10|TMEM126A|CHCHD6|SPATA33|SPATA18|PPM1K|BLOC1S2|NDUFAF8|TOMM5|MICOS10,-13
MyList,GO Biological Processes,19,GO:0006753,nucleoside phosphate metabolic process,19_GO:0008152 metabolic process,-15,2.6,9.4,30293,532,1751,81,4.6,0.5,38|108|113|142|158|159|226|271|318|498|527|572|1353|1738|1740|1806|1841|2023|2821|2987|3094|3156|3157|3312|3418|3939|3948|3988|4191|4199|4522|4594|4625|4704|4706|4708|4712|4718|4720|4725|4726|4830|4860|4878|4968|5138|5162|5211|5223|5236|5471|5631|5635|5636|7167|7372|8942|9200|9615|10591|10632|10840|10965|11001|11163|30968|51166|53343|55190|63979|79077|80221|80308|84649|128240|133686|170685|221823|256281|349565|441531,ACAT1|ADCY2|ADCY7|PARP1|ADSL|ADSS2|ALDOA|AMPD2|NUDT2|ATP5F1A|ATP6V0C|BAD|COX11|DLD|DLG2|DPYD|DTYMK|ENO1|GPI|GUK1|HINT1|HMGCR|HMGCS1|HSPA8|IDH2|LDHA|LDHC|LIPA|MDH2|ME1|MTHFD1|MMUT|MYH7|NDUFA9|NDUFAB1|NDUFB2|NDUFB6|NDUFC2|NDUFS2|NDUFS5|NDUFS6|NME1|PNP|NPPA|OGG1|PDE2A|PDHB|PFKL|PGAM1|PGM1|PPAT|PRPS1|PRPSAP1|PRPSAP2|TPI1|UMPS|KYNU|HACD1|GDA|DNPH1|ATP5MG|ALDH1L1|ACOT2|SLC27A2|NUDT4|STOML2|AADAT|NUDT9|NUDT11|FIGNL1|DCTPP1|ACSF2|FLAD1|DGAT2|NAXE|NADK2|NUDT10|PRPS1L1|NUDT14|NMNAT3|PGAM4,-12
MyList,GO Biological Processes,19,GO:0009117,nucleotide metabolic process,19_GO:0008152 metabolic process,-15,2.6,9.4,30293,524,1751,80,4.6,0.5,38|108|113|142|158|159|226|271|318|498|527|572|1353|1738|1740|1806|1841|2023|2821|2987|3094|3156|3157|3312|3418|3939|3948|3988|4191|4199|4522|4594|4625|4704|4706|4708|4712|4718|4720|4725|4726|4830|4860|4878|4968|5138|5162|5211|5223|5236|5471|5631|5635|5636|7167|7372|8942|9200|9615|10591|10632|10840|10965|11001|11163|30968|51166|53343|55190|63979|79077|80221|80308|84649|128240|133686|170685|221823|349565|441531,ACAT1|ADCY2|ADCY7|PARP1|ADSL|ADSS2|ALDOA|AMPD2|NUDT2|ATP5F1A|ATP6V0C|BAD|COX11|DLD|DLG2|DPYD|DTYMK|ENO1|GPI|GUK1|HINT1|HMGCR|HMGCS1|HSPA8|IDH2|LDHA|LDHC|LIPA|MDH2|ME1|MTHFD1|MMUT|MYH7|NDUFA9|NDUFAB1|NDUFB2|NDUFB6|NDUFC2|NDUFS2|NDUFS5|NDUFS6|NME1|PNP|NPPA|OGG1|PDE2A|PDHB|PFKL|PGAM1|PGM1|PPAT|PRPS1|PRPSAP1|PRPSAP2|TPI1|UMPS|KYNU|HACD1|GDA|DNPH1|ATP5MG|ALDH1L1|ACOT2|SLC27A2|NUDT4|STOML2|AADAT|NUDT9|NUDT11|FIGNL1|DCTPP1|ACSF2|FLAD1|DGAT2|NAXE|NADK2|NUDT10|PRPS1L1|NMNAT3|PGAM4,-12
MyList,GO Biological Processes,19,GO:0055086,nucleobase-containing small molecule metabolic process,19_GO:0008152 metabolic process,-15,2.5,9.3,30293,599,1751,87,5,0.52,38|108|113|142|158|159|226|271|318|498|527|572|1353|1738|1740|1806|1841|2023|2821|2987|3094|3156|3157|3312|3418|3939|3948|3988|4191|4199|4329|4351|4522|4594|4625|4704|4706|4708|4712|4718|4720|4725|4726|4830|4860|4878|4968|5138|5162|5211|5223|5236|5372|5471|5631|5635|5636|7167|7372|8813|8942|9200|9615|10591|10632|10840|10965|11001|11163|22875|30968|51166|53343|55190|55790|63979|79077|80221|80308|84649|128240|133686|170685|221823|256281|349565|441531,ACAT1|ADCY2|ADCY7|PARP1|ADSL|ADSS2|ALDOA|AMPD2|NUDT2|ATP5F1A|ATP6V0C|BAD|COX11|DLD|DLG2|DPYD|DTYMK|ENO1|GPI|GUK1|HINT1|HMGCR|HMGCS1|HSPA8|IDH2|LDHA|LDHC|LIPA|MDH2|ME1|ALDH6A1|MPI|MTHFD1|MMUT|MYH7|NDUFA9|NDUFAB1|NDUFB2|NDUFB6|NDUFC2|NDUFS2|NDUFS5|NDUFS6|NME1|PNP|NPPA|OGG1|PDE2A|PDHB|PFKL|PGAM1|PGM1|PMM1|PPAT|PRPS1|PRPSAP1|PRPSAP2|TPI1|UMPS|DPM1|KYNU|HACD1|GDA|DNPH1|ATP5MG|ALDH1L1|ACOT2|SLC27A2|NUDT4|ENPP4|STOML2|AADAT|NUDT9|NUDT11|CSGALNACT1|FIGNL1|DCTPP1|ACSF2|FLAD1|DGAT2|NAXE|NADK2|NUDT10|PRPS1L1|NUDT14|NMNAT3|PGAM4,-11
MyList,GO Biological Processes,19,GO:0019693,ribose phosphate metabolic process,19_GO:0008152 metabolic process,-15,2.9,9.5,30293,416,1751,69,3.9,0.46,38|108|113|142|158|159|226|271|318|498|527|572|1353|1738|1740|1806|2023|2821|2987|3094|3156|3157|3312|3939|3948|3988|4522|4594|4625|4704|4706|4708|4712|4718|4720|4725|4726|4830|4860|4878|5138|5162|5211|5223|5236|5471|5631|5635|5636|5836|7167|7372|9200|9615|10632|10965|11001|11163|30968|51166|53343|55190|63979|80221|84649|170685|221823|256281|441531,ACAT1|ADCY2|ADCY7|PARP1|ADSL|ADSS2|ALDOA|AMPD2|NUDT2|ATP5F1A|ATP6V0C|BAD|COX11|DLD|DLG2|DPYD|ENO1|GPI|GUK1|HINT1|HMGCR|HMGCS1|HSPA8|LDHA|LDHC|LIPA|MTHFD1|MMUT|MYH7|NDUFA9|NDUFAB1|NDUFB2|NDUFB6|NDUFC2|NDUFS2|NDUFS5|NDUFS6|NME1|PNP|NPPA|PDE2A|PDHB|PFKL|PGAM1|PGM1|PPAT|PRPS1|PRPSAP1|PRPSAP2|PYGL|TPI1|UMPS|HACD1|GDA|ATP5MG|ACOT2|SLC27A2|NUDT4|STOML2|AADAT|NUDT9|NUDT11|FIGNL1|ACSF2|DGAT2|NUDT10|PRPS1L1|NUDT14|PGAM4,-11
MyList,GO Biological Processes,19,GO:0072521,purine-containing compound metabolic process,19_GO:0008152 metabolic process,-14,2.7,9.3,30293,492,1751,76,4.3,0.49,38|108|113|142|158|159|226|271|318|498|527|572|1353|1738|1740|1806|2023|2821|2987|3094|3156|3157|3312|3418|3939|3948|3988|4191|4199|4522|4594|4625|4704|4706|4708|4712|4718|4720|4725|4726|4830|4860|4878|5138|5162|5211|5223|5236|5471|5631|5635|5636|7167|8942|9200|9615|10591|10632|10840|10965|11001|11163|22875|30968|51166|53343|55190|55604|63979|80221|84649|133686|170685|221823|349565|441531,ACAT1|ADCY2|ADCY7|PARP1|ADSL|ADSS2|ALDOA|AMPD2|NUDT2|ATP5F1A|ATP6V0C|BAD|COX11|DLD|DLG2|DPYD|ENO1|GPI|GUK1|HINT1|HMGCR|HMGCS1|HSPA8|IDH2|LDHA|LDHC|LIPA|MDH2|ME1|MTHFD1|MMUT|MYH7|NDUFA9|NDUFAB1|NDUFB2|NDUFB6|NDUFC2|NDUFS2|NDUFS5|NDUFS6|NME1|PNP|NPPA|PDE2A|PDHB|PFKL|PGAM1|PGM1|PPAT|PRPS1|PRPSAP1|PRPSAP2|TPI1|KYNU|HACD1|GDA|DNPH1|ATP5MG|ALDH1L1|ACOT2|SLC27A2|NUDT4|ENPP4|STOML2|AADAT|NUDT9|NUDT11|CARMIL1|FIGNL1|ACSF2|DGAT2|NADK2|NUDT10|PRPS1L1|NMNAT3|PGAM4,-11
MyList,GO Biological Processes,19,GO:0006163,purine nucleotide metabolic process,19_GO:0008152 metabolic process,-14,2.7,9.3,30293,463,1751,73,4.2,0.48,38|108|113|142|158|159|226|271|318|498|527|572|1353|1738|1740|2023|2821|2987|3094|3156|3157|3312|3418|3939|3948|3988|4191|4199|4522|4594|4625|4704|4706|4708|4712|4718|4720|4725|4726|4830|4860|4878|5138|5162|5211|5223|5236|5471|5631|5635|5636|7167|8942|9200|9615|10591|10632|10840|10965|11001|11163|30968|51166|53343|55190|63979|80221|84649|133686|170685|221823|349565|441531,ACAT1|ADCY2|ADCY7|PARP1|ADSL|ADSS2|ALDOA|AMPD2|NUDT2|ATP5F1A|ATP6V0C|BAD|COX11|DLD|DLG2|ENO1|GPI|GUK1|HINT1|HMGCR|HMGCS1|HSPA8|IDH2|LDHA|LDHC|LIPA|MDH2|ME1|MTHFD1|MMUT|MYH7|NDUFA9|NDUFAB1|NDUFB2|NDUFB6|NDUFC2|NDUFS2|NDUFS5|NDUFS6|NME1|PNP|NPPA|PDE2A|PDHB|PFKL|PGAM1|PGM1|PPAT|PRPS1|PRPSAP1|PRPSAP2|TPI1|KYNU|HACD1|GDA|DNPH1|ATP5MG|ALDH1L1|ACOT2|SLC27A2|NUDT4|STOML2|AADAT|NUDT9|NUDT11|FIGNL1|ACSF2|DGAT2|NADK2|NUDT10|PRPS1L1|NMNAT3|PGAM4,-11
MyList,GO Biological Processes,19,GO:0043632,modification-dependent macromolecule catabolic process,19_GO:0008152 metabolic process,-13,2.5,8.7,30293,551,1751,79,4.5,0.5,821|1642|3093|3300|4738|5683|5686|5687|5688|5693|5695|5702|5706|5707|5715|6047|6048|6233|6500|6921|7251|7314|7319|7320|7322|7337|7345|7347|7353|7993|8451|8453|8945|9246|9491|10040|11236|11267|23016|23291|23327|23352|25898|26234|26994|27243|27338|29082|29116|51283|51510|51528|51529|51608|51676|54442|54542|54602|55048|55829|55968|57092|57484|64282|65264|79718|80232|80344|128866|137886|143384|146330|153830|155382|196394|197131|200845|246184|378884,CANX|DDB1|UBE2K|DNAJB2|NEDD8|PSMA2|PSMA5|PSMA6|PSMA7|PSMB5|PSMB7|PSMC3|PSMC6|PSMD1|PSMD9|RNF4|RNF5|RPS27A|SKP1|ELOC|TSG101|UBB|UBE2A|UBE2B|UBE2D2|UBE3A|UCHL1|UCHL3|UFD1|UBXN8|CUL4A|CUL2|BTRC|UBE2L6|PSMF1|TOM1L1|RNF139|SNF8|EXOSC7|FBXW11|NEDD4L|UBR4|RCHY1|FBXL5|RNF11|CHMP2A|UBE2S|CHMP4A|MYLIP|BFAR|CHMP5|JKAMP|ANAPC11|GET4|ASB2|KCTD5|RC3H2|NDFIP2|VPS37C|SELENOS|NSFL1C|PCNP|RNF150|TENT4B|UBE2Z|TBL1XR1|WDR26|DCAF11|CHMP4B|UBXN2B|CACUL1|FBXL16|RNF145|VPS37D|AMN1|UBR1|KCTD6|CDC26|NHLRC1,-10
MyList,GO Biological Processes,19,GO:0019941,modification-dependent protein catabolic process,19_GO:0008152 metabolic process,-13,2.5,8.5,30293,540,1751,77,4.4,0.49,821|1642|3093|3300|4738|5683|5686|5687|5688|5693|5695|5702|5706|5707|5715|6047|6048|6233|6500|6921|7251|7314|7319|7320|7322|7337|7345|7347|7353|7993|8451|8453|8945|9246|9491|10040|11236|11267|23291|23327|23352|25898|26234|26994|27243|27338|29082|29116|51283|51510|51528|51529|51608|51676|54442|54542|54602|55048|55829|55968|57092|57484|65264|79718|80232|80344|128866|137886|143384|146330|153830|155382|196394|197131|200845|246184|378884,CANX|DDB1|UBE2K|DNAJB2|NEDD8|PSMA2|PSMA5|PSMA6|PSMA7|PSMB5|PSMB7|PSMC3|PSMC6|PSMD1|PSMD9|RNF4|RNF5|RPS27A|SKP1|ELOC|TSG101|UBB|UBE2A|UBE2B|UBE2D2|UBE3A|UCHL1|UCHL3|UFD1|UBXN8|CUL4A|CUL2|BTRC|UBE2L6|PSMF1|TOM1L1|RNF139|SNF8|FBXW11|NEDD4L|UBR4|RCHY1|FBXL5|RNF11|CHMP2A|UBE2S|CHMP4A|MYLIP|BFAR|CHMP5|JKAMP|ANAPC11|GET4|ASB2|KCTD5|RC3H2|NDFIP2|VPS37C|SELENOS|NSFL1C|PCNP|RNF150|UBE2Z|TBL1XR1|WDR26|DCAF11|CHMP4B|UBXN2B|CACUL1|FBXL16|RNF145|VPS37D|AMN1|UBR1|KCTD6|CDC26|NHLRC1,-9.6
MyList,GO Biological Processes,19,GO:0070201,regulation of establishment of protein localization,19_GO:0051179 localization,-12,2.5,8.4,30293,535,1751,76,4.3,0.49,240|572|945|1268|2281|2850|3033|3059|3156|3208|3265|3301|3312|3684|3689|3741|3936|4088|4628|4856|4946|4947|5211|5478|5532|5569|5580|5621|5715|5950|5991|6422|6505|6810|6950|7043|7097|7200|7203|7251|7260|7295|7468|7514|8111|8655|8724|8938|9270|9501|9520|10456|10519|10574|10576|22948|23379|23410|27230|27236|51100|51614|54471|54543|54602|55486|55612|59286|63928|79651|79751|79971|84830|89781|127933|134957,ALOX5|BAD|CD33|CNR1|FKBP1B|GPR27|HADH|HCLS1|HMGCR|HPCA|HRAS|DNAJA1|HSPA8|ITGAM|ITGB2|KCNA5|LCP1|SMAD3|MYH10|CCN3|OAZ1|OAZ2|PFKL|PPIA|PPP3CB|PKIA|PRKCD|PRNP|PSMD9|RBP4|RFX3|SFRP1|SLC1A1|STX4|TCP1|TGFB3|TLR2|TRH|CCT3|TSG101|EIPR1|TXN|NSD2|XPO1|GPR68|DYNLL1|SNX3|BAIAP3|ITGB1BP1|RPH3AL|NPEPPS|HAX1|CIB1|CCT7|CCT2|CCT5|ICE1|SIRT3|SERP1|ARFIP1|SH3GLB1|ERGIC3|MIEF1|TOMM7|NDFIP2|PARL|FERMT1|UBL5|CHP2|RHBDF2|SLC25A22|WLS|ADTRP|HPS4|UHMK1|STXBP5,-9.4
MyList,GO Biological Processes,19,GO:0051668,localization within membrane,19_GO:0051179 localization,-12,2.4,8.4,30293,557,1751,78,4.5,0.49,88|403|537|1012|1363|1398|1740|1855|3689|4666|4836|5064|5660|5764|5824|5879|5906|6505|6726|6728|7260|7485|8724|8766|9270|9804|9863|9914|10368|10858|10981|11031|11079|11267|22930|23043|23480|23673|23787|25813|25945|26003|26519|26521|29082|29993|51100|51234|51375|51560|51608|51699|54536|54543|55048|55146|55625|55800|56851|57628|57706|64422|79651|83955|91663|91851|128240|128866|133022|155382|157680|196383|254887|340348|342538|389941|401505|100133941,ACTN2|ARL3|ATP6AP1|CDH13|CPE|CRK|DLG2|DVL1|ITGB2|NACA|NMT1|PALM|PSAP|PTN|PEX19|RAC1|RAP1A|SLC1A1|SRP9|SRP19|EIPR1|GET1|SNX3|RAB11A|ITGB1BP1|TOMM20|MAGI2|ATP2C2|CACNG3|CYP46A1|RAB32|RAB31|RER1|SNF8|RAB3GAP1|TNIK|SEC61G|STX12|MTCH1|SAMM50|NECTIN3|GORASP2|TIMM10|TIMM8B|CHMP4A|PACSIN1|SH3GLB1|EMC4|SNX7|RAB6B|GET4|VPS29|EXOC6|TOMM7|VPS37C|ZDHHC4|ZDHHC7|SCN3B|EMC7|DPP10|DENND1A|ATG3|RHBDF2|NACA4P|MYADM|CHRDL1|NAXE|CHMP4B|TRAM1L1|VPS37D|VPS13B|RILPL2|ZDHHC23|TSPAN33|NACA2|C1QL3|TOMM5|CD24,-9.4
MyList,GO Biological Processes,19,GO:0009259,ribonucleotide metabolic process,19_GO:0008152 metabolic process,-12,2.7,8.6,30293,402,1751,63,3.6,0.45,38|108|113|142|158|159|226|271|318|498|527|572|1353|1738|1740|1806|2023|2821|2987|3094|3156|3157|3312|3939|3948|3988|4522|4594|4625|4704|4706|4708|4712|4718|4720|4725|4726|4830|4860|4878|5138|5162|5211|5223|5236|5471|7167|7372|9200|9615|10632|10965|11001|11163|30968|51166|53343|55190|63979|80221|84649|170685|441531,ACAT1|ADCY2|ADCY7|PARP1|ADSL|ADSS2|ALDOA|AMPD2|NUDT2|ATP5F1A|ATP6V0C|BAD|COX11|DLD|DLG2|DPYD|ENO1|GPI|GUK1|HINT1|HMGCR|HMGCS1|HSPA8|LDHA|LDHC|LIPA|MTHFD1|MMUT|MYH7|NDUFA9|NDUFAB1|NDUFB2|NDUFB6|NDUFC2|NDUFS2|NDUFS5|NDUFS6|NME1|PNP|NPPA|PDE2A|PDHB|PFKL|PGAM1|PGM1|PPAT|TPI1|UMPS|HACD1|GDA|ATP5MG|ACOT2|SLC27A2|NUDT4|STOML2|AADAT|NUDT9|NUDT11|FIGNL1|ACSF2|DGAT2|NUDT10|PGAM4,-9.4
MyList,GO Biological Processes,19,GO:0009150,purine ribonucleotide metabolic process,19_GO:0008152 metabolic process,-12,2.8,8.6,30293,382,1751,61,3.5,0.44,38|108|113|142|158|159|226|271|318|498|527|572|1353|1738|1740|2023|2821|2987|3094|3156|3157|3312|3939|3948|3988|4522|4594|4625|4704|4706|4708|4712|4718|4720|4725|4726|4830|4860|4878|5138|5162|5211|5223|5236|5471|7167|9200|9615|10632|10965|11001|11163|30968|51166|53343|55190|63979|80221|84649|170685|441531,ACAT1|ADCY2|ADCY7|PARP1|ADSL|ADSS2|ALDOA|AMPD2|NUDT2|ATP5F1A|ATP6V0C|BAD|COX11|DLD|DLG2|ENO1|GPI|GUK1|HINT1|HMGCR|HMGCS1|HSPA8|LDHA|LDHC|LIPA|MTHFD1|MMUT|MYH7|NDUFA9|NDUFAB1|NDUFB2|NDUFB6|NDUFC2|NDUFS2|NDUFS5|NDUFS6|NME1|PNP|NPPA|PDE2A|PDHB|PFKL|PGAM1|PGM1|PPAT|TPI1|HACD1|GDA|ATP5MG|ACOT2|SLC27A2|NUDT4|STOML2|AADAT|NUDT9|NUDT11|FIGNL1|ACSF2|DGAT2|NUDT10|PGAM4,-9.4
MyList,GO Biological Processes,19,GO:0006886,intracellular protein transport,19_GO:0051179 localization,-12,2.5,8.3,30293,519,1751,74,4.2,0.48,375|537|613|972|1176|1740|1871|2670|3313|3838|5191|5824|6396|6789|6810|6850|7251|7353|7514|7533|7805|7846|8766|9501|9804|9871|9895|10016|10073|10368|10483|10490|10758|10947|10981|11020|11031|11267|22931|23161|23214|23480|23557|23673|23787|25813|26519|26521|27236|51560|51699|54536|54543|55048|55437|55717|55746|55829|57537|58533|64792|79902|79971|84268|90865|94120|94122|112936|131118|133022|155382|196383|401505|100133941,ARF1|ATP6AP1|BCR|CD74|AP3S1|DLG2|E2F3|GFAP|HSPA9|KPNA2|PEX7|PEX19|SEC13|STK4|STX4|SYK|TSG101|UFD1|XPO1|YWHAH|LAPTM5|TUBA1A|RAB11A|RPH3AL|TOMM20|SEC24D|TECPR2|PDCD6|SNUPN|CACNG3|SEC23B|VTI1B|TRAF3IP2|AP3M2|RAB32|IFT27|RAB31|SNF8|RAB18|SNX13|XPO6|SEC61G|SNAPIN|STX12|MTCH1|SAMM50|TIMM10|TIMM8B|ARFIP1|RAB6B|VPS29|EXOC6|TOMM7|VPS37C|STRADB|WDR11|NUP133|SELENOS|SORCS2|SNX6|IFT22|NUP85|WLS|RPAIN|IL33|SYTL3|SYTL5|VPS26B|DNAJC19|TRAM1L1|VPS37D|RILPL2|TOMM5|CD24,-9.3
MyList,GO Biological Processes,19,GO:0006511,ubiquitin-dependent protein catabolic process,19_GO:0008152 metabolic process,-12,2.4,8.3,30293,530,1751,75,4.3,0.48,821|1642|3093|3300|4738|5683|5686|5687|5688|5693|5695|5702|5706|5707|5715|6047|6048|6500|6921|7251|7319|7320|7322|7337|7345|7347|7353|7993|8451|8453|8945|9246|9491|10040|11236|11267|23291|23327|23352|25898|26234|26994|27243|27338|29082|29116|51283|51510|51528|51529|51608|51676|54442|54542|54602|55048|55829|55968|57092|57484|65264|79718|80232|80344|128866|137886|143384|146330|153830|155382|196394|197131|200845|246184|378884,CANX|DDB1|UBE2K|DNAJB2|NEDD8|PSMA2|PSMA5|PSMA6|PSMA7|PSMB5|PSMB7|PSMC3|PSMC6|PSMD1|PSMD9|RNF4|RNF5|SKP1|ELOC|TSG101|UBE2A|UBE2B|UBE2D2|UBE3A|UCHL1|UCHL3|UFD1|UBXN8|CUL4A|CUL2|BTRC|UBE2L6|PSMF1|TOM1L1|RNF139|SNF8|FBXW11|NEDD4L|UBR4|RCHY1|FBXL5|RNF11|CHMP2A|UBE2S|CHMP4A|MYLIP|BFAR|CHMP5|JKAMP|ANAPC11|GET4|ASB2|KCTD5|RC3H2|NDFIP2|VPS37C|SELENOS|NSFL1C|PCNP|RNF150|UBE2Z|TBL1XR1|WDR26|DCAF11|CHMP4B|UBXN2B|CACUL1|FBXL16|RNF145|VPS37D|AMN1|UBR1|KCTD6|CDC26|NHLRC1,-9.3
MyList,GO Biological Processes,19,GO:0051603,proteolysis involved in protein catabolic process,19_GO:0008152 metabolic process,-12,2.3,8.2,30293,598,1751,81,4.6,0.5,821|1642|3093|3300|4738|5641|5683|5686|5687|5688|5693|5695|5702|5706|5707|5715|6047|6048|6233|6500|6921|7251|7314|7319|7320|7322|7337|7345|7347|7353|7993|8192|8451|8453|8722|8945|9246|9491|10040|10730|11236|11267|23291|23327|23352|25898|26234|26994|27243|27338|29082|29116|51283|51510|51528|51529|51608|51676|54442|54542|54602|55048|55829|55968|57092|57484|65264|79718|80232|80344|128866|137886|143384|146330|153830|155382|196394|197131|200845|246184|378884,CANX|DDB1|UBE2K|DNAJB2|NEDD8|LGMN|PSMA2|PSMA5|PSMA6|PSMA7|PSMB5|PSMB7|PSMC3|PSMC6|PSMD1|PSMD9|RNF4|RNF5|RPS27A|SKP1|ELOC|TSG101|UBB|UBE2A|UBE2B|UBE2D2|UBE3A|UCHL1|UCHL3|UFD1|UBXN8|CLPP|CUL4A|CUL2|CTSF|BTRC|UBE2L6|PSMF1|TOM1L1|YME1L1|RNF139|SNF8|FBXW11|NEDD4L|UBR4|RCHY1|FBXL5|RNF11|CHMP2A|UBE2S|CHMP4A|MYLIP|BFAR|CHMP5|JKAMP|ANAPC11|GET4|ASB2|KCTD5|RC3H2|NDFIP2|VPS37C|SELENOS|NSFL1C|PCNP|RNF150|UBE2Z|TBL1XR1|WDR26|DCAF11|CHMP4B|UBXN2B|CACUL1|FBXL16|RNF145|VPS37D|AMN1|UBR1|KCTD6|CDC26|NHLRC1,-9.2
MyList,GO Biological Processes,19,GO:0042254,ribosome biogenesis,19_GO:0009987 cellular process,-12,2.9,8.5,30293,314,1751,53,3,0.41,1662|2752|4736|5822|6125|6129|6130|6134|6135|6154|6155|6175|6189|6191|6203|6206|6208|6209|6210|6218|6223|6228|6838|7248|7514|8451|9188|9326|9724|10200|10412|10438|10521|10528|10885|10969|11157|11224|23016|23560|51491|54433|55052|55341|55651|57050|64282|79033|79707|79863|90121|90441|404672,DDX10|GLUL|RPL10A|PWP2|RPL5|RPL7|RPL7A|RPL10|RPL11|RPL26|RPL27|RPLP0|RPS3A|RPS4X|RPS9|RPS12|RPS14|RPS15|RPS15A|RPS17|RPS19|RPS23|SURF6|TSC1|XPO1|CUL4A|DDX21|ZNHIT3|UTP14C|MPHOSPH6|NSA2|C1D|DDX17|NOP56|WDR3|EBNA1BP2|LSM6|RPL35|EXOSC7|GTPBP4|NOP16|GAR1|MRPL20|LSG1|NHP2|UTP3|TENT4B|ERI3|NOL9|RBFA|TSR2|ZNF622|GTF2H5,-8.9
MyList,GO Biological Processes,19,GO:0030163,protein catabolic process,19_GO:0008152 metabolic process,-12,2.2,8,30293,710,1751,90,5.1,0.53,821|1191|1642|3093|3300|3312|3988|4126|4738|5641|5683|5686|5687|5688|5693|5695|5702|5706|5707|5715|6047|6048|6233|6448|6500|6921|7251|7314|7319|7320|7322|7337|7345|7347|7353|7993|8192|8451|8453|8722|8805|8945|9246|9491|10040|10730|11236|11267|23291|23327|23352|25898|26234|26994|27243|27338|29082|29116|51283|51510|51528|51529|51608|51676|54442|54542|54602|55048|55829|55968|57092|57484|64219|65264|79718|80232|80344|128866|132671|137886|143384|146330|147007|153830|155382|196394|197131|200845|246184|378884,CANX|CLU|DDB1|UBE2K|DNAJB2|HSPA8|LIPA|MANBA|NEDD8|LGMN|PSMA2|PSMA5|PSMA6|PSMA7|PSMB5|PSMB7|PSMC3|PSMC6|PSMD1|PSMD9|RNF4|RNF5|RPS27A|SGSH|SKP1|ELOC|TSG101|UBB|UBE2A|UBE2B|UBE2D2|UBE3A|UCHL1|UCHL3|UFD1|UBXN8|CLPP|CUL4A|CUL2|CTSF|TRIM24|BTRC|UBE2L6|PSMF1|TOM1L1|YME1L1|RNF139|SNF8|FBXW11|NEDD4L|UBR4|RCHY1|FBXL5|RNF11|CHMP2A|UBE2S|CHMP4A|MYLIP|BFAR|CHMP5|JKAMP|ANAPC11|GET4|ASB2|KCTD5|RC3H2|NDFIP2|VPS37C|SELENOS|NSFL1C|PCNP|RNF150|PJA1|UBE2Z|TBL1XR1|WDR26|DCAF11|CHMP4B|SPATA18|UBXN2B|CACUL1|FBXL16|TMEM199|RNF145|VPS37D|AMN1|UBR1|KCTD6|CDC26|NHLRC1,-8.9
MyList,GO Biological Processes,19,GO:0031647,regulation of protein stability,19_GO:0065007 biological regulation,-12,2.9,8.4,30293,325,1751,54,3.1,0.41,902|1191|1385|1603|1855|2776|3312|4088|5217|5245|5580|5621|5824|6048|6125|6135|6622|6789|6880|6950|7203|7248|7320|7480|7485|7874|8575|8613|8805|8945|9532|9802|10574|10576|11040|11170|11236|22948|23291|23327|23515|23560|23673|29116|51100|51339|51608|54543|58525|59343|65992|84059|89781|125150,CCNH|CLU|CREB1|DAD1|DVL1|GNAQ|HSPA8|SMAD3|PFN2|PHB1|PRKCD|PRNP|PEX19|RNF5|RPL5|RPL11|SNCA|STK4|TAF9|TCP1|CCT3|TSC1|UBE2B|WNT10B|GET1|USP7|PRKRA|PLPP3|TRIM24|BTRC|BAG2|DAZAP2|CCT7|CCT2|PIM2|FAM107A|RNF139|CCT5|FBXW11|NEDD4L|MORC3|GTPBP4|STX12|MYLIP|SH3GLB1|DACT1|GET4|TOMM7|WIZ|SENP2|DDRGK1|ADGRV1|HPS4|ZSWIM7,-8.8
MyList,GO Biological Processes,19,GO:1901137,carbohydrate derivative biosynthetic process,19_GO:0008152 metabolic process,-11,2.3,7.9,30293,596,1751,79,4.5,0.5,38|108|113|158|159|226|271|318|498|527|1353|1603|1738|1841|2650|2801|2987|3948|3988|4351|4522|4594|4704|4706|4708|4712|4718|4720|4725|4726|4830|4860|4878|5162|5281|5372|5471|5631|5635|5636|5836|6480|7167|7372|7991|8703|8704|8706|8813|9200|10591|10632|10678|10690|11001|11041|26035|27087|27230|29071|29880|30815|30968|51363|55790|56913|57171|63917|64131|79369|84002|84750|84892|116150|129450|221823|256281|727936|100128731,ACAT1|ADCY2|ADCY7|ADSL|ADSS2|ALDOA|AMPD2|NUDT2|ATP5F1A|ATP6V0C|COX11|DAD1|DLD|DTYMK|GCNT1|GOLGA2|GUK1|LDHC|LIPA|MPI|MTHFD1|MMUT|NDUFA9|NDUFAB1|NDUFB2|NDUFB6|NDUFC2|NDUFS2|NDUFS5|NDUFS6|NME1|PNP|NPPA|PDHB|PIGF|PMM1|PPAT|PRPS1|PRPSAP1|PRPSAP2|PYGL|ST6GAL1|TPI1|UMPS|TUSC3|B4GALT3|B4GALT2|B3GALNT1|DPM1|HACD1|DNPH1|ATP5MG|B3GNT2|FUT9|SLC27A2|B4GAT1|GLCE|B3GAT1|SERP1|C1GALT1C1|ALG5|ST6GALNAC6|STOML2|CHST15|CSGALNACT1|C1GALT1|DOLPP1|GALNT11|XYLT1|B3GNT4|B3GNT5|FUT10|POMGNT2|NUS1|TYW5|PRPS1L1|NUDT14|GXYLT2|OST4,-8.5
MyList,GO Biological Processes,19,GO:0034660,ncRNA metabolic process,19_GO:0008152 metabolic process,-11,2.4,7.9,30293,532,1751,73,4.2,0.48,103|1662|2058|2926|3181|3376|4086|4087|4088|4736|5188|5822|6125|6129|6130|6135|6154|6155|6208|6209|6218|6223|6301|6921|7257|8575|9188|9326|9698|9724|10200|10302|10412|10438|10521|10528|10885|10969|11157|11180|11224|23016|23379|23438|23560|27044|51493|54433|55651|55699|55718|55798|56257|57050|57570|60528|64282|65123|79033|79042|79707|79863|80237|90121|92105|112495|122402|124454|126789|129450|131965|142940|404672,ADAR|DDX10|EPRS1|GRSF1|HNRNPA2B1|IARS1|SMAD1|SMAD2|SMAD3|RPL10A|GATB|PWP2|RPL5|RPL7|RPL7A|RPL11|RPL26|RPL27|RPS14|RPS15|RPS17|RPS19|SARS1|ELOC|TSNAX|PRKRA|DDX21|ZNHIT3|PUM1|UTP14C|MPHOSPH6|SNAPC5|NSA2|C1D|DDX17|NOP56|WDR3|EBNA1BP2|LSM6|WDR6|RPL35|EXOSC7|ICE1|HARS2|GTPBP4|SND1|RTCB|GAR1|NHP2|IARS2|POLR3E|METTL2B|MEPCE|UTP3|TRMT5|ELAC2|TENT4B|INTS3|ERI3|TSEN34|NOL9|RBFA|ELL3|TSR2|INTS4|GTF3C6|TDRD9|EARS2|PUSL1|TYW5|METTL6|TRUB1|GTF2H5,-8.4
MyList,GO Biological Processes,19,GO:0031401,positive regulation of protein modification process,19_GO:0048518 positive regulation of biological process,-11,2.1,7.6,30293,788,1751,95,5.4,0.54,330|493|718|801|923|945|972|1464|1524|1855|1910|2547|2801|3059|3082|3093|3265|3845|4067|4659|5170|5217|5245|5478|5563|5571|5580|5604|5621|5747|5879|5906|5912|6187|6188|6500|6609|6622|6789|6850|7010|7037|7295|7314|7337|7805|7913|7965|8321|8325|8613|8764|8792|8945|9111|9188|9244|9270|9863|10006|10016|10040|10456|10459|10519|10899|11170|22930|23043|23141|23531|25898|27338|51230|54602|55437|55615|55683|56034|56892|57600|59343|65992|80725|83734|84062|84830|92597|121665|133619|143384|146433|219736|378884|100133941,BIRC3|ATP2B4|C3|CALM1|CD6|CD33|CD74|CSPG4|CX3CR1|DVL1|EDNRB|XRCC6|GOLGA2|HCLS1|HGF|UBE2K|HRAS|KRAS|LYN|PPP1R12A|PDPK1|PFN2|PHB1|PPIA|PRKAA2|PRKAG1|PRKCD|MAP2K1|PRNP|PTK2|RAC1|RAP1A|RAP2B|RPS2|RPS3|SKP1|SMPD1|SNCA|STK4|SYK|TEK|TFRC|TXN|UBB|UBE3A|LAPTM5|DEK|AIMP2|FZD1|FZD8|PLPP3|TNFRSF14|TNFRSF11A|BTRC|NMI|DDX21|CRLF1|ITGB1BP1|MAGI2|ABI1|PDCD6|TOM1L1|HAX1|MAD2L2|CIB1|JTB|FAM107A|RAB3GAP1|TNIK|ANKLE2|MMD|RCHY1|UBE2S|PHF20|NDFIP2|STRADB|PRR5|KANSL3|PDGFC|TCIM|FNIP2|SENP2|DDRGK1|SRCIN1|ATG10|DTNBP1|ADTRP|MOB1B|SPPL3|PRRC1|CACUL1|IL34|STOX1|NHLRC1|CD24,-8.3
MyList,GO Biological Processes,19,GO:0006091,generation of precursor metabolites and energy,19_GO:0008152 metabolic process,-11,2.6,8,30293,408,1751,61,3.5,0.44,38|50|158|217|226|231|498|1050|1327|1353|1528|1534|1738|2023|2109|2235|2731|2821|3155|3418|3939|3988|4191|4199|4704|4706|4708|4712|4718|4720|4725|4726|5019|5162|5211|5223|5236|5502|5836|6622|7167|7385|7386|8013|8574|8630|10632|10840|22977|23410|30968|51103|54205|55022|57215|79178|79751|83733|378884|388753|441531,ACAT1|ACO2|ADSL|ALDH2|ALDOA|AKR1B1|ATP5F1A|CEBPA|COX4I1|COX11|CYB5A|CYB561|DLD|ENO1|ETFB|FECH|GLDC|GPI|HMGCL|IDH2|LDHA|LIPA|MDH2|ME1|NDUFA9|NDUFAB1|NDUFB2|NDUFB6|NDUFC2|NDUFS2|NDUFS5|NDUFS6|OXCT1|PDHB|PFKL|PGAM1|PGM1|PPP1R1A|PYGL|SNCA|TPI1|UQCRC2|UQCRFS1|NR4A3|AKR7A2|HSD17B6|ATP5MG|ALDH1L1|AKR7A3|SIRT3|STOML2|NDUFAF1|CYCS|PID1|THAP11|THTPA|SLC25A22|SLC25A18|NHLRC1|COA6|PGAM4,-8.3
MyList,GO Biological Processes,19,GO:0060627,regulation of vesicle-mediated transport,19_GO:0051179 localization,-11,2.4,7.8,30293,529,1751,72,4.1,0.47,71|88|136|301|375|392|613|718|967|1012|1191|1855|1948|2771|3146|3208|3566|3684|3689|3822|4067|5170|5217|5532|5604|5879|5906|6014|6441|6457|6609|6622|6810|6850|7097|7251|7260|7874|8448|8673|8724|8766|8862|8938|9501|9711|9863|10079|11031|11151|11236|11267|22930|23327|23557|25875|27236|27243|27445|29993|51760|54550|55680|64422|79772|79872|84058|84062|90416|114781|134957|341359,ACTG1|ACTN2|ADORA2B|ANXA1|ARF1|ARHGAP1|BCR|C3|CD63|CDH13|CLU|DVL1|EFNB2|GNAI2|HMGB1|HPCA|IL4R|ITGAM|ITGB2|KLRC2|LYN|PDPK1|PFN2|PPP3CB|MAP2K1|RAC1|RAP1A|RIT2|SFTPD|SH3GL3|SMPD1|SNCA|STX4|SYK|TLR2|TSG101|EIPR1|USP7|DOC2A|VAMP8|SNX3|RAB11A|APLN|BAIAP3|RPH3AL|RUBCN|MAGI2|ATP9A|RAB31|CORO1A|RNF139|SNF8|RAB3GAP1|NEDD4L|SNAPIN|LETMD1|ARFIP1|CHMP2A|PCLO|PACSIN1|SYT17|NECAB2|RUFY2|ATG3|MCTP1|CBLL1|WDR54|DTNBP1|CCDC32|BTBD9|STXBP5|SYT10,-8.2
MyList,GO Biological Processes,19,GO:0071826,protein-RNA complex organization,19_GO:0009987 cellular process,-11,3.1,8.3,30293,243,1751,44,2.5,0.37,103|3646|5822|6125|6134|6135|6175|6208|6209|6223|6629|6631|6634|6635|6636|6637|6880|7536|8444|8487|8575|8664|8665|8667|8669|8894|9326|10181|10419|10421|10772|10907|22827|23020|23450|24144|26747|51386|51639|55052|57819|58155|60680|135295,ADAR|EIF3E|PWP2|RPL5|RPL10|RPL11|RPLP0|RPS14|RPS15|RPS19|SNRPB2|SNRPC|SNRPD3|SNRPE|SNRPF|SNRPG|TAF9|SF1|DYRK3|GEMIN2|PRKRA|EIF3D|EIF3F|EIF3H|EIF3J|EIF2S2|ZNHIT3|RBM5|PRMT5|CD2BP2|SRSF10|TXNL4A|PUF60|SNRNP200|SF3B3|TFIP11|NUFIP1|EIF3L|SF3B6|MRPL20|LSM2|PTBP2|CELF5|SRSF12,-8.2
MyList,GO Biological Processes,19,GO:0051129,negative regulation of cellular component organization,19_GO:0048519 negative regulation of biological process,-11,2.1,7.6,30293,726,1751,89,5.1,0.52,120|142|393|395|598|1063|1191|1400|1496|1809|1948|1949|2665|2670|2764|3082|3146|3178|3183|3300|3312|3925|5048|5217|5580|5621|5879|5885|6014|6457|6585|6622|7037|7067|7097|7114|7337|7533|8634|8678|8724|9023|9168|9270|9535|9637|9706|9711|10040|10049|10371|10449|10459|10519|10923|11130|11151|11170|22911|23557|24144|25987|29116|29993|51339|51451|54550|55486|55604|55937|56896|56998|57143|64218|64282|64422|79772|79822|80169|80206|81618|81624|84058|84062|84830|91663|130271|152485|167227,ADD3|PARP1|ARHGAP4|ARHGAP6|BCL2L1|CENPF|CLU|CRMP1|CTNNA2|DPYSL3|EFNB2|EFNB3|GDI2|GFAP|GMFB|HGF|HMGB1|HNRNPA1|HNRNPC|DNAJB2|HSPA8|STMN1|PAFAH1B1|PFN2|PRKCD|PRNP|RAC1|RAD21|RIT2|SH3GL3|SLIT1|SNCA|TFRC|THRA|TLR2|TMSB4X|UBE3A|YWHAH|RTCA|BECN1|SNX3|CH25H|TMSB10|ITGB1BP1|GMFG|FEZ2|ULK2|RUBCN|TOM1L1|DNAJB6|SEMA3A|ACAA2|MAD2L2|CIB1|SUB1|ZWINT|CORO1A|FAM107A|WDR47|SNAPIN|TFIP11|TSKU|MYLIP|PACSIN1|DACT1|LCMT1|NECAB2|PARL|CARMIL1|APOM|DPYSL5|CTNNBIP1|ADCK1|SEMA4A|TENT4B|ATG3|MCTP1|ARHGAP28|CTC1|FHOD3|ITM2C|DIAPH3|WDR54|DTNBP1|ADTRP|MYADM|PLEKHH2|ZNF827|DCP2,-8.1
MyList,GO Biological Processes,19,GO:0030029,actin filament-based process,19_GO:0009987 cellular process,-11,2.2,7.6,30293,612,1751,79,4.5,0.5,70|71|88|199|226|301|358|390|395|613|800|1398|1525|1627|1809|2764|3059|3741|3762|3784|3845|3936|4082|4542|4625|4628|4637|4892|5048|5156|5170|5217|5358|5879|5987|7114|7138|7170|9168|9535|9788|9897|9938|10006|10049|10093|10094|10152|10459|10787|10810|11034|11151|11170|11188|11215|22808|23043|23327|27295|29085|29114|29993|51019|51676|54566|55604|55800|55845|57626|63916|80115|80206|80725|81624|84062|89846|116154|359845,ACTC1|ACTG1|ACTN2|AIF1|ALDOA|ANXA1|AQP1|RND3|ARHGAP6|BCR|CALD1|CRK|CXADR|DBN1|DPYSL3|GMFB|HCLS1|KCNA5|KCNJ5|KCNQ1|KRAS|LCP1|MARCKS|MYO1F|MYH7|MYH10|MYL6|NRAP|PAFAH1B1|PDGFRA|PDPK1|PFN2|PLS3|RAC1|TRIM27|TMSB4X|TNNT1|TPM3|TMSB10|GMFG|MTSS1|WASHC5|ARHGAP25|ABI1|DNAJB6|ARPC4|ARPC3|ABI2|MAD2L2|NCKAP1|WASF3|DSTN|CORO1A|FAM107A|NISCH|AKAP11|MRAS|TNIK|NEDD4L|PDLIM3|PHPT1|TAGLN3|PACSIN1|WASHC3|ASB2|EPB41L4B|CARMIL1|SCN3B|BRK1|KLHL1|ELMO2|BAIAP2L2|FHOD3|SRCIN1|DIAPH3|DTNBP1|FGD3|PHACTR3|RFLNB,-8
MyList,GO Biological Processes,19,GO:0016071,mRNA metabolic process,19_GO:0008152 metabolic process,-11,2.2,7.6,30293,648,1751,82,4.7,0.5,103|677|1385|2107|2926|3178|3181|3183|3189|3312|3646|4236|4292|4670|4848|5356|5436|5936|6427|6629|6631|6634|6635|6636|6637|6874|6880|7024|7536|7884|8487|9337|9652|9939|10181|10284|10286|10419|10421|10465|10521|10657|10772|10907|11017|11157|22827|23016|23020|23034|23049|23450|23658|24144|27044|27238|27258|29883|51362|51441|51639|51645|54542|57472|57819|58155|59286|60680|64062|64282|65109|79042|79872|80349|83448|84950|118924|135295|142940|153527|167227|255967,ADAR|ZFP36L1|CREB1|ETF1|GRSF1|HNRNPA1|HNRNPA2B1|HNRNPC|HNRNPH3|HSPA8|EIF3E|MFAP1|MLH1|HNRNPM|CNOT2|PLRG1|POLR2G|RBM4|SRSF2|SNRPB2|SNRPC|SNRPD3|SNRPE|SNRPF|SNRPG|TAF4|TAF9|TFCP2|SF1|SLBP|GEMIN2|CNOT8|SKIC3|RBM8A|RBM5|SAP18|BCAS2|PRMT5|CD2BP2|PPIH|DDX17|KHDRBS1|SRSF10|TXNL4A|SNRNP27|LSM6|PUF60|EXOSC7|SNRNP200|SAMD4A|SMG1|SF3B3|LSM5|TFIP11|SND1|GPKOW|LSM3|CNOT7|CDC40|YTHDF2|SF3B6|PPIL1|RC3H2|CNOT6|LSM2|PTBP2|UBL5|CELF5|RBM26|TENT4B|UPF3B|TSEN34|CBLL1|SKIC8|PUS7L|PRPF38A|FRA10AC1|SRSF12|TRUB1|ZMAT2|DCP2|PAN3,-8
MyList,GO Biological Processes,19,GO:1901361,organic cyclic compound catabolic process,19_GO:0008152 metabolic process,-11,2.5,7.8,30293,417,1751,61,3.5,0.44,38|226|677|1735|1806|2023|2107|2184|2821|3081|3094|3646|3939|3988|4292|4329|4848|4860|4968|5138|5211|5223|5236|5436|6921|7167|7533|8630|8635|8942|9337|9615|9652|9939|10591|10858|11157|11163|22875|23016|23034|23049|23658|27044|29883|51441|53343|54542|55190|57472|57819|60528|64282|65109|79077|80349|167227|170685|255967|259307|441531,ACAT1|ALDOA|ZFP36L1|DIO3|DPYD|ENO1|ETF1|FAH|GPI|HGD|HINT1|EIF3E|LDHA|LIPA|MLH1|ALDH6A1|CNOT2|PNP|OGG1|PDE2A|PFKL|PGAM1|PGM1|POLR2G|ELOC|TPI1|YWHAH|HSD17B6|RNASET2|KYNU|CNOT8|GDA|SKIC3|RBM8A|DNPH1|CYP46A1|LSM6|NUDT4|ENPP4|EXOSC7|SAMD4A|SMG1|LSM5|SND1|CNOT7|YTHDF2|NUDT9|RC3H2|NUDT11|CNOT6|LSM2|ELAC2|TENT4B|UPF3B|DCTPP1|SKIC8|DCP2|NUDT10|PAN3|IL4I1|PGAM4,-8
MyList,GO Biological Processes,19,GO:0051656,establishment of organelle localization,19_GO:0051179 localization,-11,2.6,7.8,30293,407,1751,60,3.4,0.43,136|1063|1176|1780|2922|3281|4067|4292|4935|5048|5080|5925|6209|6399|6585|6622|6850|6993|7251|7314|7320|7345|7514|7846|8013|8655|8678|8766|9371|10016|10494|10947|11130|11243|22920|23287|23291|23557|26086|26115|27243|29082|51399|51510|54536|55341|55717|55860|55968|79003|79036|79090|79443|84062|118426|119032|128866|137886|282991|283489,ADORA2B|CENPF|AP3S1|DYNC1I1|GRP|HSBP1|LYN|MLH1|GPR143|PAFAH1B1|PAX6|RB1|RPS15|TRAPPC2|SLIT1|SNCA|SYK|DYNLT1|TSG101|UBB|UBE2B|UCHL1|XPO1|TUBA1A|NR4A3|DYNLL1|BECN1|RAB11A|KIF3B|PDCD6|STK25|AP3M2|ZWINT|PMF1|KIFAP3|AGTPBP1|FBXW11|SNAPIN|GPSM1|TANC2|CHMP2A|CHMP4A|TRAPPC4|CHMP5|EXOC6|LSG1|WDR11|ACTR10|NSFL1C|MIS12|KXD1|TRAPPC6A|FYCO1|DTNBP1|BORCS5|BORCS7|CHMP4B|UBXN2B|BLOC1S2|CHAMP1,-8
MyList,GO Biological Processes,19,GO:0000398,"mRNA splicing, via spliceosome",19_GO:0008152 metabolic process,-11,2.9,8,30293,277,1751,47,2.7,0.39,3178|3181|3183|3189|3312|4236|4670|5356|5936|6427|6629|6631|6634|6635|6636|6637|7536|8487|9939|10181|10286|10419|10421|10465|10521|10772|10907|11017|11157|22827|23020|23450|23658|24144|27238|27258|51362|51639|51645|57819|58155|59286|60680|84950|118924|135295|153527,HNRNPA1|HNRNPA2B1|HNRNPC|HNRNPH3|HSPA8|MFAP1|HNRNPM|PLRG1|RBM4|SRSF2|SNRPB2|SNRPC|SNRPD3|SNRPE|SNRPF|SNRPG|SF1|GEMIN2|RBM8A|RBM5|BCAS2|PRMT5|CD2BP2|PPIH|DDX17|SRSF10|TXNL4A|SNRNP27|LSM6|PUF60|SNRNP200|SF3B3|LSM5|TFIP11|GPKOW|LSM3|CDC40|SF3B6|PPIL1|LSM2|PTBP2|UBL5|CELF5|PRPF38A|FRA10AC1|SRSF12|ZMAT2,-7.9
MyList,GO Biological Processes,19,GO:0000377,"RNA splicing, via transesterification reactions with bulged adenosine as nucleophile",19_GO:0008152 metabolic process,-11,2.9,8,30293,277,1751,47,2.7,0.39,3178|3181|3183|3189|3312|4236|4670|5356|5936|6427|6629|6631|6634|6635|6636|6637|7536|8487|9939|10181|10286|10419|10421|10465|10521|10772|10907|11017|11157|22827|23020|23450|23658|24144|27238|27258|51362|51639|51645|57819|58155|59286|60680|84950|118924|135295|153527,HNRNPA1|HNRNPA2B1|HNRNPC|HNRNPH3|HSPA8|MFAP1|HNRNPM|PLRG1|RBM4|SRSF2|SNRPB2|SNRPC|SNRPD3|SNRPE|SNRPF|SNRPG|SF1|GEMIN2|RBM8A|RBM5|BCAS2|PRMT5|CD2BP2|PPIH|DDX17|SRSF10|TXNL4A|SNRNP27|LSM6|PUF60|SNRNP200|SF3B3|LSM5|TFIP11|GPKOW|LSM3|CDC40|SF3B6|PPIL1|LSM2|PTBP2|UBL5|CELF5|PRPF38A|FRA10AC1|SRSF12|ZMAT2,-7.9
MyList,GO Biological Processes,19,GO:0019439,aromatic compound catabolic process,19_GO:0008152 metabolic process,-10,2.6,7.8,30293,388,1751,58,3.3,0.43,38|226|677|1735|1806|2023|2107|2184|2821|3081|3094|3646|3939|3988|4292|4848|4860|4968|5138|5211|5223|5236|5436|5445|6921|7167|8635|8942|9337|9615|9652|9939|10591|11157|11163|22875|23016|23034|23049|23658|27044|29883|51441|53343|54542|55190|57472|57819|60528|64282|65109|79077|80349|167227|170685|255967|259307|441531,ACAT1|ALDOA|ZFP36L1|DIO3|DPYD|ENO1|ETF1|FAH|GPI|HGD|HINT1|EIF3E|LDHA|LIPA|MLH1|CNOT2|PNP|OGG1|PDE2A|PFKL|PGAM1|PGM1|POLR2G|PON2|ELOC|TPI1|RNASET2|KYNU|CNOT8|GDA|SKIC3|RBM8A|DNPH1|LSM6|NUDT4|ENPP4|EXOSC7|SAMD4A|SMG1|LSM5|SND1|CNOT7|YTHDF2|NUDT9|RC3H2|NUDT11|CNOT6|LSM2|ELAC2|TENT4B|UPF3B|DCTPP1|SKIC8|DCP2|NUDT10|PAN3|IL4I1|PGAM4,-7.9
MyList,GO Biological Processes,19,GO:0000278,mitotic cell cycle,19_GO:0009987 cellular process,-10,2.2,7.5,30293,585,1751,76,4.3,0.49,375|403|801|1063|1069|1163|1871|2009|2801|3082|3796|3925|3988|4175|4602|4628|4659|5048|5080|5884|5885|6118|6154|6867|6993|7280|7319|7480|7846|8451|8453|8678|8766|9371|9577|10270|10376|10459|10519|10657|10671|10776|10899|11040|11130|11258|23141|23291|23399|26086|27243|27338|29082|29086|51451|51510|51529|54536|54902|55968|57348|57504|65123|79003|79184|114327|128866|129531|137886|143384|148479|200942|260334|283489|347733|387103,ARF1|ARL3|CALM1|CENPF|CETN2|CKS1B|E2F3|EML1|GOLGA2|HGF|KIF2A|STMN1|LIPA|MCM6|MYB|MYH10|PPP1R12A|PAFAH1B1|PAX6|RAD17|RAD21|RPA2|RPL26|TACC1|DYNLT1|TUBB2A|UBE2A|WNT10B|TUBA1A|CUL4A|CUL2|BECN1|RAB11A|KIF3B|BABAM2|AKAP8|TUBA1B|MAD2L2|CIB1|KHDRBS1|DCTN6|ARPP19|JTB|PIM2|ZWINT|DCTN3|ANKLE2|FBXW11|CTDNEP1|GPSM1|CHMP2A|UBE2S|CHMP4A|BABAM1|LCMT1|CHMP5|ANAPC11|EXOC6|TTC19|NSFL1C|TTYH1|MTA3|INTS3|MIS12|BRCC3|EFHC1|CHMP4B|MITD1|UBXN2B|CACUL1|PHF13|KLHDC8B|TUBB8B|CHAMP1|TUBB2B|CENPW,-7.9
MyList,GO Biological Processes,19,GO:0008285,negative regulation of cell population proliferation,19_GO:0048519 negative regulation of biological process,-10,2,7.4,30293,785,1751,93,5.3,0.54,199|240|430|498|945|1012|1050|1687|1718|1871|1948|2172|2173|2495|2550|3159|3265|3300|3488|3642|4067|4086|4087|4088|4830|4856|5080|5245|5604|5621|5764|5925|5950|6422|6441|6567|6598|6750|6751|6789|7043|7071|7097|7101|7248|7251|7480|7536|7965|8575|8678|8764|8805|8862|8935|9104|9111|9270|9289|9500|9536|9788|9863|10006|10019|10181|10519|10549|10668|10669|10766|11040|11095|11180|11236|11326|22920|23213|23287|23515|23560|23576|23641|29883|55612|56998|57007|58495|79893|84868|90865|259307|339390,AIF1|ALOX5|ASCL2|ATP5F1A|CD33|CDH13|CEBPA|GSDME|DHCR24|E2F3|EFNB2|FABP6|FABP7|FTH1|GABBR1|HMGA1|HRAS|DNAJB2|IGFBP5|INSM1|LYN|SMAD1|SMAD2|SMAD3|NME1|CCN3|PAX6|PHB1|MAP2K1|PRNP|PTN|RB1|RBP4|SFRP1|SFTPD|SLC16A2|SMARCB1|SST|SSTR1|STK4|TGFB3|KLF10|TLR2|NR2E1|TSC1|TSG101|WNT10B|SF1|AIMP2|PRKRA|BECN1|TNFRSF14|TRIM24|APLN|SKAP2|RGN|NMI|ITGB1BP1|ADGRG1|MAGED1|PTGES|MTSS1|MAGI2|ABI1|SH2B3|RBM5|CIB1|PRDX4|CGRRF1|CGREF1|TOB2|PIM2|ADAMTS8|WDR6|RNF139|VSIG4|KIFAP3|SULF1|AGTPBP1|MORC3|GTPBP4|DDAH1|LDOC1|CNOT7|FERMT1|CTNNBIP1|ACKR3|OVOL2|GGNBP2|HAVCR2|IL33|IL4I1|CLEC4G,-7.8
MyList,GO Biological Processes,19,GO:0120035,regulation of plasma membrane bounded cell projection organization,19_GO:0050789 regulation of biological process,-10,2.2,7.5,30293,656,1751,82,4.7,0.5,393|577|1268|1272|1398|1400|1496|1627|1809|1855|1948|1949|2281|2665|2670|2823|2895|3265|4067|4076|4897|4898|5048|5063|5064|5080|5217|5580|5604|5621|5764|5792|5879|5906|6014|6239|6422|6585|7043|7101|7337|7533|8321|8634|8655|8724|8766|9706|9750|9863|9897|10152|10371|10494|10519|10690|10787|23043|23327|23557|25987|26115|29116|29993|51364|55604|55845|56896|57465|64218|64422|80258|80725|81618|84062|115703|202018|221074|221914|255758|285016|347733,ARHGAP4|ADGRB3|CNR1|CNTN1|CRK|CRMP1|CTNNA2|DBN1|DPYSL3|DVL1|EFNB2|EFNB3|FKBP1B|GDI2|GFAP|GPM6A|GRID2|HRAS|LYN|CAPRIN1|NRCAM|NRDC|PAFAH1B1|PAK3|PALM|PAX6|PFN2|PRKCD|MAP2K1|PRNP|PTN|PTPRF|RAC1|RAP1A|RIT2|RREB1|SFRP1|SLIT1|TGFB3|NR2E1|UBE3A|YWHAH|FZD1|RTCA|DYNLL1|SNX3|RAB11A|ULK2|RIPOR2|MAGI2|WASHC5|ABI2|SEMA3A|STK25|CIB1|FUT9|NCKAP1|TNIK|NEDD4L|SNAPIN|TSKU|TANC2|MYLIP|PACSIN1|ZMYND10|CARMIL1|BRK1|DPYSL5|TBC1D24|SEMA4A|ATG3|EFHC2|SRCIN1|ITM2C|DTNBP1|ARHGAP33|TAPT1|SLC39A12|GPC2|DYNLT2B|ALKAL2|TUBB2B,-7.8
MyList,GO Biological Processes,19,GO:0022618,protein-RNA complex assembly,19_GO:0009987 cellular process,-10,3.1,8,30293,233,1751,42,2.4,0.37,103|3646|5822|6125|6134|6135|6175|6208|6209|6223|6629|6631|6634|6635|6636|6637|6880|7536|8487|8575|8664|8665|8667|8669|8894|9326|10181|10419|10421|10772|10907|22827|23020|23450|26747|51386|51639|55052|57819|58155|60680|135295,ADAR|EIF3E|PWP2|RPL5|RPL10|RPL11|RPLP0|RPS14|RPS15|RPS19|SNRPB2|SNRPC|SNRPD3|SNRPE|SNRPF|SNRPG|TAF9|SF1|GEMIN2|PRKRA|EIF3D|EIF3F|EIF3H|EIF3J|EIF2S2|ZNHIT3|RBM5|PRMT5|CD2BP2|SRSF10|TXNL4A|PUF60|SNRNP200|SF3B3|NUFIP1|EIF3L|SF3B6|MRPL20|LSM2|PTBP2|CELF5|SRSF12,-7.8
MyList,GO Biological Processes,19,GO:0034655,nucleobase-containing compound catabolic process,19_GO:0008152 metabolic process,-10,2.7,7.8,30293,330,1751,52,3,0.41,38|226|677|1806|2023|2107|2821|3094|3646|3939|3988|4292|4848|4860|4968|5138|5211|5223|5236|5436|6921|7167|8635|9337|9615|9652|9939|10591|11157|11163|22875|23016|23034|23049|23658|27044|29883|51441|53343|54542|55190|57472|57819|60528|64282|65109|79077|80349|167227|170685|255967|441531,ACAT1|ALDOA|ZFP36L1|DPYD|ENO1|ETF1|GPI|HINT1|EIF3E|LDHA|LIPA|MLH1|CNOT2|PNP|OGG1|PDE2A|PFKL|PGAM1|PGM1|POLR2G|ELOC|TPI1|RNASET2|CNOT8|GDA|SKIC3|RBM8A|DNPH1|LSM6|NUDT4|ENPP4|EXOSC7|SAMD4A|SMG1|LSM5|SND1|CNOT7|YTHDF2|NUDT9|RC3H2|NUDT11|CNOT6|LSM2|ELAC2|TENT4B|UPF3B|DCTPP1|SKIC8|DCP2|NUDT10|PAN3|PGAM4,-7.8
MyList,GO Biological Processes,19,GO:0000375,"RNA splicing, via transesterification reactions",19_GO:0008152 metabolic process,-10,2.9,7.9,30293,281,1751,47,2.7,0.39,3178|3181|3183|3189|3312|4236|4670|5356|5936|6427|6629|6631|6634|6635|6636|6637|7536|8487|9939|10181|10286|10419|10421|10465|10521|10772|10907|11017|11157|22827|23020|23450|23658|24144|27238|27258|51362|51639|51645|57819|58155|59286|60680|84950|118924|135295|153527,HNRNPA1|HNRNPA2B1|HNRNPC|HNRNPH3|HSPA8|MFAP1|HNRNPM|PLRG1|RBM4|SRSF2|SNRPB2|SNRPC|SNRPD3|SNRPE|SNRPF|SNRPG|SF1|GEMIN2|RBM8A|RBM5|BCAS2|PRMT5|CD2BP2|PPIH|DDX17|SRSF10|TXNL4A|SNRNP27|LSM6|PUF60|SNRNP200|SF3B3|LSM5|TFIP11|GPKOW|LSM3|CDC40|SF3B6|PPIL1|LSM2|PTBP2|UBL5|CELF5|PRPF38A|FRA10AC1|SRSF12|ZMAT2,-7.8
MyList,GO Biological Processes,19,GO:1903530,regulation of secretion by cell,19_GO:0051179 localization,-10,2.3,7.5,30293,567,1751,74,4.2,0.48,136|240|301|572|613|945|1268|1385|1393|1855|2281|2550|2771|2850|2922|3033|3156|3350|3566|3684|3689|3741|3822|4067|4602|4628|4856|4923|5170|5211|5217|5478|5532|5715|5906|5950|5991|6422|6622|6810|6850|7043|7097|7200|7251|7260|8111|8448|8655|8673|8792|8938|9501|9536|10079|11267|22930|23410|23557|27230|27236|27243|27345|27445|51714|51760|79651|79751|79772|79971|84062|84830|134957|341359,ADORA2B|ALOX5|ANXA1|BAD|BCR|CD33|CNR1|CREB1|CRHBP|DVL1|FKBP1B|GABBR1|GNAI2|GPR27|GRP|HADH|HMGCR|HTR1A|IL4R|ITGAM|ITGB2|KCNA5|KLRC2|LYN|MYB|MYH10|CCN3|NTSR1|PDPK1|PFKL|PFN2|PPIA|PPP3CB|PSMD9|RAP1A|RBP4|RFX3|SFRP1|SNCA|STX4|SYK|TGFB3|TLR2|TRH|TSG101|EIPR1|GPR68|DOC2A|DYNLL1|VAMP8|TNFRSF11A|BAIAP3|RPH3AL|PTGES|ATP9A|SNF8|RAB3GAP1|SIRT3|SNAPIN|SERP1|ARFIP1|CHMP2A|KCNMB4|PCLO|SELENOT|SYT17|RHBDF2|SLC25A22|MCTP1|WLS|DTNBP1|ADTRP|STXBP5|SYT10,-7.8
MyList,GO Biological Processes,19,GO:0031344,regulation of cell projection organization,19_GO:0050789 regulation of biological process,-10,2.1,7.4,30293,672,1751,83,4.7,0.51,393|577|1268|1272|1398|1400|1496|1627|1809|1855|1948|1949|2281|2665|2670|2823|2895|3265|4067|4076|4897|4898|5048|5063|5064|5080|5217|5580|5604|5621|5764|5792|5879|5906|6014|6239|6422|6585|7043|7101|7337|7533|8321|8634|8655|8724|8766|9706|9750|9863|9897|10152|10371|10494|10519|10690|10787|23043|23327|23557|25987|26115|29116|29993|51364|55604|55845|56896|57465|64218|64422|80258|80725|81618|84062|115703|202018|221074|221914|255758|285016|347733|642273,ARHGAP4|ADGRB3|CNR1|CNTN1|CRK|CRMP1|CTNNA2|DBN1|DPYSL3|DVL1|EFNB2|EFNB3|FKBP1B|GDI2|GFAP|GPM6A|GRID2|HRAS|LYN|CAPRIN1|NRCAM|NRDC|PAFAH1B1|PAK3|PALM|PAX6|PFN2|PRKCD|MAP2K1|PRNP|PTN|PTPRF|RAC1|RAP1A|RIT2|RREB1|SFRP1|SLIT1|TGFB3|NR2E1|UBE3A|YWHAH|FZD1|RTCA|DYNLL1|SNX3|RAB11A|ULK2|RIPOR2|MAGI2|WASHC5|ABI2|SEMA3A|STK25|CIB1|FUT9|NCKAP1|TNIK|NEDD4L|SNAPIN|TSKU|TANC2|MYLIP|PACSIN1|ZMYND10|CARMIL1|BRK1|DPYSL5|TBC1D24|SEMA4A|ATG3|EFHC2|SRCIN1|ITM2C|DTNBP1|ARHGAP33|TAPT1|SLC39A12|GPC2|DYNLT2B|ALKAL2|TUBB2B|FAM110C,-7.7
MyList,GO Biological Processes,19,GO:0061024,membrane organization,19_GO:0009987 cellular process,-10,2.1,7.3,30293,757,1751,90,5.1,0.53,199|375|572|598|1176|1191|1718|1855|2139|3312|3313|3684|3689|4897|5048|5580|5879|6396|6399|6609|6622|6810|7251|7485|7805|8673|8678|8724|9788|9804|9871|9938|10016|10079|10449|10483|10490|10947|11079|11151|11267|23141|23399|23418|23557|23673|23760|23787|25801|25813|26519|26521|27230|27243|29082|29993|51100|51234|51399|51510|51608|54536|54543|55048|55968|56851|56904|57605|63982|79090|80115|80183|81624|84303|91663|91851|116841|128240|128866|129531|133022|137886|152926|155382|196383|282991|374868|401505|440574|100133941,AIF1|ARF1|BAD|BCL2L1|AP3S1|CLU|DHCR24|DVL1|EYA2|HSPA8|HSPA9|ITGAM|ITGB2|NRCAM|PAFAH1B1|PRKCD|RAC1|SEC13|TRAPPC2|SMPD1|SNCA|STX4|TSG101|GET1|LAPTM5|VAMP8|BECN1|SNX3|MTSS1|TOMM20|SEC24D|ARHGAP25|PDCD6|ATP9A|ACAA2|SEC23B|VTI1B|AP3M2|RER1|CORO1A|SNF8|ANKLE2|CTDNEP1|CRB1|SNAPIN|STX12|PITPNB|MTCH1|GCA|SAMM50|TIMM10|TIMM8B|SERP1|CHMP2A|CHMP4A|PACSIN1|SH3GLB1|EMC4|TRAPPC4|CHMP5|GET4|EXOC6|TOMM7|VPS37C|NSFL1C|EMC7|SH3GLB2|PITPNM2|ANO3|TRAPPC6A|BAIAP2L2|RUBCNL|DIAPH3|CHCHD6|MYADM|CHRDL1|SNAP47|NAXE|CHMP4B|MITD1|TRAM1L1|UBXN2B|PPM1K|VPS37D|RILPL2|BLOC1S2|ATP9B|TOMM5|MICOS10|CD24,-7.7
MyList,GO Biological Processes,19,GO:0031400,negative regulation of protein modification process,19_GO:0048519 negative regulation of biological process,-10,2.5,7.6,30293,428,1751,61,3.5,0.44,103|493|801|1050|1855|2280|2281|2776|3082|3301|3642|4067|4878|5080|5170|5478|5563|5569|5580|5621|5925|5987|6125|6135|6188|6422|6609|6622|7251|7320|7345|7529|7532|8613|9043|9104|9270|9532|10217|10459|10519|10776|23560|27018|28951|28999|51527|55022|55364|55859|57465|57718|58533|59343|79893|80725|84062|84063|84707|91663|260434,ADAR|ATP2B4|CALM1|CEBPA|DVL1|FKBP1A|FKBP1B|GNAQ|HGF|DNAJA1|INSM1|LYN|NPPA|PAX6|PDPK1|PPIA|PRKAA2|PKIA|PRKCD|PRNP|RB1|TRIM27|RPL5|RPL11|RPS3|SFRP1|SMPD1|SNCA|TSG101|UBE2B|UCHL1|YWHAB|YWHAG|PLPP3|SPAG9|RGN|ITGB1BP1|BAG2|CTDSPL|MAD2L2|CIB1|ARPP19|GTPBP4|BEX3|TRIB2|KLF15|GSKIP|PID1|IMPACT|BEX1|TBC1D24|PPP4R4|SNX6|SENP2|GGNBP2|SRCIN1|DTNBP1|KIRREL2|BEX2|MYADM|PYDC1,-7.6
MyList,GO Biological Processes,19,GO:0009165,nucleotide biosynthetic process,19_GO:0008152 metabolic process,-10,2.9,7.8,30293,265,1751,45,2.6,0.38,38|108|113|158|159|226|271|318|498|527|1353|1738|1841|2987|3948|3988|4199|4522|4594|4704|4706|4708|4712|4718|4720|4725|4726|4830|4860|4878|5162|5471|5631|5635|5636|7372|8942|9200|10632|11001|30968|80308|133686|221823|349565,ACAT1|ADCY2|ADCY7|ADSL|ADSS2|ALDOA|AMPD2|NUDT2|ATP5F1A|ATP6V0C|COX11|DLD|DTYMK|GUK1|LDHC|LIPA|ME1|MTHFD1|MMUT|NDUFA9|NDUFAB1|NDUFB2|NDUFB6|NDUFC2|NDUFS2|NDUFS5|NDUFS6|NME1|PNP|NPPA|PDHB|PPAT|PRPS1|PRPSAP1|PRPSAP2|UMPS|KYNU|HACD1|ATP5MG|SLC27A2|STOML2|FLAD1|NADK2|PRPS1L1|NMNAT3,-7.6
MyList,GO Biological Processes,19,GO:0072657,protein localization to membrane,19_GO:0051179 localization,-10,2.4,7.5,30293,473,1751,65,3.7,0.45,88|403|537|1363|1398|1740|1855|3689|4666|4836|5064|5764|5824|5906|6505|6726|6728|7485|8766|9270|9804|9863|9914|10368|10858|10981|11031|11079|22930|23043|23480|23787|25813|25945|26003|26519|26521|29082|29993|51100|51234|51560|51608|54543|55048|55146|55625|55800|56851|57628|64422|79651|83955|91663|91851|128866|133022|155382|196383|254887|340348|342538|389941|401505|100133941,ACTN2|ARL3|ATP6AP1|CPE|CRK|DLG2|DVL1|ITGB2|NACA|NMT1|PALM|PTN|PEX19|RAP1A|SLC1A1|SRP9|SRP19|GET1|RAB11A|ITGB1BP1|TOMM20|MAGI2|ATP2C2|CACNG3|CYP46A1|RAB32|RAB31|RER1|RAB3GAP1|TNIK|SEC61G|MTCH1|SAMM50|NECTIN3|GORASP2|TIMM10|TIMM8B|CHMP4A|PACSIN1|SH3GLB1|EMC4|RAB6B|GET4|TOMM7|VPS37C|ZDHHC4|ZDHHC7|SCN3B|EMC7|DPP10|ATG3|RHBDF2|NACA4P|MYADM|CHRDL1|CHMP4B|TRAM1L1|VPS37D|RILPL2|ZDHHC23|TSPAN33|NACA2|C1QL3|TOMM5|CD24,-7.6
MyList,GO Biological Processes,19,GO:1901293,nucleoside phosphate biosynthetic process,19_GO:0008152 metabolic process,-10,2.9,7.8,30293,267,1751,45,2.6,0.38,38|108|113|158|159|226|271|318|498|527|1353|1738|1841|2987|3948|3988|4199|4522|4594|4704|4706|4708|4712|4718|4720|4725|4726|4830|4860|4878|5162|5471|5631|5635|5636|7372|8942|9200|10632|11001|30968|80308|133686|221823|349565,ACAT1|ADCY2|ADCY7|ADSL|ADSS2|ALDOA|AMPD2|NUDT2|ATP5F1A|ATP6V0C|COX11|DLD|DTYMK|GUK1|LDHC|LIPA|ME1|MTHFD1|MMUT|NDUFA9|NDUFAB1|NDUFB2|NDUFB6|NDUFC2|NDUFS2|NDUFS5|NDUFS6|NME1|PNP|NPPA|PDHB|PPAT|PRPS1|PRPSAP1|PRPSAP2|UMPS|KYNU|HACD1|ATP5MG|SLC27A2|STOML2|FLAD1|NADK2|PRPS1L1|NMNAT3,-7.5
MyList,GO Biological Processes,19,GO:0051046,regulation of secretion,19_GO:0051179 localization,-10,2.2,7.3,30293,621,1751,78,4.5,0.49,136|240|301|358|572|613|945|972|1268|1385|1393|1855|2281|2550|2771|2850|2922|3033|3156|3350|3566|3684|3689|3741|3784|3822|4067|4602|4628|4856|4923|5170|5211|5217|5478|5532|5715|5733|5906|5950|5991|6422|6622|6810|6850|7043|7097|7200|7251|7260|8111|8448|8655|8673|8792|8938|9501|9536|10079|11267|22930|23410|23557|27230|27236|27243|27345|27445|51714|51760|79651|79751|79772|79971|84062|84830|134957|341359,ADORA2B|ALOX5|ANXA1|AQP1|BAD|BCR|CD33|CD74|CNR1|CREB1|CRHBP|DVL1|FKBP1B|GABBR1|GNAI2|GPR27|GRP|HADH|HMGCR|HTR1A|IL4R|ITGAM|ITGB2|KCNA5|KCNQ1|KLRC2|LYN|MYB|MYH10|CCN3|NTSR1|PDPK1|PFKL|PFN2|PPIA|PPP3CB|PSMD9|PTGER3|RAP1A|RBP4|RFX3|SFRP1|SNCA|STX4|SYK|TGFB3|TLR2|TRH|TSG101|EIPR1|GPR68|DOC2A|DYNLL1|VAMP8|TNFRSF11A|BAIAP3|RPH3AL|PTGES|ATP9A|SNF8|RAB3GAP1|SIRT3|SNAPIN|SERP1|ARFIP1|CHMP2A|KCNMB4|PCLO|SELENOT|SYT17|RHBDF2|SLC25A22|MCTP1|WLS|DTNBP1|ADTRP|STXBP5|SYT10,-7.5
MyList,GO Biological Processes,19,GO:0044270,cellular nitrogen compound catabolic process,19_GO:0008152 metabolic process,-10,2.6,7.6,30293,368,1751,55,3.1,0.42,38|226|677|1806|2023|2107|2821|3094|3646|3939|3988|4292|4329|4848|4860|4968|5138|5211|5223|5236|5436|6921|7167|8635|8942|9337|9615|9652|9939|10591|11157|11163|22875|23016|23034|23049|23658|27044|29883|51441|53343|54542|55190|57472|57819|60528|64282|65109|79077|80349|167227|170685|255967|259307|441531,ACAT1|ALDOA|ZFP36L1|DPYD|ENO1|ETF1|GPI|HINT1|EIF3E|LDHA|LIPA|MLH1|ALDH6A1|CNOT2|PNP|OGG1|PDE2A|PFKL|PGAM1|PGM1|POLR2G|ELOC|TPI1|RNASET2|KYNU|CNOT8|GDA|SKIC3|RBM8A|DNPH1|LSM6|NUDT4|ENPP4|EXOSC7|SAMD4A|SMG1|LSM5|SND1|CNOT7|YTHDF2|NUDT9|RC3H2|NUDT11|CNOT6|LSM2|ELAC2|TENT4B|UPF3B|DCTPP1|SKIC8|DCP2|NUDT10|PAN3|IL4I1|PGAM4,-7.5
MyList,GO Biological Processes,19,GO:0030036,actin cytoskeleton organization,19_GO:0009987 cellular process,-10,2.3,7.4,30293,542,1751,71,4.1,0.47,70|71|88|199|226|301|358|390|395|613|800|1398|1525|1627|1809|3059|3845|3936|4082|4542|4625|4628|4892|5048|5156|5170|5217|5358|5879|5987|7114|7138|7170|9168|9788|9897|9938|10006|10049|10093|10094|10152|10459|10787|10810|11034|11151|11170|11188|11215|22808|23043|27295|29085|29114|29993|51019|51676|54566|55604|55845|57626|63916|80115|80206|80725|81624|84062|89846|116154|359845,ACTC1|ACTG1|ACTN2|AIF1|ALDOA|ANXA1|AQP1|RND3|ARHGAP6|BCR|CALD1|CRK|CXADR|DBN1|DPYSL3|HCLS1|KRAS|LCP1|MARCKS|MYO1F|MYH7|MYH10|NRAP|PAFAH1B1|PDGFRA|PDPK1|PFN2|PLS3|RAC1|TRIM27|TMSB4X|TNNT1|TPM3|TMSB10|MTSS1|WASHC5|ARHGAP25|ABI1|DNAJB6|ARPC4|ARPC3|ABI2|MAD2L2|NCKAP1|WASF3|DSTN|CORO1A|FAM107A|NISCH|AKAP11|MRAS|TNIK|PDLIM3|PHPT1|TAGLN3|PACSIN1|WASHC3|ASB2|EPB41L4B|CARMIL1|BRK1|KLHL1|ELMO2|BAIAP2L2|FHOD3|SRCIN1|DIAPH3|DTNBP1|FGD3|PHACTR3|RFLNB,-7.5
MyList,GO Biological Processes,19,GO:0046700,heterocycle catabolic process,19_GO:0008152 metabolic process,-9.9,2.6,7.6,30293,369,1751,55,3.1,0.42,38|226|677|1806|2023|2107|2821|3094|3646|3939|3988|4292|4329|4848|4860|4968|5138|5211|5223|5236|5436|6921|7167|8635|8942|9337|9615|9652|9939|10591|11157|11163|22875|23016|23034|23049|23658|27044|29883|51441|53343|54542|55190|57472|57819|60528|64282|65109|79077|80349|167227|170685|255967|259307|441531,ACAT1|ALDOA|ZFP36L1|DPYD|ENO1|ETF1|GPI|HINT1|EIF3E|LDHA|LIPA|MLH1|ALDH6A1|CNOT2|PNP|OGG1|PDE2A|PFKL|PGAM1|PGM1|POLR2G|ELOC|TPI1|RNASET2|KYNU|CNOT8|GDA|SKIC3|RBM8A|DNPH1|LSM6|NUDT4|ENPP4|EXOSC7|SAMD4A|SMG1|LSM5|SND1|CNOT7|YTHDF2|NUDT9|RC3H2|NUDT11|CNOT6|LSM2|ELAC2|TENT4B|UPF3B|DCTPP1|SKIC8|DCP2|NUDT10|PAN3|IL4I1|PGAM4,-7.5
MyList,GO Biological Processes,19,GO:0042176,regulation of protein catabolic process,19_GO:0008152 metabolic process,-9.9,2.6,7.5,30293,360,1751,54,3.1,0.41,1050|1191|1642|1855|1915|2295|2670|3093|3156|3300|4088|4898|4946|4947|5245|5702|5706|5707|5720|5721|6135|6622|6880|7314|7480|7514|7874|8078|8451|8667|8724|8945|9491|9532|10197|10459|11267|11345|23327|23429|23450|25898|26234|28951|29116|51105|51339|51582|57630|65992|90865|147686|161582|252839,CEBPA|CLU|DDB1|DVL1|EEF1A1|FOXF2|GFAP|UBE2K|HMGCR|DNAJB2|SMAD3|NRDC|OAZ1|OAZ2|PHB1|PSMC3|PSMC6|PSMD1|PSME1|PSME2|RPL11|SNCA|TAF9|UBB|WNT10B|XPO1|USP7|USP5|CUL4A|EIF3H|SNX3|BTRC|PSMF1|BAG2|PSME3|MAD2L2|SNF8|GABARAPL2|NEDD4L|RYBP|SF3B3|RCHY1|FBXL5|TRIB2|MYLIP|PHF20L1|DACT1|AZIN1|SH3RF1|DDRGK1|IL33|ZNF418|DNAAF4|TMEM9,-7.5
MyList,GO Biological Processes,19,GO:0051052,regulation of DNA metabolic process,19_GO:0008152 metabolic process,-9.8,2.3,7.3,30293,524,1751,69,3.9,0.46,142|317|2139|2521|2735|3082|3146|3178|3181|3183|3838|4152|4175|4292|4968|5580|5884|6118|6188|6598|6874|6880|6950|7037|7155|7203|7270|7320|7468|7874|7913|8193|8451|8550|9104|9577|9913|10419|10459|10574|10576|10715|10923|10933|11143|22948|23049|23338|23450|23560|24144|27000|29086|29117|55086|57599|58525|63979|64110|64282|79184|80169|84309|116028|125476|148479|158880|167227|219736,PARP1|APAF1|EYA2|FUS|GLI1|HGF|HMGB1|HNRNPA1|HNRNPA2B1|HNRNPC|KPNA2|MBD1|MCM6|MLH1|OGG1|PRKCD|RAD17|RPA2|RPS3|SMARCB1|TAF4|TAF9|TCP1|TFRC|TOP2B|CCT3|TTF1|UBE2B|NSD2|USP7|DEK|DPF1|CUL4A|MAPKAPK5|RGN|BABAM2|SUPT7L|PRMT5|MAD2L2|CCT7|CCT2|CERS1|SUB1|MORF4L1|KAT7|CCT5|SMG1|JADE2|SF3B3|GTPBP4|TFIP11|DNAJC2|BABAM1|BRD7|RADX|WDR48|WIZ|FIGNL1|MAGEF1|TENT4B|BRCC3|CTC1|NUDT16L1|RMI2|INO80C|PHF13|USP51|DCP2|STOX1,-7.4
MyList,GO Biological Processes,19,GO:0034470,ncRNA processing,19_GO:0008152 metabolic process,-9.7,2.5,7.4,30293,416,1751,59,3.4,0.43,103|1662|2926|3181|4086|4087|4088|4736|5822|6125|6129|6130|6135|6154|6155|6208|6209|6218|6223|6301|7257|8575|9188|9326|9698|9724|10200|10412|10438|10521|10528|10885|10969|11157|11180|11224|23016|23560|51493|54433|55651|55798|57050|57570|60528|64282|65123|79033|79042|79707|79863|90121|92105|122402|126789|129450|131965|142940|404672,ADAR|DDX10|GRSF1|HNRNPA2B1|SMAD1|SMAD2|SMAD3|RPL10A|PWP2|RPL5|RPL7|RPL7A|RPL11|RPL26|RPL27|RPS14|RPS15|RPS17|RPS19|SARS1|TSNAX|PRKRA|DDX21|ZNHIT3|PUM1|UTP14C|MPHOSPH6|NSA2|C1D|DDX17|NOP56|WDR3|EBNA1BP2|LSM6|WDR6|RPL35|EXOSC7|GTPBP4|RTCB|GAR1|NHP2|METTL2B|UTP3|TRMT5|ELAC2|TENT4B|INTS3|ERI3|TSEN34|NOL9|RBFA|TSR2|INTS4|TDRD9|PUSL1|TYW5|METTL6|TRUB1|GTF2H5,-7.3
MyList,GO Biological Processes,19,GO:0072522,purine-containing compound biosynthetic process,19_GO:0008152 metabolic process,-9.6,3,7.7,30293,236,1751,41,2.3,0.36,38|108|113|158|159|226|271|318|498|527|1353|1738|2987|3948|3988|4522|4594|4704|4706|4708|4712|4718|4720|4725|4726|4830|4860|4878|5162|5471|5631|5635|5636|8942|9200|10632|11001|30968|133686|221823|349565,ACAT1|ADCY2|ADCY7|ADSL|ADSS2|ALDOA|AMPD2|NUDT2|ATP5F1A|ATP6V0C|COX11|DLD|GUK1|LDHC|LIPA|MTHFD1|MMUT|NDUFA9|NDUFAB1|NDUFB2|NDUFB6|NDUFC2|NDUFS2|NDUFS5|NDUFS6|NME1|PNP|NPPA|PDHB|PPAT|PRPS1|PRPSAP1|PRPSAP2|KYNU|HACD1|ATP5MG|SLC27A2|STOML2|NADK2|PRPS1L1|NMNAT3,-7.2
MyList,GO Biological Processes,19,GO:0006164,purine nucleotide biosynthetic process,19_GO:0008152 metabolic process,-9.5,3,7.6,30293,228,1751,40,2.3,0.36,38|108|113|158|159|226|271|318|498|527|1353|1738|2987|3948|3988|4522|4594|4704|4706|4708|4712|4718|4720|4725|4726|4830|4878|5162|5471|5631|5635|5636|8942|9200|10632|11001|30968|133686|221823|349565,ACAT1|ADCY2|ADCY7|ADSL|ADSS2|ALDOA|AMPD2|NUDT2|ATP5F1A|ATP6V0C|COX11|DLD|GUK1|LDHC|LIPA|MTHFD1|MMUT|NDUFA9|NDUFAB1|NDUFB2|NDUFB6|NDUFC2|NDUFS2|NDUFS5|NDUFS6|NME1|NPPA|PDHB|PPAT|PRPS1|PRPSAP1|PRPSAP2|KYNU|HACD1|ATP5MG|SLC27A2|STOML2|NADK2|PRPS1L1|NMNAT3,-7.1
MyList,GO Biological Processes,19,GO:1903050,regulation of proteolysis involved in protein catabolic process,19_GO:0008152 metabolic process,-9.5,3,7.6,30293,228,1751,40,2.3,0.36,1050|1191|1855|2295|3093|3300|5702|5706|5720|5721|5747|6125|6135|6880|7314|7337|7480|7514|7805|7874|8078|8667|8945|9104|9491|9532|10197|11236|11345|23287|23429|25898|28951|51105|57630|64110|65992|90865|147686|161582,CEBPA|CLU|DVL1|FOXF2|UBE2K|DNAJB2|PSMC3|PSMC6|PSME1|PSME2|PTK2|RPL5|RPL11|TAF9|UBB|UBE3A|WNT10B|XPO1|LAPTM5|USP7|USP5|EIF3H|BTRC|RGN|PSMF1|BAG2|PSME3|RNF139|GABARAPL2|AGTPBP1|RYBP|RCHY1|TRIB2|PHF20L1|SH3RF1|MAGEF1|DDRGK1|IL33|ZNF418|DNAAF4,-7.1
MyList,GO Biological Processes,19,GO:0010975,regulation of neuron projection development,19_GO:0032502 developmental process,-9.3,2.3,7.1,30293,459,1751,62,3.5,0.44,393|577|1268|1272|1398|1400|1496|1627|1809|1855|1948|1949|2281|2670|2895|4067|4076|4897|4898|5048|5063|5080|5604|5764|5792|5906|6014|6422|6585|7101|7337|7533|8321|8634|8724|9706|9863|9897|10152|10371|10494|10519|10690|23043|23327|23557|25987|26115|29116|29993|56896|57465|64218|80258|80725|81618|84062|115703|221074|221914|285016|347733,ARHGAP4|ADGRB3|CNR1|CNTN1|CRK|CRMP1|CTNNA2|DBN1|DPYSL3|DVL1|EFNB2|EFNB3|FKBP1B|GFAP|GRID2|LYN|CAPRIN1|NRCAM|NRDC|PAFAH1B1|PAK3|PAX6|MAP2K1|PTN|PTPRF|RAP1A|RIT2|SFRP1|SLIT1|NR2E1|UBE3A|YWHAH|FZD1|RTCA|SNX3|ULK2|MAGI2|WASHC5|ABI2|SEMA3A|STK25|CIB1|FUT9|TNIK|NEDD4L|SNAPIN|TSKU|TANC2|MYLIP|PACSIN1|DPYSL5|TBC1D24|SEMA4A|EFHC2|SRCIN1|ITM2C|DTNBP1|ARHGAP33|SLC39A12|GPC2|ALKAL2|TUBB2B,-6.9
MyList,GO Biological Processes,19,GO:0044282,small molecule catabolic process,19_GO:0008152 metabolic process,-9.3,2.6,7.3,30293,352,1751,52,3,0.41,38|217|572|594|1428|1592|1738|1806|1891|1892|2023|2109|2184|2731|2752|3033|3081|3155|3712|3948|4329|4860|4923|5019|5096|5191|5211|5223|7167|8630|8644|8942|9615|10449|10455|10690|10840|10858|11001|22875|23576|26007|51166|55577|56922|84706|84750|84830|137872|144193|259307|414328,ACAT1|ALDH2|BAD|BCKDHB|CRYM|CYP26A1|DLD|DPYD|ECH1|ECHS1|ENO1|ETFB|FAH|GLDC|GLUL|HADH|HGD|HMGCL|IVD|LDHC|ALDH6A1|PNP|NTSR1|OXCT1|PCCB|PEX7|PFKL|PGAM1|TPI1|HSD17B6|AKR1C3|KYNU|GDA|ACAA2|ECI2|FUT9|ALDH1L1|CYP46A1|SLC27A2|ENPP4|DDAH1|TKFC|AADAT|NAGK|MCCC1|GPT2|FUT10|ADTRP|ADHFE1|AMDHD1|IL4I1|IDNK,-6.9
MyList,GO Biological Processes,19,GO:0046390,ribose phosphate biosynthetic process,19_GO:0008152 metabolic process,-9.3,3.1,7.6,30293,213,1751,38,2.2,0.35,38|108|113|158|159|226|271|318|498|527|1353|1738|3948|3988|4522|4594|4704|4706|4708|4712|4718|4720|4725|4726|4830|4878|5162|5471|5631|5635|5636|5836|7372|9200|10632|11001|30968|221823,ACAT1|ADCY2|ADCY7|ADSL|ADSS2|ALDOA|AMPD2|NUDT2|ATP5F1A|ATP6V0C|COX11|DLD|LDHC|LIPA|MTHFD1|MMUT|NDUFA9|NDUFAB1|NDUFB2|NDUFB6|NDUFC2|NDUFS2|NDUFS5|NDUFS6|NME1|NPPA|PDHB|PPAT|PRPS1|PRPSAP1|PRPSAP2|PYGL|UMPS|HACD1|ATP5MG|SLC27A2|STOML2|PRPS1L1,-6.9
MyList,GO Biological Processes,19,GO:0051640,organelle localization,19_GO:0051179 localization,-9.3,2.2,7,30293,539,1751,69,3.9,0.46,136|801|1063|1176|1780|2922|3281|4067|4292|4935|5048|5080|5925|6209|6399|6585|6622|6810|6850|6993|7251|7314|7320|7345|7514|7846|8013|8655|8673|8678|8766|9043|9371|10016|10490|10494|10947|11130|11243|22920|23287|23291|23557|23673|26086|26115|27243|27445|29082|51399|51510|54536|55341|55717|55860|55968|79003|79036|79090|79443|84062|90809|118426|119032|127262|128866|137886|282991|283489,ADORA2B|CALM1|CENPF|AP3S1|DYNC1I1|GRP|HSBP1|LYN|MLH1|GPR143|PAFAH1B1|PAX6|RB1|RPS15|TRAPPC2|SLIT1|SNCA|STX4|SYK|DYNLT1|TSG101|UBB|UBE2B|UCHL1|XPO1|TUBA1A|NR4A3|DYNLL1|VAMP8|BECN1|RAB11A|SPAG9|KIF3B|PDCD6|VTI1B|STK25|AP3M2|ZWINT|PMF1|KIFAP3|AGTPBP1|FBXW11|SNAPIN|STX12|GPSM1|TANC2|CHMP2A|PCLO|CHMP4A|TRAPPC4|CHMP5|EXOC6|LSG1|WDR11|ACTR10|NSFL1C|MIS12|KXD1|TRAPPC6A|FYCO1|DTNBP1|PIP4P1|BORCS5|BORCS7|TPRG1L|CHMP4B|UBXN2B|BLOC1S2|CHAMP1,-6.9
MyList,GO Biological Processes,19,GO:1901615,organic hydroxy compound metabolic process,19_GO:0008152 metabolic process,-8.9,2.3,6.9,30293,482,1751,63,3.6,0.45,50|217|231|1050|1428|1592|1718|1734|1735|1910|2184|2224|2235|3156|3157|3350|3418|3422|3642|3939|3948|3988|4923|5092|5563|5641|5950|6307|6309|6505|6567|6609|6622|6713|7038|7167|8574|8613|8630|8644|8813|9023|10170|10449|10858|10901|11001|11163|25987|26007|50814|51478|51573|51706|55190|57171|79178|84649|90809|114781|116150|120227|170685,ACO2|ALDH2|AKR1B1|CEBPA|CRYM|CYP26A1|DHCR24|DIO2|DIO3|EDNRB|FAH|FDPS|FECH|HMGCR|HMGCS1|HTR1A|IDH2|IDI1|INSM1|LDHA|LDHC|LIPA|NTSR1|PCBD1|PRKAA2|LGMN|RBP4|MSMO1|SC5D|SLC1A1|SLC16A2|SMPD1|SNCA|SQLE|TG|TPI1|AKR7A2|PLPP3|HSD17B6|AKR1C3|DPM1|CH25H|DHRS9|ACAA2|CYP46A1|DHRS4|SLC27A2|NUDT4|TSKU|TKFC|NSDHL|HSD17B7|GDE1|CYB5R1|NUDT11|DOLPP1|THTPA|DGAT2|PIP4P1|BTBD9|NUS1|CYP2R1|NUDT10,-6.5
MyList,GO Biological Processes,19,GO:0008283,cell population proliferation,19_GO:0009987 cellular process,-8.8,2,6.7,30293,696,1751,81,4.6,0.5,572|598|677|1012|1050|1163|1191|1311|1627|1735|1948|2009|2018|2173|2281|2290|2670|2752|2771|3082|3265|3488|3642|3845|3988|4086|4602|4720|4856|5048|5052|5080|5532|5580|5604|5925|6660|6789|6867|7010|7045|7101|7345|7477|7480|7976|8013|8451|8624|8805|8894|8945|9270|9289|9536|9788|10730|10933|11151|22911|22920|29086|51441|51646|54542|55366|55612|55845|56034|57215|57504|58495|60560|63979|80169|80237|81704|84280|90865|146433|339390,BAD|BCL2L1|ZFP36L1|CDH13|CEBPA|CKS1B|CLU|COMP|DBN1|DIO3|EFNB2|EML1|EMX2|FABP7|FKBP1B|FOXG1|GFAP|GLUL|GNAI2|HGF|HRAS|IGFBP5|INSM1|KRAS|LIPA|SMAD1|MYB|NDUFS2|CCN3|PAFAH1B1|PRDX1|PAX6|PPP3CB|PRKCD|MAP2K1|RB1|SOX5|STK4|TACC1|TEK|TGFBI|NR2E1|UCHL1|WNT7B|WNT10B|FZD3|NR4A3|CUL4A|PSMG1|TRIM24|EIF2S2|BTRC|ITGB1BP1|ADGRG1|PTGES|MTSS1|YME1L1|MORF4L1|CORO1A|WDR47|KIFAP3|BABAM1|YTHDF2|YPEL5|RC3H2|LGR4|FERMT1|BRK1|PDGFC|THAP11|MTA3|OVOL2|NAA35|FIGNL1|CTC1|ELL3|DOCK8|BTBD10|IL33|IL34|CLEC4G,-6.4
MyList,GO Biological Processes,19,GO:0032956,regulation of actin cytoskeleton organization,19_GO:0050789 regulation of biological process,-8.7,2.5,7,30293,344,1751,50,2.9,0.4,71|88|120|375|390|395|1398|1496|1955|2764|2824|3059|3265|3925|4088|4868|5063|5156|5217|5580|5879|5987|5999|6422|7043|7114|7248|9168|9270|9535|9788|9897|10094|10152|10456|10787|10810|11034|11151|11170|27236|51019|55604|55845|79822|80115|80206|91663|128272|130271,ACTG1|ACTN2|ADD3|ARF1|RND3|ARHGAP6|CRK|CTNNA2|MEGF9|GMFB|GPM6B|HCLS1|HRAS|STMN1|SMAD3|NPHS1|PAK3|PDGFRA|PFN2|PRKCD|RAC1|TRIM27|RGS4|SFRP1|TGFB3|TMSB4X|TSC1|TMSB10|ITGB1BP1|GMFG|MTSS1|WASHC5|ARPC3|ABI2|HAX1|NCKAP1|WASF3|DSTN|CORO1A|FAM107A|ARFIP1|WASHC3|CARMIL1|BRK1|ARHGAP28|BAIAP2L2|FHOD3|MYADM|ARHGEF19|PLEKHH2,-6.4
MyList,GO Biological Processes,19,GO:0090407,organophosphate biosynthetic process,19_GO:0008152 metabolic process,-8.7,2.2,6.8,30293,545,1751,68,3.9,0.46,38|108|113|158|159|226|271|318|498|527|1353|1607|1738|1841|2224|2987|3157|3422|3948|3988|4199|4522|4594|4704|4706|4708|4712|4718|4720|4725|4726|4830|4860|4878|5162|5281|5297|5471|5631|5635|5636|5836|7167|7372|8678|8813|8942|9200|10632|11001|23049|25979|30837|30968|57171|57515|57605|79178|80308|80339|85465|116150|132001|133686|142891|221823|266971|349565,ACAT1|ADCY2|ADCY7|ADSL|ADSS2|ALDOA|AMPD2|NUDT2|ATP5F1A|ATP6V0C|COX11|DGKB|DLD|DTYMK|FDPS|GUK1|HMGCS1|IDI1|LDHC|LIPA|ME1|MTHFD1|MMUT|NDUFA9|NDUFAB1|NDUFB2|NDUFB6|NDUFC2|NDUFS2|NDUFS5|NDUFS6|NME1|PNP|NPPA|PDHB|PIGF|PI4KA|PPAT|PRPS1|PRPSAP1|PRPSAP2|PYGL|TPI1|UMPS|BECN1|DPM1|KYNU|HACD1|ATP5MG|SLC27A2|SMG1|DHRS7B|SOCS7|STOML2|DOLPP1|SERINC1|PITPNM2|THTPA|FLAD1|PNPLA3|SELENOI|NUS1|TAMM41|NADK2|SAMD8|PRPS1L1|PIPSL|NMNAT3,-6.4
MyList,GO Biological Processes,19,GO:0051493,regulation of cytoskeleton organization,19_GO:0050789 regulation of biological process,-8.7,2.2,6.8,30293,522,1751,66,3.8,0.46,71|88|120|375|390|395|1398|1496|1955|2764|2824|3059|3265|3925|4088|4868|5048|5063|5156|5217|5563|5580|5747|5879|5987|5999|6047|6188|6422|6622|7043|7114|7248|9168|9270|9535|9788|9897|10094|10152|10456|10519|10787|10810|11034|11151|11170|22911|27236|27243|29082|51019|51510|55559|55604|55845|79822|79969|80115|80206|81624|91663|128272|128866|130271|221074,ACTG1|ACTN2|ADD3|ARF1|RND3|ARHGAP6|CRK|CTNNA2|MEGF9|GMFB|GPM6B|HCLS1|HRAS|STMN1|SMAD3|NPHS1|PAFAH1B1|PAK3|PDGFRA|PFN2|PRKAA2|PRKCD|PTK2|RAC1|TRIM27|RGS4|RNF4|RPS3|SFRP1|SNCA|TGFB3|TMSB4X|TSC1|TMSB10|ITGB1BP1|GMFG|MTSS1|WASHC5|ARPC3|ABI2|HAX1|CIB1|NCKAP1|WASF3|DSTN|CORO1A|FAM107A|WDR47|ARFIP1|CHMP2A|CHMP4A|WASHC3|CHMP5|HAUS7|CARMIL1|BRK1|ARHGAP28|ATAT1|BAIAP2L2|FHOD3|DIAPH3|MYADM|ARHGEF19|CHMP4B|PLEKHH2|SLC39A12,-6.4
MyList,GO Biological Processes,19,GO:0110053,regulation of actin filament organization,19_GO:0050789 regulation of biological process,-8.7,2.7,7.1,30293,273,1751,43,2.5,0.37,71|88|120|375|395|1496|1955|2764|3059|3925|4088|4868|5063|5217|5580|5879|5987|5999|6422|7043|7114|7248|9168|9270|9535|9788|9897|10094|10152|10456|10787|10810|11034|11151|27236|51019|55604|55845|79822|80115|80206|91663|130271,ACTG1|ACTN2|ADD3|ARF1|ARHGAP6|CTNNA2|MEGF9|GMFB|HCLS1|STMN1|SMAD3|NPHS1|PAK3|PFN2|PRKCD|RAC1|TRIM27|RGS4|SFRP1|TGFB3|TMSB4X|TSC1|TMSB10|ITGB1BP1|GMFG|MTSS1|WASHC5|ARPC3|ABI2|HAX1|NCKAP1|WASF3|DSTN|CORO1A|ARFIP1|WASHC3|CARMIL1|BRK1|ARHGAP28|BAIAP2L2|FHOD3|MYADM|PLEKHH2,-6.3
MyList,GO Biological Processes,19,GO:0031175,neuron projection development,19_GO:0032502 developmental process,-8.6,2,6.6,30293,691,1751,80,4.6,0.5,71|1009|1268|1272|1385|1398|1496|1501|1605|1855|1948|1949|2290|2670|2823|2824|3146|3730|3925|4067|4685|4852|4897|5048|5063|5080|5532|5747|5764|5792|5803|5879|5925|6277|6585|7101|7155|7314|7345|7477|7846|7976|8766|9355|9637|9706|10006|10079|10371|10494|10678|10752|10787|11020|11041|22911|23043|23557|23769|25987|29993|51399|51560|55364|56896|57465|57626|64218|64283|65059|65109|84059|84062|116443|127933|157680|221074|282991|284217|284656,ACTG1|CDH11|CNR1|CNTN1|CREB1|CRK|CTNNA2|CTNND2|DAG1|DVL1|EFNB2|EFNB3|FOXG1|GFAP|GPM6A|GPM6B|HMGB1|ANOS1|STMN1|LYN|NCAM2|NPY|NRCAM|PAFAH1B1|PAK3|PAX6|PPP3CB|PTK2|PTN|PTPRF|PTPRZ1|RAC1|RB1|S100A6|SLIT1|NR2E1|TOP2B|UBB|UCHL1|WNT7B|TUBA1A|FZD3|RAB11A|LHX2|FEZ2|ULK2|ABI1|ATP9A|SEMA3A|STK25|B3GNT2|CHL1|NCKAP1|IFT27|B4GAT1|WDR47|TNIK|SNAPIN|FLRT1|TSKU|PACSIN1|TRAPPC4|RAB6B|IMPACT|DPYSL5|TBC1D24|KLHL1|SEMA4A|ARHGEF28|RAPH1|UPF3B|ADGRV1|DTNBP1|GRIN3A|UHMK1|VPS13B|SLC39A12|BLOC1S2|LAMA1|EPHA10,-6.2
MyList,GO Biological Processes,19,GO:0060322,head development,19_GO:0032502 developmental process,-8.5,1.9,6.6,30293,777,1751,87,5,0.52,190|317|358|493|613|801|1063|1272|1385|1398|1496|1524|1662|1746|1767|2009|2018|2290|2735|2895|3590|3684|3845|4086|4852|4897|5048|5080|5156|5604|5931|6299|6505|6585|6658|6751|6867|7043|7101|7155|7248|7280|7314|7337|7477|7533|7846|7976|8321|8455|8624|8655|8704|9289|9355|9915|10371|22911|22930|22931|23035|23287|23291|25911|25987|26468|29123|51506|55553|55717|56917|56934|57050|57107|57178|57282|57626|59345|65109|79969|79971|81624|84750|90416|114327|340719|347733,NR0B1|APAF1|AQP1|ATP2B4|BCR|CALM1|CENPF|CNTN1|CREB1|CRK|CTNNA2|CX3CR1|DDX10|DLX2|DNAH5|EML1|EMX2|FOXG1|GLI1|GRID2|IL11RA|ITGAM|KRAS|SMAD1|NPY|NRCAM|PAFAH1B1|PAX6|PDGFRA|MAP2K1|RBBP7|SALL1|SLC1A1|SLIT1|SOX3|SSTR1|TACC1|TGFB3|NR2E1|TOP2B|TSC1|TUBB2A|UBB|UBE3A|WNT7B|YWHAH|TUBA1A|FZD3|FZD1|ATRN|PSMG1|DYNLL1|B4GALT2|ADGRG1|LHX2|ARNT2|SEMA3A|WDR47|RAB3GAP1|RAB18|PHLPP2|AGTPBP1|FBXW11|DPCD|TSKU|LHX6|ANKRD11|UFC1|SOX6|WDR11|MEIS3|CA10|UTP3|PDSS2|ZMIZ1|SLC4A10|KLHL1|GNB4|UPF3B|ATAT1|WLS|DIAPH3|FUT10|CCDC32|EFHC1|NANOS1|TUBB2B,-6.2
MyList,GO Biological Processes,19,GO:0045937,positive regulation of phosphate metabolic process,19_GO:0048518 positive regulation of biological process,-8.5,2,6.6,30293,704,1751,81,4.6,0.5,493|572|718|801|923|945|972|1464|1524|1855|1910|2023|2547|3059|3082|3093|3265|3845|4067|4659|4923|5156|5170|5217|5245|5478|5563|5571|5580|5604|5621|5747|5879|5906|5912|6188|6609|6622|6789|6850|7010|7037|7114|7295|8321|8325|8613|8764|8792|9244|9270|9863|10006|10040|10456|10459|10519|10899|23043|23141|23531|55022|55437|55615|56034|56892|57600|63928|65992|80725|84062|84280|84830|90441|92597|121665|133619|143384|146433|219736|100133941,ATP2B4|BAD|C3|CALM1|CD6|CD33|CD74|CSPG4|CX3CR1|DVL1|EDNRB|ENO1|XRCC6|HCLS1|HGF|UBE2K|HRAS|KRAS|LYN|PPP1R12A|NTSR1|PDGFRA|PDPK1|PFN2|PHB1|PPIA|PRKAA2|PRKAG1|PRKCD|MAP2K1|PRNP|PTK2|RAC1|RAP1A|RAP2B|RPS3|SMPD1|SNCA|STK4|SYK|TEK|TFRC|TMSB4X|TXN|FZD1|FZD8|PLPP3|TNFRSF14|TNFRSF11A|CRLF1|ITGB1BP1|MAGI2|ABI1|TOM1L1|HAX1|MAD2L2|CIB1|JTB|TNIK|ANKLE2|MMD|PID1|STRADB|PRR5|PDGFC|TCIM|FNIP2|CHP2|DDRGK1|SRCIN1|DTNBP1|BTBD10|ADTRP|ZNF622|MOB1B|SPPL3|PRRC1|CACUL1|IL34|STOX1|CD24,-6.2
MyList,GO Biological Processes,19,GO:0010562,positive regulation of phosphorus metabolic process,19_GO:0048518 positive regulation of biological process,-8.5,2,6.6,30293,704,1751,81,4.6,0.5,493|572|718|801|923|945|972|1464|1524|1855|1910|2023|2547|3059|3082|3093|3265|3845|4067|4659|4923|5156|5170|5217|5245|5478|5563|5571|5580|5604|5621|5747|5879|5906|5912|6188|6609|6622|6789|6850|7010|7037|7114|7295|8321|8325|8613|8764|8792|9244|9270|9863|10006|10040|10456|10459|10519|10899|23043|23141|23531|55022|55437|55615|56034|56892|57600|63928|65992|80725|84062|84280|84830|90441|92597|121665|133619|143384|146433|219736|100133941,ATP2B4|BAD|C3|CALM1|CD6|CD33|CD74|CSPG4|CX3CR1|DVL1|EDNRB|ENO1|XRCC6|HCLS1|HGF|UBE2K|HRAS|KRAS|LYN|PPP1R12A|NTSR1|PDGFRA|PDPK1|PFN2|PHB1|PPIA|PRKAA2|PRKAG1|PRKCD|MAP2K1|PRNP|PTK2|RAC1|RAP1A|RAP2B|RPS3|SMPD1|SNCA|STK4|SYK|TEK|TFRC|TMSB4X|TXN|FZD1|FZD8|PLPP3|TNFRSF14|TNFRSF11A|CRLF1|ITGB1BP1|MAGI2|ABI1|TOM1L1|HAX1|MAD2L2|CIB1|JTB|TNIK|ANKLE2|MMD|PID1|STRADB|PRR5|PDGFC|TCIM|FNIP2|CHP2|DDRGK1|SRCIN1|DTNBP1|BTBD10|ADTRP|ZNF622|MOB1B|SPPL3|PRRC1|CACUL1|IL34|STOX1|CD24,-6.2
MyList,GO Biological Processes,19,GO:0050804,modulation of chemical synaptic transmission,19_GO:0050789 regulation of biological process,-8.5,2.2,6.7,30293,492,1751,63,3.6,0.45,136|375|613|1009|1129|1268|1524|1605|1627|1855|1949|2550|2670|2771|2895|2899|2900|2913|3156|3265|3269|3845|5048|5100|5217|5532|5621|5641|5764|5786|5906|5999|6505|6622|6780|6810|7101|7337|7532|7533|8938|10368|10590|10858|11170|22930|23557|27253|27345|57282|57338|57465|57537|79772|84062|84502|91851|114781|116443|127262|134957|347733|729993,ADORA2B|ARF1|BCR|CDH11|CHRM2|CNR1|CX3CR1|DAG1|DBN1|DVL1|EFNB3|GABBR1|GFAP|GNAI2|GRID2|GRIK3|GRIK4|GRM3|HMGCR|HRAS|HRH1|KRAS|PAFAH1B1|PCDH8|PFN2|PPP3CB|PRNP|LGMN|PTN|PTPRA|RAP1A|RGS4|SLC1A1|SNCA|STAU1|STX4|NR2E1|UBE3A|YWHAG|YWHAH|BAIAP3|CACNG3|SCGN|CYP46A1|FAM107A|RAB3GAP1|SNAPIN|PCDH17|KCNMB4|SLC4A10|JPH3|TBC1D24|SORCS2|MCTP1|DTNBP1|JPH4|CHRDL1|BTBD9|GRIN3A|TPRG1L|STXBP5|TUBB2B|SHISA9,-6.2
MyList,GO Biological Processes,19,GO:0099177,regulation of trans-synaptic signaling,19_GO:0050789 regulation of biological process,-8.5,2.2,6.7,30293,493,1751,63,3.6,0.45,136|375|613|1009|1129|1268|1524|1605|1627|1855|1949|2550|2670|2771|2895|2899|2900|2913|3156|3265|3269|3845|5048|5100|5217|5532|5621|5641|5764|5786|5906|5999|6505|6622|6780|6810|7101|7337|7532|7533|8938|10368|10590|10858|11170|22930|23557|27253|27345|57282|57338|57465|57537|79772|84062|84502|91851|114781|116443|127262|134957|347733|729993,ADORA2B|ARF1|BCR|CDH11|CHRM2|CNR1|CX3CR1|DAG1|DBN1|DVL1|EFNB3|GABBR1|GFAP|GNAI2|GRID2|GRIK3|GRIK4|GRM3|HMGCR|HRAS|HRH1|KRAS|PAFAH1B1|PCDH8|PFN2|PPP3CB|PRNP|LGMN|PTN|PTPRA|RAP1A|RGS4|SLC1A1|SNCA|STAU1|STX4|NR2E1|UBE3A|YWHAG|YWHAH|BAIAP3|CACNG3|SCGN|CYP46A1|FAM107A|RAB3GAP1|SNAPIN|PCDH17|KCNMB4|SLC4A10|JPH3|TBC1D24|SORCS2|MCTP1|DTNBP1|JPH4|CHRDL1|BTBD9|GRIN3A|TPRG1L|STXBP5|TUBB2B|SHISA9,-6.2
MyList,GO Biological Processes,19,GO:0051098,regulation of binding,19_GO:0065007 biological regulation,-8.5,2.8,7,30293,247,1751,40,2.3,0.36,1398|1400|2280|2801|3146|3300|3646|3925|4087|4830|5080|5580|5792|5824|5925|6135|6789|7295|8487|8664|9270|9532|9750|9802|10459|23557|23560|24144|25805|26086|51339|51773|53339|56998|57326|65992|79822|121665|129531|151651,CRK|CRMP1|FKBP1A|GOLGA2|HMGB1|DNAJB2|EIF3E|STMN1|SMAD2|NME1|PAX6|PRKCD|PTPRF|PEX19|RB1|RPL11|STK4|TXN|GEMIN2|EIF3D|ITGB1BP1|BAG2|RIPOR2|DAZAP2|MAD2L2|SNAPIN|GTPBP4|TFIP11|BAMBI|GPSM1|DACT1|RSF1|BTBD1|CTNNBIP1|PBXIP1|DDRGK1|ARHGAP28|SPPL3|MITD1|EFHB,-6.2
MyList,GO Biological Processes,19,GO:0045785,positive regulation of cell adhesion,19_GO:0048518 positive regulation of biological process,-8.4,2.2,6.7,30293,483,1751,62,3.5,0.44,199|240|301|572|865|923|972|1012|1307|1398|1605|1948|1949|2650|3109|3111|3119|3122|3127|3146|3566|3689|4067|4088|4860|5034|5170|5212|5879|6188|6239|6422|6598|6789|6810|6850|7010|7037|7248|7409|7480|8013|8613|8764|9270|9289|10519|10562|11151|22920|29117|54518|54566|55604|55612|57178|81704|84868|91663|259307|284217|100133941,AIF1|ALOX5|ANXA1|BAD|CBFB|CD6|CD74|CDH13|COL16A1|CRK|DAG1|EFNB2|EFNB3|GCNT1|HLA-DMB|HLA-DOA|HLA-DQB1|HLA-DRA|HLA-DRB5|HMGB1|IL4R|ITGB2|LYN|SMAD3|PNP|P4HB|PDPK1|VIT|RAC1|RPS3|RREB1|SFRP1|SMARCB1|STK4|STX4|SYK|TEK|TFRC|TSC1|VAV1|WNT10B|NR4A3|PLPP3|TNFRSF14|ITGB1BP1|ADGRG1|CIB1|OLFM4|CORO1A|KIFAP3|BRD7|APBB1IP|EPB41L4B|CARMIL1|FERMT1|ZMIZ1|DOCK8|HAVCR2|MYADM|IL4I1|LAMA1|CD24,-6.2
MyList,GO Biological Processes,19,GO:0033365,protein localization to organelle,19_GO:0051179 localization,-8.4,1.9,6.5,30293,746,1751,84,4.8,0.51,142|403|968|1191|1363|1855|1871|2804|3301|3312|3838|5080|5191|5356|5563|5824|5885|5925|6118|6135|6396|6500|6726|6728|6789|6850|7251|7295|7485|7507|7514|7805|8678|8766|9500|9512|9804|9913|10049|10073|10368|10758|11079|11215|11267|11345|22930|23177|23399|23480|23515|23558|23787|25813|26519|26521|29082|29106|51100|51234|51364|51560|51608|54492|54543|55048|55746|55788|56851|65992|79158|79902|84268|84314|90865|128866|131118|133022|152485|155382|283489|389941|401505|100129583,PARP1|ARL3|CD68|CLU|CPE|DVL1|E2F3|GOLGB1|DNAJA1|HSPA8|KPNA2|PAX6|PEX7|PLRG1|PRKAA2|PEX19|RAD21|RB1|RPA2|RPL11|SEC13|SKP1|SRP9|SRP19|STK4|SYK|TSG101|TXN|GET1|XPA|XPO1|LAPTM5|BECN1|RAB11A|MAGED1|PMPCB|TOMM20|SUPT7L|DNAJB6|SNUPN|CACNG3|TRAF3IP2|RER1|AKAP11|SNF8|GABARAPL2|RAB3GAP1|CEP68|CTDNEP1|SEC61G|MORC3|WBP2|MTCH1|SAMM50|TIMM10|TIMM8B|CHMP4A|SCG3|SH3GLB1|EMC4|ZMYND10|RAB6B|GET4|NEURL1B|TOMM7|VPS37C|NUP133|LMBRD1|EMC7|DDRGK1|GNPTAB|NUP85|RPAIN|TMEM107|IL33|CHMP4B|DNAJC19|TRAM1L1|ZNF827|VPS37D|CHAMP1|C1QL3|TOMM5|FAM47E,-6.1
MyList,GO Biological Processes,19,GO:1902903,regulation of supramolecular fiber organization,19_GO:0050789 regulation of biological process,-8.2,2.4,6.7,30293,390,1751,53,3,0.41,71|88|120|375|395|1191|1496|1955|2764|3059|3312|3925|4088|4868|5063|5217|5580|5879|5925|5987|5999|6188|6422|6622|7043|7114|7248|9168|9270|9535|9788|9897|10094|10152|10456|10519|10787|10810|11034|11151|22911|27236|51019|55559|55604|55845|79822|80115|80206|81624|91663|130271|221074,ACTG1|ACTN2|ADD3|ARF1|ARHGAP6|CLU|CTNNA2|MEGF9|GMFB|HCLS1|HSPA8|STMN1|SMAD3|NPHS1|PAK3|PFN2|PRKCD|RAC1|RB1|TRIM27|RGS4|RPS3|SFRP1|SNCA|TGFB3|TMSB4X|TSC1|TMSB10|ITGB1BP1|GMFG|MTSS1|WASHC5|ARPC3|ABI2|HAX1|CIB1|NCKAP1|WASF3|DSTN|CORO1A|WDR47|ARFIP1|WASHC3|HAUS7|CARMIL1|BRK1|ARHGAP28|BAIAP2L2|FHOD3|DIAPH3|MYADM|PLEKHH2|SLC39A12,-5.9
MyList,GO Biological Processes,19,GO:0046034,ATP metabolic process,19_GO:0008152 metabolic process,-8.1,3.3,7.1,30293,159,1751,30,1.7,0.31,142|226|318|498|527|572|1353|2023|2821|3312|3939|3948|3988|4625|4704|4706|4708|4712|4718|4720|4725|4726|5211|5223|5236|7167|10632|30968|63979|441531,PARP1|ALDOA|NUDT2|ATP5F1A|ATP6V0C|BAD|COX11|ENO1|GPI|HSPA8|LDHA|LDHC|LIPA|MYH7|NDUFA9|NDUFAB1|NDUFB2|NDUFB6|NDUFC2|NDUFS2|NDUFS5|NDUFS6|PFKL|PGAM1|PGM1|TPI1|ATP5MG|STOML2|FIGNL1|PGAM4,-5.8
MyList,GO Biological Processes,19,GO:0080135,regulation of cellular response to stress,19_GO:0050896 response to stimulus,-8,2,6.4,30293,661,1751,76,4.3,0.49,142|240|572|598|972|1191|1393|1398|2023|2139|2235|2281|2521|3082|3146|3265|3301|4067|4878|4968|5048|5052|5478|5604|5764|5792|6118|6154|6188|6598|6874|6880|7155|7468|7477|7913|8193|8444|8451|8634|9577|9913|10049|10371|10459|10494|10933|11143|22881|23043|23450|23576|24144|27000|29086|29117|51142|51283|51339|55086|55829|57007|57465|57599|57630|63979|64110|65992|79184|80237|84309|90441|116028|125476|148479|158880,PARP1|ALOX5|BAD|BCL2L1|CD74|CLU|CRHBP|CRK|ENO1|EYA2|FECH|FKBP1B|FUS|HGF|HMGB1|HRAS|DNAJA1|LYN|NPPA|OGG1|PAFAH1B1|PRDX1|PPIA|MAP2K1|PTN|PTPRF|RPA2|RPL26|RPS3|SMARCB1|TAF4|TAF9|TOP2B|NSD2|WNT7B|DEK|DPF1|DYRK3|CUL4A|RTCA|BABAM2|SUPT7L|DNAJB6|SEMA3A|MAD2L2|STK25|MORF4L1|KAT7|ANKRD6|TNIK|SF3B3|DDAH1|TFIP11|DNAJC2|BABAM1|BRD7|CHCHD2|BFAR|DACT1|RADX|SELENOS|ACKR3|TBC1D24|WDR48|SH3RF1|FIGNL1|MAGEF1|DDRGK1|BRCC3|ELL3|NUDT16L1|ZNF622|RMI2|INO80C|PHF13|USP51,-5.8
MyList,GO Biological Processes,19,GO:0032446,protein modification by small protein conjugation,19_GO:0008152 metabolic process,-8,1.9,6.3,30293,711,1751,80,4.6,0.5,865|1642|3093|4738|5987|6047|6048|6233|6500|6921|7260|7314|7319|7320|7322|7337|7347|7874|7965|8078|8451|8453|8805|8816|8945|9040|9111|9246|9520|9577|9666|10346|10758|11236|11275|23066|23291|23295|23327|23338|23352|25898|26094|26234|26994|27338|29116|30837|51138|51283|51506|51529|51676|53339|54492|54542|54836|55128|55884|56995|57092|57178|57630|59343|64110|64422|65264|65992|79184|79872|80344|83734|84246|115426|143279|197131|200845|246184|283450|378884,CBFB|DDB1|UBE2K|NEDD8|TRIM27|RNF4|RNF5|RPS27A|SKP1|ELOC|EIPR1|UBB|UBE2A|UBE2B|UBE2D2|UBE3A|UCHL3|USP7|AIMP2|USP5|CUL4A|CUL2|TRIM24|DCAF5|BTRC|UBE2M|NMI|UBE2L6|NPEPPS|BABAM2|DZIP3|TRIM22|TRAF3IP2|RNF139|KLHL2|CAND2|FBXW11|MGRN1|NEDD4L|JADE2|UBR4|RCHY1|DCAF4|FBXL5|RNF11|UBE2S|MYLIP|SOCS7|COPS4|BFAR|UFC1|ANAPC11|ASB2|BTBD1|NEURL1B|RC3H2|BSPRY|TRIM68|WSB2|TULP4|PCNP|ZMIZ1|SH3RF1|SENP2|MAGEF1|ATG3|UBE2Z|DDRGK1|BRCC3|CBLL1|DCAF11|ATG10|MED10|UHRF2|HECTD2|UBR1|KCTD6|CDC26|HECTD4|NHLRC1,-5.8
MyList,GO Biological Processes,19,GO:0022411,cellular component disassembly,19_GO:0009987 cellular process,-8,2.4,6.6,30293,351,1751,49,2.8,0.39,123|712|713|718|801|1524|2107|2801|3159|3312|3684|3796|3925|3936|5048|5563|5650|6457|6598|7251|8444|8673|8678|9652|9706|11034|11345|23399|23557|24144|25898|27243|29082|51375|51506|51510|54463|56270|57326|64422|65992|80183|80349|81624|83734|84340|124045|128866|132671,PLIN2|C1QA|C1QB|C3|CALM1|CX3CR1|ETF1|GOLGA2|HMGA1|HSPA8|ITGAM|KIF2A|STMN1|LCP1|PAFAH1B1|PRKAA2|KLK7|SH3GL3|SMARCB1|TSG101|DYRK3|VAMP8|BECN1|SKIC3|ULK2|DSTN|GABARAPL2|CTDNEP1|SNAPIN|TFIP11|RCHY1|CHMP2A|CHMP4A|SNX7|UFC1|CHMP5|RETREG1|WDR45B|PBXIP1|ATG3|DDRGK1|RUBCNL|SKIC8|DIAPH3|ATG10|GFM2|SPATA33|CHMP4B|SPATA18,-5.7
MyList,GO Biological Processes,19,GO:0044092,negative regulation of molecular function,19_GO:0065007 biological regulation,-8,1.9,6.3,30293,762,1751,84,4.8,0.51,88|103|190|307|358|493|801|1050|1393|1400|1910|2280|2281|2771|2776|2801|2913|2922|3265|3275|3300|3301|3925|4067|4659|4794|4878|5064|5170|5478|5569|5580|5621|5792|5824|5925|5987|6125|6135|6609|6622|7248|7251|7345|7532|7874|8487|8945|9270|9446|9532|9750|10049|10459|10715|23327|23560|24144|25927|26086|28951|29085|51291|51339|51527|51773|54583|54602|55795|56998|57630|57718|58533|79822|80725|84059|84062|84868|129531|149951|151651|170622|260434|284434,ACTN2|ADAR|NR0B1|ANXA4|AQP1|ATP2B4|CALM1|CEBPA|CRHBP|CRMP1|EDNRB|FKBP1A|FKBP1B|GNAI2|GNAQ|GOLGA2|GRM3|GRP|HRAS|PRMT2|DNAJB2|DNAJA1|STMN1|LYN|PPP1R12A|NFKBIE|NPPA|PALM|PDPK1|PPIA|PKIA|PRKCD|PRNP|PTPRF|PEX19|RB1|TRIM27|RPL5|RPL11|SMPD1|SNCA|TSC1|TSG101|UCHL1|YWHAG|USP7|GEMIN2|BTRC|ITGB1BP1|GSTO1|BAG2|RIPOR2|DNAJB6|MAD2L2|CERS1|NEDD4L|GTPBP4|TFIP11|CNRIP1|GPSM1|TRIB2|PHPT1|GMIP|DACT1|GSKIP|RSF1|EGLN1|NDFIP2|PCID2|CTNNBIP1|SH3RF1|PPP4R4|SNX6|ARHGAP28|SRCIN1|ADGRV1|DTNBP1|HAVCR2|MITD1|COMMD7|EFHB|COMMD6|PYDC1|NWD1,-5.7
MyList,GO Biological Processes,19,GO:0044283,small molecule biosynthetic process,19_GO:0008152 metabolic process,-8,2.2,6.5,30293,463,1751,59,3.4,0.43,231|240|435|873|972|1491|1718|1806|1841|2023|2224|2681|2752|2821|3155|3156|3157|3422|3948|3988|3995|4191|4522|4704|4706|4860|5092|5223|5236|5563|5565|5571|5631|5950|6307|6309|6850|7167|8644|8942|9104|9200|9536|10170|10449|10591|10858|11001|50814|51363|51478|56997|57107|58478|79178|84274|92579|116150|120227,AKR1B1|ALOX5|ASL|CBR1|CD74|CTH|DHCR24|DPYD|DTYMK|ENO1|FDPS|GGTA1|GLUL|GPI|HMGCL|HMGCR|HMGCS1|IDI1|LDHC|LIPA|FADS3|MDH2|MTHFD1|NDUFA9|NDUFAB1|PNP|PCBD1|PGAM1|PGM1|PRKAA2|PRKAB2|PRKAG1|PRPS1|RBP4|MSMO1|SC5D|SYK|TPI1|AKR1C3|KYNU|RGN|HACD1|PTGES|DHRS9|ACAA2|DNPH1|CYP46A1|SLC27A2|NSDHL|CHST15|HSD17B7|COQ8A|PDSS2|ENOPH1|THTPA|COQ5|G6PC3|NUS1|CYP2R1,-5.7
MyList,GO Biological Processes,19,GO:0016126,sterol biosynthetic process,19_GO:0008152 metabolic process,-7.9,5.9,8.1,30293,44,1751,15,0.86,0.22,1718|2224|3156|3157|3422|3988|5563|6307|6309|6713|9023|10449|50814|51478|51706,DHCR24|FDPS|HMGCR|HMGCS1|IDI1|LIPA|PRKAA2|MSMO1|SC5D|SQLE|CH25H|ACAA2|NSDHL|HSD17B7|CYB5R1,-5.7
MyList,GO Biological Processes,19,GO:0006364,rRNA processing,19_GO:0008152 metabolic process,-7.9,2.9,6.8,30293,218,1751,36,2.1,0.34,1662|4736|5822|6125|6129|6130|6135|6154|6155|6208|6209|6218|6223|9188|9326|9724|10200|10412|10438|10521|10528|10885|10969|11157|11224|23016|23560|54433|55651|57050|64282|79033|79707|79863|90121|404672,DDX10|RPL10A|PWP2|RPL5|RPL7|RPL7A|RPL11|RPL26|RPL27|RPS14|RPS15|RPS17|RPS19|DDX21|ZNHIT3|UTP14C|MPHOSPH6|NSA2|C1D|DDX17|NOP56|WDR3|EBNA1BP2|LSM6|RPL35|EXOSC7|GTPBP4|GAR1|NHP2|UTP3|TENT4B|ERI3|NOL9|RBFA|TSR2|GTF2H5,-5.7
MyList,GO Biological Processes,19,GO:0016050,vesicle organization,19_GO:0009987 cellular process,-7.9,2.4,6.6,30293,342,1751,48,2.7,0.39,358|527|528|529|537|1176|1385|3267|4935|5048|6396|6399|6622|6810|7251|8673|8724|8766|8938|9114|9871|9897|10016|10483|10490|10947|10981|11151|11267|23557|23673|27243|29082|51399|51510|55048|79090|80183|81624|84062|84691|89781|116841|128866|155382|157680|252839|282991,AQP1|ATP6V0C|ATP6V1C1|ATP6V1E1|ATP6AP1|AP3S1|CREB1|AGFG1|GPR143|PAFAH1B1|SEC13|TRAPPC2|SNCA|STX4|TSG101|VAMP8|SNX3|RAB11A|BAIAP3|ATP6V0D1|SEC24D|WASHC5|PDCD6|SEC23B|VTI1B|AP3M2|RAB32|CORO1A|SNF8|SNAPIN|STX12|CHMP2A|CHMP4A|TRAPPC4|CHMP5|VPS37C|TRAPPC6A|RUBCNL|DIAPH3|DTNBP1|GARIN1B|HPS4|SNAP47|CHMP4B|VPS37D|VPS13B|TMEM9|BLOC1S2,-5.7
MyList,GO Biological Processes,19,GO:0042180,cellular ketone metabolic process,19_GO:0008152 metabolic process,-7.9,4.2,7.4,30293,86,1751,21,1.2,0.26,231|873|1910|2739|4704|4836|5019|7167|8574|8630|8644|8942|9946|10170|10858|10901|51166|56997|57107|84274|154807,AKR1B1|CBR1|EDNRB|GLO1|NDUFA9|NMT1|OXCT1|TPI1|AKR7A2|HSD17B6|AKR1C3|KYNU|CRYZL1|DHRS9|CYP46A1|DHRS4|AADAT|COQ8A|PDSS2|COQ5|VKORC1L1,-5.7
MyList,GO Biological Processes,19,GO:0006520,amino acid metabolic process,19_GO:0008152 metabolic process,-7.9,2.6,6.6,30293,290,1751,43,2.5,0.37,38|159|435|594|1428|1491|1738|1806|1892|2058|2109|2184|2731|2752|3081|3155|3376|3712|4329|4522|4594|5034|5092|5096|5188|5471|6301|6567|8942|23438|23576|51166|51582|54583|55699|56922|56954|58478|84706|124454|137872|144193|259307,ACAT1|ADSS2|ASL|BCKDHB|CRYM|CTH|DLD|DPYD|ECHS1|EPRS1|ETFB|FAH|GLDC|GLUL|HGD|HMGCL|IARS1|IVD|ALDH6A1|MTHFD1|MMUT|P4HB|PCBD1|PCCB|GATB|PPAT|SARS1|SLC16A2|KYNU|HARS2|DDAH1|AADAT|AZIN1|EGLN1|IARS2|MCCC1|NIT2|ENOPH1|GPT2|EARS2|ADHFE1|AMDHD1|IL4I1,-5.6
MyList,GO Biological Processes,19,GO:0051338,regulation of transferase activity,19_GO:0065007 biological regulation,-7.8,2,6.3,30293,644,1751,74,4.2,0.48,103|493|572|801|902|972|1050|1915|2547|2776|3181|3265|3301|4067|4878|5156|5170|5245|5478|5569|5571|5580|5604|5621|5747|5906|5912|5925|5987|6125|6135|6187|6188|6500|6609|6622|6950|7010|7251|7295|7345|7532|8550|8792|8945|9270|9532|10006|10040|10459|10519|10576|10715|10899|23531|23560|27338|28951|29085|51527|55437|56034|56892|57515|58533|80725|84062|90441|133619|143384|146433|219736|260434|100133941,ADAR|ATP2B4|BAD|CALM1|CCNH|CD74|CEBPA|EEF1A1|XRCC6|GNAQ|HNRNPA2B1|HRAS|DNAJA1|LYN|NPPA|PDGFRA|PDPK1|PHB1|PPIA|PKIA|PRKAG1|PRKCD|MAP2K1|PRNP|PTK2|RAP1A|RAP2B|RB1|TRIM27|RPL5|RPL11|RPS2|RPS3|SKP1|SMPD1|SNCA|TCP1|TEK|TSG101|TXN|UCHL1|YWHAG|MAPKAPK5|TNFRSF11A|BTRC|ITGB1BP1|BAG2|ABI1|TOM1L1|MAD2L2|CIB1|CCT2|CERS1|JTB|MMD|GTPBP4|UBE2S|TRIB2|PHPT1|GSKIP|STRADB|PDGFC|TCIM|SERINC1|SNX6|SRCIN1|DTNBP1|ZNF622|PRRC1|CACUL1|IL34|STOX1|PYDC1|CD24,-5.6
MyList,GO Biological Processes,19,GO:1904951,positive regulation of establishment of protein localization,19_GO:0051179 localization,-7.8,2.5,6.5,30293,324,1751,46,2.6,0.38,572|945|2850|3059|3208|3265|3684|3689|4088|4628|4946|4947|5478|5532|5580|5621|5715|5950|6810|6950|7043|7097|7200|7203|7251|8111|8655|8938|9270|9501|9520|10519|10574|10576|22948|23379|23410|27230|51100|51614|54471|54543|59286|63928|79971|89781,BAD|CD33|GPR27|HCLS1|HPCA|HRAS|ITGAM|ITGB2|SMAD3|MYH10|OAZ1|OAZ2|PPIA|PPP3CB|PRKCD|PRNP|PSMD9|RBP4|STX4|TCP1|TGFB3|TLR2|TRH|CCT3|TSG101|GPR68|DYNLL1|BAIAP3|ITGB1BP1|RPH3AL|NPEPPS|CIB1|CCT7|CCT2|CCT5|ICE1|SIRT3|SERP1|SH3GLB1|ERGIC3|MIEF1|TOMM7|UBL5|CHP2|WLS|HPS4,-5.6
MyList,GO Biological Processes,19,GO:0043161,proteasome-mediated ubiquitin-dependent protein catabolic process,19_GO:0008152 metabolic process,-7.7,2.4,6.5,30293,357,1751,49,2.8,0.39,821|1642|3093|3300|5683|5686|5687|5688|5693|5695|5702|5706|5707|6047|6048|6500|7319|7320|7337|7345|7353|7993|8451|8453|8945|9491|11236|23291|23327|26234|27338|51283|51528|51529|51676|54442|55829|55968|57092|79718|80232|80344|137886|146330|153830|196394|197131|246184|378884,CANX|DDB1|UBE2K|DNAJB2|PSMA2|PSMA5|PSMA6|PSMA7|PSMB5|PSMB7|PSMC3|PSMC6|PSMD1|RNF4|RNF5|SKP1|UBE2A|UBE2B|UBE3A|UCHL1|UFD1|UBXN8|CUL4A|CUL2|BTRC|PSMF1|RNF139|FBXW11|NEDD4L|FBXL5|UBE2S|BFAR|JKAMP|ANAPC11|ASB2|KCTD5|SELENOS|NSFL1C|PCNP|TBL1XR1|WDR26|DCAF11|UBXN2B|FBXL16|RNF145|AMN1|UBR1|CDC26|NHLRC1,-5.5
MyList,GO Biological Processes,19,GO:1903829,positive regulation of protein localization,19_GO:0051179 localization,-7.7,2.2,6.3,30293,481,1751,60,3.4,0.43,142|493|572|945|1398|1855|2850|3059|3208|3265|3684|3689|4088|4628|4946|4947|5170|5478|5532|5563|5580|5621|5715|5950|6622|6810|6950|7037|7043|7097|7200|7203|7251|8111|8655|8938|9270|9501|9520|10519|10574|10576|11079|11143|22948|23379|23410|27230|51100|51614|54471|54543|54550|56257|57628|59286|63928|65992|79971|89781,PARP1|ATP2B4|BAD|CD33|CRK|DVL1|GPR27|HCLS1|HPCA|HRAS|ITGAM|ITGB2|SMAD3|MYH10|OAZ1|OAZ2|PDPK1|PPIA|PPP3CB|PRKAA2|PRKCD|PRNP|PSMD9|RBP4|SNCA|STX4|TCP1|TFRC|TGFB3|TLR2|TRH|CCT3|TSG101|GPR68|DYNLL1|BAIAP3|ITGB1BP1|RPH3AL|NPEPPS|CIB1|CCT7|CCT2|RER1|KAT7|CCT5|ICE1|SIRT3|SERP1|SH3GLB1|ERGIC3|MIEF1|TOMM7|NECAB2|MEPCE|DPP10|UBL5|CHP2|DDRGK1|WLS|HPS4,-5.5
MyList,GO Biological Processes,19,GO:0007264,small GTPase mediated signal transduction,19_GO:0050896 response to stimulus,-7.7,2.6,6.6,30293,262,1751,40,2.3,0.36,199|390|392|393|395|397|398|403|613|1012|1718|1796|2665|3265|3845|3988|5879|5906|5912|5925|6009|6014|6016|7410|8550|9289|9363|10152|10633|10787|11188|22800|22808|22931|23179|55845|57514|81704|115703|255426,AIF1|RND3|ARHGAP1|ARHGAP4|ARHGAP6|ARHGDIB|ARHGDIG|ARL3|BCR|CDH13|DHCR24|DOK1|GDI2|HRAS|KRAS|LIPA|RAC1|RAP1A|RAP2B|RB1|RHEB|RIT2|RIT1|VAV2|MAPKAPK5|ADGRG1|RAB33A|ABI2|RASL10A|NCKAP1|NISCH|RRAS2|MRAS|RAB18|RGL1|BRK1|ARHGAP31|DOCK8|ARHGAP33|RASGEF1C,-5.5
MyList,GO Biological Processes,19,GO:0006066,alcohol metabolic process,19_GO:0008152 metabolic process,-7.7,2.4,6.5,30293,326,1751,46,2.6,0.38,50|217|231|1050|1718|1910|2224|2235|3156|3157|3418|3422|3988|4923|5092|5563|5950|6307|6309|6609|6713|7167|8574|8613|8630|8644|8813|9023|10170|10449|10858|10901|11163|25987|26007|50814|51478|51573|55190|57171|79178|84649|90809|116150|120227|170685,ACO2|ALDH2|AKR1B1|CEBPA|DHCR24|EDNRB|FDPS|FECH|HMGCR|HMGCS1|IDH2|IDI1|LIPA|NTSR1|PCBD1|PRKAA2|RBP4|MSMO1|SC5D|SMPD1|SQLE|TPI1|AKR7A2|PLPP3|HSD17B6|AKR1C3|DPM1|CH25H|DHRS9|ACAA2|CYP46A1|DHRS4|NUDT4|TSKU|TKFC|NSDHL|HSD17B7|GDE1|NUDT11|DOLPP1|THTPA|DGAT2|PIP4P1|NUS1|CYP2R1|NUDT10,-5.5
MyList,GO Biological Processes,19,GO:0051125,regulation of actin nucleation,19_GO:0050789 regulation of biological process,-7.6,6.1,7.9,30293,40,1751,14,0.8,0.21,375|1496|2764|5987|9535|9897|10152|10787|10810|11151|27236|51019|55604|55845,ARF1|CTNNA2|GMFB|TRIM27|GMFG|WASHC5|ABI2|NCKAP1|WASF3|CORO1A|ARFIP1|WASHC3|CARMIL1|BRK1,-5.4
MyList,GO Biological Processes,19,GO:0072384,organelle transport along microtubule,19_GO:0051179 localization,-7.5,4.2,7.2,30293,82,1751,20,1.1,0.25,1176|1780|3281|5048|7314|7345|7846|9371|10947|22920|23287|23291|23557|55860|79036|79443|84062|118426|119032|282991,AP3S1|DYNC1I1|HSBP1|PAFAH1B1|UBB|UCHL1|TUBA1A|KIF3B|AP3M2|KIFAP3|AGTPBP1|FBXW11|SNAPIN|ACTR10|KXD1|FYCO1|DTNBP1|BORCS5|BORCS7|BLOC1S2,-5.3
MyList,GO Biological Processes,19,GO:0042273,ribosomal large subunit biogenesis,19_GO:0009987 cellular process,-7.5,4.4,7.3,30293,75,1751,19,1.1,0.25,4736|6125|6129|6130|6134|6135|6154|6175|6838|9326|10412|10969|11224|23560|51491|55052|55651|79707|90441,RPL10A|RPL5|RPL7|RPL7A|RPL10|RPL11|RPL26|RPLP0|SURF6|ZNHIT3|NSA2|EBNA1BP2|RPL35|GTPBP4|NOP16|MRPL20|NHP2|NOL9|ZNF622,-5.3
MyList,GO Biological Processes,19,GO:0016567,protein ubiquitination,19_GO:0008152 metabolic process,-7.5,2,6.1,30293,633,1751,72,4.1,0.47,865|1642|3093|5987|6047|6048|6233|6500|6921|7260|7314|7319|7320|7322|7337|7347|7874|7965|8078|8451|8453|8805|8816|8945|9111|9246|9520|9577|9666|10346|10758|11236|11275|23066|23291|23295|23327|23338|23352|25898|26094|26234|26994|27338|29116|30837|51283|51529|51676|53339|54492|54542|54836|55128|55884|56995|57092|57630|64110|64422|65264|79184|79872|80344|84246|115426|143279|197131|200845|246184|283450|378884,CBFB|DDB1|UBE2K|TRIM27|RNF4|RNF5|RPS27A|SKP1|ELOC|EIPR1|UBB|UBE2A|UBE2B|UBE2D2|UBE3A|UCHL3|USP7|AIMP2|USP5|CUL4A|CUL2|TRIM24|DCAF5|BTRC|NMI|UBE2L6|NPEPPS|BABAM2|DZIP3|TRIM22|TRAF3IP2|RNF139|KLHL2|CAND2|FBXW11|MGRN1|NEDD4L|JADE2|UBR4|RCHY1|DCAF4|FBXL5|RNF11|UBE2S|MYLIP|SOCS7|BFAR|ANAPC11|ASB2|BTBD1|NEURL1B|RC3H2|BSPRY|TRIM68|WSB2|TULP4|PCNP|SH3RF1|MAGEF1|ATG3|UBE2Z|BRCC3|CBLL1|DCAF11|MED10|UHRF2|HECTD2|UBR1|KCTD6|CDC26|HECTD4|NHLRC1,-5.3
MyList,GO Biological Processes,19,GO:1903047,mitotic cell cycle process,19_GO:0009987 cellular process,-7.4,2.1,6.2,30293,502,1751,61,3.5,0.44,375|403|801|1063|1163|1871|2009|2801|3796|3925|4175|4628|5048|5080|5884|5885|6118|6154|6867|6993|7319|7480|8451|8453|8678|8766|9371|9577|10270|10459|10657|10671|10776|10899|11040|11130|23141|23291|23399|26086|27243|27338|29082|29086|51451|51510|54536|54902|55968|57504|65123|79003|79184|114327|128866|129531|137886|143384|148479|200942|283489,ARF1|ARL3|CALM1|CENPF|CKS1B|E2F3|EML1|GOLGA2|KIF2A|STMN1|MCM6|MYH10|PAFAH1B1|PAX6|RAD17|RAD21|RPA2|RPL26|TACC1|DYNLT1|UBE2A|WNT10B|CUL4A|CUL2|BECN1|RAB11A|KIF3B|BABAM2|AKAP8|MAD2L2|KHDRBS1|DCTN6|ARPP19|JTB|PIM2|ZWINT|ANKLE2|FBXW11|CTDNEP1|GPSM1|CHMP2A|UBE2S|CHMP4A|BABAM1|LCMT1|CHMP5|EXOC6|TTC19|NSFL1C|MTA3|INTS3|MIS12|BRCC3|EFHC1|CHMP4B|MITD1|UBXN2B|CACUL1|PHF13|KLHDC8B|CHAMP1,-5.3
MyList,GO Biological Processes,19,GO:0022900,electron transport chain,19_GO:0008152 metabolic process,-7.4,3.1,6.7,30293,169,1751,30,1.7,0.31,217|231|1327|1353|1528|1534|1738|2109|2731|4199|4704|4706|4708|4712|4718|4720|4725|4726|6622|7385|7386|8574|8630|22977|51103|54205|57215|79751|83733|388753,ALDH2|AKR1B1|COX4I1|COX11|CYB5A|CYB561|DLD|ETFB|GLDC|ME1|NDUFA9|NDUFAB1|NDUFB2|NDUFB6|NDUFC2|NDUFS2|NDUFS5|NDUFS6|SNCA|UQCRC2|UQCRFS1|AKR7A2|HSD17B6|AKR7A3|NDUFAF1|CYCS|THAP11|SLC25A22|SLC25A18|COA6,-5.3
MyList,GO Biological Processes,19,GO:0006402,mRNA catabolic process,19_GO:0048519 negative regulation of biological process,-7.4,3.5,6.9,30293,124,1751,25,1.4,0.28,677|2107|3646|4292|4848|5436|9337|9652|9939|11157|23016|23034|23049|23658|27044|29883|51441|54542|57472|57819|64282|65109|80349|167227|255967,ZFP36L1|ETF1|EIF3E|MLH1|CNOT2|POLR2G|CNOT8|SKIC3|RBM8A|LSM6|EXOSC7|SAMD4A|SMG1|LSM5|SND1|CNOT7|YTHDF2|RC3H2|CNOT6|LSM2|TENT4B|UPF3B|SKIC8|DCP2|PAN3,-5.3
MyList,GO Biological Processes,19,GO:0061919,process utilizing autophagic mechanism,19_GO:0009987 cellular process,-7.4,2.4,6.4,30293,311,1751,44,2.5,0.37,801|1191|3146|3312|5563|7251|8673|8678|9706|9711|9895|10490|11040|11267|11345|22911|23557|23673|27243|29082|51100|51375|51399|51506|51510|54463|55048|55332|55968|56270|57533|57705|64422|65992|80183|81624|83734|124045|128866|132671|137886|147686|155382|378884,CALM1|CLU|HMGB1|HSPA8|PRKAA2|TSG101|VAMP8|BECN1|ULK2|RUBCN|TECPR2|VTI1B|PIM2|SNF8|GABARAPL2|WDR47|SNAPIN|STX12|CHMP2A|CHMP4A|SH3GLB1|SNX7|TRAPPC4|UFC1|CHMP5|RETREG1|VPS37C|DRAM1|NSFL1C|WDR45B|TBC1D14|WDFY4|ATG3|DDRGK1|RUBCNL|DIAPH3|ATG10|SPATA33|CHMP4B|SPATA18|UBXN2B|ZNF418|VPS37D|NHLRC1,-5.3
MyList,GO Biological Processes,19,GO:0006914,autophagy,19_GO:0008152 metabolic process,-7.4,2.4,6.4,30293,311,1751,44,2.5,0.37,801|1191|3146|3312|5563|7251|8673|8678|9706|9711|9895|10490|11040|11267|11345|22911|23557|23673|27243|29082|51100|51375|51399|51506|51510|54463|55048|55332|55968|56270|57533|57705|64422|65992|80183|81624|83734|124045|128866|132671|137886|147686|155382|378884,CALM1|CLU|HMGB1|HSPA8|PRKAA2|TSG101|VAMP8|BECN1|ULK2|RUBCN|TECPR2|VTI1B|PIM2|SNF8|GABARAPL2|WDR47|SNAPIN|STX12|CHMP2A|CHMP4A|SH3GLB1|SNX7|TRAPPC4|UFC1|CHMP5|RETREG1|VPS37C|DRAM1|NSFL1C|WDR45B|TBC1D14|WDFY4|ATG3|DDRGK1|RUBCNL|DIAPH3|ATG10|SPATA33|CHMP4B|SPATA18|UBXN2B|ZNF418|VPS37D|NHLRC1,-5.3
MyList,GO Biological Processes,19,GO:1903532,positive regulation of secretion by cell,19_GO:0051179 localization,-7.4,2.5,6.4,30293,290,1751,42,2.4,0.37,136|572|945|1385|2550|2850|2922|3566|3684|3689|3822|4602|4628|4923|5478|5532|5715|5950|6622|6810|6850|7043|7097|7200|7251|8111|8655|8673|8792|8938|9501|9536|11267|22930|23410|27230|27243|51714|79971|84062|134957|341359,ADORA2B|BAD|CD33|CREB1|GABBR1|GPR27|GRP|IL4R|ITGAM|ITGB2|KLRC2|MYB|MYH10|NTSR1|PPIA|PPP3CB|PSMD9|RBP4|SNCA|STX4|SYK|TGFB3|TLR2|TRH|TSG101|GPR68|DYNLL1|VAMP8|TNFRSF11A|BAIAP3|RPH3AL|PTGES|SNF8|RAB3GAP1|SIRT3|SERP1|CHMP2A|SELENOT|WLS|DTNBP1|STXBP5|SYT10,-5.3
MyList,GO Biological Processes,19,GO:0061136,regulation of proteasomal protein catabolic process,19_GO:0008152 metabolic process,-7.4,2.9,6.6,30293,189,1751,32,1.8,0.32,1050|1191|1855|2295|3093|3300|5702|5706|5720|5721|6135|6880|7314|7480|7514|7874|8078|8667|8945|9491|9532|10197|11345|23429|25898|28951|51105|57630|65992|90865|147686|161582,CEBPA|CLU|DVL1|FOXF2|UBE2K|DNAJB2|PSMC3|PSMC6|PSME1|PSME2|RPL11|TAF9|UBB|WNT10B|XPO1|USP7|USP5|EIF3H|BTRC|PSMF1|BAG2|PSME3|GABARAPL2|RYBP|RCHY1|TRIB2|PHF20L1|SH3RF1|DDRGK1|IL33|ZNF418|DNAAF4,-5.2
MyList,GO Biological Processes,19,GO:0009152,purine ribonucleotide biosynthetic process,19_GO:0008152 metabolic process,-7.3,2.9,6.5,30293,191,1751,32,1.8,0.32,38|108|113|158|159|226|271|318|498|527|1353|1738|3948|3988|4522|4594|4704|4706|4708|4712|4718|4720|4725|4726|4830|4878|5162|5471|9200|10632|11001|30968,ACAT1|ADCY2|ADCY7|ADSL|ADSS2|ALDOA|AMPD2|NUDT2|ATP5F1A|ATP6V0C|COX11|DLD|LDHC|LIPA|MTHFD1|MMUT|NDUFA9|NDUFAB1|NDUFB2|NDUFB6|NDUFC2|NDUFS2|NDUFS5|NDUFS6|NME1|NPPA|PDHB|PPAT|HACD1|ATP5MG|SLC27A2|STOML2,-5.1
MyList,GO Biological Processes,19,GO:0007420,brain development,19_GO:0032502 developmental process,-7.3,1.9,5.9,30293,727,1751,79,4.5,0.5,190|317|358|493|613|801|1063|1272|1385|1398|1496|1524|1746|1767|2009|2018|2290|2735|2895|3684|3845|4086|4852|4897|5048|5080|5604|5931|6299|6505|6585|6658|6751|6867|7101|7155|7248|7280|7314|7337|7477|7533|7846|7976|8321|8455|8624|8655|8704|9289|9355|9915|10371|22911|22930|22931|23035|23287|23291|25911|25987|26468|51506|55553|56917|56934|57050|57107|57178|57282|57626|59345|65109|79969|79971|84750|114327|340719|347733,NR0B1|APAF1|AQP1|ATP2B4|BCR|CALM1|CENPF|CNTN1|CREB1|CRK|CTNNA2|CX3CR1|DLX2|DNAH5|EML1|EMX2|FOXG1|GLI1|GRID2|ITGAM|KRAS|SMAD1|NPY|NRCAM|PAFAH1B1|PAX6|MAP2K1|RBBP7|SALL1|SLC1A1|SLIT1|SOX3|SSTR1|TACC1|NR2E1|TOP2B|TSC1|TUBB2A|UBB|UBE3A|WNT7B|YWHAH|TUBA1A|FZD3|FZD1|ATRN|PSMG1|DYNLL1|B4GALT2|ADGRG1|LHX2|ARNT2|SEMA3A|WDR47|RAB3GAP1|RAB18|PHLPP2|AGTPBP1|FBXW11|DPCD|TSKU|LHX6|UFC1|SOX6|MEIS3|CA10|UTP3|PDSS2|ZMIZ1|SLC4A10|KLHL1|GNB4|UPF3B|ATAT1|WLS|FUT10|EFHC1|NANOS1|TUBB2B,-5.1
MyList,GO Biological Processes,19,GO:0090150,establishment of protein localization to membrane,19_GO:0051179 localization,-7.2,2.7,6.4,30293,231,1751,36,2.1,0.34,537|4666|5824|6505|6726|6728|7485|8766|9804|11031|22930|23480|23787|25813|25945|26003|26519|26521|29082|51234|51608|54543|55048|55146|55625|56851|64422|83955|128866|133022|155382|196383|254887|342538|401505|100133941,ATP6AP1|NACA|PEX19|SLC1A1|SRP9|SRP19|GET1|RAB11A|TOMM20|RAB31|RAB3GAP1|SEC61G|MTCH1|SAMM50|NECTIN3|GORASP2|TIMM10|TIMM8B|CHMP4A|EMC4|GET4|TOMM7|VPS37C|ZDHHC4|ZDHHC7|EMC7|ATG3|NACA4P|CHMP4B|TRAM1L1|VPS37D|RILPL2|ZDHHC23|NACA2|TOMM5|CD24,-5.1
MyList,GO Biological Processes,19,GO:0033108,mitochondrial respiratory chain complex assembly,19_GO:0009987 cellular process,-7.2,3.8,6.9,30293,101,1751,22,1.3,0.27,4704|4706|4708|4712|4718|4720|4725|7386|25813|25880|28958|28976|51103|51204|54902|55245|55744|57226|79145|80224|84233|284184,NDUFA9|NDUFAB1|NDUFB2|NDUFB6|NDUFC2|NDUFS2|NDUFS5|UQCRFS1|SAMM50|TMEM186|COA3|ACAD9|NDUFAF1|TACO1|TTC19|UQCC1|COA1|LYRM2|CHCHD7|NUBPL|TMEM126A|NDUFAF8,-5.1
MyList,GO Biological Processes,19,GO:0034315,regulation of Arp2/3 complex-mediated actin nucleation,19_GO:0050789 regulation of biological process,-7.2,6.7,7.9,30293,31,1751,12,0.69,0.2,375|1496|2764|9535|9897|10152|10787|10810|27236|51019|55604|55845,ARF1|CTNNA2|GMFB|GMFG|WASHC5|ABI2|NCKAP1|WASF3|ARFIP1|WASHC3|CARMIL1|BRK1,-5.1
MyList,GO Biological Processes,19,GO:0009205,purine ribonucleoside triphosphate metabolic process,19_GO:0008152 metabolic process,-7.2,2.9,6.5,30293,183,1751,31,1.8,0.32,142|226|318|498|527|572|1353|2023|2821|3312|3939|3948|3988|4625|4704|4706|4708|4712|4718|4720|4725|4726|4830|5211|5223|5236|7167|10632|30968|63979|441531,PARP1|ALDOA|NUDT2|ATP5F1A|ATP6V0C|BAD|COX11|ENO1|GPI|HSPA8|LDHA|LDHC|LIPA|MYH7|NDUFA9|NDUFAB1|NDUFB2|NDUFB6|NDUFC2|NDUFS2|NDUFS5|NDUFS6|NME1|PFKL|PGAM1|PGM1|TPI1|ATP5MG|STOML2|FIGNL1|PGAM4,-5.1
MyList,GO Biological Processes,19,GO:0005975,carbohydrate metabolic process,19_GO:0008152 metabolic process,-7.1,2.2,6.1,30293,441,1751,55,3.1,0.42,142|217|226|231|572|1486|2023|2739|2821|3418|3784|3939|3988|4126|4191|4199|4351|4886|5162|5211|5223|5236|5372|5502|5836|5950|7165|7167|7355|8574|8703|8704|8706|9104|9446|10690|23324|26007|27087|27230|30815|51363|55277|55577|55790|79158|84649|84750|92579|119391|283450|378884|414328|441531|100131187,PARP1|ALDH2|ALDOA|AKR1B1|BAD|CTBS|ENO1|GLO1|GPI|IDH2|KCNQ1|LDHA|LIPA|MANBA|MDH2|ME1|MPI|NPY1R|PDHB|PFKL|PGAM1|PGM1|PMM1|PPP1R1A|PYGL|RBP4|TPD52L2|TPI1|SLC35A2|AKR7A2|B4GALT3|B4GALT2|B3GALNT1|RGN|GSTO1|FUT9|MAN2B2|TKFC|B3GAT1|SERP1|ST6GALNAC6|CHST15|FGGY|NAGK|CSGALNACT1|GNPTAB|DGAT2|FUT10|G6PC3|GSTO2|HECTD4|NHLRC1|IDNK|PGAM4|TSTD1,-5
MyList,GO Biological Processes,19,GO:0010970,transport along microtubule,19_GO:0051179 localization,-7.1,3,6.5,30293,165,1751,29,1.7,0.3,403|1176|1740|1780|3281|5048|6780|7314|7345|7846|8655|9371|10947|11020|22920|23095|23287|23291|23557|51668|55860|64792|79036|79443|84062|118426|119032|255758|282991,ARL3|AP3S1|DLG2|DYNC1I1|HSBP1|PAFAH1B1|STAU1|UBB|UCHL1|TUBA1A|DYNLL1|KIF3B|AP3M2|IFT27|KIFAP3|KIF1B|AGTPBP1|FBXW11|SNAPIN|IFT25|ACTR10|IFT22|KXD1|FYCO1|DTNBP1|BORCS5|BORCS7|DYNLT2B|BLOC1S2,-5
MyList,GO Biological Processes,19,GO:0032970,regulation of actin filament-based process,19_GO:0050789 regulation of biological process,-7.1,2.2,6.1,30293,385,1751,50,2.9,0.4,71|88|120|375|390|395|1398|1496|1955|2764|2824|3059|3265|3925|4088|4868|5063|5156|5217|5580|5879|5987|5999|6422|7043|7114|7248|9168|9270|9535|9788|9897|10094|10152|10456|10787|10810|11034|11151|11170|27236|51019|55604|55845|79822|80115|80206|91663|128272|130271,ACTG1|ACTN2|ADD3|ARF1|RND3|ARHGAP6|CRK|CTNNA2|MEGF9|GMFB|GPM6B|HCLS1|HRAS|STMN1|SMAD3|NPHS1|PAK3|PDGFRA|PFN2|PRKCD|RAC1|TRIM27|RGS4|SFRP1|TGFB3|TMSB4X|TSC1|TMSB10|ITGB1BP1|GMFG|MTSS1|WASHC5|ARPC3|ABI2|HAX1|NCKAP1|WASF3|DSTN|CORO1A|FAM107A|ARFIP1|WASHC3|CARMIL1|BRK1|ARHGAP28|BAIAP2L2|FHOD3|MYADM|ARHGEF19|PLEKHH2,-5
MyList,GO Biological Processes,19,GO:0010498,proteasomal protein catabolic process,19_GO:0008152 metabolic process,-7.1,2.2,6.1,30293,386,1751,50,2.9,0.4,821|1642|3093|3300|5683|5686|5687|5688|5693|5695|5702|5706|5707|6047|6048|6500|7319|7320|7337|7345|7353|7993|8451|8453|8945|9491|11236|23291|23327|26234|27338|51283|51528|51529|51608|51676|54442|55829|55968|57092|79718|80232|80344|137886|146330|153830|196394|197131|246184|378884,CANX|DDB1|UBE2K|DNAJB2|PSMA2|PSMA5|PSMA6|PSMA7|PSMB5|PSMB7|PSMC3|PSMC6|PSMD1|RNF4|RNF5|SKP1|UBE2A|UBE2B|UBE3A|UCHL1|UFD1|UBXN8|CUL4A|CUL2|BTRC|PSMF1|RNF139|FBXW11|NEDD4L|FBXL5|UBE2S|BFAR|JKAMP|ANAPC11|GET4|ASB2|KCTD5|SELENOS|NSFL1C|PCNP|TBL1XR1|WDR26|DCAF11|UBXN2B|FBXL16|RNF145|AMN1|UBR1|CDC26|NHLRC1,-5
MyList,GO Biological Processes,19,GO:0043009,chordate embryonic development,19_GO:0032502 developmental process,-7,1.9,5.9,30293,648,1751,72,4.1,0.47,317|398|430|598|677|1050|1603|1627|1746|1855|2821|4082|4087|4088|4522|4836|4848|5080|5100|5125|5156|5604|5801|5950|5954|6137|6422|6598|6789|7043|7205|7248|7320|7477|7976|8321|8451|8894|9355|9646|9871|9915|10006|10016|10049|10161|10522|10683|23168|23213|25912|27077|50814|51339|51493|51639|54583|55746|55845|55959|57178|57718|58495|60626|64131|79718|79893|81624|84314|196051|202018|221074,APAF1|ARHGDIG|ASCL2|BCL2L1|ZFP36L1|CEBPA|DAD1|DBN1|DLX2|DVL1|GPI|MARCKS|SMAD2|SMAD3|MTHFD1|NMT1|CNOT2|PAX6|PCDH8|PCSK5|PDGFRA|MAP2K1|PTPRR|RBP4|RCN1|RPL13|SFRP1|SMARCB1|STK4|TGFB3|TRIP6|TSC1|UBE2B|WNT7B|FZD3|FZD1|CUL4A|EIF2S2|LHX2|CTR9|SEC24D|ARNT2|ABI1|PDCD6|DNAJB6|LPAR6|DEAF1|DLL3|RTF1|SULF1|C1orf43|B9D1|NSDHL|DACT1|RTCB|SF3B6|EGLN1|NUP133|BRK1|SULF2|ZMIZ1|PPP4R4|OVOL2|RIC8A|XYLT1|TBL1XR1|GGNBP2|DIAPH3|TMEM107|PLPP4|TAPT1|SLC39A12,-5
MyList,GO Biological Processes,19,GO:0006397,mRNA processing,19_GO:0008152 metabolic process,-7,2.1,6,30293,491,1751,59,3.4,0.43,103|677|2926|3178|3181|3183|3189|3312|4236|4670|5356|5936|6427|6629|6631|6634|6635|6636|6637|7536|7884|8487|9939|10181|10284|10286|10419|10421|10465|10521|10657|10772|10907|11017|11157|22827|23020|23450|23658|24144|27238|27258|51362|51639|51645|57819|58155|59286|60680|64062|64282|79042|83448|84950|118924|135295|142940|153527|255967,ADAR|ZFP36L1|GRSF1|HNRNPA1|HNRNPA2B1|HNRNPC|HNRNPH3|HSPA8|MFAP1|HNRNPM|PLRG1|RBM4|SRSF2|SNRPB2|SNRPC|SNRPD3|SNRPE|SNRPF|SNRPG|SF1|SLBP|GEMIN2|RBM8A|RBM5|SAP18|BCAS2|PRMT5|CD2BP2|PPIH|DDX17|KHDRBS1|SRSF10|TXNL4A|SNRNP27|LSM6|PUF60|SNRNP200|SF3B3|LSM5|TFIP11|GPKOW|LSM3|CDC40|SF3B6|PPIL1|LSM2|PTBP2|UBL5|CELF5|RBM26|TENT4B|TSEN34|PUS7L|PRPF38A|FRA10AC1|SRSF12|TRUB1|ZMAT2|PAN3,-5
MyList,GO Biological Processes,19,GO:0009141,nucleoside triphosphate metabolic process,19_GO:0008152 metabolic process,-7,2.8,6.4,30293,205,1751,33,1.9,0.32,142|226|318|498|527|572|1353|1841|2023|2821|3312|3939|3948|3988|4625|4704|4706|4708|4712|4718|4720|4725|4726|4830|5211|5223|5236|7167|10632|30968|63979|79077|441531,PARP1|ALDOA|NUDT2|ATP5F1A|ATP6V0C|BAD|COX11|DTYMK|ENO1|GPI|HSPA8|LDHA|LDHC|LIPA|MYH7|NDUFA9|NDUFAB1|NDUFB2|NDUFB6|NDUFC2|NDUFS2|NDUFS5|NDUFS6|NME1|PFKL|PGAM1|PGM1|TPI1|ATP5MG|STOML2|FIGNL1|DCTPP1|PGAM4,-5
MyList,GO Biological Processes,19,GO:0006282,regulation of DNA repair,19_GO:0050896 response to stimulus,-7,2.7,6.3,30293,215,1751,34,1.9,0.33,142|2139|2521|3146|4968|6118|6188|6598|6874|6880|7155|7468|7913|8193|8451|9577|9913|10459|10933|11143|23450|24144|29086|29117|55086|57599|63979|64110|79184|84309|116028|125476|148479|158880,PARP1|EYA2|FUS|HMGB1|OGG1|RPA2|RPS3|SMARCB1|TAF4|TAF9|TOP2B|NSD2|DEK|DPF1|CUL4A|BABAM2|SUPT7L|MAD2L2|MORF4L1|KAT7|SF3B3|TFIP11|BABAM1|BRD7|RADX|WDR48|FIGNL1|MAGEF1|BRCC3|NUDT16L1|RMI2|INO80C|PHF13|USP51,-5
MyList,GO Biological Processes,19,GO:0072523,purine-containing compound catabolic process,19_GO:0008152 metabolic process,-7,3.7,6.7,30293,104,1751,22,1.3,0.27,38|226|1806|2023|2821|3094|3939|3988|4860|5138|5211|5223|5236|7167|9615|10591|11163|22875|53343|55190|170685|441531,ACAT1|ALDOA|DPYD|ENO1|GPI|HINT1|LDHA|LIPA|PNP|PDE2A|PFKL|PGAM1|PGM1|TPI1|GDA|DNPH1|NUDT4|ENPP4|NUDT9|NUDT11|NUDT10|PGAM4,-4.9
MyList,GO Biological Processes,19,GO:0009260,ribonucleotide biosynthetic process,19_GO:0008152 metabolic process,-7,2.8,6.3,30293,206,1751,33,1.9,0.32,38|108|113|158|159|226|271|318|498|527|1353|1738|3948|3988|4522|4594|4704|4706|4708|4712|4718|4720|4725|4726|4830|4878|5162|5471|7372|9200|10632|11001|30968,ACAT1|ADCY2|ADCY7|ADSL|ADSS2|ALDOA|AMPD2|NUDT2|ATP5F1A|ATP6V0C|COX11|DLD|LDHC|LIPA|MTHFD1|MMUT|NDUFA9|NDUFAB1|NDUFB2|NDUFB6|NDUFC2|NDUFS2|NDUFS5|NDUFS6|NME1|NPPA|PDHB|PPAT|UMPS|HACD1|ATP5MG|SLC27A2|STOML2,-4.9
MyList,GO Biological Processes,19,GO:0099111,microtubule-based transport,19_GO:0051179 localization,-7,2.8,6.3,30293,206,1751,33,1.9,0.32,403|1176|1740|1767|1780|3281|5048|5991|6780|7314|7345|7846|8655|9371|10947|11020|22920|23095|23287|23291|23557|25911|51668|55860|64792|79036|79443|84062|118426|119032|161582|255758|282991,ARL3|AP3S1|DLG2|DNAH5|DYNC1I1|HSBP1|PAFAH1B1|RFX3|STAU1|UBB|UCHL1|TUBA1A|DYNLL1|KIF3B|AP3M2|IFT27|KIFAP3|KIF1B|AGTPBP1|FBXW11|SNAPIN|DPCD|IFT25|ACTR10|IFT22|KXD1|FYCO1|DTNBP1|BORCS5|BORCS7|DNAAF4|DYNLT2B|BLOC1S2,-4.9
MyList,GO Biological Processes,19,GO:0007018,microtubule-based movement,19_GO:0009987 cellular process,-7,2.2,6,30293,389,1751,50,2.9,0.4,403|493|1176|1740|1767|1780|3281|3301|3796|3948|5048|5991|6780|6993|7314|7320|7345|7802|7846|8655|9371|10126|10947|11020|22920|23046|23095|23287|23291|23557|25911|27285|51364|51668|55860|64792|79036|79443|79645|81892|84062|118426|118491|119032|146754|146845|161582|221421|255758|282991,ARL3|ATP2B4|AP3S1|DLG2|DNAH5|DYNC1I1|HSBP1|DNAJA1|KIF2A|LDHC|PAFAH1B1|RFX3|STAU1|DYNLT1|UBB|UBE2B|UCHL1|DNALI1|TUBA1A|DYNLL1|KIF3B|DNAL4|AP3M2|IFT27|KIFAP3|KIF21B|KIF1B|AGTPBP1|FBXW11|SNAPIN|DPCD|TEKT2|ZMYND10|IFT25|ACTR10|IFT22|KXD1|FYCO1|CLXN|SLIRP|DTNBP1|BORCS5|CFAP70|BORCS7|DNAH2|CFAP52|DNAAF4|RSPH9|DYNLT2B|BLOC1S2,-4.9
MyList,GO Biological Processes,19,GO:0032940,secretion by cell,19_GO:0051179 localization,-7,2.2,6,30293,412,1751,52,3,0.41,136|358|613|821|1230|1311|1363|1385|1393|1855|1910|2214|2281|2922|3784|4067|4087|5048|5125|5532|5906|5936|6567|6622|6810|6850|7251|8013|8111|8448|8766|8938|9501|10490|11031|11151|23557|27230|27445|51019|51714|51760|54536|79158|79971|80725|94120|94122|116841|127262|134957|341359,ADORA2B|AQP1|BCR|CANX|CCR1|COMP|CPE|CREB1|CRHBP|DVL1|EDNRB|FCGR3A|FKBP1B|GRP|KCNQ1|LYN|SMAD2|PAFAH1B1|PCSK5|PPP3CB|RAP1A|RBM4|SLC16A2|SNCA|STX4|SYK|TSG101|NR4A3|GPR68|DOC2A|RAB11A|BAIAP3|RPH3AL|VTI1B|RAB31|CORO1A|SNAPIN|SERP1|PCLO|WASHC3|SELENOT|SYT17|EXOC6|GNPTAB|WLS|SRCIN1|SYTL3|SYTL5|SNAP47|TPRG1L|STXBP5|SYT10,-4.9
MyList,GO Biological Processes,19,GO:0022407,regulation of cell-cell adhesion,19_GO:0050789 regulation of biological process,-6.9,2.1,5.9,30293,494,1751,59,3.4,0.43,199|240|301|430|572|865|923|972|1948|1949|2650|3109|3111|3119|3122|3127|3146|3566|3689|4067|4860|5100|5170|5580|5621|5747|6188|6441|6598|6850|7037|7409|7480|7805|8013|8613|8764|9750|10019|10459|10690|11151|11326|22920|23560|29117|51441|54542|57178|79626|81704|84695|84830|84868|91663|92196|259307|339390|100133941,AIF1|ALOX5|ANXA1|ASCL2|BAD|CBFB|CD6|CD74|EFNB2|EFNB3|GCNT1|HLA-DMB|HLA-DOA|HLA-DQB1|HLA-DRA|HLA-DRB5|HMGB1|IL4R|ITGB2|LYN|PNP|PCDH8|PDPK1|PRKCD|PRNP|PTK2|RPS3|SFTPD|SMARCB1|SYK|TFRC|VAV1|WNT10B|LAPTM5|NR4A3|PLPP3|TNFRSF14|RIPOR2|SH2B3|MAD2L2|FUT9|CORO1A|VSIG4|KIFAP3|GTPBP4|BRD7|YTHDF2|RC3H2|ZMIZ1|TNFAIP8L2|DOCK8|LOXL3|ADTRP|HAVCR2|MYADM|DAPL1|IL4I1|CLEC4G|CD24,-4.9
MyList,GO Biological Processes,19,GO:0050821,protein stabilization,19_GO:0065007 biological regulation,-6.9,2.7,6.3,30293,217,1751,34,1.9,0.33,902|1191|1385|1855|2776|4088|5217|5245|5580|5824|6125|6135|6789|6880|6950|7203|7248|7320|7480|7485|7874|8575|8613|9532|10574|10576|11040|22948|23515|23560|23673|58525|89781|125150,CCNH|CLU|CREB1|DVL1|GNAQ|SMAD3|PFN2|PHB1|PRKCD|PEX19|RPL5|RPL11|STK4|TAF9|TCP1|CCT3|TSC1|UBE2B|WNT10B|GET1|USP7|PRKRA|PLPP3|BAG2|CCT7|CCT2|PIM2|CCT5|MORC3|GTPBP4|STX12|WIZ|HPS4|ZSWIM7,-4.9
MyList,GO Biological Processes,19,GO:0051047,positive regulation of secretion,19_GO:0051179 localization,-6.9,2.4,6.1,30293,312,1751,43,2.5,0.37,136|358|572|945|1385|2550|2850|2922|3566|3684|3689|3822|4602|4628|4923|5478|5532|5715|5950|6622|6810|6850|7043|7097|7200|7251|8111|8655|8673|8792|8938|9501|9536|11267|22930|23410|27230|27243|51714|79971|84062|134957|341359,ADORA2B|AQP1|BAD|CD33|CREB1|GABBR1|GPR27|GRP|IL4R|ITGAM|ITGB2|KLRC2|MYB|MYH10|NTSR1|PPIA|PPP3CB|PSMD9|RBP4|SNCA|STX4|SYK|TGFB3|TLR2|TRH|TSG101|GPR68|DYNLL1|VAMP8|TNFRSF11A|BAIAP3|RPH3AL|PTGES|SNF8|RAB3GAP1|SIRT3|SERP1|CHMP2A|SELENOT|WLS|DTNBP1|STXBP5|SYT10,-4.9
MyList,GO Biological Processes,19,GO:0017157,regulation of exocytosis,19_GO:0051179 localization,-6.9,2.9,6.3,30293,188,1751,31,1.8,0.32,136|301|613|1855|2771|3566|3684|3689|3822|4067|5170|5217|5906|6622|6810|6850|7251|8448|8673|8938|9501|10079|11267|22930|23557|27243|27445|51760|84062|134957|341359,ADORA2B|ANXA1|BCR|DVL1|GNAI2|IL4R|ITGAM|ITGB2|KLRC2|LYN|PDPK1|PFN2|RAP1A|SNCA|STX4|SYK|TSG101|DOC2A|VAMP8|BAIAP3|RPH3AL|ATP9A|SNF8|RAB3GAP1|SNAPIN|CHMP2A|PCLO|SYT17|DTNBP1|STXBP5|SYT10,-4.8
MyList,GO Biological Processes,19,GO:0045936,negative regulation of phosphate metabolic process,19_GO:0048519 negative regulation of biological process,-6.9,2.2,6,30293,380,1751,49,2.8,0.39,103|142|801|1050|1855|2280|2281|2776|3082|3301|3642|4067|4878|5080|5170|5478|5569|5580|5621|5925|5987|6422|6609|6622|7251|7345|7529|7532|8613|8655|9043|9104|9270|10217|10519|10776|23141|28951|51527|55022|55364|57718|58533|79893|80725|84062|84063|91663|260434,ADAR|PARP1|CALM1|CEBPA|DVL1|FKBP1A|FKBP1B|GNAQ|HGF|DNAJA1|INSM1|LYN|NPPA|PAX6|PDPK1|PPIA|PKIA|PRKCD|PRNP|RB1|TRIM27|SFRP1|SMPD1|SNCA|TSG101|UCHL1|YWHAB|YWHAG|PLPP3|DYNLL1|SPAG9|RGN|ITGB1BP1|CTDSPL|CIB1|ARPP19|ANKLE2|TRIB2|GSKIP|PID1|IMPACT|PPP4R4|SNX6|GGNBP2|SRCIN1|DTNBP1|KIRREL2|MYADM|PYDC1,-4.8
MyList,GO Biological Processes,19,GO:1903037,regulation of leukocyte cell-cell adhesion,19_GO:0050789 regulation of biological process,-6.9,2.2,6,30293,380,1751,49,2.8,0.39,199|240|301|430|572|865|923|972|1948|1949|2650|3109|3111|3119|3122|3127|3146|3566|3689|4067|4860|5170|5621|6188|6441|6598|6850|7037|7409|7480|7805|8013|8764|9750|10690|11151|11326|29117|54542|57178|79626|81704|84695|84830|84868|92196|259307|339390|100133941,AIF1|ALOX5|ANXA1|ASCL2|BAD|CBFB|CD6|CD74|EFNB2|EFNB3|GCNT1|HLA-DMB|HLA-DOA|HLA-DQB1|HLA-DRA|HLA-DRB5|HMGB1|IL4R|ITGB2|LYN|PNP|PDPK1|PRNP|RPS3|SFTPD|SMARCB1|SYK|TFRC|VAV1|WNT10B|LAPTM5|NR4A3|TNFRSF14|RIPOR2|FUT9|CORO1A|VSIG4|BRD7|RC3H2|ZMIZ1|TNFAIP8L2|DOCK8|LOXL3|ADTRP|HAVCR2|DAPL1|IL4I1|CLEC4G|CD24,-4.8
MyList,GO Biological Processes,19,GO:0051223,regulation of protein transport,19_GO:0051179 localization,-6.9,2.1,5.9,30293,438,1751,54,3.1,0.41,240|572|945|1268|2281|2850|3033|3059|3156|3301|3312|3741|3936|4088|4628|4856|4946|4947|5211|5478|5532|5569|5580|5715|5950|5991|6422|6810|7043|7097|7200|7251|7260|7295|7514|8111|8655|8724|8938|9501|23379|23410|27230|27236|51614|54602|55612|63928|79651|79751|79971|84830|127933|134957,ALOX5|BAD|CD33|CNR1|FKBP1B|GPR27|HADH|HCLS1|HMGCR|DNAJA1|HSPA8|KCNA5|LCP1|SMAD3|MYH10|CCN3|OAZ1|OAZ2|PFKL|PPIA|PPP3CB|PKIA|PRKCD|PSMD9|RBP4|RFX3|SFRP1|STX4|TGFB3|TLR2|TRH|TSG101|EIPR1|TXN|XPO1|GPR68|DYNLL1|SNX3|BAIAP3|RPH3AL|ICE1|SIRT3|SERP1|ARFIP1|ERGIC3|NDFIP2|FERMT1|CHP2|RHBDF2|SLC25A22|WLS|ADTRP|UHMK1|STXBP5,-4.8
MyList,GO Biological Processes,19,GO:0010563,negative regulation of phosphorus metabolic process,19_GO:0048519 negative regulation of biological process,-6.8,2.2,6,30293,381,1751,49,2.8,0.39,103|142|801|1050|1855|2280|2281|2776|3082|3301|3642|4067|4878|5080|5170|5478|5569|5580|5621|5925|5987|6422|6609|6622|7251|7345|7529|7532|8613|8655|9043|9104|9270|10217|10519|10776|23141|28951|51527|55022|55364|57718|58533|79893|80725|84062|84063|91663|260434,ADAR|PARP1|CALM1|CEBPA|DVL1|FKBP1A|FKBP1B|GNAQ|HGF|DNAJA1|INSM1|LYN|NPPA|PAX6|PDPK1|PPIA|PKIA|PRKCD|PRNP|RB1|TRIM27|SFRP1|SMPD1|SNCA|TSG101|UCHL1|YWHAB|YWHAG|PLPP3|DYNLL1|SPAG9|RGN|ITGB1BP1|CTDSPL|CIB1|ARPP19|ANKLE2|TRIB2|GSKIP|PID1|IMPACT|PPP4R4|SNX6|GGNBP2|SRCIN1|DTNBP1|KIRREL2|MYADM|PYDC1,-4.8
MyList,GO Biological Processes,19,GO:0051051,negative regulation of transport,19_GO:0051179 localization,-6.8,2.1,5.9,30293,462,1751,56,3.2,0.42,88|301|392|613|801|945|972|1268|1393|2281|2550|2771|2824|2922|3033|3146|3156|4856|4923|4946|4947|5211|5532|5569|5715|5733|5879|5906|5987|5999|6422|6457|6622|7097|7200|7295|8673|8682|8724|9446|9711|10079|11151|23327|27236|29993|54550|54602|55022|55612|55829|64422|79651|79772|84058|84830,ACTN2|ANXA1|ARHGAP1|BCR|CALM1|CD33|CD74|CNR1|CRHBP|FKBP1B|GABBR1|GNAI2|GPM6B|GRP|HADH|HMGB1|HMGCR|CCN3|NTSR1|OAZ1|OAZ2|PFKL|PPP3CB|PKIA|PSMD9|PTGER3|RAC1|RAP1A|TRIM27|RGS4|SFRP1|SH3GL3|SNCA|TLR2|TRH|TXN|VAMP8|PEA15|SNX3|GSTO1|RUBCN|ATP9A|CORO1A|NEDD4L|ARFIP1|PACSIN1|NECAB2|NDFIP2|PID1|FERMT1|SELENOS|ATG3|RHBDF2|MCTP1|WDR54|ADTRP,-4.8
MyList,GO Biological Processes,19,GO:0009144,purine nucleoside triphosphate metabolic process,19_GO:0008152 metabolic process,-6.8,2.8,6.3,30293,189,1751,31,1.8,0.32,142|226|318|498|527|572|1353|2023|2821|3312|3939|3948|3988|4625|4704|4706|4708|4712|4718|4720|4725|4726|4830|5211|5223|5236|7167|10632|30968|63979|441531,PARP1|ALDOA|NUDT2|ATP5F1A|ATP6V0C|BAD|COX11|ENO1|GPI|HSPA8|LDHA|LDHC|LIPA|MYH7|NDUFA9|NDUFAB1|NDUFB2|NDUFB6|NDUFC2|NDUFS2|NDUFS5|NDUFS6|NME1|PFKL|PGAM1|PGM1|TPI1|ATP5MG|STOML2|FIGNL1|PGAM4,-4.8
MyList,GO Biological Processes,19,GO:0009199,ribonucleoside triphosphate metabolic process,19_GO:0008152 metabolic process,-6.8,2.8,6.2,30293,190,1751,31,1.8,0.32,142|226|318|498|527|572|1353|2023|2821|3312|3939|3948|3988|4625|4704|4706|4708|4712|4718|4720|4725|4726|4830|5211|5223|5236|7167|10632|30968|63979|441531,PARP1|ALDOA|NUDT2|ATP5F1A|ATP6V0C|BAD|COX11|ENO1|GPI|HSPA8|LDHA|LDHC|LIPA|MYH7|NDUFA9|NDUFAB1|NDUFB2|NDUFB6|NDUFC2|NDUFS2|NDUFS5|NDUFS6|NME1|PFKL|PGAM1|PGM1|TPI1|ATP5MG|STOML2|FIGNL1|PGAM4,-4.8
MyList,GO Biological Processes,19,GO:0010720,positive regulation of cell development,19_GO:0032502 developmental process,-6.8,2.1,5.9,30293,452,1751,55,3.1,0.42,301|572|677|865|972|1230|1385|1524|1605|1627|2290|2547|2670|3059|3122|3146|3566|3845|4067|4076|4352|4602|4860|4898|5048|5080|5604|5764|5803|5925|5991|6009|6598|6850|7071|7097|7101|7480|7976|8111|8792|10419|10456|10494|29117|55012|55795|56998|57178|57465|80237|90865|146433|259307|399665,ANXA1|BAD|ZFP36L1|CBFB|CD74|CCR1|CREB1|CX3CR1|DAG1|DBN1|FOXG1|XRCC6|GFAP|HCLS1|HLA-DRA|HMGB1|IL4R|KRAS|LYN|CAPRIN1|MPL|MYB|PNP|NRDC|PAFAH1B1|PAX6|MAP2K1|PTN|PTPRZ1|RB1|RFX3|RHEB|SMARCB1|SYK|KLF10|TLR2|NR2E1|WNT10B|FZD3|GPR68|TNFRSF11A|PRMT5|HAX1|STK25|BRD7|PPP2R3C|PCID2|CTNNBIP1|ZMIZ1|TBC1D24|ELL3|IL33|IL34|IL4I1|EEIG1,-4.8
MyList,GO Biological Processes,19,GO:0016072,rRNA metabolic process,19_GO:0008152 metabolic process,-6.7,2.5,6.1,30293,252,1751,37,2.1,0.34,1662|4736|5822|6125|6129|6130|6135|6154|6155|6208|6209|6218|6223|9188|9326|9724|10200|10412|10438|10521|10528|10885|10969|11157|11224|23016|23560|54433|55651|57050|64282|79033|79707|79863|90121|112495|404672,DDX10|RPL10A|PWP2|RPL5|RPL7|RPL7A|RPL11|RPL26|RPL27|RPS14|RPS15|RPS17|RPS19|DDX21|ZNHIT3|UTP14C|MPHOSPH6|NSA2|C1D|DDX17|NOP56|WDR3|EBNA1BP2|LSM6|RPL35|EXOSC7|GTPBP4|GAR1|NHP2|UTP3|TENT4B|ERI3|NOL9|RBFA|TSR2|GTF3C6|GTF2H5,-4.7
MyList,GO Biological Processes,19,GO:0006605,protein targeting,19_GO:0051179 localization,-6.7,2.5,6.1,30293,252,1751,37,2.1,0.34,1191|3312|4666|5824|6135|6726|6728|7529|7532|7805|8678|9512|9804|10368|23480|23787|25813|26519|26521|29082|51608|54543|55048|55146|55625|64422|79158|83955|84750|89781|128866|131118|133022|155382|254887|342538|401505,CLU|HSPA8|NACA|PEX19|RPL11|SRP9|SRP19|YWHAB|YWHAG|LAPTM5|BECN1|PMPCB|TOMM20|CACNG3|SEC61G|MTCH1|SAMM50|TIMM10|TIMM8B|CHMP4A|GET4|TOMM7|VPS37C|ZDHHC4|ZDHHC7|ATG3|GNPTAB|NACA4P|FUT10|HPS4|CHMP4B|DNAJC19|TRAM1L1|VPS37D|ZDHHC23|NACA2|TOMM5,-4.7
MyList,GO Biological Processes,19,GO:0005996,monosaccharide metabolic process,19_GO:0008152 metabolic process,-6.7,2.8,6.2,30293,191,1751,31,1.8,0.32,226|231|572|2023|2821|3784|3988|4191|4351|4886|5162|5211|5223|5236|5372|5950|7167|7355|9104|9446|10690|23324|26007|27230|51363|55277|84750|92579|119391|283450|100131187,ALDOA|AKR1B1|BAD|ENO1|GPI|KCNQ1|LIPA|MDH2|MPI|NPY1R|PDHB|PFKL|PGAM1|PGM1|PMM1|RBP4|TPI1|SLC35A2|RGN|GSTO1|FUT9|MAN2B2|TKFC|SERP1|CHST15|FGGY|FUT10|G6PC3|GSTO2|HECTD4|TSTD1,-4.7
MyList,GO Biological Processes,19,GO:1903305,regulation of regulated secretory pathway,19_GO:0051179 localization,-6.7,3.3,6.4,30293,125,1751,24,1.4,0.28,136|613|1855|2771|3566|3684|3689|3822|4067|5170|5217|5906|6810|6850|8448|8673|8938|9501|22930|23557|51760|84062|134957|341359,ADORA2B|BCR|DVL1|GNAI2|IL4R|ITGAM|ITGB2|KLRC2|LYN|PDPK1|PFN2|RAP1A|STX4|SYK|DOC2A|VAMP8|BAIAP3|RPH3AL|RAB3GAP1|SNAPIN|SYT17|DTNBP1|STXBP5|SYT10,-4.7
MyList,GO Biological Processes,19,GO:0042326,negative regulation of phosphorylation,19_GO:0048519 negative regulation of biological process,-6.7,2.3,6,30293,317,1751,43,2.5,0.37,103|801|1050|1855|2776|3082|3301|3642|4067|4878|5080|5170|5478|5569|5580|5621|5925|5987|6422|6609|6622|7251|7345|7532|8613|8655|9043|9104|9270|10217|10519|23141|28951|51527|55022|55364|58533|79893|80725|84062|84063|91663|260434,ADAR|CALM1|CEBPA|DVL1|GNAQ|HGF|DNAJA1|INSM1|LYN|NPPA|PAX6|PDPK1|PPIA|PKIA|PRKCD|PRNP|RB1|TRIM27|SFRP1|SMPD1|SNCA|TSG101|UCHL1|YWHAG|PLPP3|DYNLL1|SPAG9|RGN|ITGB1BP1|CTDSPL|CIB1|ANKLE2|TRIB2|GSKIP|PID1|IMPACT|SNX6|GGNBP2|SRCIN1|DTNBP1|KIRREL2|MYADM|PYDC1,-4.7
MyList,GO Biological Processes,19,GO:0010817,regulation of hormone levels,19_GO:0065007 biological regulation,-6.7,2,5.7,30293,539,1751,62,3.5,0.44,231|240|301|358|572|1268|1363|1385|1393|1428|1592|1734|1735|1910|2281|2550|2850|2922|3033|3350|3741|3784|4067|4087|4602|4856|5034|5125|5156|5211|5532|5715|5936|5950|5991|6422|6567|6810|7038|7200|7260|7941|8111|8630|8644|8655|8673|8938|9501|10170|10858|10901|23410|27122|27230|27445|51478|51714|53919|79751|84649|259307,AKR1B1|ALOX5|ANXA1|AQP1|BAD|CNR1|CPE|CREB1|CRHBP|CRYM|CYP26A1|DIO2|DIO3|EDNRB|FKBP1B|GABBR1|GPR27|GRP|HADH|HTR1A|KCNA5|KCNQ1|LYN|SMAD2|MYB|CCN3|P4HB|PCSK5|PDGFRA|PFKL|PPP3CB|PSMD9|RBM4|RBP4|RFX3|SFRP1|SLC16A2|STX4|TG|TRH|EIPR1|PLA2G7|GPR68|HSD17B6|AKR1C3|DYNLL1|VAMP8|BAIAP3|RPH3AL|DHRS9|CYP46A1|DHRS4|SIRT3|DKK3|SERP1|PCLO|HSD17B7|SELENOT|SLCO1C1|SLC25A22|DGAT2|IL4I1,-4.7
MyList,GO Biological Processes,19,GO:0001933,negative regulation of protein phosphorylation,19_GO:0048519 negative regulation of biological process,-6.7,2.4,6,30293,297,1751,41,2.3,0.36,103|801|1050|1855|2776|3082|3301|3642|4067|4878|5080|5170|5478|5569|5580|5621|5925|5987|6422|6609|6622|7251|7345|7532|8613|9043|9104|9270|10217|10519|28951|51527|55022|55364|58533|79893|80725|84062|84063|91663|260434,ADAR|CALM1|CEBPA|DVL1|GNAQ|HGF|DNAJA1|INSM1|LYN|NPPA|PAX6|PDPK1|PPIA|PKIA|PRKCD|PRNP|RB1|TRIM27|SFRP1|SMPD1|SNCA|TSG101|UCHL1|YWHAG|PLPP3|SPAG9|RGN|ITGB1BP1|CTDSPL|CIB1|TRIB2|GSKIP|PID1|IMPACT|SNX6|GGNBP2|SRCIN1|DTNBP1|KIRREL2|MYADM|PYDC1,-4.6
MyList,GO Biological Processes,19,GO:0006413,translational initiation,19_GO:0008152 metabolic process,-6.7,4.3,6.8,30293,68,1751,17,0.97,0.23,1965|3646|5936|6188|6189|6218|7458|7884|8664|8665|8667|8669|8890|8894|9086|10209|51386,EIF2S1|EIF3E|RBM4|RPS3|RPS3A|RPS17|EIF4H|SLBP|EIF3D|EIF3F|EIF3H|EIF3J|EIF2B4|EIF2S2|EIF1AY|EIF1|EIF3L,-4.6
MyList,GO Biological Processes,19,GO:0032787,monocarboxylic acid metabolic process,19_GO:0008152 metabolic process,-6.6,2,5.7,30293,516,1751,60,3.4,0.43,38|226|231|240|718|873|972|1592|1738|1891|1892|2023|2109|2184|2821|3033|3418|3712|3939|3948|3988|3995|4199|4594|4706|5096|5162|5191|5211|5223|5236|5563|5565|5571|6307|6622|7167|8013|8644|8942|9200|9536|10170|10449|10455|10858|10965|11001|28976|56922|79746|80221|80339|81888|84830|144193|153364|259307|414328|441531,ACAT1|ALDOA|AKR1B1|ALOX5|C3|CBR1|CD74|CYP26A1|DLD|ECH1|ECHS1|ENO1|ETFB|FAH|GPI|HADH|IDH2|IVD|LDHA|LDHC|LIPA|FADS3|ME1|MMUT|NDUFAB1|PCCB|PDHB|PEX7|PFKL|PGAM1|PGM1|PRKAA2|PRKAB2|PRKAG1|MSMO1|SNCA|TPI1|NR4A3|AKR1C3|KYNU|HACD1|PTGES|DHRS9|ACAA2|ECI2|CYP46A1|ACOT2|SLC27A2|ACAD9|MCCC1|ECHDC3|ACSF2|PNPLA3|HYI|ADTRP|AMDHD1|MBLAC2|IL4I1|IDNK|PGAM4,-4.6
MyList,GO Biological Processes,19,GO:0030705,cytoskeleton-dependent intracellular transport,19_GO:0051179 localization,-6.6,2.8,6.1,30293,193,1751,31,1.8,0.32,403|1176|1740|1780|3281|5048|6780|7314|7345|7846|8655|9371|10376|10947|11020|22920|23095|23287|23291|23557|26115|51668|55860|64792|79036|79443|84062|118426|119032|255758|282991,ARL3|AP3S1|DLG2|DYNC1I1|HSBP1|PAFAH1B1|STAU1|UBB|UCHL1|TUBA1A|DYNLL1|KIF3B|TUBA1B|AP3M2|IFT27|KIFAP3|KIF1B|AGTPBP1|FBXW11|SNAPIN|TANC2|IFT25|ACTR10|IFT22|KXD1|FYCO1|DTNBP1|BORCS5|BORCS7|DYNLT2B|BLOC1S2,-4.6
MyList,GO Biological Processes,19,GO:0042327,positive regulation of phosphorylation,19_GO:0048518 positive regulation of biological process,-6.6,1.9,5.7,30293,627,1751,69,3.9,0.46,493|572|718|801|923|972|1464|1524|1855|1910|2547|3059|3082|3093|3265|3845|4067|5156|5170|5217|5245|5478|5571|5580|5604|5621|5747|5879|5906|5912|6188|6622|6789|6850|7010|7037|7295|8321|8325|8613|8764|8792|9244|9270|10006|10040|10456|10459|10519|10899|23043|23531|55437|55615|56034|56892|57600|65992|80725|84062|84280|84830|90441|92597|133619|143384|146433|219736|100133941,ATP2B4|BAD|C3|CALM1|CD6|CD74|CSPG4|CX3CR1|DVL1|EDNRB|XRCC6|HCLS1|HGF|UBE2K|HRAS|KRAS|LYN|PDGFRA|PDPK1|PFN2|PHB1|PPIA|PRKAG1|PRKCD|MAP2K1|PRNP|PTK2|RAC1|RAP1A|RAP2B|RPS3|SNCA|STK4|SYK|TEK|TFRC|TXN|FZD1|FZD8|PLPP3|TNFRSF14|TNFRSF11A|CRLF1|ITGB1BP1|ABI1|TOM1L1|HAX1|MAD2L2|CIB1|JTB|TNIK|MMD|STRADB|PRR5|PDGFC|TCIM|FNIP2|DDRGK1|SRCIN1|DTNBP1|BTBD10|ADTRP|ZNF622|MOB1B|PRRC1|CACUL1|IL34|STOX1|CD24,-4.6
MyList,GO Biological Processes,19,GO:0008380,RNA splicing,19_GO:0008152 metabolic process,-6.6,2.1,5.8,30293,411,1751,51,2.9,0.4,2521|3178|3181|3183|3189|3312|4236|4670|5356|5936|6427|6629|6631|6634|6635|6636|6637|7536|8487|9939|10181|10284|10286|10419|10421|10465|10521|10772|10907|11017|11157|22827|23020|23450|23658|24144|27238|27258|51362|51493|51639|51645|57819|58155|59286|60680|79042|84950|118924|135295|153527,FUS|HNRNPA1|HNRNPA2B1|HNRNPC|HNRNPH3|HSPA8|MFAP1|HNRNPM|PLRG1|RBM4|SRSF2|SNRPB2|SNRPC|SNRPD3|SNRPE|SNRPF|SNRPG|SF1|GEMIN2|RBM8A|RBM5|SAP18|BCAS2|PRMT5|CD2BP2|PPIH|DDX17|SRSF10|TXNL4A|SNRNP27|LSM6|PUF60|SNRNP200|SF3B3|LSM5|TFIP11|GPKOW|LSM3|CDC40|RTCB|SF3B6|PPIL1|LSM2|PTBP2|UBL5|CELF5|TSEN34|PRPF38A|FRA10AC1|SRSF12|ZMAT2,-4.6
MyList,GO Biological Processes,19,GO:0009725,response to hormone,19_GO:0050896 response to stimulus,-6.6,1.8,5.6,30293,780,1751,81,4.6,0.5,38|88|142|301|358|498|594|677|1176|1385|1393|1398|1605|1718|1841|1910|2058|2235|2650|2821|2888|2947|3033|3059|3265|3301|3312|3488|3784|4067|4088|4199|5080|5170|5245|5563|5580|5747|5786|5925|5931|6155|6422|6750|6751|7010|7043|7067|7097|7101|7200|7248|7337|7477|7480|7532|7533|8013|8644|8792|8805|8890|9070|9340|9734|10270|10521|11031|11170|23558|25828|28999|55022|55625|55829|57178|57630|80339|84830|285601|100133941,ACAT1|ACTN2|PARP1|ANXA1|AQP1|ATP5F1A|BCKDHB|ZFP36L1|AP3S1|CREB1|CRHBP|CRK|DAG1|DHCR24|DTYMK|EDNRB|EPRS1|FECH|GCNT1|GPI|GRB14|GSTM3|HADH|HCLS1|HRAS|DNAJA1|HSPA8|IGFBP5|KCNQ1|LYN|SMAD3|ME1|PAX6|PDPK1|PHB1|PRKAA2|PRKCD|PTK2|PTPRA|RB1|RBBP7|RPL27|SFRP1|SST|SSTR1|TEK|TGFB3|THRA|TLR2|NR2E1|TRH|TSC1|UBE3A|WNT7B|WNT10B|YWHAG|YWHAH|NR4A3|AKR1C3|TNFRSF11A|TRIM24|EIF2B4|ASH2L|GLP2R|HDAC9|AKAP8|DDX17|RAB31|FAM107A|WBP2|TXN2|KLF15|PID1|ZDHHC7|SELENOS|ZMIZ1|SH3RF1|PNPLA3|ADTRP|GPR150|CD24,-4.6
MyList,GO Biological Processes,19,GO:0007015,actin filament organization,19_GO:0009987 cellular process,-6.6,2.4,5.9,30293,277,1751,39,2.2,0.35,70|199|226|390|395|800|1627|1809|3059|3936|4082|4542|4892|5358|5879|5987|7114|7170|9168|9897|9938|10006|10093|10094|10152|10459|10810|11034|11151|11170|29114|29993|51019|55604|55845|63916|80115|81624|359845,ACTC1|AIF1|ALDOA|RND3|ARHGAP6|CALD1|DBN1|DPYSL3|HCLS1|LCP1|MARCKS|MYO1F|NRAP|PLS3|RAC1|TRIM27|TMSB4X|TPM3|TMSB10|WASHC5|ARHGAP25|ABI1|ARPC4|ARPC3|ABI2|MAD2L2|WASF3|DSTN|CORO1A|FAM107A|TAGLN3|PACSIN1|WASHC3|CARMIL1|BRK1|ELMO2|BAIAP2L2|DIAPH3|RFLNB,-4.6
MyList,GO Biological Processes,19,GO:0006401,RNA catabolic process,19_GO:0008152 metabolic process,-6.6,2.9,6.2,30293,165,1751,28,1.6,0.3,677|2107|3646|4292|4848|5436|6921|8635|9337|9652|9939|11157|23016|23034|23049|23658|27044|29883|51441|54542|57472|57819|60528|64282|65109|80349|167227|255967,ZFP36L1|ETF1|EIF3E|MLH1|CNOT2|POLR2G|ELOC|RNASET2|CNOT8|SKIC3|RBM8A|LSM6|EXOSC7|SAMD4A|SMG1|LSM5|SND1|CNOT7|YTHDF2|RC3H2|CNOT6|LSM2|ELAC2|TENT4B|UPF3B|SKIC8|DCP2|PAN3,-4.6
MyList,GO Biological Processes,19,GO:0032989,cellular anatomical entity morphogenesis,19_GO:0032502 developmental process,-6.5,1.9,5.6,30293,605,1751,67,3.8,0.46,70|71|88|1009|1272|1385|1496|1501|1605|1855|1948|1949|2290|2823|3267|3730|3925|4625|4892|4897|5048|5063|5080|5156|5532|5747|5764|5803|5879|6277|6585|7097|7101|7138|7155|7314|7345|7477|7846|7976|9355|9637|9706|10006|10079|10371|10494|10678|10752|10787|11041|22911|23043|23769|25987|29993|55364|56896|64218|64283|65059|80206|84062|84691|157680|221074|284656,ACTC1|ACTG1|ACTN2|CDH11|CNTN1|CREB1|CTNNA2|CTNND2|DAG1|DVL1|EFNB2|EFNB3|FOXG1|GPM6A|AGFG1|ANOS1|STMN1|MYH7|NRAP|NRCAM|PAFAH1B1|PAK3|PAX6|PDGFRA|PPP3CB|PTK2|PTN|PTPRZ1|RAC1|S100A6|SLIT1|TLR2|NR2E1|TNNT1|TOP2B|UBB|UCHL1|WNT7B|TUBA1A|FZD3|LHX2|FEZ2|ULK2|ABI1|ATP9A|SEMA3A|STK25|B3GNT2|CHL1|NCKAP1|B4GAT1|WDR47|TNIK|FLRT1|TSKU|PACSIN1|IMPACT|DPYSL5|SEMA4A|ARHGEF28|RAPH1|FHOD3|DTNBP1|GARIN1B|VPS13B|SLC39A12|EPHA10,-4.6
MyList,GO Biological Processes,19,GO:0048167,regulation of synaptic plasticity,19_GO:0050789 regulation of biological process,-6.5,2.7,6,30293,215,1751,33,1.9,0.32,375|1524|1605|1627|2670|2895|3156|3265|3269|3845|5532|5621|5641|5764|6505|6622|6780|6810|7101|7337|7532|7533|10590|10858|11170|22930|57282|57338|57537|79772|84502|91851|729993,ARF1|CX3CR1|DAG1|DBN1|GFAP|GRID2|HMGCR|HRAS|HRH1|KRAS|PPP3CB|PRNP|LGMN|PTN|SLC1A1|SNCA|STAU1|STX4|NR2E1|UBE3A|YWHAG|YWHAH|SCGN|CYP46A1|FAM107A|RAB3GAP1|SLC4A10|JPH3|SORCS2|MCTP1|JPH4|CHRDL1|SHISA9,-4.6
MyList,GO Biological Processes,19,GO:0002262,myeloid cell homeostasis,19_GO:0042592 homeostatic process,-6.5,3.2,6.3,30293,137,1751,25,1.4,0.28,103|301|2235|2821|3059|3146|3313|3784|3988|4067|4352|4522|4602|5052|5925|6208|6218|6223|7067|8444|10019|10758|23456|51510|81624,ADAR|ANXA1|FECH|GPI|HCLS1|HMGB1|HSPA9|KCNQ1|LIPA|LYN|MPL|MTHFD1|MYB|PRDX1|RB1|RPS14|RPS17|RPS19|THRA|DYRK3|SH2B3|TRAF3IP2|ABCB10|CHMP5|DIAPH3,-4.6
MyList,GO Biological Processes,19,GO:2000147,positive regulation of cell motility,19_GO:0040011 locomotion,-6.5,1.9,5.6,30293,606,1751,67,3.8,0.46,71|199|301|358|430|498|972|1012|1230|1398|1524|2771|2821|3082|3146|3265|3488|3642|4067|4088|5080|5156|5170|5641|5747|5764|5879|6239|6789|6810|7010|7114|7205|7941|8013|8613|8764|8766|9043|9270|9734|9750|10016|10371|10519|11151|11170|22800|29085|29105|54566|55604|55612|56034|57007|57465|64218|65992|79872|81704|91663|116150|146433|147372|158747|441531|642273,ACTG1|AIF1|ANXA1|AQP1|ASCL2|ATP5F1A|CD74|CDH13|CCR1|CRK|CX3CR1|GNAI2|GPI|HGF|HMGB1|HRAS|IGFBP5|INSM1|LYN|SMAD3|PAX6|PDGFRA|PDPK1|LGMN|PTK2|PTN|RAC1|RREB1|STK4|STX4|TEK|TMSB4X|TRIP6|PLA2G7|NR4A3|PLPP3|TNFRSF14|RAB11A|SPAG9|ITGB1BP1|HDAC9|RIPOR2|PDCD6|SEMA3A|CIB1|CORO1A|FAM107A|RRAS2|PHPT1|CFAP20|EPB41L4B|CARMIL1|FERMT1|PDGFC|ACKR3|TBC1D24|SEMA4A|DDRGK1|CBLL1|DOCK8|MYADM|NUS1|IL34|CCBE1|MOSPD2|PGAM4|FAM110C,-4.6
MyList,GO Biological Processes,19,GO:0009792,embryo development ending in birth or egg hatching,19_GO:0032502 developmental process,-6.5,1.9,5.6,30293,669,1751,72,4.1,0.47,317|398|430|598|677|1050|1603|1627|1746|1855|2821|4082|4087|4088|4522|4836|4848|5080|5100|5125|5156|5604|5801|5950|5954|6137|6422|6598|6789|7043|7205|7248|7320|7477|7976|8321|8451|8894|9355|9646|9871|9915|10006|10016|10049|10161|10522|10683|23168|23213|25912|27077|50814|51339|51493|51639|54583|55746|55845|55959|57178|57718|58495|60626|64131|79718|79893|81624|84314|196051|202018|221074,APAF1|ARHGDIG|ASCL2|BCL2L1|ZFP36L1|CEBPA|DAD1|DBN1|DLX2|DVL1|GPI|MARCKS|SMAD2|SMAD3|MTHFD1|NMT1|CNOT2|PAX6|PCDH8|PCSK5|PDGFRA|MAP2K1|PTPRR|RBP4|RCN1|RPL13|SFRP1|SMARCB1|STK4|TGFB3|TRIP6|TSC1|UBE2B|WNT7B|FZD3|FZD1|CUL4A|EIF2S2|LHX2|CTR9|SEC24D|ARNT2|ABI1|PDCD6|DNAJB6|LPAR6|DEAF1|DLL3|RTF1|SULF1|C1orf43|B9D1|NSDHL|DACT1|RTCB|SF3B6|EGLN1|NUP133|BRK1|SULF2|ZMIZ1|PPP4R4|OVOL2|RIC8A|XYLT1|TBL1XR1|GGNBP2|DIAPH3|TMEM107|PLPP4|TAPT1|SLC39A12,-4.5
MyList,GO Biological Processes,19,GO:0001934,positive regulation of protein phosphorylation,19_GO:0048518 positive regulation of biological process,-6.5,1.9,5.6,30293,582,1751,65,3.7,0.45,493|718|801|923|972|1464|1524|1855|1910|2547|3059|3082|3093|3265|3845|4067|5170|5217|5245|5478|5571|5580|5604|5621|5747|5879|5906|5912|6188|6622|6789|6850|7010|7037|7295|8321|8325|8613|8764|8792|9244|9270|10006|10040|10456|10459|10519|10899|23043|23531|55437|55615|56034|56892|57600|65992|80725|84062|84830|92597|133619|143384|146433|219736|100133941,ATP2B4|C3|CALM1|CD6|CD74|CSPG4|CX3CR1|DVL1|EDNRB|XRCC6|HCLS1|HGF|UBE2K|HRAS|KRAS|LYN|PDPK1|PFN2|PHB1|PPIA|PRKAG1|PRKCD|MAP2K1|PRNP|PTK2|RAC1|RAP1A|RAP2B|RPS3|SNCA|STK4|SYK|TEK|TFRC|TXN|FZD1|FZD8|PLPP3|TNFRSF14|TNFRSF11A|CRLF1|ITGB1BP1|ABI1|TOM1L1|HAX1|MAD2L2|CIB1|JTB|TNIK|MMD|STRADB|PRR5|PDGFC|TCIM|FNIP2|DDRGK1|SRCIN1|DTNBP1|ADTRP|MOB1B|PRRC1|CACUL1|IL34|STOX1|CD24,-4.5
MyList,GO Biological Processes,19,GO:0140352,export from cell,19_GO:0051179 localization,-6.5,2,5.7,30293,474,1751,56,3.2,0.42,136|358|613|821|1230|1311|1363|1385|1393|1855|1910|2214|2281|2922|3741|3784|4067|4087|4878|5048|5125|5532|5906|5936|6567|6622|6810|6850|7251|8013|8111|8448|8655|8766|8938|9501|10490|11031|11151|23557|27230|27445|51019|51714|51760|54536|79158|79971|80725|94120|94122|116841|127262|134957|341359|343450,ADORA2B|AQP1|BCR|CANX|CCR1|COMP|CPE|CREB1|CRHBP|DVL1|EDNRB|FCGR3A|FKBP1B|GRP|KCNA5|KCNQ1|LYN|SMAD2|NPPA|PAFAH1B1|PCSK5|PPP3CB|RAP1A|RBM4|SLC16A2|SNCA|STX4|SYK|TSG101|NR4A3|GPR68|DOC2A|DYNLL1|RAB11A|BAIAP3|RPH3AL|VTI1B|RAB31|CORO1A|SNAPIN|SERP1|PCLO|WASHC3|SELENOT|SYT17|EXOC6|GNPTAB|WLS|SRCIN1|SYTL3|SYTL5|SNAP47|TPRG1L|STXBP5|SYT10|KCNT2,-4.5
MyList,GO Biological Processes,19,GO:0006351,DNA-templated transcription,19_GO:0008152 metabolic process,-6.5,2,5.6,30293,535,1751,61,3.5,0.44,142|865|902|1050|1385|1871|4086|4087|4152|5080|5431|5436|5437|5438|5440|5925|5991|6239|6598|6660|6874|6880|6920|6921|7024|7067|7270|7343|7480|7913|8805|9070|9188|9646|10302|10419|10522|10623|10923|11143|11243|23168|23379|23558|27297|29117|51728|51773|55290|55718|55795|65056|80227|80237|80349|84246|84265|112495|404672|100129583|100170841,PARP1|CBFB|CCNH|CEBPA|CREB1|E2F3|SMAD1|SMAD2|MBD1|PAX6|POLR2B|POLR2G|POLR2H|POLR2I|POLR2K|RB1|RFX3|RREB1|SMARCB1|SOX5|TAF4|TAF9|TCEA3|ELOC|TFCP2|THRA|TTF1|UBTF|WNT10B|DEK|TRIM24|ASH2L|DDX21|CTR9|SNAPC5|PRMT5|DEAF1|POLR3C|SUB1|KAT7|PMF1|RTF1|ICE1|WBP2|CRCP|BRD7|POLR3K|RSF1|BRF2|POLR3E|PCID2|GPBP1|PAAF1|ELL3|SKIC8|MED10|POLR3GL|GTF3C6|GTF2H5|FAM47E|EPOP,-4.5
MyList,GO Biological Processes,19,GO:0072594,establishment of protein localization to organelle,19_GO:0051179 localization,-6.4,2.2,5.7,30293,348,1751,45,2.6,0.38,968|1191|1871|3312|3838|5191|5824|6396|6726|6728|6789|6850|7251|7805|8678|8766|9512|9804|10073|10368|10758|11267|22930|23480|23558|23787|25813|26519|26521|29082|51608|54492|54543|55048|55746|79158|79902|84268|90865|128866|131118|133022|152485|155382|401505,CD68|CLU|E2F3|HSPA8|KPNA2|PEX7|PEX19|SEC13|SRP9|SRP19|STK4|SYK|TSG101|LAPTM5|BECN1|RAB11A|PMPCB|TOMM20|SNUPN|CACNG3|TRAF3IP2|SNF8|RAB3GAP1|SEC61G|WBP2|MTCH1|SAMM50|TIMM10|TIMM8B|CHMP4A|GET4|NEURL1B|TOMM7|VPS37C|NUP133|GNPTAB|NUP85|RPAIN|IL33|CHMP4B|DNAJC19|TRAM1L1|ZNF827|VPS37D|TOMM5,-4.4
MyList,GO Biological Processes,19,GO:0051604,protein maturation,19_GO:0008152 metabolic process,-6.4,2,5.6,30293,489,1751,57,3.3,0.42,142|572|715|821|972|1191|1311|1363|1718|2280|2281|2734|3300|3301|3312|3313|4706|4878|5034|5125|5478|5641|5824|6782|6902|6950|7203|7941|9512|9532|10049|10465|10549|10574|10576|10693|10730|22948|23557|27000|30968|51364|51645|55486|60560|64110|64210|81562|84191|84750|90701|121665|122961|131118|134492|340348|653505,PARP1|BAD|C1R|CANX|CD74|CLU|COMP|CPE|DHCR24|FKBP1A|FKBP1B|GLG1|DNAJB2|DNAJA1|HSPA8|HSPA9|NDUFAB1|NPPA|P4HB|PCSK5|PPIA|LGMN|PEX19|HSPA13|TBCA|TCP1|CCT3|PLA2G7|PMPCB|BAG2|DNAJB6|PPIH|PRDX4|CCT7|CCT2|CCT6B|YME1L1|CCT5|SNAPIN|DNAJC2|STOML2|ZMYND10|PPIL1|PARL|NAA35|MAGEF1|MMS19|LMAN2L|CIAO2A|FUT10|SEC11C|SPPL3|ISCA2|DNAJC19|NUDCD2|TSPAN33|PPIAL4A,-4.4
MyList,GO Biological Processes,19,GO:0006457,protein folding,19_GO:0008152 metabolic process,-6.4,2.6,5.9,30293,219,1751,33,1.9,0.32,821|972|1191|2280|2281|3300|3301|3312|3313|4878|5034|5478|5824|6782|6902|6950|7203|9532|10049|10465|10549|10574|10576|10693|22948|27000|51364|51645|81562|84750|131118|134492|653505,CANX|CD74|CLU|FKBP1A|FKBP1B|DNAJB2|DNAJA1|HSPA8|HSPA9|NPPA|P4HB|PPIA|PEX19|HSPA13|TBCA|TCP1|CCT3|BAG2|DNAJB6|PPIH|PRDX4|CCT7|CCT2|CCT6B|CCT5|DNAJC2|ZMYND10|PPIL1|LMAN2L|FUT10|DNAJC19|NUDCD2|PPIAL4A,-4.4
MyList,GO Biological Processes,19,GO:2000058,regulation of ubiquitin-dependent protein catabolic process,19_GO:0008152 metabolic process,-6.3,2.9,6,30293,169,1751,28,1.6,0.3,1050|1191|1855|2295|3093|3300|5747|6125|6135|6880|7337|7480|7514|7805|7874|8078|8667|11236|23287|23429|25898|28951|51105|57630|64110|65992|90865|147686,CEBPA|CLU|DVL1|FOXF2|UBE2K|DNAJB2|PTK2|RPL5|RPL11|TAF9|UBE3A|WNT10B|XPO1|LAPTM5|USP7|USP5|EIF3H|RNF139|AGTPBP1|RYBP|RCHY1|TRIB2|PHF20L1|SH3RF1|MAGEF1|DDRGK1|IL33|ZNF418,-4.4
MyList,GO Biological Processes,19,GO:0009166,nucleotide catabolic process,19_GO:0008152 metabolic process,-6.3,3.3,6.2,30293,122,1751,23,1.3,0.27,38|226|1806|2023|2821|3094|3939|3988|4860|4968|5138|5211|5223|5236|7167|9615|10591|11163|53343|55190|79077|170685|441531,ACAT1|ALDOA|DPYD|ENO1|GPI|HINT1|LDHA|LIPA|PNP|OGG1|PDE2A|PFKL|PGAM1|PGM1|TPI1|GDA|DNPH1|NUDT4|NUDT9|NUDT11|DCTPP1|NUDT10|PGAM4,-4.4
MyList,GO Biological Processes,19,GO:0097435,supramolecular fiber organization,19_GO:0009987 cellular process,-6.3,1.9,5.5,30293,589,1751,65,3.7,0.45,70|71|88|199|226|390|395|800|1311|1627|1809|1855|2280|2521|2670|2801|3059|3178|3267|3796|3881|3925|3936|4082|4542|4625|4892|5048|5156|5358|5879|5987|6622|7114|7138|7170|7846|8766|9168|9897|9938|10006|10049|10093|10094|10152|10459|10519|10810|11034|11151|11170|23127|29114|29993|50509|51019|55604|55845|63916|80115|80206|81624|84695|359845,ACTC1|ACTG1|ACTN2|AIF1|ALDOA|RND3|ARHGAP6|CALD1|COMP|DBN1|DPYSL3|DVL1|FKBP1A|FUS|GFAP|GOLGA2|HCLS1|HNRNPA1|AGFG1|KIF2A|KRT31|STMN1|LCP1|MARCKS|MYO1F|MYH7|NRAP|PAFAH1B1|PDGFRA|PLS3|RAC1|TRIM27|SNCA|TMSB4X|TNNT1|TPM3|TUBA1A|RAB11A|TMSB10|WASHC5|ARHGAP25|ABI1|DNAJB6|ARPC4|ARPC3|ABI2|MAD2L2|CIB1|WASF3|DSTN|CORO1A|FAM107A|COLGALT2|TAGLN3|PACSIN1|COL5A3|WASHC3|CARMIL1|BRK1|ELMO2|BAIAP2L2|FHOD3|DIAPH3|LOXL3|RFLNB,-4.4
MyList,GO Biological Processes,19,GO:0009261,ribonucleotide catabolic process,19_GO:0008152 metabolic process,-6.3,3.6,6.3,30293,96,1751,20,1.1,0.25,38|226|1806|2023|2821|3094|3939|3988|4860|5138|5211|5223|5236|7167|9615|11163|53343|55190|170685|441531,ACAT1|ALDOA|DPYD|ENO1|GPI|HINT1|LDHA|LIPA|PNP|PDE2A|PFKL|PGAM1|PGM1|TPI1|GDA|NUDT4|NUDT9|NUDT11|NUDT10|PGAM4,-4.4
MyList,GO Biological Processes,19,GO:0050865,regulation of cell activation,19_GO:0032501 multicellular organismal process,-6.3,1.9,5.5,30293,628,1751,68,3.9,0.46,196|199|301|430|572|677|865|923|945|972|1050|1268|1948|1949|2214|2547|2776|3109|3111|3119|3122|3127|3146|3566|3821|3822|4067|4292|4352|4602|4860|5156|5170|5580|5621|6188|6422|6441|6598|6622|6850|7037|7409|7468|7480|7805|8013|8764|9750|10019|10459|11151|11326|29117|54542|55012|55795|57178|57630|79626|81704|84695|84868|90865|92196|259307|339390|100133941,AHR|AIF1|ANXA1|ASCL2|BAD|ZFP36L1|CBFB|CD6|CD33|CD74|CEBPA|CNR1|EFNB2|EFNB3|FCGR3A|XRCC6|GNAQ|HLA-DMB|HLA-DOA|HLA-DQB1|HLA-DRA|HLA-DRB5|HMGB1|IL4R|KLRC1|KLRC2|LYN|MLH1|MPL|MYB|PNP|PDGFRA|PDPK1|PRKCD|PRNP|RPS3|SFRP1|SFTPD|SMARCB1|SNCA|SYK|TFRC|VAV1|NSD2|WNT10B|LAPTM5|NR4A3|TNFRSF14|RIPOR2|SH2B3|MAD2L2|CORO1A|VSIG4|BRD7|RC3H2|PPP2R3C|PCID2|ZMIZ1|SH3RF1|TNFAIP8L2|DOCK8|LOXL3|HAVCR2|IL33|DAPL1|IL4I1|CLEC4G|CD24,-4.3
MyList,GO Biological Processes,19,GO:0030335,positive regulation of cell migration,19_GO:0040011 locomotion,-6.3,1.9,5.5,30293,579,1751,64,3.7,0.45,71|199|301|358|430|498|972|1012|1230|1398|1524|2771|2821|3082|3146|3265|3488|3642|4067|4088|5080|5156|5170|5641|5747|5764|5879|6239|6789|6810|7010|7114|7205|7941|8013|8613|8764|8766|9043|9270|9734|9750|10016|10371|10519|11151|11170|22800|54566|55604|55612|56034|57007|57465|64218|65992|79872|81704|91663|116150|146433|147372|158747|642273,ACTG1|AIF1|ANXA1|AQP1|ASCL2|ATP5F1A|CD74|CDH13|CCR1|CRK|CX3CR1|GNAI2|GPI|HGF|HMGB1|HRAS|IGFBP5|INSM1|LYN|SMAD3|PAX6|PDGFRA|PDPK1|LGMN|PTK2|PTN|RAC1|RREB1|STK4|STX4|TEK|TMSB4X|TRIP6|PLA2G7|NR4A3|PLPP3|TNFRSF14|RAB11A|SPAG9|ITGB1BP1|HDAC9|RIPOR2|PDCD6|SEMA3A|CIB1|CORO1A|FAM107A|RRAS2|EPB41L4B|CARMIL1|FERMT1|PDGFC|ACKR3|TBC1D24|SEMA4A|DDRGK1|CBLL1|DOCK8|MYADM|NUS1|IL34|CCBE1|MOSPD2|FAM110C,-4.3
MyList,GO Biological Processes,19,GO:1903706,regulation of hemopoiesis,19_GO:0002376 immune system process,-6.3,2.1,5.6,30293,422,1751,51,2.9,0.4,301|430|572|677|865|972|1050|1230|1385|2547|3059|3111|3122|3146|3313|3566|4067|4352|4602|4860|5764|5925|6422|6598|6850|7071|7480|8111|8451|8792|9646|10456|10519|10766|23456|29117|53342|54542|55012|55795|56892|56998|57178|57630|80349|84695|146433|151176|259307|339390|399665,ANXA1|ASCL2|BAD|ZFP36L1|CBFB|CD74|CEBPA|CCR1|CREB1|XRCC6|HCLS1|HLA-DOA|HLA-DRA|HMGB1|HSPA9|IL4R|LYN|MPL|MYB|PNP|PTN|RB1|SFRP1|SMARCB1|SYK|KLF10|WNT10B|GPR68|CUL4A|TNFRSF11A|CTR9|HAX1|CIB1|TOB2|ABCB10|BRD7|IL17D|RC3H2|PPP2R3C|PCID2|TCIM|CTNNBIP1|ZMIZ1|SH3RF1|SKIC8|LOXL3|IL34|ERFE|IL4I1|CLEC4G|EEIG1,-4.3
MyList,GO Biological Processes,19,GO:0030097,hemopoiesis,19_GO:0032502 developmental process,-6.2,1.8,5.4,30293,680,1751,72,4.1,0.47,103|142|301|430|537|613|677|865|972|1050|1316|1385|1397|2009|2235|2739|3059|3146|3313|3566|3784|3821|3988|4067|4602|5048|5156|5532|5803|5925|6146|6208|6223|6422|6789|6850|7010|7037|7067|7097|7155|7248|7409|7480|8111|8325|8444|8451|8792|9070|9734|10006|10019|10519|10758|10766|11143|23456|25979|29086|51441|51510|54542|55509|57326|64218|80169|81624|84750|90865|112616|339390,ADAR|PARP1|ANXA1|ASCL2|ATP6AP1|BCR|ZFP36L1|CBFB|CD74|CEBPA|KLF6|CREB1|CRIP2|EML1|FECH|GLO1|HCLS1|HMGB1|HSPA9|IL4R|KCNQ1|KLRC1|LIPA|LYN|MYB|PAFAH1B1|PDGFRA|PPP3CB|PTPRZ1|RB1|RPL22|RPS14|RPS19|SFRP1|STK4|SYK|TEK|TFRC|THRA|TLR2|TOP2B|TSC1|VAV1|WNT10B|GPR68|FZD8|DYRK3|CUL4A|TNFRSF11A|ASH2L|HDAC9|ABI1|SH2B3|CIB1|TRAF3IP2|TOB2|KAT7|ABCB10|DHRS7B|BABAM1|YTHDF2|CHMP5|RC3H2|BATF3|PBXIP1|SEMA4A|CTC1|DIAPH3|FUT10|IL33|CMTM7|CLEC4G,-4.3
MyList,GO Biological Processes,19,GO:0019318,hexose metabolic process,19_GO:0008152 metabolic process,-6.2,2.9,6,30293,161,1751,27,1.5,0.29,226|231|572|2023|2821|3784|3988|4191|4351|4886|5162|5211|5223|5236|5372|5950|7167|7355|10690|23324|26007|27230|51363|84750|92579|283450|100131187,ALDOA|AKR1B1|BAD|ENO1|GPI|KCNQ1|LIPA|MDH2|MPI|NPY1R|PDHB|PFKL|PGAM1|PGM1|PMM1|RBP4|TPI1|SLC35A2|FUT9|MAN2B2|TKFC|SERP1|CHST15|FUT10|G6PC3|HECTD4|TSTD1,-4.3
MyList,GO Biological Processes,19,GO:0046395,carboxylic acid catabolic process,19_GO:0008152 metabolic process,-6.2,2.5,5.8,30293,232,1751,34,1.9,0.33,38|594|1428|1592|1738|1891|1892|2109|2184|2731|2752|3033|3081|3155|3712|3948|4329|5096|5191|8942|10449|10455|10840|11001|23576|51166|55577|56922|84706|84830|137872|144193|259307|414328,ACAT1|BCKDHB|CRYM|CYP26A1|DLD|ECH1|ECHS1|ETFB|FAH|GLDC|GLUL|HADH|HGD|HMGCL|IVD|LDHC|ALDH6A1|PCCB|PEX7|KYNU|ACAA2|ECI2|ALDH1L1|SLC27A2|DDAH1|AADAT|NAGK|MCCC1|GPT2|ADTRP|ADHFE1|AMDHD1|IL4I1|IDNK,-4.3
MyList,GO Biological Processes,19,GO:0016054,organic acid catabolic process,19_GO:0008152 metabolic process,-6.2,2.5,5.8,30293,232,1751,34,1.9,0.33,38|594|1428|1592|1738|1891|1892|2109|2184|2731|2752|3033|3081|3155|3712|3948|4329|5096|5191|8942|10449|10455|10840|11001|23576|51166|55577|56922|84706|84830|137872|144193|259307|414328,ACAT1|BCKDHB|CRYM|CYP26A1|DLD|ECH1|ECHS1|ETFB|FAH|GLDC|GLUL|HADH|HGD|HMGCL|IVD|LDHC|ALDH6A1|PCCB|PEX7|KYNU|ACAA2|ECI2|ALDH1L1|SLC27A2|DDAH1|AADAT|NAGK|MCCC1|GPT2|ADTRP|ADHFE1|AMDHD1|IL4I1|IDNK,-4.3
MyList,GO Biological Processes,19,GO:1902653,secondary alcohol biosynthetic process,19_GO:0008152 metabolic process,-6.2,5.6,7,30293,37,1751,12,0.69,0.2,1718|2224|3156|3157|3422|3988|5563|6307|6309|10449|50814|51478,DHCR24|FDPS|HMGCR|HMGCS1|IDI1|LIPA|PRKAA2|MSMO1|SC5D|ACAA2|NSDHL|HSD17B7,-4.3
MyList,GO Biological Processes,19,GO:0006695,cholesterol biosynthetic process,19_GO:0008152 metabolic process,-6.2,5.6,7,30293,37,1751,12,0.69,0.2,1718|2224|3156|3157|3422|3988|5563|6307|6309|10449|50814|51478,DHCR24|FDPS|HMGCR|HMGCS1|IDI1|LIPA|PRKAA2|MSMO1|SC5D|ACAA2|NSDHL|HSD17B7,-4.3
MyList,GO Biological Processes,19,GO:0002683,negative regulation of immune system process,19_GO:0002376 immune system process,-6.2,2,5.5,30293,520,1751,59,3.4,0.43,103|142|196|301|430|613|727|865|945|968|972|1050|1268|1398|1524|3111|3146|3312|3313|3566|3821|4067|4856|5170|5532|5621|5987|6223|6422|6441|6850|7043|7353|7805|8111|8451|8764|9111|9750|10766|11326|26007|29085|29883|51441|53342|54542|55366|55829|79626|79651|84695|84830|84868|90865|92196|151176|259307|339390,ADAR|PARP1|AHR|ANXA1|ASCL2|BCR|C5|CBFB|CD33|CD68|CD74|CEBPA|CNR1|CRK|CX3CR1|HLA-DOA|HMGB1|HSPA8|HSPA9|IL4R|KLRC1|LYN|CCN3|PDPK1|PPP3CB|PRNP|TRIM27|RPS19|SFRP1|SFTPD|SYK|TGFB3|UFD1|LAPTM5|GPR68|CUL4A|TNFRSF14|NMI|RIPOR2|TOB2|VSIG4|TKFC|PHPT1|CNOT7|YTHDF2|IL17D|RC3H2|LGR4|SELENOS|TNFAIP8L2|RHBDF2|LOXL3|ADTRP|HAVCR2|IL33|DAPL1|ERFE|IL4I1|CLEC4G,-4.3
MyList,GO Biological Processes,19,GO:0048872,homeostasis of number of cells,19_GO:0042592 homeostatic process,-6.2,2.4,5.7,30293,276,1751,38,2.2,0.35,103|301|613|1524|2235|2821|3059|3146|3313|3784|3845|3988|4067|4352|4522|4602|4856|5052|5532|5925|6208|6218|6223|7067|7846|8444|9289|10019|10758|11151|23456|51309|51510|54542|55012|55366|57599|81624,ADAR|ANXA1|BCR|CX3CR1|FECH|GPI|HCLS1|HMGB1|HSPA9|KCNQ1|KRAS|LIPA|LYN|MPL|MTHFD1|MYB|CCN3|PRDX1|PPP3CB|RB1|RPS14|RPS17|RPS19|THRA|TUBA1A|DYRK3|ADGRG1|SH2B3|TRAF3IP2|CORO1A|ABCB10|ARMCX1|CHMP5|RC3H2|PPP2R3C|LGR4|WDR48|DIAPH3,-4.3
MyList,GO Biological Processes,19,GO:0048812,neuron projection morphogenesis,19_GO:0032502 developmental process,-6.2,2,5.5,30293,484,1751,56,3.2,0.42,71|1009|1272|1385|1496|1501|1605|1855|1948|1949|2290|2823|3730|3925|4897|5048|5063|5080|5532|5747|5764|5803|5879|6277|6585|7101|7155|7314|7345|7477|7846|7976|9355|9637|9706|10006|10079|10371|10494|10678|10752|10787|11041|22911|23043|23769|25987|29993|55364|56896|64218|64283|65059|84062|221074|284656,ACTG1|CDH11|CNTN1|CREB1|CTNNA2|CTNND2|DAG1|DVL1|EFNB2|EFNB3|FOXG1|GPM6A|ANOS1|STMN1|NRCAM|PAFAH1B1|PAK3|PAX6|PPP3CB|PTK2|PTN|PTPRZ1|RAC1|S100A6|SLIT1|NR2E1|TOP2B|UBB|UCHL1|WNT7B|TUBA1A|FZD3|LHX2|FEZ2|ULK2|ABI1|ATP9A|SEMA3A|STK25|B3GNT2|CHL1|NCKAP1|B4GAT1|WDR47|TNIK|FLRT1|TSKU|PACSIN1|IMPACT|DPYSL5|SEMA4A|ARHGEF28|RAPH1|DTNBP1|SLC39A12|EPHA10,-4.3
MyList,GO Biological Processes,19,GO:0040017,positive regulation of locomotion,19_GO:0040011 locomotion,-6.2,1.9,5.4,30293,620,1751,67,3.8,0.46,71|199|301|358|430|498|972|1012|1230|1398|1524|2771|2821|3082|3146|3265|3488|3642|4067|4088|5080|5156|5170|5641|5747|5764|5879|6239|6789|6810|7010|7114|7205|7941|8013|8613|8764|8766|9043|9270|9734|9750|10016|10371|10519|11151|11170|22800|29085|29105|54566|55604|55612|56034|57007|57465|64218|65992|79872|81704|91663|116150|146433|147372|158747|441531|642273,ACTG1|AIF1|ANXA1|AQP1|ASCL2|ATP5F1A|CD74|CDH13|CCR1|CRK|CX3CR1|GNAI2|GPI|HGF|HMGB1|HRAS|IGFBP5|INSM1|LYN|SMAD3|PAX6|PDGFRA|PDPK1|LGMN|PTK2|PTN|RAC1|RREB1|STK4|STX4|TEK|TMSB4X|TRIP6|PLA2G7|NR4A3|PLPP3|TNFRSF14|RAB11A|SPAG9|ITGB1BP1|HDAC9|RIPOR2|PDCD6|SEMA3A|CIB1|CORO1A|FAM107A|RRAS2|PHPT1|CFAP20|EPB41L4B|CARMIL1|FERMT1|PDGFC|ACKR3|TBC1D24|SEMA4A|DDRGK1|CBLL1|DOCK8|MYADM|NUS1|IL34|CCBE1|MOSPD2|PGAM4|FAM110C,-4.3
MyList,GO Biological Processes,19,GO:0002694,regulation of leukocyte activation,19_GO:0002376 immune system process,-6.1,1.9,5.4,30293,571,1751,63,3.6,0.45,196|199|301|430|572|677|865|923|945|972|1050|1268|1948|1949|2214|2547|3109|3111|3119|3122|3127|3146|3566|3821|3822|4067|4292|4352|4860|5170|5621|6188|6422|6441|6598|6622|6850|7037|7409|7468|7480|7805|8013|8764|9750|10459|11151|11326|29117|54542|55012|55795|57178|57630|79626|81704|84695|84868|90865|92196|259307|339390|100133941,AHR|AIF1|ANXA1|ASCL2|BAD|ZFP36L1|CBFB|CD6|CD33|CD74|CEBPA|CNR1|EFNB2|EFNB3|FCGR3A|XRCC6|HLA-DMB|HLA-DOA|HLA-DQB1|HLA-DRA|HLA-DRB5|HMGB1|IL4R|KLRC1|KLRC2|LYN|MLH1|MPL|PNP|PDPK1|PRNP|RPS3|SFRP1|SFTPD|SMARCB1|SNCA|SYK|TFRC|VAV1|NSD2|WNT10B|LAPTM5|NR4A3|TNFRSF14|RIPOR2|MAD2L2|CORO1A|VSIG4|BRD7|RC3H2|PPP2R3C|PCID2|ZMIZ1|SH3RF1|TNFAIP8L2|DOCK8|LOXL3|HAVCR2|IL33|DAPL1|IL4I1|CLEC4G|CD24,-4.2
MyList,GO Biological Processes,19,GO:0009154,purine ribonucleotide catabolic process,19_GO:0008152 metabolic process,-6.1,3.7,6.2,30293,90,1751,19,1.1,0.25,38|226|2023|2821|3094|3939|3988|4860|5138|5211|5223|5236|7167|9615|11163|53343|55190|170685|441531,ACAT1|ALDOA|ENO1|GPI|HINT1|LDHA|LIPA|PNP|PDE2A|PFKL|PGAM1|PGM1|TPI1|GDA|NUDT4|NUDT9|NUDT11|NUDT10|PGAM4,-4.2
MyList,GO Biological Processes,19,GO:0032774,RNA biosynthetic process,19_GO:0008152 metabolic process,-6.1,1.9,5.4,30293,548,1751,61,3.5,0.44,142|865|902|1050|1385|1871|4086|4087|4152|5080|5431|5436|5437|5438|5440|5925|5991|6239|6598|6660|6874|6880|6920|6921|7024|7067|7270|7343|7480|7913|8805|9070|9188|9646|10302|10419|10522|10623|10923|11143|11243|23168|23379|23558|27297|29117|51728|51773|55290|55718|55795|65056|80227|80237|80349|84246|84265|112495|404672|100129583|100170841,PARP1|CBFB|CCNH|CEBPA|CREB1|E2F3|SMAD1|SMAD2|MBD1|PAX6|POLR2B|POLR2G|POLR2H|POLR2I|POLR2K|RB1|RFX3|RREB1|SMARCB1|SOX5|TAF4|TAF9|TCEA3|ELOC|TFCP2|THRA|TTF1|UBTF|WNT10B|DEK|TRIM24|ASH2L|DDX21|CTR9|SNAPC5|PRMT5|DEAF1|POLR3C|SUB1|KAT7|PMF1|RTF1|ICE1|WBP2|CRCP|BRD7|POLR3K|RSF1|BRF2|POLR3E|PCID2|GPBP1|PAAF1|ELL3|SKIC8|MED10|POLR3GL|GTF3C6|GTF2H5|FAM47E|EPOP,-4.2
MyList,GO Biological Processes,19,GO:0006195,purine nucleotide catabolic process,19_GO:0008152 metabolic process,-6.1,3.5,6.2,30293,99,1751,20,1.1,0.25,38|226|2023|2821|3094|3939|3988|4860|5138|5211|5223|5236|7167|9615|10591|11163|53343|55190|170685|441531,ACAT1|ALDOA|ENO1|GPI|HINT1|LDHA|LIPA|PNP|PDE2A|PFKL|PGAM1|PGM1|TPI1|GDA|DNPH1|NUDT4|NUDT9|NUDT11|NUDT10|PGAM4,-4.2
MyList,GO Biological Processes,19,GO:0009063,amino acid catabolic process,19_GO:0008152 metabolic process,-6.1,3.4,6.1,30293,108,1751,21,1.2,0.26,38|594|1428|1738|1892|2109|2184|2731|2752|3081|3155|3712|4329|8942|23576|51166|56922|84706|137872|144193|259307,ACAT1|BCKDHB|CRYM|DLD|ECHS1|ETFB|FAH|GLDC|GLUL|HGD|HMGCL|IVD|ALDH6A1|KYNU|DDAH1|AADAT|MCCC1|GPT2|ADHFE1|AMDHD1|IL4I1,-4.2
MyList,GO Biological Processes,19,GO:0006887,exocytosis,19_GO:0051179 localization,-6.1,2.5,5.7,30293,236,1751,34,1.9,0.33,136|613|1230|1393|1855|2214|2922|4067|5532|5906|6622|6810|6850|7251|8013|8448|8766|8938|9501|10490|11031|11151|23557|27445|51019|51760|54536|80725|94120|94122|116841|127262|134957|341359,ADORA2B|BCR|CCR1|CRHBP|DVL1|FCGR3A|GRP|LYN|PPP3CB|RAP1A|SNCA|STX4|SYK|TSG101|NR4A3|DOC2A|RAB11A|BAIAP3|RPH3AL|VTI1B|RAB31|CORO1A|SNAPIN|PCLO|WASHC3|SYT17|EXOC6|SRCIN1|SYTL3|SYTL5|SNAP47|TPRG1L|STXBP5|SYT10,-4.2
MyList,GO Biological Processes,19,GO:0043254,regulation of protein-containing complex assembly,19_GO:0050789 regulation of biological process,-6,2.1,5.5,30293,417,1751,50,2.9,0.4,120|1191|1955|2670|3059|3146|3312|3642|3925|3936|4868|5063|5217|5580|5706|5879|5925|6047|6188|6622|6850|7037|7067|7114|7480|9168|10094|10456|10787|11151|23379|24144|51100|51339|51451|55559|55604|55612|55845|56998|57600|79184|79822|79969|80115|80206|91663|134957|152485|221074,ADD3|CLU|MEGF9|GFAP|HCLS1|HMGB1|HSPA8|INSM1|STMN1|LCP1|NPHS1|PAK3|PFN2|PRKCD|PSMC6|RAC1|RB1|RNF4|RPS3|SNCA|SYK|TFRC|THRA|TMSB4X|WNT10B|TMSB10|ARPC3|HAX1|NCKAP1|CORO1A|ICE1|TFIP11|SH3GLB1|DACT1|LCMT1|HAUS7|CARMIL1|FERMT1|BRK1|CTNNBIP1|FNIP2|BRCC3|ARHGAP28|ATAT1|BAIAP2L2|FHOD3|MYADM|STXBP5|ZNF827|SLC39A12,-4.1
MyList,GO Biological Processes,19,GO:0120039,plasma membrane bounded cell projection morphogenesis,19_GO:0032502 developmental process,-6,2,5.4,30293,489,1751,56,3.2,0.42,71|1009|1272|1385|1496|1501|1605|1855|1948|1949|2290|2823|3730|3925|4897|5048|5063|5080|5532|5747|5764|5803|5879|6277|6585|7101|7155|7314|7345|7477|7846|7976|9355|9637|9706|10006|10079|10371|10494|10678|10752|10787|11041|22911|23043|23769|25987|29993|55364|56896|64218|64283|65059|84062|221074|284656,ACTG1|CDH11|CNTN1|CREB1|CTNNA2|CTNND2|DAG1|DVL1|EFNB2|EFNB3|FOXG1|GPM6A|ANOS1|STMN1|NRCAM|PAFAH1B1|PAK3|PAX6|PPP3CB|PTK2|PTN|PTPRZ1|RAC1|S100A6|SLIT1|NR2E1|TOP2B|UBB|UCHL1|WNT7B|TUBA1A|FZD3|LHX2|FEZ2|ULK2|ABI1|ATP9A|SEMA3A|STK25|B3GNT2|CHL1|NCKAP1|B4GAT1|WDR47|TNIK|FLRT1|TSKU|PACSIN1|IMPACT|DPYSL5|SEMA4A|ARHGEF28|RAPH1|DTNBP1|SLC39A12|EPHA10,-4.1
MyList,GO Biological Processes,19,GO:0198738,cell-cell signaling by wnt,19_GO:0050789 regulation of biological process,-6,2.3,5.6,30293,281,1751,38,2.2,0.35,1363|1501|1642|1855|1910|2239|5563|5879|6422|6789|7090|7477|7480|7976|8321|8325|8945|9646|9736|9863|11197|23043|23168|23291|23399|27122|29117|51339|55366|56998|59343|79971|80319|80349|128272|147906|166336|100133941,CPE|CTNND2|DDB1|DVL1|EDNRB|GPC4|PRKAA2|RAC1|SFRP1|STK4|TLE3|WNT7B|WNT10B|FZD3|FZD1|FZD8|BTRC|CTR9|USP34|MAGI2|WIF1|TNIK|RTF1|FBXW11|CTDNEP1|DKK3|BRD7|DACT1|LGR4|CTNNBIP1|SENP2|WLS|CXXC4|SKIC8|ARHGEF19|DACT3|PRICKLE2|CD24,-4.1
MyList,GO Biological Processes,19,GO:0016055,Wnt signaling pathway,19_GO:0050896 response to stimulus,-6,2.3,5.6,30293,281,1751,38,2.2,0.35,1363|1501|1642|1855|1910|2239|5563|5879|6422|6789|7090|7477|7480|7976|8321|8325|8945|9646|9736|9863|11197|23043|23168|23291|23399|27122|29117|51339|55366|56998|59343|79971|80319|80349|128272|147906|166336|100133941,CPE|CTNND2|DDB1|DVL1|EDNRB|GPC4|PRKAA2|RAC1|SFRP1|STK4|TLE3|WNT7B|WNT10B|FZD3|FZD1|FZD8|BTRC|CTR9|USP34|MAGI2|WIF1|TNIK|RTF1|FBXW11|CTDNEP1|DKK3|BRD7|DACT1|LGR4|CTNNBIP1|SENP2|WLS|CXXC4|SKIC8|ARHGEF19|DACT3|PRICKLE2|CD24,-4.1
MyList,GO Biological Processes,19,GO:0030162,regulation of proteolysis,19_GO:0008152 metabolic process,-6,1.9,5.3,30293,602,1751,65,3.7,0.45,317|330|358|572|1050|1191|1855|2023|2295|2734|3093|3146|3300|4067|4088|4738|4898|5621|5641|5702|5706|5720|5721|5747|6125|6135|6188|6300|6622|6850|6880|7314|7337|7480|7514|7805|7874|8078|8667|8945|9104|9491|9532|10016|10049|10197|11236|11345|23287|23291|23429|23787|25898|28951|51105|54205|55486|55795|57630|64110|65992|90865|147372|147686|161582,APAF1|BIRC3|AQP1|BAD|CEBPA|CLU|DVL1|ENO1|FOXF2|GLG1|UBE2K|HMGB1|DNAJB2|LYN|SMAD3|NEDD8|NRDC|PRNP|LGMN|PSMC3|PSMC6|PSME1|PSME2|PTK2|RPL5|RPL11|RPS3|MAPK12|SNCA|SYK|TAF9|UBB|UBE3A|WNT10B|XPO1|LAPTM5|USP7|USP5|EIF3H|BTRC|RGN|PSMF1|BAG2|PDCD6|DNAJB6|PSME3|RNF139|GABARAPL2|AGTPBP1|FBXW11|RYBP|MTCH1|RCHY1|TRIB2|PHF20L1|CYCS|PARL|PCID2|SH3RF1|MAGEF1|DDRGK1|IL33|CCBE1|ZNF418|DNAAF4,-4.1
MyList,GO Biological Processes,19,GO:0051301,cell division,19_GO:0009987 cellular process,-6,1.9,5.4,30293,516,1751,58,3.3,0.43,375|403|1063|1069|1163|2771|2801|3796|3925|4628|5048|5885|5925|6188|6660|6867|6993|7251|7846|8444|8678|8872|9577|9897|10376|10459|10519|10690|10776|10899|10907|11130|11243|11258|23141|27243|27338|29082|29086|51441|51510|51529|54536|54902|55559|64282|79003|79184|84750|114327|128866|129531|136647|148479|200942|219736|246184|387103,ARF1|ARL3|CENPF|CETN2|CKS1B|GNAI2|GOLGA2|KIF2A|STMN1|MYH10|PAFAH1B1|RAD21|RB1|RPS3|SOX5|TACC1|DYNLT1|TSG101|TUBA1A|DYRK3|BECN1|CDC123|BABAM2|WASHC5|TUBA1B|MAD2L2|CIB1|FUT9|ARPP19|JTB|TXNL4A|ZWINT|PMF1|DCTN3|ANKLE2|CHMP2A|UBE2S|CHMP4A|BABAM1|YTHDF2|CHMP5|ANAPC11|EXOC6|TTC19|HAUS7|TENT4B|MIS12|BRCC3|FUT10|EFHC1|CHMP4B|MITD1|MPLKIP|PHF13|KLHDC8B|STOX1|CDC26|CENPW,-4.1
MyList,GO Biological Processes,19,GO:0016197,endosomal transport,19_GO:0051179 localization,-6,2.4,5.6,30293,260,1751,36,2.1,0.34,392|537|5987|7251|7260|8678|8724|8766|8938|9043|9185|9897|9905|10490|11151|11267|23673|27147|27243|29082|51019|51375|51510|51560|51699|55048|57533|57706|58533|64145|81624|112936|128866|155382|157680|282991,ARHGAP1|ATP6AP1|TRIM27|TSG101|EIPR1|BECN1|SNX3|RAB11A|BAIAP3|SPAG9|REPS2|WASHC5|SGSM2|VTI1B|CORO1A|SNF8|STX12|DENND2A|CHMP2A|CHMP4A|WASHC3|SNX7|CHMP5|RAB6B|VPS29|VPS37C|TBC1D14|DENND1A|SNX6|RBSN|DIAPH3|VPS26B|CHMP4B|VPS37D|VPS13B|BLOC1S2,-4.1
MyList,GO Biological Processes,19,GO:0010257,NADH dehydrogenase complex assembly,19_GO:0009987 cellular process,-5.9,4.3,6.4,30293,60,1751,15,0.86,0.22,4704|4706|4708|4712|4718|4720|4725|25880|28976|51103|55744|57226|80224|84233|284184,NDUFA9|NDUFAB1|NDUFB2|NDUFB6|NDUFC2|NDUFS2|NDUFS5|TMEM186|ACAD9|NDUFAF1|COA1|LYRM2|NUBPL|TMEM126A|NDUFAF8,-4.1
MyList,GO Biological Processes,19,GO:0032981,mitochondrial respiratory chain complex I assembly,19_GO:0009987 cellular process,-5.9,4.3,6.4,30293,60,1751,15,0.86,0.22,4704|4706|4708|4712|4718|4720|4725|25880|28976|51103|55744|57226|80224|84233|284184,NDUFA9|NDUFAB1|NDUFB2|NDUFB6|NDUFC2|NDUFS2|NDUFS5|TMEM186|ACAD9|NDUFAF1|COA1|LYRM2|NUBPL|TMEM126A|NDUFAF8,-4.1
MyList,GO Biological Processes,19,GO:0000902,cell morphogenesis,19_GO:0032502 developmental process,-5.9,1.8,5.3,30293,680,1751,71,4.1,0.47,71|1007|1008|1009|1012|1191|1272|1385|1496|1501|1605|1855|1948|1949|2290|2823|3082|3730|3925|3988|4897|5048|5063|5080|5532|5747|5764|5803|5879|5925|6277|6585|6789|7101|7155|7314|7345|7477|7846|7976|9355|9637|9706|10006|10079|10152|10371|10494|10519|10678|10752|10787|11041|22911|23043|23418|23769|25987|29071|29993|51441|55364|55437|56896|64218|64283|65059|84062|196383|221074|284656,ACTG1|CDH9|CDH10|CDH11|CDH13|CLU|CNTN1|CREB1|CTNNA2|CTNND2|DAG1|DVL1|EFNB2|EFNB3|FOXG1|GPM6A|HGF|ANOS1|STMN1|LIPA|NRCAM|PAFAH1B1|PAK3|PAX6|PPP3CB|PTK2|PTN|PTPRZ1|RAC1|RB1|S100A6|SLIT1|STK4|NR2E1|TOP2B|UBB|UCHL1|WNT7B|TUBA1A|FZD3|LHX2|FEZ2|ULK2|ABI1|ATP9A|ABI2|SEMA3A|STK25|CIB1|B3GNT2|CHL1|NCKAP1|B4GAT1|WDR47|TNIK|CRB1|FLRT1|TSKU|C1GALT1C1|PACSIN1|YTHDF2|IMPACT|STRADB|DPYSL5|SEMA4A|ARHGEF28|RAPH1|DTNBP1|RILPL2|SLC39A12|EPHA10,-4.1
MyList,GO Biological Processes,19,GO:0051249,regulation of lymphocyte activation,19_GO:0002376 immune system process,-5.9,2,5.3,30293,505,1751,57,3.3,0.42,196|199|301|430|572|677|865|923|972|1948|1949|2214|2547|3109|3111|3119|3122|3127|3146|3566|3821|3822|4067|4292|4352|4860|5170|5621|6188|6422|6441|6598|6850|7037|7409|7468|7480|7805|8764|9750|10459|11151|11326|29117|54542|55012|55795|57178|57630|79626|81704|84695|84868|92196|259307|339390|100133941,AHR|AIF1|ANXA1|ASCL2|BAD|ZFP36L1|CBFB|CD6|CD74|EFNB2|EFNB3|FCGR3A|XRCC6|HLA-DMB|HLA-DOA|HLA-DQB1|HLA-DRA|HLA-DRB5|HMGB1|IL4R|KLRC1|KLRC2|LYN|MLH1|MPL|PNP|PDPK1|PRNP|RPS3|SFRP1|SFTPD|SMARCB1|SYK|TFRC|VAV1|NSD2|WNT10B|LAPTM5|TNFRSF14|RIPOR2|MAD2L2|CORO1A|VSIG4|BRD7|RC3H2|PPP2R3C|PCID2|ZMIZ1|SH3RF1|TNFAIP8L2|DOCK8|LOXL3|HAVCR2|DAPL1|IL4I1|CLEC4G|CD24,-4.1
MyList,GO Biological Processes,19,GO:0048858,cell projection morphogenesis,19_GO:0032502 developmental process,-5.9,2,5.3,30293,494,1751,56,3.2,0.42,71|1009|1272|1385|1496|1501|1605|1855|1948|1949|2290|2823|3730|3925|4897|5048|5063|5080|5532|5747|5764|5803|5879|6277|6585|7101|7155|7314|7345|7477|7846|7976|9355|9637|9706|10006|10079|10371|10494|10678|10752|10787|11041|22911|23043|23769|25987|29993|55364|56896|64218|64283|65059|84062|221074|284656,ACTG1|CDH11|CNTN1|CREB1|CTNNA2|CTNND2|DAG1|DVL1|EFNB2|EFNB3|FOXG1|GPM6A|ANOS1|STMN1|NRCAM|PAFAH1B1|PAK3|PAX6|PPP3CB|PTK2|PTN|PTPRZ1|RAC1|S100A6|SLIT1|NR2E1|TOP2B|UBB|UCHL1|WNT7B|TUBA1A|FZD3|LHX2|FEZ2|ULK2|ABI1|ATP9A|SEMA3A|STK25|B3GNT2|CHL1|NCKAP1|B4GAT1|WDR47|TNIK|FLRT1|TSKU|PACSIN1|IMPACT|DPYSL5|SEMA4A|ARHGEF28|RAPH1|DTNBP1|SLC39A12|EPHA10,-4
MyList,GO Biological Processes,19,GO:0140694,non-membrane-bounded organelle assembly,19_GO:0009987 cellular process,-5.9,2.2,5.5,30293,340,1751,43,2.5,0.37,70|71|88|1063|1069|1642|1965|2801|3796|4076|4292|4625|4892|5156|5822|6125|6134|6135|6175|6188|6208|6209|6223|6228|6713|7138|8766|9371|9802|9897|27258|29883|51441|51676|55052|55559|55722|57146|79003|80206|81624|158747|387103,ACTC1|ACTG1|ACTN2|CENPF|CETN2|DDB1|EIF2S1|GOLGA2|KIF2A|CAPRIN1|MLH1|MYH7|NRAP|PDGFRA|PWP2|RPL5|RPL10|RPL11|RPLP0|RPS3|RPS14|RPS15|RPS19|RPS23|SQLE|TNNT1|RAB11A|KIF3B|DAZAP2|WASHC5|LSM3|CNOT7|YTHDF2|ASB2|MRPL20|HAUS7|CEP72|LDAF1|MIS12|FHOD3|DIAPH3|MOSPD2|CENPW,-4
MyList,GO Biological Processes,19,GO:0031396,regulation of protein ubiquitination,19_GO:0008152 metabolic process,-5.9,2.6,5.7,30293,198,1751,30,1.7,0.31,330|2295|3300|3301|5478|6125|6135|6187|6188|6500|7314|7337|7805|7965|8945|9111|9532|10016|10459|11170|23560|25898|27018|27338|54602|55859|57599|59343|84707|378884,BIRC3|FOXF2|DNAJB2|DNAJA1|PPIA|RPL5|RPL11|RPS2|RPS3|SKP1|UBB|UBE3A|LAPTM5|AIMP2|BTRC|NMI|BAG2|PDCD6|MAD2L2|FAM107A|GTPBP4|RCHY1|BEX3|UBE2S|NDFIP2|BEX1|WDR48|SENP2|BEX2|NHLRC1,-4
MyList,GO Biological Processes,19,GO:1902652,secondary alcohol metabolic process,19_GO:0008152 metabolic process,-5.9,3.1,5.9,30293,129,1751,23,1.3,0.27,50|1050|1718|2224|2235|3156|3157|3418|3422|3988|5563|6307|6309|6609|6713|9023|10449|10858|25987|50814|51478|90809|120227,ACO2|CEBPA|DHCR24|FDPS|FECH|HMGCR|HMGCS1|IDH2|IDI1|LIPA|PRKAA2|MSMO1|SC5D|SMPD1|SQLE|CH25H|ACAA2|CYP46A1|TSKU|NSDHL|HSD17B7|PIP4P1|CYP2R1,-4
MyList,GO Biological Processes,19,GO:1902107,positive regulation of leukocyte differentiation,19_GO:0002376 immune system process,-5.9,2.7,5.7,30293,188,1751,29,1.7,0.3,301|572|677|865|972|1230|1385|2547|3059|3122|3146|3566|4860|5925|6598|6850|7071|7480|8111|8792|10456|29117|55012|55795|56998|57178|146433|259307|399665,ANXA1|BAD|ZFP36L1|CBFB|CD74|CCR1|CREB1|XRCC6|HCLS1|HLA-DRA|HMGB1|IL4R|PNP|RB1|SMARCB1|SYK|KLF10|WNT10B|GPR68|TNFRSF11A|HAX1|BRD7|PPP2R3C|PCID2|CTNNBIP1|ZMIZ1|IL34|IL4I1|EEIG1,-4
MyList,GO Biological Processes,19,GO:1903708,positive regulation of hemopoiesis,19_GO:0002376 immune system process,-5.9,2.7,5.7,30293,188,1751,29,1.7,0.3,301|572|677|865|972|1230|1385|2547|3059|3122|3146|3566|4860|5925|6598|6850|7071|7480|8111|8792|10456|29117|55012|55795|56998|57178|146433|259307|399665,ANXA1|BAD|ZFP36L1|CBFB|CD74|CCR1|CREB1|XRCC6|HCLS1|HLA-DRA|HMGB1|IL4R|PNP|RB1|SMARCB1|SYK|KLF10|WNT10B|GPR68|TNFRSF11A|HAX1|BRD7|PPP2R3C|PCID2|CTNNBIP1|ZMIZ1|IL34|IL4I1|EEIG1,-4
MyList,GO Biological Processes,19,GO:0000956,nuclear-transcribed mRNA catabolic process,19_GO:0048519 negative regulation of biological process,-5.9,3.4,6,30293,102,1751,20,1.1,0.25,677|2107|3646|4292|4848|5436|9337|9652|9939|23016|23034|23049|29883|54542|57472|64282|65109|80349|167227|255967,ZFP36L1|ETF1|EIF3E|MLH1|CNOT2|POLR2G|CNOT8|SKIC3|RBM8A|EXOSC7|SAMD4A|SMG1|CNOT7|RC3H2|CNOT6|TENT4B|UPF3B|SKIC8|DCP2|PAN3,-4
MyList,GO Biological Processes,19,GO:0001775,cell activation,19_GO:0032501 multicellular organismal process,-5.9,1.8,5.2,30293,722,1751,74,4.2,0.48,71|136|199|301|430|613|677|712|865|923|972|1191|1311|1316|1524|1525|1607|2214|2280|2281|2922|3146|3566|3684|3689|3821|3936|3988|4067|4088|4292|4602|5052|5156|5245|5478|5532|5580|5912|6146|6404|6622|6850|7097|7155|7248|7409|7410|7480|8013|8325|8451|8935|9111|9734|10419|10758|11143|11151|29071|30968|54518|54542|55509|56892|57705|64218|79626|81704|84868|90865|112616|339390|100133941,ACTG1|ADORA2B|AIF1|ANXA1|ASCL2|BCR|ZFP36L1|C1QA|CBFB|CD6|CD74|CLU|COMP|KLF6|CX3CR1|CXADR|DGKB|FCGR3A|FKBP1A|FKBP1B|GRP|HMGB1|IL4R|ITGAM|ITGB2|KLRC1|LCP1|LIPA|LYN|SMAD3|MLH1|MYB|PRDX1|PDGFRA|PHB1|PPIA|PPP3CB|PRKCD|RAP2B|RPL22|SELPLG|SNCA|SYK|TLR2|TOP2B|TSC1|VAV1|VAV2|WNT10B|NR4A3|FZD8|CUL4A|SKAP2|NMI|HDAC9|PRMT5|TRAF3IP2|KAT7|CORO1A|C1GALT1C1|STOML2|APBB1IP|RC3H2|BATF3|TCIM|WDFY4|SEMA4A|TNFAIP8L2|DOCK8|HAVCR2|IL33|CMTM7|CLEC4G|CD24,-4
MyList,GO Biological Processes,19,GO:0051347,positive regulation of transferase activity,19_GO:0065007 biological regulation,-5.8,2.1,5.4,30293,378,1751,46,2.6,0.38,493|572|801|972|2547|3181|3265|5156|5170|5245|5478|5571|5580|5604|5621|5747|5906|6187|6188|6500|6622|6950|7010|7295|8550|8792|8945|9270|10006|10040|10519|10576|10899|23531|27338|55437|56034|56892|57515|80725|90441|133619|143384|146433|219736|100133941,ATP2B4|BAD|CALM1|CD74|XRCC6|HNRNPA2B1|HRAS|PDGFRA|PDPK1|PHB1|PPIA|PRKAG1|PRKCD|MAP2K1|PRNP|PTK2|RAP1A|RPS2|RPS3|SKP1|SNCA|TCP1|TEK|TXN|MAPKAPK5|TNFRSF11A|BTRC|ITGB1BP1|ABI1|TOM1L1|CIB1|CCT2|JTB|MMD|UBE2S|STRADB|PDGFC|TCIM|SERINC1|SRCIN1|ZNF622|PRRC1|CACUL1|IL34|STOX1|CD24,-3.9
MyList,GO Biological Processes,19,GO:1901292,nucleoside phosphate catabolic process,19_GO:0008152 metabolic process,-5.8,3,5.8,30293,131,1751,23,1.3,0.27,38|226|1806|2023|2821|3094|3939|3988|4860|4968|5138|5211|5223|5236|7167|9615|10591|11163|53343|55190|79077|170685|441531,ACAT1|ALDOA|DPYD|ENO1|GPI|HINT1|LDHA|LIPA|PNP|OGG1|PDE2A|PFKL|PGAM1|PGM1|TPI1|GDA|DNPH1|NUDT4|NUDT9|NUDT11|DCTPP1|NUDT10|PGAM4,-3.9
MyList,GO Biological Processes,19,GO:0043549,regulation of kinase activity,19_GO:0008152 metabolic process,-5.8,1.9,5.2,30293,536,1751,59,3.4,0.43,103|493|572|801|902|972|1050|1915|2547|2776|3265|3301|4067|4878|5156|5170|5245|5478|5569|5571|5580|5604|5621|5747|5906|5912|5925|5987|6188|6609|6622|7010|7251|7295|7345|7532|8792|9270|10006|10040|10519|10899|23531|23560|28951|51527|55437|56034|56892|58533|80725|84062|90441|133619|143384|146433|219736|260434|100133941,ADAR|ATP2B4|BAD|CALM1|CCNH|CD74|CEBPA|EEF1A1|XRCC6|GNAQ|HRAS|DNAJA1|LYN|NPPA|PDGFRA|PDPK1|PHB1|PPIA|PKIA|PRKAG1|PRKCD|MAP2K1|PRNP|PTK2|RAP1A|RAP2B|RB1|TRIM27|RPS3|SMPD1|SNCA|TEK|TSG101|TXN|UCHL1|YWHAG|TNFRSF11A|ITGB1BP1|ABI1|TOM1L1|CIB1|JTB|MMD|GTPBP4|TRIB2|GSKIP|STRADB|PDGFC|TCIM|SNX6|SRCIN1|DTNBP1|ZNF622|PRRC1|CACUL1|IL34|STOX1|PYDC1|CD24,-3.9
MyList,GO Biological Processes,19,GO:0072001,renal system development,19_GO:0032502 developmental process,-5.7,2.2,5.4,30293,310,1751,40,2.3,0.36,38|231|317|358|403|1063|1592|1910|1948|2018|2650|4086|4087|4088|4868|5125|5156|5950|6299|6422|7010|7248|7477|9104|9244|9788|9863|10758|11020|23213|25789|28999|51668|55366|55746|55959|56913|56998|79902|100133941,ACAT1|AKR1B1|APAF1|AQP1|ARL3|CENPF|CYP26A1|EDNRB|EFNB2|EMX2|GCNT1|SMAD1|SMAD2|SMAD3|NPHS1|PCSK5|PDGFRA|RBP4|SALL1|SFRP1|TEK|TSC1|WNT7B|RGN|CRLF1|MTSS1|MAGI2|TRAF3IP2|IFT27|SULF1|TMEM59L|KLF15|IFT25|LGR4|NUP133|SULF2|C1GALT1|CTNNBIP1|NUP85|CD24,-3.9
MyList,GO Biological Processes,19,GO:0010721,negative regulation of cell development,19_GO:0032502 developmental process,-5.7,2.3,5.4,30293,288,1751,38,2.2,0.35,301|393|430|865|972|1050|1746|1910|1949|3146|3313|3566|4067|4152|5080|5764|5925|6422|6585|6993|7101|7533|8111|8451|9355|9706|10371|10683|10766|22920|53342|54542|56896|64218|84695|151176|339390|359845,ANXA1|ARHGAP4|ASCL2|CBFB|CD74|CEBPA|DLX2|EDNRB|EFNB3|HMGB1|HSPA9|IL4R|LYN|MBD1|PAX6|PTN|RB1|SFRP1|SLIT1|DYNLT1|NR2E1|YWHAH|GPR68|CUL4A|LHX2|ULK2|SEMA3A|DLL3|TOB2|KIFAP3|IL17D|RC3H2|DPYSL5|SEMA4A|LOXL3|ERFE|CLEC4G|RFLNB,-3.9
MyList,GO Biological Processes,19,GO:0002697,regulation of immune effector process,19_GO:0002376 immune system process,-5.6,2.1,5.3,30293,383,1751,46,2.6,0.38,136|196|301|430|613|718|972|1398|1524|2821|3109|3122|3146|3566|3684|3689|3821|3822|4067|4292|5170|5245|5532|5650|5950|6223|6810|6850|7037|7043|7409|7468|7805|8013|8673|8764|9188|10417|10459|11326|54542|84695|84868|90865|259307|339390,ADORA2B|AHR|ANXA1|ASCL2|BCR|C3|CD74|CRK|CX3CR1|GPI|HLA-DMB|HLA-DRA|HMGB1|IL4R|ITGAM|ITGB2|KLRC1|KLRC2|LYN|MLH1|PDPK1|PHB1|PPP3CB|KLK7|RBP4|RPS19|STX4|SYK|TFRC|TGFB3|VAV1|NSD2|LAPTM5|NR4A3|VAMP8|TNFRSF14|DDX21|SPON2|MAD2L2|VSIG4|RC3H2|LOXL3|HAVCR2|IL33|IL4I1|CLEC4G,-3.8
MyList,GO Biological Processes,19,GO:0006694,steroid biosynthetic process,19_GO:0008152 metabolic process,-5.6,3.2,5.7,30293,115,1751,21,1.2,0.26,231|1718|2224|3156|3157|3422|3988|5563|6307|6309|6713|8630|8644|9023|10449|10858|11001|50814|51478|51706|120227,AKR1B1|DHCR24|FDPS|HMGCR|HMGCS1|IDI1|LIPA|PRKAA2|MSMO1|SC5D|SQLE|HSD17B6|AKR1C3|CH25H|ACAA2|CYP46A1|SLC27A2|NSDHL|HSD17B7|CYB5R1|CYP2R1,-3.8
MyList,GO Biological Processes,19,GO:0048524,positive regulation of viral process,19_GO:0016032 viral process,-5.6,4.1,6.1,30293,64,1751,15,0.86,0.22,103|972|1642|3146|3838|5034|5478|6609|6780|7155|7251|10465|29883|51773|339390,ADAR|CD74|DDB1|HMGB1|KPNA2|P4HB|PPIA|SMPD1|STAU1|TOP2B|TSG101|PPIH|CNOT7|RSF1|CLEC4G,-3.7
MyList,GO Biological Processes,19,GO:0016236,macroautophagy,19_GO:0008152 metabolic process,-5.5,2.6,5.5,30293,195,1751,29,1.7,0.3,801|7251|8673|8678|9706|10490|11040|11267|11345|23557|23673|27243|29082|51375|51506|51510|54463|55048|55968|56270|64422|65992|80183|81624|83734|124045|128866|137886|155382,CALM1|TSG101|VAMP8|BECN1|ULK2|VTI1B|PIM2|SNF8|GABARAPL2|SNAPIN|STX12|CHMP2A|CHMP4A|SNX7|UFC1|CHMP5|RETREG1|VPS37C|NSFL1C|WDR45B|ATG3|DDRGK1|RUBCNL|DIAPH3|ATG10|SPATA33|CHMP4B|UBXN2B|VPS37D,-3.7
MyList,GO Biological Processes,19,GO:0045333,cellular respiration,19_GO:0008152 metabolic process,-5.5,2.6,5.5,30293,195,1751,29,1.7,0.3,50|158|498|1327|1738|2109|3418|4191|4704|4706|4708|4712|4718|4720|4725|4726|5162|6622|7385|7386|8013|10632|23410|30968|51103|54205|79751|83733|388753,ACO2|ADSL|ATP5F1A|COX4I1|DLD|ETFB|IDH2|MDH2|NDUFA9|NDUFAB1|NDUFB2|NDUFB6|NDUFC2|NDUFS2|NDUFS5|NDUFS6|PDHB|SNCA|UQCRC2|UQCRFS1|NR4A3|ATP5MG|SIRT3|STOML2|NDUFAF1|CYCS|SLC25A22|SLC25A18|COA6,-3.7
MyList,GO Biological Processes,19,GO:0045321,leukocyte activation,19_GO:0002376 immune system process,-5.5,1.8,5,30293,598,1751,63,3.6,0.45,136|199|301|430|613|677|712|865|923|972|1191|1316|1524|1525|2214|2280|2281|2922|3146|3566|3684|3689|3821|3936|3988|4067|4088|4292|4602|5052|5245|5532|5580|6146|6404|6622|6850|7097|7155|7248|7409|7480|8013|8325|8451|8935|9111|9734|10758|11143|11151|30968|54518|54542|55509|57705|64218|79626|81704|84868|90865|112616|339390,ADORA2B|AIF1|ANXA1|ASCL2|BCR|ZFP36L1|C1QA|CBFB|CD6|CD74|CLU|KLF6|CX3CR1|CXADR|FCGR3A|FKBP1A|FKBP1B|GRP|HMGB1|IL4R|ITGAM|ITGB2|KLRC1|LCP1|LIPA|LYN|SMAD3|MLH1|MYB|PRDX1|PHB1|PPP3CB|PRKCD|RPL22|SELPLG|SNCA|SYK|TLR2|TOP2B|TSC1|VAV1|WNT10B|NR4A3|FZD8|CUL4A|SKAP2|NMI|HDAC9|TRAF3IP2|KAT7|CORO1A|STOML2|APBB1IP|RC3H2|BATF3|WDFY4|SEMA4A|TNFAIP8L2|DOCK8|HAVCR2|IL33|CMTM7|CLEC4G,-3.6
MyList,GO Biological Processes,19,GO:0045859,regulation of protein kinase activity,19_GO:0008152 metabolic process,-5.4,1.9,5.1,30293,474,1751,53,3,0.41,103|493|801|902|1050|2547|2776|3265|3301|4067|4878|5170|5245|5478|5569|5571|5580|5604|5621|5747|5906|5912|5925|5987|6188|6609|6622|7251|7295|7345|7532|8792|9270|10006|10040|10519|10899|23531|23560|28951|51527|55437|56034|56892|58533|80725|84062|133619|143384|146433|219736|260434|100133941,ADAR|ATP2B4|CALM1|CCNH|CEBPA|XRCC6|GNAQ|HRAS|DNAJA1|LYN|NPPA|PDPK1|PHB1|PPIA|PKIA|PRKAG1|PRKCD|MAP2K1|PRNP|PTK2|RAP1A|RAP2B|RB1|TRIM27|RPS3|SMPD1|SNCA|TSG101|TXN|UCHL1|YWHAG|TNFRSF11A|ITGB1BP1|ABI1|TOM1L1|CIB1|JTB|MMD|GTPBP4|TRIB2|GSKIP|STRADB|PDGFC|TCIM|SNX6|SRCIN1|DTNBP1|PRRC1|CACUL1|IL34|STOX1|PYDC1|CD24,-3.6
MyList,GO Biological Processes,19,GO:0006015,5-phosphoribose 1-diphosphate biosynthetic process,19_GO:0008152 metabolic process,-5.4,14,8.1,30293,6,1751,5,0.29,0.13,5631|5635|5636|5836|221823,PRPS1|PRPSAP1|PRPSAP2|PYGL|PRPS1L1,-3.6
MyList,GO Biological Processes,19,GO:0046391,5-phosphoribose 1-diphosphate metabolic process,19_GO:0008152 metabolic process,-5.4,14,8.1,30293,6,1751,5,0.29,0.13,5631|5635|5636|5836|221823,PRPS1|PRPSAP1|PRPSAP2|PYGL|PRPS1L1,-3.6
MyList,GO Biological Processes,19,GO:0010506,regulation of autophagy,19_GO:0008152 metabolic process,-5.4,2.1,5.1,30293,355,1751,43,2.5,0.37,527|528|529|572|1915|2670|2801|3082|3146|5563|5660|5987|6009|6048|6622|7248|7345|8678|9114|9637|9706|9711|10346|10456|10715|11040|11180|22930|26086|51100|51375|55128|55332|55486|57533|58528|58533|79443|92196|112936|128866|151176|155066,ATP6V0C|ATP6V1C1|ATP6V1E1|BAD|EEF1A1|GFAP|GOLGA2|HGF|HMGB1|PRKAA2|PSAP|TRIM27|RHEB|RNF5|SNCA|TSC1|UCHL1|BECN1|ATP6V0D1|FEZ2|ULK2|RUBCN|TRIM22|HAX1|CERS1|PIM2|WDR6|RAB3GAP1|GPSM1|SH3GLB1|SNX7|TRIM68|DRAM1|PARL|TBC1D14|RRAGD|SNX6|FYCO1|DAPL1|VPS26B|CHMP4B|ERFE|ATP6V0E2,-3.6
MyList,GO Biological Processes,19,GO:0031329,regulation of cellular catabolic process,19_GO:0008152 metabolic process,-5.4,1.7,4.9,30293,783,1751,77,4.4,0.49,317|493|527|528|529|572|677|1268|1915|2521|2670|2801|2926|3082|3146|3183|4076|4292|4848|4898|5223|5436|5563|5571|5580|5660|5987|6009|6048|6622|7248|7345|7805|8678|9104|9114|9337|9637|9698|9706|9711|9939|10346|10456|10715|10758|11040|11180|22930|23016|23034|26086|29116|29883|51100|51375|51441|54542|55128|55332|55486|55795|57472|57533|58528|58533|64282|79443|81892|92196|112936|128866|151176|155066|167227|255967|340719,APAF1|ATP2B4|ATP6V0C|ATP6V1C1|ATP6V1E1|BAD|ZFP36L1|CNR1|EEF1A1|FUS|GFAP|GOLGA2|GRSF1|HGF|HMGB1|HNRNPC|CAPRIN1|MLH1|CNOT2|NRDC|PGAM1|POLR2G|PRKAA2|PRKAG1|PRKCD|PSAP|TRIM27|RHEB|RNF5|SNCA|TSC1|UCHL1|LAPTM5|BECN1|RGN|ATP6V0D1|CNOT8|FEZ2|PUM1|ULK2|RUBCN|RBM8A|TRIM22|HAX1|CERS1|TRAF3IP2|PIM2|WDR6|RAB3GAP1|EXOSC7|SAMD4A|GPSM1|MYLIP|CNOT7|SH3GLB1|SNX7|YTHDF2|RC3H2|TRIM68|DRAM1|PARL|PCID2|CNOT6|TBC1D14|RRAGD|SNX6|TENT4B|FYCO1|SLIRP|DAPL1|VPS26B|CHMP4B|ERFE|ATP6V0E2|DCP2|PAN3|NANOS1,-3.6
MyList,GO Biological Processes,19,GO:1903039,positive regulation of leukocyte cell-cell adhesion,19_GO:0048518 positive regulation of biological process,-5.4,2.3,5.2,30293,275,1751,36,2.1,0.34,199|240|301|572|865|923|972|1948|1949|2650|3109|3111|3119|3122|3127|3146|3566|3689|4067|4860|5170|6188|6598|6850|7037|7409|7480|8013|8764|11151|29117|57178|81704|84868|259307|100133941,AIF1|ALOX5|ANXA1|BAD|CBFB|CD6|CD74|EFNB2|EFNB3|GCNT1|HLA-DMB|HLA-DOA|HLA-DQB1|HLA-DRA|HLA-DRB5|HMGB1|IL4R|ITGB2|LYN|PNP|PDPK1|RPS3|SMARCB1|SYK|TFRC|VAV1|WNT10B|NR4A3|TNFRSF14|CORO1A|BRD7|ZMIZ1|DOCK8|HAVCR2|IL4I1|CD24,-3.6
MyList,GO Biological Processes,19,GO:0002791,regulation of peptide secretion,19_GO:0051179 localization,-5.3,2.5,5.3,30293,200,1751,29,1.7,0.3,240|572|972|1268|1393|2281|2550|2850|2922|3033|3741|4856|5211|5532|5715|5950|5991|6422|6810|7200|7260|8111|8655|8938|9501|23410|27230|51714|79751,ALOX5|BAD|CD74|CNR1|CRHBP|FKBP1B|GABBR1|GPR27|GRP|HADH|KCNA5|CCN3|PFKL|PPP3CB|PSMD9|RBP4|RFX3|SFRP1|STX4|TRH|EIPR1|GPR68|DYNLL1|BAIAP3|RPH3AL|SIRT3|SERP1|SELENOT|SLC25A22,-3.5
MyList,GO Biological Processes,19,GO:0090066,regulation of anatomical structure size,19_GO:0065007 biological regulation,-5.3,1.9,5,30293,516,1751,56,3.2,0.42,88|120|136|147|358|393|1311|1385|1910|1955|3059|3269|3350|3363|3741|4868|4878|4897|5048|5063|5217|5580|5879|6585|7114|7248|7409|7410|7477|8766|9168|9270|9706|9897|10094|10242|10371|10456|10787|11034|11151|23557|27345|55604|55845|64218|79036|79822|80115|80206|91663|92960|118426|119032|130271|282991,ACTN2|ADD3|ADORA2B|ADRA1B|AQP1|ARHGAP4|COMP|CREB1|EDNRB|MEGF9|HCLS1|HRH1|HTR1A|HTR7|KCNA5|NPHS1|NPPA|NRCAM|PAFAH1B1|PAK3|PFN2|PRKCD|RAC1|SLIT1|TMSB4X|TSC1|VAV1|VAV2|WNT7B|RAB11A|TMSB10|ITGB1BP1|ULK2|WASHC5|ARPC3|KCNMB2|SEMA3A|HAX1|NCKAP1|DSTN|CORO1A|SNAPIN|KCNMB4|CARMIL1|BRK1|SEMA4A|KXD1|ARHGAP28|BAIAP2L2|FHOD3|MYADM|PEX11G|BORCS5|BORCS7|PLEKHH2|BLOC1S2,-3.5
MyList,GO Biological Processes,19,GO:1901873,regulation of post-translational protein modification,19_GO:0008152 metabolic process,-5.3,2.2,5.2,30293,277,1751,36,2.1,0.34,330|2295|3300|3301|5478|6125|6135|6187|6188|6500|7314|7320|7337|7805|7913|7965|8945|9111|9188|9532|10016|10459|11170|23560|25898|27018|27338|51138|51230|54602|55683|55859|57599|59343|84707|378884,BIRC3|FOXF2|DNAJB2|DNAJA1|PPIA|RPL5|RPL11|RPS2|RPS3|SKP1|UBB|UBE2B|UBE3A|LAPTM5|DEK|AIMP2|BTRC|NMI|DDX21|BAG2|PDCD6|MAD2L2|FAM107A|GTPBP4|RCHY1|BEX3|UBE2S|COPS4|PHF20|NDFIP2|KANSL3|BEX1|WDR48|SENP2|BEX2|NHLRC1,-3.5
MyList,GO Biological Processes,19,GO:0046903,secretion,19_GO:0051179 localization,-5.3,1.9,5,30293,529,1751,57,3.3,0.42,136|358|613|821|1230|1311|1363|1385|1393|1855|1910|2214|2281|2922|3784|4067|4087|4830|5048|5125|5532|5906|5936|6567|6622|6810|6850|7251|7372|8013|8111|8448|8673|8766|8862|8938|9501|10490|10758|11031|11151|23557|27230|27445|51019|51714|51760|54536|79158|79971|80725|94120|94122|116841|127262|134957|341359,ADORA2B|AQP1|BCR|CANX|CCR1|COMP|CPE|CREB1|CRHBP|DVL1|EDNRB|FCGR3A|FKBP1B|GRP|KCNQ1|LYN|SMAD2|NME1|PAFAH1B1|PCSK5|PPP3CB|RAP1A|RBM4|SLC16A2|SNCA|STX4|SYK|TSG101|UMPS|NR4A3|GPR68|DOC2A|VAMP8|RAB11A|APLN|BAIAP3|RPH3AL|VTI1B|TRAF3IP2|RAB31|CORO1A|SNAPIN|SERP1|PCLO|WASHC3|SELENOT|SYT17|EXOC6|GNPTAB|WLS|SRCIN1|SYTL3|SYTL5|SNAP47|TPRG1L|STXBP5|SYT10,-3.5
MyList,GO Biological Processes,19,GO:0032535,regulation of cellular component size,19_GO:0065007 biological regulation,-5.3,2.1,5.1,30293,370,1751,44,2.5,0.37,88|120|358|393|1385|1955|3059|4868|4897|5048|5063|5217|5580|5879|6585|7114|7248|7409|7410|7477|8766|9168|9706|9897|10094|10371|10456|10787|11034|11151|23557|55604|55845|64218|79036|79822|80115|80206|91663|92960|118426|119032|130271|282991,ACTN2|ADD3|AQP1|ARHGAP4|CREB1|MEGF9|HCLS1|NPHS1|NRCAM|PAFAH1B1|PAK3|PFN2|PRKCD|RAC1|SLIT1|TMSB4X|TSC1|VAV1|VAV2|WNT7B|RAB11A|TMSB10|ULK2|WASHC5|ARPC3|SEMA3A|HAX1|NCKAP1|DSTN|CORO1A|SNAPIN|CARMIL1|BRK1|SEMA4A|KXD1|ARHGAP28|BAIAP2L2|FHOD3|MYADM|PEX11G|BORCS5|BORCS7|PLEKHH2|BLOC1S2,-3.5
MyList,GO Biological Processes,19,GO:0001822,kidney development,19_GO:0032502 developmental process,-5.3,2.2,5.1,30293,300,1751,38,2.2,0.35,38|231|317|358|403|1063|1592|1910|1948|2650|4086|4087|4088|4868|5125|5156|6299|6422|7010|7248|7477|9104|9244|9788|9863|10758|11020|23213|25789|28999|51668|55366|55746|55959|56913|56998|79902|100133941,ACAT1|AKR1B1|APAF1|AQP1|ARL3|CENPF|CYP26A1|EDNRB|EFNB2|GCNT1|SMAD1|SMAD2|SMAD3|NPHS1|PCSK5|PDGFRA|SALL1|SFRP1|TEK|TSC1|WNT7B|RGN|CRLF1|MTSS1|MAGI2|TRAF3IP2|IFT27|SULF1|TMEM59L|KLF15|IFT25|LGR4|NUP133|SULF2|C1GALT1|CTNNBIP1|NUP85|CD24,-3.5
MyList,GO Biological Processes,19,GO:1905475,regulation of protein localization to membrane,19_GO:0051179 localization,-5.3,2.6,5.3,30293,180,1751,27,1.5,0.29,493|598|1398|1605|2239|3208|3265|3684|3689|5170|5621|5906|6505|6810|8673|9270|10082|10490|10519|11079|54471|54550|55022|55625|57628|221914|378884,ATP2B4|BCL2L1|CRK|DAG1|GPC4|HPCA|HRAS|ITGAM|ITGB2|PDPK1|PRNP|RAP1A|SLC1A1|STX4|VAMP8|ITGB1BP1|GPC6|VTI1B|CIB1|RER1|MIEF1|NECAB2|PID1|ZDHHC7|DPP10|GPC2|NHLRC1,-3.5
MyList,GO Biological Processes,19,GO:0006754,ATP biosynthetic process,19_GO:0008152 metabolic process,-5.3,3.5,5.7,30293,84,1751,17,0.97,0.23,226|318|498|527|1353|3948|3988|4704|4706|4708|4712|4718|4720|4725|4726|10632|30968,ALDOA|NUDT2|ATP5F1A|ATP6V0C|COX11|LDHC|LIPA|NDUFA9|NDUFAB1|NDUFB2|NDUFB6|NDUFC2|NDUFS2|NDUFS5|NDUFS6|ATP5MG|STOML2,-3.5
MyList,GO Biological Processes,19,GO:0006366,transcription by RNA polymerase II,19_GO:0008152 metabolic process,-5.3,2,5,30293,395,1751,46,2.6,0.38,142|865|902|1385|1871|4086|4152|5080|5431|5436|5437|5438|5440|5925|6239|6598|6660|6874|6880|6920|6921|7024|7067|7480|7913|8805|9070|9188|9646|10302|10522|10923|11143|11243|23168|23379|23558|29117|55795|80227|80237|80349|84246|404672|100129583|100170841,PARP1|CBFB|CCNH|CREB1|E2F3|SMAD1|MBD1|PAX6|POLR2B|POLR2G|POLR2H|POLR2I|POLR2K|RB1|RREB1|SMARCB1|SOX5|TAF4|TAF9|TCEA3|ELOC|TFCP2|THRA|WNT10B|DEK|TRIM24|ASH2L|DDX21|CTR9|SNAPC5|DEAF1|SUB1|KAT7|PMF1|RTF1|ICE1|WBP2|BRD7|PCID2|PAAF1|ELL3|SKIC8|MED10|GTF2H5|FAM47E|EPOP,-3.5
MyList,GO Biological Processes,19,GO:0007265,Ras protein signal transduction,19_GO:0050896 response to stimulus,-5.3,2.5,5.3,30293,191,1751,28,1.6,0.3,199|392|393|395|397|398|1012|1718|1796|3265|3845|5879|5906|5912|5925|6014|6016|8550|9289|9363|10152|10787|11188|22800|22808|23179|55845|255426,AIF1|ARHGAP1|ARHGAP4|ARHGAP6|ARHGDIB|ARHGDIG|CDH13|DHCR24|DOK1|HRAS|KRAS|RAC1|RAP1A|RAP2B|RB1|RIT2|RIT1|MAPKAPK5|ADGRG1|RAB33A|ABI2|NCKAP1|NISCH|RRAS2|MRAS|RGL1|BRK1|RASGEF1C,-3.5
MyList,GO Biological Processes,19,GO:0002696,positive regulation of leukocyte activation,19_GO:0002376 immune system process,-5.2,2.1,5,30293,360,1751,43,2.5,0.37,199|301|572|865|923|972|1050|1948|1949|2214|2547|3109|3111|3119|3122|3127|3146|3566|4067|4292|4352|4860|5170|6188|6598|6850|7037|7409|7468|7480|8013|8764|10459|11151|29117|55012|55795|57178|81704|84868|90865|259307|100133941,AIF1|ANXA1|BAD|CBFB|CD6|CD74|CEBPA|EFNB2|EFNB3|FCGR3A|XRCC6|HLA-DMB|HLA-DOA|HLA-DQB1|HLA-DRA|HLA-DRB5|HMGB1|IL4R|LYN|MLH1|MPL|PNP|PDPK1|RPS3|SMARCB1|SYK|TFRC|VAV1|NSD2|WNT10B|NR4A3|TNFRSF14|MAD2L2|CORO1A|BRD7|PPP2R3C|PCID2|ZMIZ1|DOCK8|HAVCR2|IL33|IL4I1|CD24,-3.4
MyList,GO Biological Processes,19,GO:0090087,regulation of peptide transport,19_GO:0051179 localization,-5.2,2.5,5.2,30293,202,1751,29,1.7,0.3,240|572|972|1268|1393|2281|2550|2850|2922|3033|3741|4856|5211|5532|5715|5950|5991|6422|6810|7200|7260|8111|8655|8938|9501|23410|27230|51714|79751,ALOX5|BAD|CD74|CNR1|CRHBP|FKBP1B|GABBR1|GPR27|GRP|HADH|KCNA5|CCN3|PFKL|PPP3CB|PSMD9|RBP4|RFX3|SFRP1|STX4|TRH|EIPR1|GPR68|DYNLL1|BAIAP3|RPH3AL|SIRT3|SERP1|SELENOT|SLC25A22,-3.4
MyList,GO Biological Processes,19,GO:0051251,positive regulation of lymphocyte activation,19_GO:0002376 immune system process,-5.2,2.1,5,30293,326,1751,40,2.3,0.36,199|301|572|865|923|972|1948|1949|2214|2547|3109|3111|3119|3122|3127|3146|3566|4067|4292|4352|4860|5170|6188|6598|6850|7037|7409|7468|7480|8764|10459|11151|29117|55012|55795|57178|81704|84868|259307|100133941,AIF1|ANXA1|BAD|CBFB|CD6|CD74|EFNB2|EFNB3|FCGR3A|XRCC6|HLA-DMB|HLA-DOA|HLA-DQB1|HLA-DRA|HLA-DRB5|HMGB1|IL4R|LYN|MLH1|MPL|PNP|PDPK1|RPS3|SMARCB1|SYK|TFRC|VAV1|NSD2|WNT10B|TNFRSF14|MAD2L2|CORO1A|BRD7|PPP2R3C|PCID2|ZMIZ1|DOCK8|HAVCR2|IL4I1|CD24,-3.4
MyList,GO Biological Processes,19,GO:1902105,regulation of leukocyte differentiation,19_GO:0002376 immune system process,-5.2,2.1,5,30293,326,1751,40,2.3,0.36,301|430|572|677|865|972|1230|1385|2547|3059|3111|3122|3146|3566|4067|4860|5925|6422|6598|6850|7071|7480|8111|8451|8792|10456|10766|29117|54542|55012|55795|56998|57178|57630|84695|146433|151176|259307|339390|399665,ANXA1|ASCL2|BAD|ZFP36L1|CBFB|CD74|CCR1|CREB1|XRCC6|HCLS1|HLA-DOA|HLA-DRA|HMGB1|IL4R|LYN|PNP|RB1|SFRP1|SMARCB1|SYK|KLF10|WNT10B|GPR68|CUL4A|TNFRSF11A|HAX1|TOB2|BRD7|RC3H2|PPP2R3C|PCID2|CTNNBIP1|ZMIZ1|SH3RF1|LOXL3|IL34|ERFE|IL4I1|CLEC4G|EEIG1,-3.4
MyList,GO Biological Processes,19,GO:0034248,regulation of amide metabolic process,19_GO:0008152 metabolic process,-5.2,1.9,4.9,30293,508,1751,55,3.1,0.42,1191|1734|1965|2058|2107|2235|3488|3646|4076|5223|5436|5580|5621|5936|6125|6134|6154|6188|6191|6203|6208|6301|6622|6726|7248|7458|8550|8664|8667|8872|8890|9939|10209|10657|11236|23034|23410|27230|28958|29118|51123|51204|51441|51714|54952|55037|55364|65109|84324|92196|126374|127933|142891|340719|378884,CLU|DIO2|EIF2S1|EPRS1|ETF1|FECH|IGFBP5|EIF3E|CAPRIN1|PGAM1|POLR2G|PRKCD|PRNP|RBM4|RPL5|RPL10|RPL26|RPS3|RPS4X|RPS9|RPS14|SARS1|SNCA|SRP9|TSC1|EIF4H|MAPKAPK5|EIF3D|EIF3H|CDC123|EIF2B4|RBM8A|EIF1|KHDRBS1|RNF139|SAMD4A|SIRT3|SERP1|COA3|DDX25|ZNF706|TACO1|YTHDF2|SELENOT|TRNAU1AP|PTCD3|IMPACT|UPF3B|SARNP|DAPL1|WTIP|UHMK1|SAMD8|NANOS1|NHLRC1,-3.4
MyList,GO Biological Processes,19,GO:0050848,regulation of calcium-mediated signaling,19_GO:0050896 response to stimulus,-5.2,3.3,5.6,30293,94,1751,18,1,0.24,493|801|1012|3094|4935|5026|5156|5532|5621|6014|6850|8445|9104|10519|51643|63928|121665|151651,ATP2B4|CALM1|CDH13|HINT1|GPR143|P2RX5|PDGFRA|PPP3CB|PRNP|RIT2|SYK|DYRK2|RGN|CIB1|TMBIM4|CHP2|SPPL3|EFHB,-3.4
MyList,GO Biological Processes,19,GO:0050708,regulation of protein secretion,19_GO:0051179 localization,-5.2,2.3,5.1,30293,269,1751,35,2,0.33,240|572|945|1268|2281|2850|3033|3156|3741|4628|4856|5211|5478|5532|5715|5950|5991|6422|6810|7043|7097|7200|7260|8111|8655|8938|9501|23410|27230|27236|79651|79751|79971|84830|134957,ALOX5|BAD|CD33|CNR1|FKBP1B|GPR27|HADH|HMGCR|KCNA5|MYH10|CCN3|PFKL|PPIA|PPP3CB|PSMD9|RBP4|RFX3|SFRP1|STX4|TGFB3|TLR2|TRH|EIPR1|GPR68|DYNLL1|BAIAP3|RPH3AL|SIRT3|SERP1|ARFIP1|RHBDF2|SLC25A22|WLS|ADTRP|STXBP5,-3.4
MyList,GO Biological Processes,19,GO:0008202,steroid metabolic process,19_GO:0008152 metabolic process,-5.2,2.3,5.1,30293,258,1751,34,1.9,0.33,231|873|1050|1592|1718|1910|2224|2235|3156|3157|3422|3988|5156|5563|5641|6307|6309|6609|6713|7533|8630|8644|9023|10170|10449|10858|10901|11001|25987|50814|51478|51706|90809|120227,AKR1B1|CBR1|CEBPA|CYP26A1|DHCR24|EDNRB|FDPS|FECH|HMGCR|HMGCS1|IDI1|LIPA|PDGFRA|PRKAA2|LGMN|MSMO1|SC5D|SMPD1|SQLE|YWHAH|HSD17B6|AKR1C3|CH25H|DHRS9|ACAA2|CYP46A1|DHRS4|SLC27A2|TSKU|NSDHL|HSD17B7|CYB5R1|PIP4P1|CYP2R1,-3.4
MyList,GO Biological Processes,19,GO:0030100,regulation of endocytosis,19_GO:0051179 localization,-5.2,2.2,5.1,30293,292,1751,37,2.1,0.34,71|375|613|718|967|1012|1191|1948|3146|3208|5532|5879|6014|6441|6457|6609|6622|6850|7097|7251|8724|8862|9711|9863|11031|23327|25875|29993|54550|55680|64422|79772|79872|84058|84062|90416|114781,ACTG1|ARF1|BCR|C3|CD63|CDH13|CLU|EFNB2|HMGB1|HPCA|PPP3CB|RAC1|RIT2|SFTPD|SH3GL3|SMPD1|SNCA|SYK|TLR2|TSG101|SNX3|APLN|RUBCN|MAGI2|RAB31|NEDD4L|LETMD1|PACSIN1|NECAB2|RUFY2|ATG3|MCTP1|CBLL1|WDR54|DTNBP1|CCDC32|BTBD9,-3.4
MyList,GO Biological Processes,19,GO:0016125,sterol metabolic process,19_GO:0008152 metabolic process,-5.2,2.9,5.4,30293,132,1751,22,1.3,0.27,1050|1592|1718|2224|2235|3156|3157|3422|3988|5563|6307|6309|6609|6713|9023|10449|10858|25987|50814|51478|51706|90809,CEBPA|CYP26A1|DHCR24|FDPS|FECH|HMGCR|HMGCS1|IDI1|LIPA|PRKAA2|MSMO1|SC5D|SMPD1|SQLE|CH25H|ACAA2|CYP46A1|TSKU|NSDHL|HSD17B7|CYB5R1|PIP4P1,-3.4
MyList,GO Biological Processes,19,GO:0001764,neuron migration,19_GO:0032502 developmental process,-5.2,2.8,5.3,30293,142,1751,23,1.3,0.27,460|1398|2018|2290|2823|4897|5048|5080|5191|5879|7155|7846|7976|10006|10152|10371|10752|26468|57178|57630|84892|161582|347733,ASTN1|CRK|EMX2|FOXG1|GPM6A|NRCAM|PAFAH1B1|PAX6|PEX7|RAC1|TOP2B|TUBA1A|FZD3|ABI1|ABI2|SEMA3A|CHL1|LHX6|ZMIZ1|SH3RF1|POMGNT2|DNAAF4|TUBB2B,-3.4
MyList,GO Biological Processes,19,GO:0046434,organophosphate catabolic process,19_GO:0008152 metabolic process,-5.1,2.6,5.2,30293,183,1751,27,1.5,0.29,38|226|1806|2023|2821|3094|3939|3988|4860|4923|4968|5138|5211|5223|5236|6609|7167|7941|9615|10591|11163|51573|53343|55190|79077|170685|441531,ACAT1|ALDOA|DPYD|ENO1|GPI|HINT1|LDHA|LIPA|PNP|NTSR1|OGG1|PDE2A|PFKL|PGAM1|PGM1|SMPD1|TPI1|PLA2G7|GDA|DNPH1|NUDT4|GDE1|NUDT9|NUDT11|DCTPP1|NUDT10|PGAM4,-3.4
MyList,GO Biological Processes,19,GO:0051348,negative regulation of transferase activity,19_GO:0065007 biological regulation,-5.1,2.4,5.2,30293,215,1751,30,1.7,0.31,103|1050|2776|3301|4067|4878|5170|5478|5569|5580|5925|5987|6125|6135|6609|6622|7251|7345|7532|9270|9532|10459|10715|28951|29085|51527|58533|80725|84062|260434,ADAR|CEBPA|GNAQ|DNAJA1|LYN|NPPA|PDPK1|PPIA|PKIA|PRKCD|RB1|TRIM27|RPL5|RPL11|SMPD1|SNCA|TSG101|UCHL1|YWHAG|ITGB1BP1|BAG2|MAD2L2|CERS1|TRIB2|PHPT1|GSKIP|SNX6|SRCIN1|DTNBP1|PYDC1,-3.4
MyList,GO Biological Processes,19,GO:0009206,purine ribonucleoside triphosphate biosynthetic process,19_GO:0008152 metabolic process,-5.1,3.3,5.5,30293,95,1751,18,1,0.24,226|318|498|527|1353|3948|3988|4704|4706|4708|4712|4718|4720|4725|4726|4830|10632|30968,ALDOA|NUDT2|ATP5F1A|ATP6V0C|COX11|LDHC|LIPA|NDUFA9|NDUFAB1|NDUFB2|NDUFB6|NDUFC2|NDUFS2|NDUFS5|NDUFS6|NME1|ATP5MG|STOML2,-3.3
MyList,GO Biological Processes,19,GO:0098930,axonal transport,19_GO:0051179 localization,-5.1,4,5.8,30293,61,1751,14,0.8,0.21,1176|1740|3281|5048|7345|9371|10947|23095|23287|23291|23557|55860|84062|282991,AP3S1|DLG2|HSBP1|PAFAH1B1|UCHL1|KIF3B|AP3M2|KIF1B|AGTPBP1|FBXW11|SNAPIN|ACTR10|DTNBP1|BLOC1S2,-3.3
MyList,GO Biological Processes,19,GO:0009060,aerobic respiration,19_GO:0008152 metabolic process,-5.1,2.7,5.2,30293,163,1751,25,1.4,0.28,50|158|498|1327|1738|3418|4191|4704|4706|4708|4712|4718|4720|4725|4726|5162|6622|7385|7386|10632|23410|30968|51103|54205|388753,ACO2|ADSL|ATP5F1A|COX4I1|DLD|IDH2|MDH2|NDUFA9|NDUFAB1|NDUFB2|NDUFB6|NDUFC2|NDUFS2|NDUFS5|NDUFS6|PDHB|SNCA|UQCRC2|UQCRFS1|ATP5MG|SIRT3|STOML2|NDUFAF1|CYCS|COA6,-3.3
MyList,GO Biological Processes,19,GO:0048871,multicellular organismal-level homeostasis,19_GO:0042592 homeostatic process,-5.1,1.8,4.8,30293,601,1751,62,3.5,0.44,71|103|231|271|301|358|613|1311|1524|1525|2235|2821|3059|3146|3313|3784|3845|3988|4067|4352|4522|4602|4856|4923|5052|5532|5563|5925|5950|6208|6218|6223|6441|6505|7067|7314|7846|8013|8444|8792|9289|10019|10758|11151|11215|23418|23456|25987|26234|51309|51510|54542|55012|55366|57599|79718|81624|84059|114781|128866|157680|340719,ACTG1|ADAR|AKR1B1|AMPD2|ANXA1|AQP1|BCR|COMP|CX3CR1|CXADR|FECH|GPI|HCLS1|HMGB1|HSPA9|KCNQ1|KRAS|LIPA|LYN|MPL|MTHFD1|MYB|CCN3|NTSR1|PRDX1|PPP3CB|PRKAA2|RB1|RBP4|RPS14|RPS17|RPS19|SFTPD|SLC1A1|THRA|UBB|TUBA1A|NR4A3|DYRK3|TNFRSF11A|ADGRG1|SH2B3|TRAF3IP2|CORO1A|AKAP11|CRB1|ABCB10|TSKU|FBXL5|ARMCX1|CHMP5|RC3H2|PPP2R3C|LGR4|WDR48|TBL1XR1|DIAPH3|ADGRV1|BTBD9|CHMP4B|VPS13B|NANOS1,-3.3
MyList,GO Biological Processes,19,GO:0010035,response to inorganic substance,19_GO:0050896 response to stimulus,-5.1,1.8,4.8,30293,525,1751,56,3.2,0.42,113|142|159|358|493|498|801|1050|1385|1393|1398|1740|1841|1910|1965|2235|2281|2821|3178|3208|3741|4602|4968|5052|5563|5580|5621|5641|6188|6415|6505|6609|6622|6786|7037|7155|7295|7337|7846|8437|8644|8678|10016|10242|10494|27345|29957|51526|51760|54583|57699|63928|84059|120227|140576|341359,ADCY7|PARP1|ADSS2|AQP1|ATP2B4|ATP5F1A|CALM1|CEBPA|CREB1|CRHBP|CRK|DLG2|DTYMK|EDNRB|EIF2S1|FECH|FKBP1B|GPI|HNRNPA1|HPCA|KCNA5|MYB|OGG1|PRDX1|PRKAA2|PRKCD|PRNP|LGMN|RPS3|SELENOW|SLC1A1|SMPD1|SNCA|STIM1|TFRC|TOP2B|TXN|UBE3A|TUBA1A|RASAL1|AKR1C3|BECN1|PDCD6|KCNMB2|STK25|KCNMB4|SLC25A24|OSER1|SYT17|EGLN1|CPNE5|CHP2|ADGRV1|CYP2R1|S100A16|SYT10,-3.3
MyList,GO Biological Processes,19,GO:0001501,skeletal system development,19_GO:0032502 developmental process,-5.1,1.9,4.8,30293,500,1751,54,3.1,0.41,537|1009|1311|1746|2734|3988|4086|4087|4088|4522|4856|5048|5052|5125|5156|5191|5358|5636|5925|5950|6137|6399|6422|6660|7010|7043|7045|7067|7353|7468|7477|7480|8111|8575|10522|10683|23213|25987|27230|29123|51668|55553|55790|55959|56034|57326|57599|64131|65992|80169|84314|124565|202018|359845,ATP6AP1|CDH11|COMP|DLX2|GLG1|LIPA|SMAD1|SMAD2|SMAD3|MTHFD1|CCN3|PAFAH1B1|PRDX1|PCSK5|PDGFRA|PEX7|PLS3|PRPSAP2|RB1|RBP4|RPL13|TRAPPC2|SFRP1|SOX5|TEK|TGFB3|TGFBI|THRA|UFD1|NSD2|WNT7B|WNT10B|GPR68|PRKRA|DEAF1|DLL3|SULF1|TSKU|SERP1|ANKRD11|IFT25|SOX6|CSGALNACT1|SULF2|PDGFC|PBXIP1|WDR48|XYLT1|DDRGK1|CTC1|TMEM107|SLC38A10|TAPT1|RFLNB,-3.3
MyList,GO Biological Processes,19,GO:0000291,"nuclear-transcribed mRNA catabolic process, exonucleolytic",19_GO:0048519 negative regulation of biological process,-5.1,6.9,6.6,30293,20,1751,8,0.46,0.16,5436|9337|9652|23016|29883|57472|80349|167227,POLR2G|CNOT8|SKIC3|EXOSC7|CNOT7|CNOT6|SKIC8|DCP2,-3.3
MyList,GO Biological Processes,19,GO:0010639,negative regulation of organelle organization,19_GO:0048519 negative regulation of biological process,-5.1,2.1,4.9,30293,342,1751,41,2.3,0.36,120|142|395|598|1063|1191|1496|2665|2764|3082|3178|3183|3925|5217|5580|5885|6622|7037|7114|8678|9168|9535|9637|10040|10449|10459|10519|10923|11130|11151|22911|55486|57143|64282|79822|80169|80206|81624|91663|130271|167227,ADD3|PARP1|ARHGAP6|BCL2L1|CENPF|CLU|CTNNA2|GDI2|GMFB|HGF|HNRNPA1|HNRNPC|STMN1|PFN2|PRKCD|RAD21|SNCA|TFRC|TMSB4X|BECN1|TMSB10|GMFG|FEZ2|TOM1L1|ACAA2|MAD2L2|CIB1|SUB1|ZWINT|CORO1A|WDR47|PARL|ADCK1|TENT4B|ARHGAP28|CTC1|FHOD3|DIAPH3|MYADM|PLEKHH2|DCP2,-3.3
MyList,GO Biological Processes,19,GO:0050867,positive regulation of cell activation,19_GO:0048518 positive regulation of biological process,-5.1,2,4.9,30293,378,1751,44,2.5,0.37,199|301|572|865|923|972|1050|1948|1949|2214|2547|3109|3111|3119|3122|3127|3146|3566|4067|4292|4352|4602|4860|5170|6188|6598|6850|7037|7409|7468|7480|8013|8764|10459|11151|29117|55012|55795|57178|81704|84868|90865|259307|100133941,AIF1|ANXA1|BAD|CBFB|CD6|CD74|CEBPA|EFNB2|EFNB3|FCGR3A|XRCC6|HLA-DMB|HLA-DOA|HLA-DQB1|HLA-DRA|HLA-DRB5|HMGB1|IL4R|LYN|MLH1|MPL|MYB|PNP|PDPK1|RPS3|SMARCB1|SYK|TFRC|VAV1|NSD2|WNT10B|NR4A3|TNFRSF14|MAD2L2|CORO1A|BRD7|PPP2R3C|PCID2|ZMIZ1|DOCK8|HAVCR2|IL33|IL4I1|CD24,-3.3
MyList,GO Biological Processes,19,GO:0000245,spliceosomal complex assembly,19_GO:0008152 metabolic process,-5.1,3.2,5.5,30293,96,1751,18,1,0.24,6629|6631|6634|6635|6636|6637|7536|8487|10181|10772|10907|22827|23020|23450|51639|58155|60680|135295,SNRPB2|SNRPC|SNRPD3|SNRPE|SNRPF|SNRPG|SF1|GEMIN2|RBM5|SRSF10|TXNL4A|PUF60|SNRNP200|SF3B3|SF3B6|PTBP2|CELF5|SRSF12,-3.3
MyList,GO Biological Processes,19,GO:0009145,purine nucleoside triphosphate biosynthetic process,19_GO:0008152 metabolic process,-5.1,3.2,5.5,30293,96,1751,18,1,0.24,226|318|498|527|1353|3948|3988|4704|4706|4708|4712|4718|4720|4725|4726|4830|10632|30968,ALDOA|NUDT2|ATP5F1A|ATP6V0C|COX11|LDHC|LIPA|NDUFA9|NDUFAB1|NDUFB2|NDUFB6|NDUFC2|NDUFS2|NDUFS5|NDUFS6|NME1|ATP5MG|STOML2,-3.3
MyList,GO Biological Processes,19,GO:0006090,pyruvate metabolic process,19_GO:0008152 metabolic process,-5,3.7,5.6,30293,70,1751,15,0.86,0.22,226|1738|2023|2821|3939|3948|3988|4199|5162|5211|5223|5236|7167|8013|441531,ALDOA|DLD|ENO1|GPI|LDHA|LDHC|LIPA|ME1|PDHB|PFKL|PGAM1|PGM1|TPI1|NR4A3|PGAM4,-3.3
MyList,GO Biological Processes,19,GO:0010638,positive regulation of organelle organization,19_GO:0048518 positive regulation of biological process,-5,1.9,4.8,30293,502,1751,54,3.1,0.41,88|120|301|572|3178|3181|3936|4076|4088|4848|4868|5217|5532|5879|5885|5925|5987|6188|6422|6622|6950|7043|7203|7320|8448|8550|8655|8678|9270|9788|10152|10574|10576|10715|10787|10810|11034|22930|22948|51100|51364|51375|51529|54471|55604|55845|57143|57472|79443|80115|80856|125476|202018|255967,ACTN2|ADD3|ANXA1|BAD|HNRNPA1|HNRNPA2B1|LCP1|CAPRIN1|SMAD3|CNOT2|NPHS1|PFN2|PPP3CB|RAC1|RAD21|RB1|TRIM27|RPS3|SFRP1|SNCA|TCP1|TGFB3|CCT3|UBE2B|DOC2A|MAPKAPK5|DYNLL1|BECN1|ITGB1BP1|MTSS1|ABI2|CCT7|CCT2|CERS1|NCKAP1|WASF3|DSTN|RAB3GAP1|CCT5|SH3GLB1|ZMYND10|SNX7|ANAPC11|MIEF1|CARMIL1|BRK1|ADCK1|CNOT6|FYCO1|BAIAP2L2|LNPK|INO80C|TAPT1|PAN3,-3.3
MyList,GO Biological Processes,19,GO:1901605,alpha-amino acid metabolic process,19_GO:0008152 metabolic process,-5,2.4,5.1,30293,207,1751,29,1.7,0.3,38|159|435|1428|1491|2184|2731|2752|3081|3155|3712|4329|4522|4594|5034|5092|5471|8942|23576|51166|51582|54583|56922|56954|58478|84706|137872|144193|259307,ACAT1|ADSS2|ASL|CRYM|CTH|FAH|GLDC|GLUL|HGD|HMGCL|IVD|ALDH6A1|MTHFD1|MMUT|P4HB|PCBD1|PPAT|KYNU|DDAH1|AADAT|AZIN1|EGLN1|MCCC1|NIT2|ENOPH1|GPT2|ADHFE1|AMDHD1|IL4I1,-3.3
MyList,GO Biological Processes,19,GO:0120031,plasma membrane bounded cell projection assembly,19_GO:0009987 cellular process,-5,1.9,4.9,30293,428,1751,48,2.7,0.39,88|199|403|1012|1464|1767|2012|3784|5879|5991|7320|7410|7802|8655|9114|9371|9788|10810|11020|11188|23043|27077|27285|29105|51364|51668|55604|55717|57348|63917|64792|79645|79902|79969|84058|84314|89846|90355|92344|118491|127254|146754|161582|196383|200728|221421|255758|283232,ACTN2|AIF1|ARL3|CDH13|CSPG4|DNAH5|EMP1|KCNQ1|RAC1|RFX3|UBE2B|VAV2|DNALI1|DYNLL1|ATP6V0D1|KIF3B|MTSS1|WASF3|IFT27|NISCH|TNIK|B9D1|TEKT2|CFAP20|ZMYND10|IFT25|CARMIL1|WDR11|TTYH1|GALNT11|IFT22|CLXN|NUP85|ATAT1|WDR54|TMEM107|FGD3|MACIR|GORAB|CFAP70|ERICH3|DNAH2|DNAAF4|RILPL2|TMEM17|RSPH9|DYNLT2B|TMEM80,-3.3
MyList,GO Biological Processes,19,GO:0050890,cognition,19_GO:0032501 multicellular organismal process,-5,2.1,4.9,30293,320,1751,39,2.2,0.35,577|1268|1385|1393|1524|2558|2821|3122|3156|3269|3845|4923|5048|5080|5532|5621|5641|5764|5803|6505|7067|7097|7248|7337|7846|7991|8704|10752|10882|11170|27087|51204|54112|55084|57338|60626|84502|114781|161582,ADGRB3|CNR1|CREB1|CRHBP|CX3CR1|GABRA5|GPI|HLA-DRA|HMGCR|HRH1|KRAS|NTSR1|PAFAH1B1|PAX6|PPP3CB|PRNP|LGMN|PTN|PTPRZ1|SLC1A1|THRA|TLR2|TSC1|UBE3A|TUBA1A|TUSC3|B4GALT2|CHL1|C1QL1|FAM107A|B3GAT1|TACO1|GPR88|SOBP|JPH3|RIC8A|JPH4|BTBD9|DNAAF4,-3.3
MyList,GO Biological Processes,19,GO:1903533,regulation of protein targeting,19_GO:0051179 localization,-5,3.5,5.5,30293,79,1751,16,0.91,0.23,3208|3265|3684|3689|5621|6505|9270|9520|10456|10519|51100|54471|54543|55486|59286|89781,HPCA|HRAS|ITGAM|ITGB2|PRNP|SLC1A1|ITGB1BP1|NPEPPS|HAX1|CIB1|SH3GLB1|MIEF1|TOMM7|PARL|UBL5|HPS4,-3.3
MyList,GO Biological Processes,19,GO:0030031,cell projection assembly,19_GO:0009987 cellular process,-5,1.9,4.8,30293,441,1751,49,2.8,0.39,88|199|403|1012|1464|1767|2012|3784|5879|5991|7320|7410|7802|8655|9114|9371|9788|10787|10810|11020|11188|23043|27077|27285|29105|51364|51668|55604|55717|57348|63917|64792|79645|79902|79969|84058|84314|89846|90355|92344|118491|127254|146754|161582|196383|200728|221421|255758|283232,ACTN2|AIF1|ARL3|CDH13|CSPG4|DNAH5|EMP1|KCNQ1|RAC1|RFX3|UBE2B|VAV2|DNALI1|DYNLL1|ATP6V0D1|KIF3B|MTSS1|NCKAP1|WASF3|IFT27|NISCH|TNIK|B9D1|TEKT2|CFAP20|ZMYND10|IFT25|CARMIL1|WDR11|TTYH1|GALNT11|IFT22|CLXN|NUP85|ATAT1|WDR54|TMEM107|FGD3|MACIR|GORAB|CFAP70|ERICH3|DNAH2|DNAAF4|RILPL2|TMEM17|RSPH9|DYNLT2B|TMEM80,-3.3
MyList,GO Biological Processes,19,GO:0050863,regulation of T cell activation,19_GO:0002376 immune system process,-5,2,4.9,30293,380,1751,44,2.5,0.37,199|301|430|572|865|923|972|1948|1949|3109|3111|3119|3122|3127|3146|3566|4067|4860|5170|5621|6188|6441|6598|6850|7037|7409|7480|7805|8764|9750|11151|11326|29117|54542|57178|57630|79626|81704|84695|84868|92196|259307|339390|100133941,AIF1|ANXA1|ASCL2|BAD|CBFB|CD6|CD74|EFNB2|EFNB3|HLA-DMB|HLA-DOA|HLA-DQB1|HLA-DRA|HLA-DRB5|HMGB1|IL4R|LYN|PNP|PDPK1|PRNP|RPS3|SFTPD|SMARCB1|SYK|TFRC|VAV1|WNT10B|LAPTM5|TNFRSF14|RIPOR2|CORO1A|VSIG4|BRD7|RC3H2|ZMIZ1|SH3RF1|TNFAIP8L2|DOCK8|LOXL3|HAVCR2|DAPL1|IL4I1|CLEC4G|CD24,-3.3
MyList,GO Biological Processes,19,GO:0090276,regulation of peptide hormone secretion,19_GO:0051179 localization,-5,2.5,5.1,30293,197,1751,28,1.6,0.3,240|572|1268|1393|2281|2550|2850|2922|3033|3741|4856|5211|5532|5715|5950|5991|6422|6810|7200|7260|8111|8655|8938|9501|23410|27230|51714|79751,ALOX5|BAD|CNR1|CRHBP|FKBP1B|GABBR1|GPR27|GRP|HADH|KCNA5|CCN3|PFKL|PPP3CB|PSMD9|RBP4|RFX3|SFRP1|STX4|TRH|EIPR1|GPR68|DYNLL1|BAIAP3|RPH3AL|SIRT3|SERP1|SELENOT|SLC25A22,-3.3
MyList,GO Biological Processes,19,GO:0001701,in utero embryonic development,19_GO:0032502 developmental process,-5,2,4.8,30293,393,1751,45,2.6,0.38,398|430|598|677|1050|1603|1627|2821|4087|4088|4836|4848|5156|5604|5801|5954|6137|6598|6789|7043|7320|7477|8451|8894|9646|9871|9915|10049|10161|23168|25912|27077|50814|51493|51639|54583|55845|57178|57718|58495|60626|79718|79893|81624|196051,ARHGDIG|ASCL2|BCL2L1|ZFP36L1|CEBPA|DAD1|DBN1|GPI|SMAD2|SMAD3|NMT1|CNOT2|PDGFRA|MAP2K1|PTPRR|RCN1|RPL13|SMARCB1|STK4|TGFB3|UBE2B|WNT7B|CUL4A|EIF2S2|CTR9|SEC24D|ARNT2|DNAJB6|LPAR6|RTF1|C1orf43|B9D1|NSDHL|RTCB|SF3B6|EGLN1|BRK1|ZMIZ1|PPP4R4|OVOL2|RIC8A|TBL1XR1|GGNBP2|DIAPH3|PLPP4,-3.2
MyList,GO Biological Processes,19,GO:0008610,lipid biosynthetic process,19_GO:0008152 metabolic process,-5,1.8,4.7,30293,594,1751,61,3.5,0.44,38|231|240|873|972|1607|1718|2224|2681|3155|3156|3157|3422|3988|3995|4706|5191|5281|5297|5563|5565|5571|6307|6309|6609|6713|8613|8630|8644|8678|8703|8813|9023|9200|9536|10170|10449|10690|10715|10858|11001|23049|25979|30815|30837|50814|51478|51706|57107|57171|57515|57605|80339|84002|84649|85465|116150|120227|132001|142891|266971,ACAT1|AKR1B1|ALOX5|CBR1|CD74|DGKB|DHCR24|FDPS|GGTA1|HMGCL|HMGCR|HMGCS1|IDI1|LIPA|FADS3|NDUFAB1|PEX7|PIGF|PI4KA|PRKAA2|PRKAB2|PRKAG1|MSMO1|SC5D|SMPD1|SQLE|PLPP3|HSD17B6|AKR1C3|BECN1|B4GALT3|DPM1|CH25H|HACD1|PTGES|DHRS9|ACAA2|FUT9|CERS1|CYP46A1|SLC27A2|SMG1|DHRS7B|ST6GALNAC6|SOCS7|NSDHL|HSD17B7|CYB5R1|PDSS2|DOLPP1|SERINC1|PITPNM2|PNPLA3|B3GNT5|DGAT2|SELENOI|NUS1|CYP2R1|TAMM41|SAMD8|PIPSL,-3.2
MyList,GO Biological Processes,19,GO:0006403,RNA localization,19_GO:0051179 localization,-4.9,2.5,5.1,30293,177,1751,26,1.5,0.29,677|1069|3178|3181|3267|6396|6780|6950|7248|7514|7884|9326|9804|9939|10073|10576|23049|23089|26097|29118|55746|55795|59343|65109|79902|84324,ZFP36L1|CETN2|HNRNPA1|HNRNPA2B1|AGFG1|SEC13|STAU1|TCP1|TSC1|XPO1|SLBP|ZNHIT3|TOMM20|RBM8A|SNUPN|CCT2|SMG1|PEG10|CHTOP|DDX25|NUP133|PCID2|SENP2|UPF3B|NUP85|SARNP,-3.2
MyList,GO Biological Processes,19,GO:0046883,regulation of hormone secretion,19_GO:0051179 localization,-4.9,2.2,4.9,30293,254,1751,33,1.9,0.32,240|301|572|1268|1385|1393|2281|2550|2850|2922|3033|3350|3741|4602|4856|5211|5532|5715|5950|5991|6422|6810|7200|7260|8111|8655|8673|8938|9501|23410|27230|51714|79751,ALOX5|ANXA1|BAD|CNR1|CREB1|CRHBP|FKBP1B|GABBR1|GPR27|GRP|HADH|HTR1A|KCNA5|MYB|CCN3|PFKL|PPP3CB|PSMD9|RBP4|RFX3|SFRP1|STX4|TRH|EIPR1|GPR68|DYNLL1|VAMP8|BAIAP3|RPH3AL|SIRT3|SERP1|SELENOT|SLC25A22,-3.2
MyList,GO Biological Processes,19,GO:0019058,viral life cycle,19_GO:0016032 viral process,-4.9,2.5,5.1,30293,178,1751,26,1.5,0.29,1525|1605|1642|1948|1949|3838|5125|5245|5478|6404|6598|6609|6993|7037|7251|7913|8673|8764|25945|27243|29082|51510|55048|128866|155382|339390,CXADR|DAG1|DDB1|EFNB2|EFNB3|KPNA2|PCSK5|PHB1|PPIA|SELPLG|SMARCB1|SMPD1|DYNLT1|TFRC|TSG101|DEK|VAMP8|TNFRSF14|NECTIN3|CHMP2A|CHMP4A|CHMP5|VPS37C|CHMP4B|VPS37D|CLEC4G,-3.2
MyList,GO Biological Processes,19,GO:0009083,branched-chain amino acid catabolic process,19_GO:0008152 metabolic process,-4.9,6.6,6.3,30293,21,1751,8,0.46,0.16,38|594|1738|1892|3155|3712|4329|56922,ACAT1|BCKDHB|DLD|ECHS1|HMGCL|IVD|ALDH6A1|MCCC1,-3.2
MyList,GO Biological Processes,19,GO:0009081,branched-chain amino acid metabolic process,19_GO:0008152 metabolic process,-4.9,5.8,6.1,30293,27,1751,9,0.51,0.17,38|594|1738|1892|3155|3712|4329|5096|56922,ACAT1|BCKDHB|DLD|ECHS1|HMGCL|IVD|ALDH6A1|PCCB|MCCC1,-3.2
MyList,GO Biological Processes,19,GO:0008088,axo-dendritic transport,19_GO:0051179 localization,-4.9,3.6,5.5,30293,72,1751,15,0.86,0.22,1176|1740|3281|5048|6780|7345|9371|10947|23095|23287|23291|23557|55860|84062|282991,AP3S1|DLG2|HSBP1|PAFAH1B1|STAU1|UCHL1|KIF3B|AP3M2|KIF1B|AGTPBP1|FBXW11|SNAPIN|ACTR10|DTNBP1|BLOC1S2,-3.2
MyList,GO Biological Processes,19,GO:1904869,regulation of protein localization to Cajal body,19_GO:0051179 localization,-4.9,9.4,6.9,30293,11,1751,6,0.34,0.14,6950|7203|10574|10576|22948|56257,TCP1|CCT3|CCT7|CCT2|CCT5|MEPCE,-3.1
MyList,GO Biological Processes,19,GO:1904871,positive regulation of protein localization to Cajal body,19_GO:0051179 localization,-4.9,9.4,6.9,30293,11,1751,6,0.34,0.14,6950|7203|10574|10576|22948|56257,TCP1|CCT3|CCT7|CCT2|CCT5|MEPCE,-3.1
MyList,GO Biological Processes,19,GO:0008203,cholesterol metabolic process,19_GO:0008152 metabolic process,-4.9,2.9,5.2,30293,118,1751,20,1.1,0.25,1050|1718|2224|2235|3156|3157|3422|3988|5563|6307|6309|6609|6713|9023|10449|10858|25987|50814|51478|90809,CEBPA|DHCR24|FDPS|FECH|HMGCR|HMGCS1|IDI1|LIPA|PRKAA2|MSMO1|SC5D|SMPD1|SQLE|CH25H|ACAA2|CYP46A1|TSKU|NSDHL|HSD17B7|PIP4P1,-3.1
MyList,GO Biological Processes,19,GO:0050808,synapse organization,19_GO:0009987 cellular process,-4.9,2.1,4.8,30293,337,1751,40,2.3,0.36,71|375|577|712|713|718|1007|1008|1398|1501|1524|1855|2239|2558|2823|2895|3684|4897|5063|5064|5217|5621|5641|5792|6505|6622|6780|7248|7477|7846|8321|10810|10882|11079|23557|27253|27445|80725|91851|389941,ACTG1|ARF1|ADGRB3|C1QA|C1QB|C3|CDH9|CDH10|CRK|CTNND2|CX3CR1|DVL1|GPC4|GABRA5|GPM6A|GRID2|ITGAM|NRCAM|PAK3|PALM|PFN2|PRNP|LGMN|PTPRF|SLC1A1|SNCA|STAU1|TSC1|WNT7B|TUBA1A|FZD1|WASF3|C1QL1|RER1|SNAPIN|PCDH17|PCLO|SRCIN1|CHRDL1|C1QL3,-3.1
MyList,GO Biological Processes,19,GO:0045862,positive regulation of proteolysis,19_GO:0048518 positive regulation of biological process,-4.9,2.1,4.8,30293,337,1751,40,2.3,0.36,317|572|1050|1191|1855|2023|3146|3300|4067|4088|4898|5641|5702|5706|5720|5721|5747|6188|6300|6622|6850|7805|8078|8945|9104|9532|10016|10197|11236|23287|23291|23787|25898|28951|54205|57630|64110|65992|90865|147372,APAF1|BAD|CEBPA|CLU|DVL1|ENO1|HMGB1|DNAJB2|LYN|SMAD3|NRDC|LGMN|PSMC3|PSMC6|PSME1|PSME2|PTK2|RPS3|MAPK12|SNCA|SYK|LAPTM5|USP5|BTRC|RGN|BAG2|PDCD6|PSME3|RNF139|AGTPBP1|FBXW11|MTCH1|RCHY1|TRIB2|CYCS|SH3RF1|MAGEF1|DDRGK1|IL33|CCBE1,-3.1
MyList,GO Biological Processes,19,GO:0008277,regulation of G protein-coupled receptor signaling pathway,19_GO:0050896 response to stimulus,-4.8,2.8,5.1,30293,138,1751,22,1.3,0.27,493|718|2771|2786|2850|2922|3925|4836|5245|5999|6001|6622|6993|7529|8787|8862|9501|10419|23295|54550|55625|64407,ATP2B4|C3|GNAI2|GNG4|GPR27|GRP|STMN1|NMT1|PHB1|RGS4|RGS10|SNCA|DYNLT1|YWHAB|RGS9|APLN|RPH3AL|PRMT5|MGRN1|NECAB2|ZDHHC7|RGS18,-3.1
MyList,GO Biological Processes,19,GO:0034101,erythrocyte homeostasis,19_GO:0042592 homeostatic process,-4.8,3,5.2,30293,109,1751,19,1.1,0.25,103|2235|2821|3059|3313|3784|4067|4602|5052|5925|6208|6218|6223|7067|8444|10019|23456|51510|81624,ADAR|FECH|GPI|HCLS1|HSPA9|KCNQ1|LYN|MYB|PRDX1|RB1|RPS14|RPS17|RPS19|THRA|DYRK3|SH2B3|ABCB10|CHMP5|DIAPH3,-3.1
MyList,GO Biological Processes,19,GO:0009142,nucleoside triphosphate biosynthetic process,19_GO:0008152 metabolic process,-4.8,3,5.2,30293,109,1751,19,1.1,0.25,226|318|498|527|1353|1841|3948|3988|4704|4706|4708|4712|4718|4720|4725|4726|4830|10632|30968,ALDOA|NUDT2|ATP5F1A|ATP6V0C|COX11|DTYMK|LDHC|LIPA|NDUFA9|NDUFAB1|NDUFB2|NDUFB6|NDUFC2|NDUFS2|NDUFS5|NDUFS6|NME1|ATP5MG|STOML2,-3.1
MyList,GO Biological Processes,19,GO:0002269,leukocyte activation involved in inflammatory response,19_GO:0002376 immune system process,-4.8,5.1,5.9,30293,34,1751,10,0.57,0.18,199|712|1191|1524|3684|3689|6622|7097|10758|90865,AIF1|C1QA|CLU|CX3CR1|ITGAM|ITGB2|SNCA|TLR2|TRAF3IP2|IL33,-3.1
MyList,GO Biological Processes,19,GO:0070085,glycosylation,19_GO:0008152 metabolic process,-4.8,2.3,4.9,30293,235,1751,31,1.8,0.32,1603|2650|2801|5372|6480|7991|8703|8704|8706|8813|9382|10466|10678|10690|11041|27087|27230|29071|29880|30815|56913|57171|63917|79369|84002|84750|84892|116150|256281|727936|100128731,DAD1|GCNT1|GOLGA2|PMM1|ST6GAL1|TUSC3|B4GALT3|B4GALT2|B3GALNT1|DPM1|COG1|COG5|B3GNT2|FUT9|B4GAT1|B3GAT1|SERP1|C1GALT1C1|ALG5|ST6GALNAC6|C1GALT1|DOLPP1|GALNT11|B3GNT4|B3GNT5|FUT10|POMGNT2|NUS1|NUDT14|GXYLT2|OST4,-3.1
MyList,GO Biological Processes,19,GO:0009132,nucleoside diphosphate metabolic process,19_GO:0008152 metabolic process,-4.8,3.4,5.3,30293,82,1751,16,0.91,0.23,226|572|1740|1841|2023|2821|2987|3939|3988|5211|5223|5236|7167|7372|53343|441531,ALDOA|BAD|DLG2|DTYMK|ENO1|GPI|GUK1|LDHA|LIPA|PFKL|PGAM1|PGM1|TPI1|UMPS|NUDT9|PGAM4,-3.1
MyList,GO Biological Processes,19,GO:0009135,purine nucleoside diphosphate metabolic process,19_GO:0008152 metabolic process,-4.8,3.7,5.4,30293,65,1751,14,0.8,0.21,226|572|1740|2023|2821|2987|3939|3988|5211|5223|5236|7167|53343|441531,ALDOA|BAD|DLG2|ENO1|GPI|GUK1|LDHA|LIPA|PFKL|PGAM1|PGM1|TPI1|NUDT9|PGAM4,-3.1
MyList,GO Biological Processes,19,GO:0009179,purine ribonucleoside diphosphate metabolic process,19_GO:0008152 metabolic process,-4.8,3.7,5.4,30293,65,1751,14,0.8,0.21,226|572|1740|2023|2821|2987|3939|3988|5211|5223|5236|7167|53343|441531,ALDOA|BAD|DLG2|ENO1|GPI|GUK1|LDHA|LIPA|PFKL|PGAM1|PGM1|TPI1|NUDT9|PGAM4,-3.1
MyList,GO Biological Processes,19,GO:0016052,carbohydrate catabolic process,19_GO:0008152 metabolic process,-4.8,3,5.2,30293,110,1751,19,1.1,0.25,226|572|1486|2023|2821|3939|3988|4126|5211|5223|5236|5836|7167|10690|23324|26007|84750|414328|441531,ALDOA|BAD|CTBS|ENO1|GPI|LDHA|LIPA|MANBA|PFKL|PGAM1|PGM1|PYGL|TPI1|FUT9|MAN2B2|TKFC|FUT10|IDNK|PGAM4,-3.1
MyList,GO Biological Processes,19,GO:0016032,viral process,19_GO:0016032 viral process,-4.8,2.2,4.9,30293,247,1751,32,1.8,0.32,821|1525|1605|1642|1948|1949|3838|5125|5245|5478|6404|6480|6598|6609|6993|7037|7251|7913|8664|8665|8673|8678|8764|25945|27243|29082|51386|51510|55048|128866|155382|339390,CANX|CXADR|DAG1|DDB1|EFNB2|EFNB3|KPNA2|PCSK5|PHB1|PPIA|SELPLG|ST6GAL1|SMARCB1|SMPD1|DYNLT1|TFRC|TSG101|DEK|EIF3D|EIF3F|VAMP8|BECN1|TNFRSF14|NECTIN3|CHMP2A|CHMP4A|EIF3L|CHMP5|VPS37C|CHMP4B|VPS37D|CLEC4G,-3.1
MyList,GO Biological Processes,19,GO:0002886,regulation of myeloid leukocyte mediated immunity,19_GO:0002376 immune system process,-4.8,3.9,5.5,30293,57,1751,13,0.74,0.21,136|613|718|1524|3566|3684|3689|4067|5170|6810|6850|8673|9188,ADORA2B|BCR|C3|CX3CR1|IL4R|ITGAM|ITGB2|LYN|PDPK1|STX4|SYK|VAMP8|DDX21,-3.1
MyList,GO Biological Processes,19,GO:0033674,positive regulation of kinase activity,19_GO:0048518 positive regulation of biological process,-4.8,2.1,4.8,30293,305,1751,37,2.1,0.34,493|572|801|972|2547|3265|5156|5170|5245|5478|5571|5580|5604|5621|5747|5906|6188|6622|7010|7295|8792|9270|10006|10040|10519|10899|23531|55437|56034|56892|80725|90441|133619|143384|146433|219736|100133941,ATP2B4|BAD|CALM1|CD74|XRCC6|HRAS|PDGFRA|PDPK1|PHB1|PPIA|PRKAG1|PRKCD|MAP2K1|PRNP|PTK2|RAP1A|RPS3|SNCA|TEK|TXN|TNFRSF11A|ITGB1BP1|ABI1|TOM1L1|CIB1|JTB|MMD|STRADB|PDGFC|TCIM|SRCIN1|ZNF622|PRRC1|CACUL1|IL34|STOX1|CD24,-3
MyList,GO Biological Processes,19,GO:0090025,regulation of monocyte chemotaxis,19_GO:0040011 locomotion,-4.7,5.6,6,30293,28,1751,9,0.51,0.17,199|1230|1524|3146|4067|4856|5641|7941|158747,AIF1|CCR1|CX3CR1|HMGB1|LYN|CCN3|LGMN|PLA2G7|MOSPD2,-3
MyList,GO Biological Processes,19,GO:0000470,maturation of LSU-rRNA,19_GO:0008152 metabolic process,-4.7,5.6,6,30293,28,1751,9,0.51,0.17,4736|6129|6130|9326|10412|11224|23560|55651|79707,RPL10A|RPL7|RPL7A|ZNHIT3|NSA2|RPL35|GTPBP4|NHP2|NOL9,-3
MyList,GO Biological Processes,19,GO:0009201,ribonucleoside triphosphate biosynthetic process,19_GO:0008152 metabolic process,-4.7,3.1,5.2,30293,101,1751,18,1,0.24,226|318|498|527|1353|3948|3988|4704|4706|4708|4712|4718|4720|4725|4726|4830|10632|30968,ALDOA|NUDT2|ATP5F1A|ATP6V0C|COX11|LDHC|LIPA|NDUFA9|NDUFAB1|NDUFB2|NDUFB6|NDUFC2|NDUFS2|NDUFS5|NDUFS6|NME1|ATP5MG|STOML2,-3
MyList,GO Biological Processes,19,GO:0030111,regulation of Wnt signaling pathway,19_GO:0050896 response to stimulus,-4.7,2,4.7,30293,341,1751,40,2.3,0.36,527|1501|2735|2776|4088|6206|6299|6422|6789|7090|7097|7320|7480|8321|8613|8724|8945|9736|10459|11197|22881|23213|23399|25805|25987|27122|28999|51339|51527|55366|55612|55959|56998|57326|59343|79718|79971|80319|147906|252839,ATP6V0C|CTNND2|GLI1|GNAQ|SMAD3|RPS12|SALL1|SFRP1|STK4|TLE3|TLR2|UBE2B|WNT10B|FZD1|PLPP3|SNX3|BTRC|USP34|MAD2L2|WIF1|ANKRD6|SULF1|CTDNEP1|BAMBI|TSKU|DKK3|KLF15|DACT1|GSKIP|LGR4|FERMT1|SULF2|CTNNBIP1|PBXIP1|SENP2|TBL1XR1|WLS|CXXC4|DACT3|TMEM9,-3
MyList,GO Biological Processes,19,GO:0042063,gliogenesis,19_GO:0032502 developmental process,-4.7,2.2,4.8,30293,271,1751,34,1.9,0.33,712|1191|1272|1464|1605|1746|2290|2670|2824|3265|3845|4067|4720|5048|5080|5604|5803|5925|6009|7097|7101|7846|8613|8890|9289|10810|22800|22911|23418|28999|55553|57178|90865|146433,C1QA|CLU|CNTN1|CSPG4|DAG1|DLX2|FOXG1|GFAP|GPM6B|HRAS|KRAS|LYN|NDUFS2|PAFAH1B1|PAX6|MAP2K1|PTPRZ1|RB1|RHEB|TLR2|NR2E1|TUBA1A|PLPP3|EIF2B4|ADGRG1|WASF3|RRAS2|WDR47|CRB1|KLF15|SOX6|ZMIZ1|IL33|IL34,-3
MyList,GO Biological Processes,19,GO:0047496,vesicle transport along microtubule,19_GO:0051179 localization,-4.7,4.5,5.7,30293,42,1751,11,0.63,0.19,1176|1780|5048|9371|10947|22920|23291|23557|79443|84062|282991,AP3S1|DYNC1I1|PAFAH1B1|KIF3B|AP3M2|KIFAP3|FBXW11|SNAPIN|FYCO1|DTNBP1|BLOC1S2,-3
MyList,GO Biological Processes,19,GO:0002431,Fc receptor mediated stimulatory signaling pathway,19_GO:0002376 immune system process,-4.7,6.3,6.1,30293,22,1751,8,0.46,0.16,4067|5580|5747|6850|7409|7410|8013|196051,LYN|PRKCD|PTK2|SYK|VAV1|VAV2|NR4A3|PLPP4,-3
MyList,GO Biological Processes,19,GO:0050777,negative regulation of immune response,19_GO:0002376 immune system process,-4.7,2.4,4.9,30293,193,1751,27,1.5,0.29,103|142|196|301|430|613|1398|3566|3821|4067|5532|5987|6223|6850|8764|9111|11326|29883|51441|54542|55829|79651|84695|84868|90865|259307|339390,ADAR|PARP1|AHR|ANXA1|ASCL2|BCR|CRK|IL4R|KLRC1|LYN|PPP3CB|TRIM27|RPS19|SYK|TNFRSF14|NMI|VSIG4|CNOT7|YTHDF2|RC3H2|SELENOS|RHBDF2|LOXL3|HAVCR2|IL33|IL4I1|CLEC4G,-3
MyList,GO Biological Processes,19,GO:0098609,cell-cell adhesion,19_GO:0009987 cellular process,-4.7,1.8,4.6,30293,541,1751,56,3.2,0.42,71|301|460|677|923|945|965|1007|1008|1009|1012|1272|1311|1496|1501|1524|1525|1740|2239|2650|2895|3682|3684|3689|4685|4856|4868|4897|5100|5156|5478|5792|5912|6404|6793|6850|7087|7216|7477|8613|9071|10049|23418|25945|27253|55591|57348|57526|57575|60626|64881|79872|83660|84059|84063|100133941,ACTG1|ANXA1|ASTN1|ZFP36L1|CD6|CD33|CD58|CDH9|CDH10|CDH11|CDH13|CNTN1|COMP|CTNNA2|CTNND2|CX3CR1|CXADR|DLG2|GPC4|GCNT1|GRID2|ITGAE|ITGAM|ITGB2|NCAM2|CCN3|NPHS1|NRCAM|PCDH8|PDGFRA|PPIA|PTPRF|RAP2B|SELPLG|STK10|SYK|ICAM5|TRO|WNT7B|PLPP3|CLDN10|DNAJB6|CRB1|NECTIN3|PCDH17|VEZT|TTYH1|PCDH19|PCDH10|RIC8A|PCDH20|CBLL1|TLN2|ADGRV1|KIRREL2|CD24,-3
MyList,GO Biological Processes,19,GO:0007409,axonogenesis,19_GO:0032502 developmental process,-4.7,2,4.7,30293,366,1751,42,2.4,0.37,71|1009|1272|1385|1496|1605|1855|1948|1949|2290|3730|3925|4897|5048|5063|5080|5532|5747|5803|5879|6277|6585|7101|7155|7345|7477|7976|9355|9637|9706|10371|10494|10678|10752|11041|22911|25987|56896|64218|64283|65059|284656,ACTG1|CDH11|CNTN1|CREB1|CTNNA2|DAG1|DVL1|EFNB2|EFNB3|FOXG1|ANOS1|STMN1|NRCAM|PAFAH1B1|PAK3|PAX6|PPP3CB|PTK2|PTPRZ1|RAC1|S100A6|SLIT1|NR2E1|TOP2B|UCHL1|WNT7B|FZD3|LHX2|FEZ2|ULK2|SEMA3A|STK25|B3GNT2|CHL1|B4GAT1|WDR47|TSKU|DPYSL5|SEMA4A|ARHGEF28|RAPH1|EPHA10,-3
MyList,GO Biological Processes,19,GO:0006417,regulation of translation,19_GO:0008152 metabolic process,-4.7,1.9,4.6,30293,440,1751,48,2.7,0.39,1734|1965|2058|2107|2235|3488|3646|4076|5436|5936|6125|6134|6154|6188|6191|6203|6208|6301|6726|7248|7458|8550|8664|8667|8872|8890|9939|10209|10657|11236|23034|27230|28958|29118|51123|51204|51441|51714|54952|55037|55364|65109|84324|92196|126374|127933|340719|378884,DIO2|EIF2S1|EPRS1|ETF1|FECH|IGFBP5|EIF3E|CAPRIN1|POLR2G|RBM4|RPL5|RPL10|RPL26|RPS3|RPS4X|RPS9|RPS14|SARS1|SRP9|TSC1|EIF4H|MAPKAPK5|EIF3D|EIF3H|CDC123|EIF2B4|RBM8A|EIF1|KHDRBS1|RNF139|SAMD4A|SERP1|COA3|DDX25|ZNF706|TACO1|YTHDF2|SELENOT|TRNAU1AP|PTCD3|IMPACT|UPF3B|SARNP|DAPL1|WTIP|UHMK1|NANOS1|NHLRC1,-3
MyList,GO Biological Processes,19,GO:0010256,endomembrane system organization,19_GO:0009987 cellular process,-4.7,1.8,4.6,30293,555,1751,57,3.3,0.42,358|527|537|1176|1191|1385|2801|2804|3267|5048|6609|6810|7251|7485|8724|8766|8938|9382|9788|9897|10419|10466|10490|10494|11267|22931|23141|23399|23418|23557|26003|27230|27243|29082|29993|51234|51510|51560|51608|54463|55048|55968|56851|63982|80115|80856|84062|84691|89781|116841|128866|133022|137886|155382|157680|252839|282991,AQP1|ATP6V0C|ATP6AP1|AP3S1|CLU|CREB1|GOLGA2|GOLGB1|AGFG1|PAFAH1B1|SMPD1|STX4|TSG101|GET1|SNX3|RAB11A|BAIAP3|COG1|MTSS1|WASHC5|PRMT5|COG5|VTI1B|STK25|SNF8|RAB18|ANKLE2|CTDNEP1|CRB1|SNAPIN|GORASP2|SERP1|CHMP2A|CHMP4A|PACSIN1|EMC4|CHMP5|RAB6B|GET4|RETREG1|VPS37C|NSFL1C|EMC7|ANO3|BAIAP2L2|LNPK|DTNBP1|GARIN1B|HPS4|SNAP47|CHMP4B|TRAM1L1|UBXN2B|VPS37D|VPS13B|TMEM9|BLOC1S2,-3
MyList,GO Biological Processes,19,GO:0009185,ribonucleoside diphosphate metabolic process,19_GO:0008152 metabolic process,-4.7,3.5,5.3,30293,75,1751,15,0.86,0.22,226|572|1740|2023|2821|2987|3939|3988|5211|5223|5236|7167|7372|53343|441531,ALDOA|BAD|DLG2|ENO1|GPI|GUK1|LDHA|LIPA|PFKL|PGAM1|PGM1|TPI1|UMPS|NUDT9|PGAM4,-3
MyList,GO Biological Processes,19,GO:0002274,myeloid leukocyte activation,19_GO:0002376 immune system process,-4.7,2.6,5,30293,152,1751,23,1.3,0.27,136|199|301|613|712|1191|1524|2214|2922|3146|3684|3689|4067|5580|6622|6850|7097|8013|9111|10758|55509|84868|90865,ADORA2B|AIF1|ANXA1|BCR|C1QA|CLU|CX3CR1|FCGR3A|GRP|HMGB1|ITGAM|ITGB2|LYN|PRKCD|SNCA|SYK|TLR2|NR4A3|NMI|TRAF3IP2|BATF3|HAVCR2|IL33,-3
MyList,GO Biological Processes,19,GO:0015980,energy derivation by oxidation of organic compounds,19_GO:0008152 metabolic process,-4.6,2.2,4.7,30293,262,1751,33,1.9,0.32,50|158|498|1327|1738|2109|3418|4191|4704|4706|4708|4712|4718|4720|4725|4726|5162|5502|5836|6622|7385|7386|8013|10632|23410|30968|51103|54205|55022|79751|83733|378884|388753,ACO2|ADSL|ATP5F1A|COX4I1|DLD|ETFB|IDH2|MDH2|NDUFA9|NDUFAB1|NDUFB2|NDUFB6|NDUFC2|NDUFS2|NDUFS5|NDUFS6|PDHB|PPP1R1A|PYGL|SNCA|UQCRC2|UQCRFS1|NR4A3|ATP5MG|SIRT3|STOML2|NDUFAF1|CYCS|PID1|SLC25A22|SLC25A18|NHLRC1|COA6,-3
MyList,GO Biological Processes,19,GO:0050870,positive regulation of T cell activation,19_GO:0002376 immune system process,-4.6,2.2,4.8,30293,251,1751,32,1.8,0.32,199|301|572|865|923|972|1948|1949|3109|3111|3119|3122|3127|3146|3566|4067|4860|5170|6188|6598|6850|7037|7409|7480|8764|11151|29117|57178|81704|84868|259307|100133941,AIF1|ANXA1|BAD|CBFB|CD6|CD74|EFNB2|EFNB3|HLA-DMB|HLA-DOA|HLA-DQB1|HLA-DRA|HLA-DRB5|HMGB1|IL4R|LYN|PNP|PDPK1|RPS3|SMARCB1|SYK|TFRC|VAV1|WNT10B|TNFRSF14|CORO1A|BRD7|ZMIZ1|DOCK8|HAVCR2|IL4I1|CD24,-2.9
MyList,GO Biological Processes,19,GO:0042274,ribosomal small subunit biogenesis,19_GO:0009987 cellular process,-4.6,3,5.1,30293,103,1751,18,1,0.24,5822|6189|6191|6203|6206|6208|6209|6210|6218|6223|6228|6838|10528|10885|11157|57050|90121|404672,PWP2|RPS3A|RPS4X|RPS9|RPS12|RPS14|RPS15|RPS15A|RPS17|RPS19|RPS23|SURF6|NOP56|WDR3|LSM6|UTP3|TSR2|GTF2H5,-2.9
MyList,GO Biological Processes,19,GO:0043086,negative regulation of catalytic activity,19_GO:0065007 biological regulation,-4.6,1.9,4.6,30293,456,1751,49,2.8,0.39,103|358|493|1050|1910|2280|2281|2771|2776|2913|3265|3301|4067|4659|4878|5064|5170|5478|5569|5580|5925|5987|6125|6135|6609|6622|7251|7345|7532|9270|9532|10049|10459|10715|24144|26086|28951|29085|51291|51527|54583|55795|57630|57718|58533|80725|84059|84062|260434,ADAR|AQP1|ATP2B4|CEBPA|EDNRB|FKBP1A|FKBP1B|GNAI2|GNAQ|GRM3|HRAS|DNAJA1|LYN|PPP1R12A|NPPA|PALM|PDPK1|PPIA|PKIA|PRKCD|RB1|TRIM27|RPL5|RPL11|SMPD1|SNCA|TSG101|UCHL1|YWHAG|ITGB1BP1|BAG2|DNAJB6|MAD2L2|CERS1|TFIP11|GPSM1|TRIB2|PHPT1|GMIP|GSKIP|EGLN1|PCID2|SH3RF1|PPP4R4|SNX6|SRCIN1|ADGRV1|DTNBP1|PYDC1,-2.9
MyList,GO Biological Processes,19,GO:0034330,cell junction organization,19_GO:0009987 cellular process,-4.6,1.8,4.5,30293,533,1751,55,3.1,0.42,71|88|375|395|577|613|712|713|718|1007|1008|1009|1012|1398|1501|1524|1525|1855|1948|2239|2558|2823|2895|3684|4088|4868|4897|5063|5064|5217|5621|5641|5792|6505|6622|6780|7043|7205|7248|7477|7846|8321|8777|9071|9788|10810|10882|11079|23557|27253|27445|80725|83660|91851|389941,ACTG1|ACTN2|ARF1|ARHGAP6|ADGRB3|BCR|C1QA|C1QB|C3|CDH9|CDH10|CDH11|CDH13|CRK|CTNND2|CX3CR1|CXADR|DVL1|EFNB2|GPC4|GABRA5|GPM6A|GRID2|ITGAM|SMAD3|NPHS1|NRCAM|PAK3|PALM|PFN2|PRNP|LGMN|PTPRF|SLC1A1|SNCA|STAU1|TGFB3|TRIP6|TSC1|WNT7B|TUBA1A|FZD1|MPDZ|CLDN10|MTSS1|WASF3|C1QL1|RER1|SNAPIN|PCDH17|PCLO|SRCIN1|TLN2|CHRDL1|C1QL3,-2.9
MyList,GO Biological Processes,19,GO:0009123,nucleoside monophosphate metabolic process,19_GO:0008152 metabolic process,-4.6,3.4,5.2,30293,76,1751,15,0.86,0.22,158|159|271|318|1740|1806|1841|2987|4860|5471|5631|7372|9615|10591|221823,ADSL|ADSS2|AMPD2|NUDT2|DLG2|DPYD|DTYMK|GUK1|PNP|PPAT|PRPS1|UMPS|GDA|DNPH1|PRPS1L1,-2.9
MyList,GO Biological Processes,19,GO:0007626,locomotory behavior,19_GO:0032501 multicellular organismal process,-4.6,2.4,4.8,30293,196,1751,27,1.5,0.29,435|460|1272|1949|4886|4923|5048|5532|6505|6622|7200|7248|7337|7345|7846|8704|9698|10752|10882|22911|23287|51643|54112|55084|57282|57626|114781,ASL|ASTN1|CNTN1|EFNB3|NPY1R|NTSR1|PAFAH1B1|PPP3CB|SLC1A1|SNCA|TRH|TSC1|UBE3A|UCHL1|TUBA1A|B4GALT2|PUM1|CHL1|C1QL1|WDR47|AGTPBP1|TMBIM4|GPR88|SOBP|SLC4A10|KLHL1|BTBD9,-2.9
MyList,GO Biological Processes,19,GO:0009161,ribonucleoside monophosphate metabolic process,19_GO:0008152 metabolic process,-4.6,3.8,5.4,30293,59,1751,13,0.74,0.21,158|159|271|318|1740|1806|2987|4860|5471|5631|7372|9615|221823,ADSL|ADSS2|AMPD2|NUDT2|DLG2|DPYD|GUK1|PNP|PPAT|PRPS1|UMPS|GDA|PRPS1L1,-2.9
MyList,GO Biological Processes,19,GO:0044089,positive regulation of cellular component biogenesis,19_GO:0048518 positive regulation of biological process,-4.6,1.8,4.5,30293,508,1751,53,3,0.41,577|1191|1307|1605|1809|2823|2895|3265|3936|4076|4088|4848|4868|5064|5217|5706|5879|6188|6422|6622|6850|7010|7037|7043|7248|7251|7480|8655|8678|9270|9750|9788|10152|10459|10787|11267|22930|23379|27243|51100|51364|51375|55604|55612|55845|57472|57600|64218|79184|79969|80115|202018|255967,ADGRB3|CLU|COL16A1|DAG1|DPYSL3|GPM6A|GRID2|HRAS|LCP1|CAPRIN1|SMAD3|CNOT2|NPHS1|PALM|PFN2|PSMC6|RAC1|RPS3|SFRP1|SNCA|SYK|TEK|TFRC|TGFB3|TSC1|TSG101|WNT10B|DYNLL1|BECN1|ITGB1BP1|RIPOR2|MTSS1|ABI2|MAD2L2|NCKAP1|SNF8|RAB3GAP1|ICE1|CHMP2A|SH3GLB1|ZMYND10|SNX7|CARMIL1|FERMT1|BRK1|CNOT6|FNIP2|SEMA4A|BRCC3|ATAT1|BAIAP2L2|TAPT1|PAN3,-2.9
MyList,GO Biological Processes,19,GO:1903320,regulation of protein modification by small protein conjugation or removal,19_GO:0008152 metabolic process,-4.6,2.2,4.7,30293,241,1751,31,1.8,0.32,330|2295|3300|3301|5478|6125|6135|6187|6188|6500|7314|7337|7805|7965|8945|9111|9532|10016|10459|11170|23560|25898|27018|27338|51138|54602|55859|57599|59343|84707|378884,BIRC3|FOXF2|DNAJB2|DNAJA1|PPIA|RPL5|RPL11|RPS2|RPS3|SKP1|UBB|UBE3A|LAPTM5|AIMP2|BTRC|NMI|BAG2|PDCD6|MAD2L2|FAM107A|GTPBP4|RCHY1|BEX3|UBE2S|COPS4|NDFIP2|BEX1|WDR48|SENP2|BEX2|NHLRC1,-2.9
MyList,GO Biological Processes,19,GO:0022409,positive regulation of cell-cell adhesion,19_GO:0048518 positive regulation of biological process,-4.6,2,4.6,30293,323,1751,38,2.2,0.35,199|240|301|572|865|923|972|1948|1949|2650|3109|3111|3119|3122|3127|3146|3566|3689|4067|4860|5170|6188|6598|6850|7037|7409|7480|8013|8613|8764|11151|22920|29117|57178|81704|84868|259307|100133941,AIF1|ALOX5|ANXA1|BAD|CBFB|CD6|CD74|EFNB2|EFNB3|GCNT1|HLA-DMB|HLA-DOA|HLA-DQB1|HLA-DRA|HLA-DRB5|HMGB1|IL4R|ITGB2|LYN|PNP|PDPK1|RPS3|SMARCB1|SYK|TFRC|VAV1|WNT10B|NR4A3|PLPP3|TNFRSF14|CORO1A|KIFAP3|BRD7|ZMIZ1|DOCK8|HAVCR2|IL4I1|CD24,-2.9
MyList,GO Biological Processes,19,GO:0043413,macromolecule glycosylation,19_GO:0008152 metabolic process,-4.6,2.3,4.7,30293,219,1751,29,1.7,0.3,1603|2650|2801|5372|6480|7991|8703|8704|8706|8813|10678|10690|11041|27087|27230|29071|29880|30815|56913|57171|63917|79369|84002|84750|84892|116150|256281|727936|100128731,DAD1|GCNT1|GOLGA2|PMM1|ST6GAL1|TUSC3|B4GALT3|B4GALT2|B3GALNT1|DPM1|B3GNT2|FUT9|B4GAT1|B3GAT1|SERP1|C1GALT1C1|ALG5|ST6GALNAC6|C1GALT1|DOLPP1|GALNT11|B3GNT4|B3GNT5|FUT10|POMGNT2|NUS1|NUDT14|GXYLT2|OST4,-2.9
MyList,GO Biological Processes,19,GO:0006486,protein glycosylation,19_GO:0008152 metabolic process,-4.6,2.3,4.7,30293,219,1751,29,1.7,0.3,1603|2650|2801|5372|6480|7991|8703|8704|8706|8813|10678|10690|11041|27087|27230|29071|29880|30815|56913|57171|63917|79369|84002|84750|84892|116150|256281|727936|100128731,DAD1|GCNT1|GOLGA2|PMM1|ST6GAL1|TUSC3|B4GALT3|B4GALT2|B3GALNT1|DPM1|B3GNT2|FUT9|B4GAT1|B3GAT1|SERP1|C1GALT1C1|ALG5|ST6GALNAC6|C1GALT1|DOLPP1|GALNT11|B3GNT4|B3GNT5|FUT10|POMGNT2|NUS1|NUDT14|GXYLT2|OST4,-2.9
MyList,GO Biological Processes,19,GO:0061564,axon development,19_GO:0032502 developmental process,-4.6,1.9,4.6,30293,421,1751,46,2.6,0.38,71|1009|1268|1272|1385|1496|1605|1855|1948|1949|2290|2824|3730|3925|4685|4897|5048|5063|5080|5532|5747|5803|5879|6277|6585|7101|7155|7345|7477|7976|9355|9637|9706|10371|10494|10678|10752|11041|22911|25987|56896|57465|64218|64283|65059|284656,ACTG1|CDH11|CNR1|CNTN1|CREB1|CTNNA2|DAG1|DVL1|EFNB2|EFNB3|FOXG1|GPM6B|ANOS1|STMN1|NCAM2|NRCAM|PAFAH1B1|PAK3|PAX6|PPP3CB|PTK2|PTPRZ1|RAC1|S100A6|SLIT1|NR2E1|TOP2B|UCHL1|WNT7B|FZD3|LHX2|FEZ2|ULK2|SEMA3A|STK25|B3GNT2|CHL1|B4GAT1|WDR47|TSKU|DPYSL5|TBC1D24|SEMA4A|ARHGEF28|RAPH1|EPHA10,-2.9
MyList,GO Biological Processes,19,GO:0051053,negative regulation of DNA metabolic process,19_GO:0048519 negative regulation of biological process,-4.6,2.6,4.9,30293,144,1751,22,1.3,0.27,142|3178|3183|4292|4968|5884|6188|7270|9104|10459|10715|10923|23560|24144|27000|55086|64110|64282|80169|84309|116028|167227,PARP1|HNRNPA1|HNRNPC|MLH1|OGG1|RAD17|RPS3|TTF1|RGN|MAD2L2|CERS1|SUB1|GTPBP4|TFIP11|DNAJC2|RADX|MAGEF1|TENT4B|CTC1|NUDT16L1|RMI2|DCP2,-2.9
MyList,GO Biological Processes,19,GO:0150116,regulation of cell-substrate junction organization,19_GO:0050789 regulation of biological process,-4.5,3.6,5.2,30293,68,1751,14,0.8,0.21,71|395|1307|2824|4088|5747|5786|5879|6422|7010|7248|9270|11170|28956,ACTG1|ARHGAP6|COL16A1|GPM6B|SMAD3|PTK2|PTPRA|RAC1|SFRP1|TEK|TSC1|ITGB1BP1|FAM107A|LAMTOR2,-2.9
MyList,GO Biological Processes,19,GO:0032434,regulation of proteasomal ubiquitin-dependent protein catabolic process,19_GO:0008152 metabolic process,-4.5,2.7,4.9,30293,134,1751,21,1.2,0.26,1050|1191|1855|2295|3093|3300|6135|6880|7480|7514|7874|8078|8667|23429|25898|28951|51105|57630|65992|90865|147686,CEBPA|CLU|DVL1|FOXF2|UBE2K|DNAJB2|RPL11|TAF9|WNT10B|XPO1|USP7|USP5|EIF3H|RYBP|RCHY1|TRIB2|PHF20L1|SH3RF1|DDRGK1|IL33|ZNF418,-2.9
MyList,GO Biological Processes,19,GO:0009895,negative regulation of catabolic process,19_GO:0048519 negative regulation of biological process,-4.5,2,4.6,30293,348,1751,40,2.3,0.36,493|1268|2521|2801|3082|3156|3183|4088|5245|5987|6048|6125|6135|6622|6880|7248|7874|8667|8678|8724|9104|9491|9637|9711|10459|10758|11180|11345|23429|23450|51105|51582|55625|57533|58528|64282|65992|81892|92196|151176,ATP2B4|CNR1|FUS|GOLGA2|HGF|HMGCR|HNRNPC|SMAD3|PHB1|TRIM27|RNF5|RPL5|RPL11|SNCA|TAF9|TSC1|USP7|EIF3H|BECN1|SNX3|RGN|PSMF1|FEZ2|RUBCN|MAD2L2|TRAF3IP2|WDR6|GABARAPL2|RYBP|SF3B3|PHF20L1|AZIN1|ZDHHC7|TBC1D14|RRAGD|TENT4B|DDRGK1|SLIRP|DAPL1|ERFE,-2.9
MyList,GO Biological Processes,19,GO:0007611,learning or memory,19_GO:0032501 multicellular organismal process,-4.5,2.1,4.7,30293,277,1751,34,1.9,0.33,577|1268|1385|1393|1524|2558|2821|3156|3269|3845|4923|5048|5080|5532|5621|5641|5764|5803|6505|7067|7097|7248|7337|7846|8704|10882|27087|51204|54112|57338|60626|84502|114781|161582,ADGRB3|CNR1|CREB1|CRHBP|CX3CR1|GABRA5|GPI|HMGCR|HRH1|KRAS|NTSR1|PAFAH1B1|PAX6|PPP3CB|PRNP|LGMN|PTN|PTPRZ1|SLC1A1|THRA|TLR2|TSC1|UBE3A|TUBA1A|B4GALT2|C1QL1|B3GAT1|TACO1|GPR88|JPH3|RIC8A|JPH4|BTBD9|DNAAF4,-2.9
MyList,GO Biological Processes,19,GO:0035304,regulation of protein dephosphorylation,19_GO:0008152 metabolic process,-4.5,3.4,5.2,30293,77,1751,15,0.86,0.22,801|945|2280|2281|4659|5478|5580|6609|7248|7529|9863|10776|23141|57718|121665,CALM1|CD33|FKBP1A|FKBP1B|PPP1R12A|PPIA|PRKCD|SMPD1|TSC1|YWHAB|MAGI2|ARPP19|ANKLE2|PPP4R4|SPPL3,-2.9
MyList,GO Biological Processes,19,GO:0030099,myeloid cell differentiation,19_GO:0032502 developmental process,-4.5,2.1,4.6,30293,289,1751,35,2,0.33,103|142|537|865|1050|1385|2235|2739|3059|3313|3784|3988|4067|4602|5048|5925|6208|6223|6422|7037|7067|7097|8111|8444|8792|10006|10019|10519|10766|23456|25979|51510|55509|81624|90865,ADAR|PARP1|ATP6AP1|CBFB|CEBPA|CREB1|FECH|GLO1|HCLS1|HSPA9|KCNQ1|LIPA|LYN|MYB|PAFAH1B1|RB1|RPS14|RPS19|SFRP1|TFRC|THRA|TLR2|GPR68|DYRK3|TNFRSF11A|ABI1|SH2B3|CIB1|TOB2|ABCB10|DHRS7B|CHMP5|BATF3|DIAPH3|IL33,-2.9
MyList,GO Biological Processes,19,GO:0000288,"nuclear-transcribed mRNA catabolic process, deadenylation-dependent decay",19_GO:0048519 negative regulation of biological process,-4.5,4.3,5.5,30293,44,1751,11,0.63,0.19,677|4292|4848|9337|23016|23034|29883|54542|57472|167227|255967,ZFP36L1|MLH1|CNOT2|CNOT8|EXOSC7|SAMD4A|CNOT7|RC3H2|CNOT6|DCP2|PAN3,-2.9
MyList,GO Biological Processes,19,GO:0061743,motor learning,19_GO:0032501 multicellular organismal process,-4.5,11,6.9,30293,8,1751,5,0.29,0.13,577|7337|10882|51204|54112,ADGRB3|UBE3A|C1QL1|TACO1|GPR88,-2.9
MyList,GO Biological Processes,19,GO:0062196,regulation of lysosome size,19_GO:0065007 biological regulation,-4.5,11,6.9,30293,8,1751,5,0.29,0.13,23557|79036|118426|119032|282991,SNAPIN|KXD1|BORCS5|BORCS7|BLOC1S2,-2.9
MyList,GO Biological Processes,19,GO:0050807,regulation of synapse organization,19_GO:0050789 regulation of biological process,-4.5,2.2,4.7,30293,243,1751,31,1.8,0.32,577|1496|1605|1627|1855|1949|2239|2823|2895|4076|4897|5048|5063|5100|5621|6585|6622|7087|7097|7337|7846|8321|10152|10882|26115|54583|64218|80725|84062|115703|389941,ADGRB3|CTNNA2|DAG1|DBN1|DVL1|EFNB3|GPC4|GPM6A|GRID2|CAPRIN1|NRCAM|PAFAH1B1|PAK3|PCDH8|PRNP|SLIT1|SNCA|ICAM5|TLR2|UBE3A|TUBA1A|FZD1|ABI2|C1QL1|TANC2|EGLN1|SEMA4A|SRCIN1|DTNBP1|ARHGAP33|C1QL3,-2.9
MyList,GO Biological Processes,19,GO:0034599,cellular response to oxidative stress,19_GO:0050896 response to stimulus,-4.5,2.3,4.7,30293,221,1751,29,1.7,0.3,142|199|318|358|1965|4257|4602|5052|5156|5478|5563|5580|6188|6505|6622|6780|6810|7155|7295|8575|8678|10494|29957|51142|51526|55290|55829|57465|154807,PARP1|AIF1|NUDT2|AQP1|EIF2S1|MGST1|MYB|PRDX1|PDGFRA|PPIA|PRKAA2|PRKCD|RPS3|SLC1A1|SNCA|STAU1|STX4|TOP2B|TXN|PRKRA|BECN1|STK25|SLC25A24|CHCHD2|OSER1|BRF2|SELENOS|TBC1D24|VKORC1L1,-2.8
MyList,GO Biological Processes,19,GO:0051345,positive regulation of hydrolase activity,19_GO:0065007 biological regulation,-4.5,1.8,4.5,30293,487,1751,51,2.9,0.4,317|395|572|613|801|945|2776|3146|3265|4067|4088|4594|4659|5156|5170|5245|5580|5641|5660|5720|5721|5906|5996|6001|6188|6300|6422|6622|6850|7248|7805|8787|9863|9905|9938|10016|10197|22930|23161|23179|23526|23787|51291|54205|55854|57533|63928|65992|81704|128272|255426,APAF1|ARHGAP6|BAD|BCR|CALM1|CD33|GNAQ|HMGB1|HRAS|LYN|SMAD3|MMUT|PPP1R12A|PDGFRA|PDPK1|PHB1|PRKCD|LGMN|PSAP|PSME1|PSME2|RAP1A|RGS1|RGS10|RPS3|MAPK12|SFRP1|SNCA|SYK|TSC1|LAPTM5|RGS9|MAGI2|SGSM2|ARHGAP25|PDCD6|PSME3|RAB3GAP1|SNX13|RGL1|ARHGAP45|MTCH1|GMIP|CYCS|ZC3H15|TBC1D14|CHP2|DDRGK1|DOCK8|ARHGEF19|RASGEF1C,-2.8
MyList,GO Biological Processes,19,GO:0050796,regulation of insulin secretion,19_GO:0051179 localization,-4.5,2.5,4.8,30293,167,1751,24,1.4,0.28,240|572|1268|2281|2850|3033|3741|4856|5211|5532|5715|5950|5991|6422|6810|7200|7260|8111|8655|8938|9501|23410|27230|79751,ALOX5|BAD|CNR1|FKBP1B|GPR27|HADH|KCNA5|CCN3|PFKL|PPP3CB|PSMD9|RBP4|RFX3|SFRP1|STX4|TRH|EIPR1|GPR68|DYNLL1|BAIAP3|RPH3AL|SIRT3|SERP1|SLC25A22,-2.8
MyList,GO Biological Processes,19,GO:0032984,protein-containing complex disassembly,19_GO:0009987 cellular process,-4.5,2.6,4.8,30293,146,1751,22,1.3,0.27,801|2107|3159|3312|3796|3925|6457|6598|7251|8444|8673|8678|11034|11345|23557|24144|27243|29082|51510|80183|84340|128866,CALM1|ETF1|HMGA1|HSPA8|KIF2A|STMN1|SH3GL3|SMARCB1|TSG101|DYRK3|VAMP8|BECN1|DSTN|GABARAPL2|SNAPIN|TFIP11|CHMP2A|CHMP4A|CHMP5|RUBCNL|GFM2|CHMP4B,-2.8
MyList,GO Biological Processes,19,GO:0033044,regulation of chromosome organization,19_GO:0050789 regulation of biological process,-4.4,2.2,4.6,30293,245,1751,31,1.8,0.32,142|1063|3178|3181|3183|5885|5925|6047|6598|6950|7203|7874|8193|8550|8678|10459|10574|10576|10923|11130|22948|23049|29117|51451|51529|55795|64282|80169|116028|125476|167227,PARP1|CENPF|HNRNPA1|HNRNPA2B1|HNRNPC|RAD21|RB1|RNF4|SMARCB1|TCP1|CCT3|USP7|DPF1|MAPKAPK5|BECN1|MAD2L2|CCT7|CCT2|SUB1|ZWINT|CCT5|SMG1|BRD7|LCMT1|ANAPC11|PCID2|TENT4B|CTC1|RMI2|INO80C|DCP2,-2.8
MyList,GO Biological Processes,19,GO:0051336,regulation of hydrolase activity,19_GO:0065007 biological regulation,-4.4,1.6,4.3,30293,753,1751,71,4.1,0.47,317|330|358|395|572|613|801|945|1398|2280|2281|2776|3146|3265|3925|4067|4088|4594|4659|4898|5156|5170|5245|5580|5641|5660|5720|5721|5747|5906|5996|6001|6188|6300|6422|6622|6850|7248|7409|7410|7805|8787|9270|9750|9863|9905|9938|10016|10049|10197|22930|23161|23179|23526|23787|26086|51291|54205|54583|55795|55854|57326|57533|57630|57718|63928|65992|81704|89846|128272|255426,APAF1|BIRC3|AQP1|ARHGAP6|BAD|BCR|CALM1|CD33|CRK|FKBP1A|FKBP1B|GNAQ|HMGB1|HRAS|STMN1|LYN|SMAD3|MMUT|PPP1R12A|NRDC|PDGFRA|PDPK1|PHB1|PRKCD|LGMN|PSAP|PSME1|PSME2|PTK2|RAP1A|RGS1|RGS10|RPS3|MAPK12|SFRP1|SNCA|SYK|TSC1|VAV1|VAV2|LAPTM5|RGS9|ITGB1BP1|RIPOR2|MAGI2|SGSM2|ARHGAP25|PDCD6|DNAJB6|PSME3|RAB3GAP1|SNX13|RGL1|ARHGAP45|MTCH1|GPSM1|GMIP|CYCS|EGLN1|PCID2|ZC3H15|PBXIP1|TBC1D14|SH3RF1|PPP4R4|CHP2|DDRGK1|DOCK8|FGD3|ARHGEF19|RASGEF1C,-2.8
MyList,GO Biological Processes,19,GO:1904356,regulation of telomere maintenance via telomere lengthening,19_GO:0008152 metabolic process,-4.4,3.7,5.2,30293,61,1751,13,0.74,0.21,142|3178|3181|3183|6950|7203|8550|10574|10576|22948|64282|80169|167227,PARP1|HNRNPA1|HNRNPA2B1|HNRNPC|TCP1|CCT3|MAPKAPK5|CCT7|CCT2|CCT5|TENT4B|CTC1|DCP2,-2.8
MyList,GO Biological Processes,19,GO:0043300,regulation of leukocyte degranulation,19_GO:0002376 immune system process,-4.4,4.2,5.4,30293,45,1751,11,0.63,0.19,136|613|3566|3684|3689|3822|4067|5170|6810|6850|8673,ADORA2B|BCR|IL4R|ITGAM|ITGB2|KLRC2|LYN|PDPK1|STX4|SYK|VAMP8,-2.8
MyList,GO Biological Processes,19,GO:1904872,regulation of telomerase RNA localization to Cajal body,19_GO:0051179 localization,-4.4,6.7,6,30293,18,1751,7,0.4,0.15,6950|7203|10574|10576|22948|55651|167227,TCP1|CCT3|CCT7|CCT2|CCT5|NHP2|DCP2,-2.8
MyList,GO Biological Processes,19,GO:1904666,regulation of ubiquitin protein ligase activity,19_GO:0065007 biological regulation,-4.4,6.7,6,30293,18,1751,7,0.4,0.15,6125|6135|6500|8945|9532|10459|27338,RPL5|RPL11|SKP1|BTRC|BAG2|MAD2L2|UBE2S,-2.8
MyList,GO Biological Processes,19,GO:0046031,ADP metabolic process,19_GO:0008152 metabolic process,-4.4,3.9,5.3,30293,53,1751,12,0.69,0.2,226|572|2023|2821|3939|3988|5211|5223|5236|7167|53343|441531,ALDOA|BAD|ENO1|GPI|LDHA|LIPA|PFKL|PGAM1|PGM1|TPI1|NUDT9|PGAM4,-2.8
MyList,GO Biological Processes,19,GO:0043302,positive regulation of leukocyte degranulation,19_GO:0002376 immune system process,-4.4,5.8,5.8,30293,24,1751,8,0.46,0.16,136|3566|3684|3689|3822|6810|6850|8673,ADORA2B|IL4R|ITGAM|ITGB2|KLRC2|STX4|SYK|VAMP8,-2.8
MyList,GO Biological Processes,19,GO:1901606,alpha-amino acid catabolic process,19_GO:0008152 metabolic process,-4.4,3.1,5,30293,88,1751,16,0.91,0.23,38|1428|2184|2731|2752|3081|3155|3712|4329|8942|23576|51166|56922|84706|137872|259307,ACAT1|CRYM|FAH|GLDC|GLUL|HGD|HMGCL|IVD|ALDH6A1|KYNU|DDAH1|AADAT|MCCC1|GPT2|ADHFE1|IL4I1,-2.8
MyList,GO Biological Processes,19,GO:0048667,cell morphogenesis involved in neuron differentiation,19_GO:0032502 developmental process,-4.4,1.8,4.4,30293,440,1751,47,2.7,0.39,71|1009|1272|1385|1496|1501|1605|1855|1948|1949|2290|3730|3925|4897|5048|5063|5080|5532|5747|5764|5803|5879|5925|6277|6585|7101|7155|7345|7477|7976|9355|9637|9706|10006|10371|10494|10678|10752|11041|22911|25987|56896|64218|64283|65059|84062|284656,ACTG1|CDH11|CNTN1|CREB1|CTNNA2|CTNND2|DAG1|DVL1|EFNB2|EFNB3|FOXG1|ANOS1|STMN1|NRCAM|PAFAH1B1|PAK3|PAX6|PPP3CB|PTK2|PTN|PTPRZ1|RAC1|RB1|S100A6|SLIT1|NR2E1|TOP2B|UCHL1|WNT7B|FZD3|LHX2|FEZ2|ULK2|ABI1|SEMA3A|STK25|B3GNT2|CHL1|B4GAT1|WDR47|TSKU|DPYSL5|SEMA4A|ARHGEF28|RAPH1|DTNBP1|EPHA10,-2.8
MyList,GO Biological Processes,19,GO:0071417,cellular response to organonitrogen compound,19_GO:0050896 response to stimulus,-4.4,1.7,4.4,30293,595,1751,59,3.4,0.43,88|142|196|358|493|598|677|1129|1176|1307|1393|1398|2058|2771|2776|2888|3208|3265|3269|3350|3488|3784|4062|4067|5080|5138|5156|5170|5580|5621|5641|5747|5786|5906|5925|6001|6422|6505|6622|7155|7480|7532|8013|8649|8787|9340|9734|11031|23641|28956|28999|51510|55625|55829|56034|58528|58533|80339|197131,ACTN2|PARP1|AHR|AQP1|ATP2B4|BCL2L1|ZFP36L1|CHRM2|AP3S1|COL16A1|CRHBP|CRK|EPRS1|GNAI2|GNAQ|GRB14|HPCA|HRAS|HRH1|HTR1A|IGFBP5|KCNQ1|LY6H|LYN|PAX6|PDE2A|PDGFRA|PDPK1|PRKCD|PRNP|LGMN|PTK2|PTPRA|RAP1A|RB1|RGS10|SFRP1|SLC1A1|SNCA|TOP2B|WNT10B|YWHAG|NR4A3|LAMTOR3|RGS9|GLP2R|HDAC9|RAB31|LDOC1|LAMTOR2|KLF15|CHMP5|ZDHHC7|SELENOS|PDGFC|RRAGD|SNX6|PNPLA3|UBR1,-2.8
MyList,GO Biological Processes,19,GO:0022904,respiratory electron transport chain,19_GO:0008152 metabolic process,-4.4,2.8,4.9,30293,117,1751,19,1.1,0.25,1327|1738|2109|4704|4706|4708|4712|4718|4720|4725|4726|6622|7385|7386|51103|54205|79751|83733|388753,COX4I1|DLD|ETFB|NDUFA9|NDUFAB1|NDUFB2|NDUFB6|NDUFC2|NDUFS2|NDUFS5|NDUFS6|SNCA|UQCRC2|UQCRFS1|NDUFAF1|CYCS|SLC25A22|SLC25A18|COA6,-2.8
MyList,GO Biological Processes,19,GO:0009991,response to extracellular stimulus,19_GO:0050896 response to stimulus,-4.4,1.8,4.4,30293,505,1751,52,3,0.41,38|123|136|158|317|435|594|968|1268|1592|1965|2281|2752|2771|3178|3312|3988|4067|4152|4852|4968|5563|5565|5571|6009|6223|6396|6422|6427|6750|6751|7037|7071|7248|7532|8644|8678|8792|8942|9706|11170|11345|25828|26608|51100|55364|55615|56270|58528|79077|79718|92196,ACAT1|PLIN2|ADORA2B|ADSL|APAF1|ASL|BCKDHB|CD68|CNR1|CYP26A1|EIF2S1|FKBP1B|GLUL|GNAI2|HNRNPA1|HSPA8|LIPA|LYN|MBD1|NPY|OGG1|PRKAA2|PRKAB2|PRKAG1|RHEB|RPS19|SEC13|SFRP1|SRSF2|SST|SSTR1|TFRC|KLF10|TSC1|YWHAG|AKR1C3|BECN1|TNFRSF11A|KYNU|ULK2|FAM107A|GABARAPL2|TXN2|TBL2|SH3GLB1|IMPACT|PRR5|WDR45B|RRAGD|DCTPP1|TBL1XR1|DAPL1,-2.7
MyList,GO Biological Processes,19,GO:0045860,positive regulation of protein kinase activity,19_GO:0048518 positive regulation of biological process,-4.4,2.1,4.6,30293,259,1751,32,1.8,0.32,493|801|2547|3265|5170|5245|5478|5571|5580|5604|5621|5747|5906|6188|6622|7295|8792|9270|10006|10040|10519|10899|23531|55437|56034|56892|80725|133619|143384|146433|219736|100133941,ATP2B4|CALM1|XRCC6|HRAS|PDPK1|PHB1|PPIA|PRKAG1|PRKCD|MAP2K1|PRNP|PTK2|RAP1A|RPS3|SNCA|TXN|TNFRSF11A|ITGB1BP1|ABI1|TOM1L1|CIB1|JTB|MMD|STRADB|PDGFC|TCIM|SRCIN1|PRRC1|CACUL1|IL34|STOX1|CD24,-2.7
MyList,GO Biological Processes,19,GO:0036258,multivesicular body assembly,19_GO:0009987 cellular process,-4.4,5,5.6,30293,31,1751,9,0.51,0.17,7251|8766|11267|27243|29082|51510|55048|128866|155382,TSG101|RAB11A|SNF8|CHMP2A|CHMP4A|CHMP5|VPS37C|CHMP4B|VPS37D,-2.7
MyList,GO Biological Processes,19,GO:0001774,microglial cell activation,19_GO:0002376 immune system process,-4.4,5,5.6,30293,31,1751,9,0.51,0.17,199|712|1191|1524|3684|3689|6622|7097|90865,AIF1|C1QA|CLU|CX3CR1|ITGAM|ITGB2|SNCA|TLR2|IL33,-2.7
MyList,GO Biological Processes,19,GO:0051036,regulation of endosome size,19_GO:0065007 biological regulation,-4.4,8,6.2,30293,13,1751,6,0.34,0.14,8766|23557|79036|118426|119032|282991,RAB11A|SNAPIN|KXD1|BORCS5|BORCS7|BLOC1S2,-2.7
MyList,GO Biological Processes,19,GO:0042116,macrophage activation,19_GO:0002376 immune system process,-4.4,3.6,5.1,30293,62,1751,13,0.74,0.21,199|712|1191|1524|2214|3684|3689|6622|6850|7097|9111|84868|90865,AIF1|C1QA|CLU|CX3CR1|FCGR3A|ITGAM|ITGB2|SNCA|SYK|TLR2|NMI|HAVCR2|IL33,-2.7
MyList,GO Biological Processes,19,GO:0002763,positive regulation of myeloid leukocyte differentiation,19_GO:0002376 immune system process,-4.4,3.6,5.1,30293,62,1751,13,0.74,0.21,677|972|1230|1385|3059|5925|7071|8111|8792|10456|56998|146433|399665,ZFP36L1|CD74|CCR1|CREB1|HCLS1|RB1|KLF10|GPR68|TNFRSF11A|HAX1|CTNNBIP1|IL34|EEIG1,-2.7
MyList,GO Biological Processes,19,GO:0002820,negative regulation of adaptive immune response,19_GO:0002376 immune system process,-4.4,3.6,5.1,30293,62,1751,13,0.74,0.21,196|430|3566|3821|5532|5987|8764|54542|84695|84868|90865|259307|339390,AHR|ASCL2|IL4R|KLRC1|PPP3CB|TRIM27|TNFRSF14|RC3H2|LOXL3|HAVCR2|IL33|IL4I1|CLEC4G,-2.7
MyList,GO Biological Processes,19,GO:1902074,response to salt,19_GO:0050896 response to stimulus,-4.3,1.9,4.4,30293,380,1751,42,2.4,0.37,113|493|801|1050|1129|1268|1393|1740|1910|2731|2771|2776|3178|3208|4062|4152|5026|5520|5563|5641|5999|6001|6505|6609|6786|6880|7155|7337|7846|8437|8644|10016|10242|27345|29957|51760|57699|63928|80339|84059|140576|341359,ADCY7|ATP2B4|CALM1|CEBPA|CHRM2|CNR1|CRHBP|DLG2|EDNRB|GLDC|GNAI2|GNAQ|HNRNPA1|HPCA|LY6H|MBD1|P2RX5|PPP2R2A|PRKAA2|LGMN|RGS4|RGS10|SLC1A1|SMPD1|STIM1|TAF9|TOP2B|UBE3A|TUBA1A|RASAL1|AKR1C3|PDCD6|KCNMB2|KCNMB4|SLC25A24|SYT17|CPNE5|CHP2|PNPLA3|ADGRV1|S100A16|SYT10,-2.7
MyList,GO Biological Processes,19,GO:0022408,negative regulation of cell-cell adhesion,19_GO:0048519 negative regulation of biological process,-4.3,2.3,4.6,30293,203,1751,27,1.5,0.29,301|430|865|972|3146|3566|5580|5621|5747|6441|7805|8764|9750|10019|10459|11326|23560|51441|54542|79626|84695|84830|84868|91663|92196|259307|339390,ANXA1|ASCL2|CBFB|CD74|HMGB1|IL4R|PRKCD|PRNP|PTK2|SFTPD|LAPTM5|TNFRSF14|RIPOR2|SH2B3|MAD2L2|VSIG4|GTPBP4|YTHDF2|RC3H2|TNFAIP8L2|LOXL3|ADTRP|HAVCR2|MYADM|DAPL1|IL4I1|CLEC4G,-2.7
MyList,GO Biological Processes,19,GO:0050803,regulation of synapse structure or activity,19_GO:0065007 biological regulation,-4.3,2.2,4.5,30293,249,1751,31,1.8,0.32,577|1496|1605|1627|1855|1949|2239|2823|2895|4076|4897|5048|5063|5100|5621|6585|6622|7087|7097|7337|7846|8321|10152|10882|26115|54583|64218|80725|84062|115703|389941,ADGRB3|CTNNA2|DAG1|DBN1|DVL1|EFNB3|GPC4|GPM6A|GRID2|CAPRIN1|NRCAM|PAFAH1B1|PAK3|PCDH8|PRNP|SLIT1|SNCA|ICAM5|TLR2|UBE3A|TUBA1A|FZD1|ABI2|C1QL1|TANC2|EGLN1|SEMA4A|SRCIN1|DTNBP1|ARHGAP33|C1QL3,-2.7
MyList,GO Biological Processes,19,GO:0030900,forebrain development,19_GO:0032502 developmental process,-4.3,1.9,4.4,30293,407,1751,44,2.5,0.37,190|317|358|493|1385|1398|1746|1767|2018|2290|2735|3684|3845|4852|5048|5080|6299|6585|6658|6751|6867|7101|7155|7248|7280|7314|7477|7846|9289|9355|10371|22911|22930|23035|23287|25911|25987|26468|57178|57282|79969|84750|114327|347733,NR0B1|APAF1|AQP1|ATP2B4|CREB1|CRK|DLX2|DNAH5|EMX2|FOXG1|GLI1|ITGAM|KRAS|NPY|PAFAH1B1|PAX6|SALL1|SLIT1|SOX3|SSTR1|TACC1|NR2E1|TOP2B|TSC1|TUBB2A|UBB|WNT7B|TUBA1A|ADGRG1|LHX2|SEMA3A|WDR47|RAB3GAP1|PHLPP2|AGTPBP1|DPCD|TSKU|LHX6|ZMIZ1|SLC4A10|ATAT1|FUT10|EFHC1|TUBB2B,-2.7
MyList,GO Biological Processes,19,GO:0051893,regulation of focal adhesion assembly,19_GO:0050789 regulation of biological process,-4.3,3.6,5.1,30293,63,1751,13,0.74,0.21,71|395|1307|2824|4088|5747|5786|5879|6422|7010|7248|9270|11170,ACTG1|ARHGAP6|COL16A1|GPM6B|SMAD3|PTK2|PTPRA|RAC1|SFRP1|TEK|TSC1|ITGB1BP1|FAM107A,-2.7
MyList,GO Biological Processes,19,GO:0090109,regulation of cell-substrate junction assembly,19_GO:0050789 regulation of biological process,-4.3,3.6,5.1,30293,63,1751,13,0.74,0.21,71|395|1307|2824|4088|5747|5786|5879|6422|7010|7248|9270|11170,ACTG1|ARHGAP6|COL16A1|GPM6B|SMAD3|PTK2|PTPRA|RAC1|SFRP1|TEK|TSC1|ITGB1BP1|FAM107A,-2.7
MyList,GO Biological Processes,19,GO:0051054,positive regulation of DNA metabolic process,19_GO:0048518 positive regulation of biological process,-4.3,2,4.5,30293,297,1751,35,2,0.33,142|2139|2521|2735|3082|3146|3178|3181|4292|5580|6188|6598|6950|7037|7155|7203|7320|7468|7874|8193|8550|9577|10459|10574|10576|10933|11143|22948|29086|29117|57599|58525|79184|80169|125476,PARP1|EYA2|FUS|GLI1|HGF|HMGB1|HNRNPA1|HNRNPA2B1|MLH1|PRKCD|RPS3|SMARCB1|TCP1|TFRC|TOP2B|CCT3|UBE2B|NSD2|USP7|DPF1|MAPKAPK5|BABAM2|MAD2L2|CCT7|CCT2|MORF4L1|KAT7|CCT5|BABAM1|BRD7|WDR48|WIZ|BRCC3|CTC1|INO80C,-2.7
MyList,GO Biological Processes,19,GO:0016601,Rac protein signal transduction,19_GO:0050896 response to stimulus,-4.3,5.5,5.6,30293,25,1751,8,0.46,0.16,199|1012|3845|5879|10152|10787|11188|55845,AIF1|CDH13|KRAS|RAC1|ABI2|NCKAP1|NISCH|BRK1,-2.6
MyList,GO Biological Processes,19,GO:1901661,quinone metabolic process,19_GO:0008152 metabolic process,-4.3,4.4,5.3,30293,39,1751,10,0.57,0.18,231|873|4704|8574|8644|9946|56997|57107|84274|154807,AKR1B1|CBR1|NDUFA9|AKR7A2|AKR1C3|CRYZL1|COQ8A|PDSS2|COQ5|VKORC1L1,-2.6
MyList,GO Biological Processes,19,GO:0062197,cellular response to chemical stress,19_GO:0050896 response to stimulus,-4.3,2.1,4.5,30293,274,1751,33,1.9,0.32,142|199|231|318|358|677|1965|2547|4257|4602|5052|5156|5478|5563|5580|6188|6505|6622|6780|6810|7155|7295|8575|8678|10494|29957|51142|51526|55290|55829|57465|154807|219736,PARP1|AIF1|AKR1B1|NUDT2|AQP1|ZFP36L1|EIF2S1|XRCC6|MGST1|MYB|PRDX1|PDGFRA|PPIA|PRKAA2|PRKCD|RPS3|SLC1A1|SNCA|STAU1|STX4|TOP2B|TXN|PRKRA|BECN1|STK25|SLC25A24|CHCHD2|OSER1|BRF2|SELENOS|TBC1D24|VKORC1L1|STOX1,-2.6
MyList,GO Biological Processes,19,GO:0009100,glycoprotein metabolic process,19_GO:0008152 metabolic process,-4.2,2,4.4,30293,334,1751,38,2.2,0.35,1603|2650|2801|4126|5372|6448|6480|7991|8703|8704|8706|8813|10678|10690|11041|23213|26035|27087|27230|29071|29880|30815|51363|55790|55959|56913|57171|63917|64131|79158|79369|84002|84750|84892|116150|256281|727936|100128731,DAD1|GCNT1|GOLGA2|MANBA|PMM1|SGSH|ST6GAL1|TUSC3|B4GALT3|B4GALT2|B3GALNT1|DPM1|B3GNT2|FUT9|B4GAT1|SULF1|GLCE|B3GAT1|SERP1|C1GALT1C1|ALG5|ST6GALNAC6|CHST15|CSGALNACT1|SULF2|C1GALT1|DOLPP1|GALNT11|XYLT1|GNPTAB|B3GNT4|B3GNT5|FUT10|POMGNT2|NUS1|NUDT14|GXYLT2|OST4,-2.6
MyList,GO Biological Processes,19,GO:1901617,organic hydroxy compound biosynthetic process,19_GO:0008152 metabolic process,-4.2,2.4,4.6,30293,172,1751,24,1.4,0.28,1718|2224|3156|3157|3422|3642|3948|3988|5092|5563|6307|6309|6622|6713|8644|9023|10449|10858|11001|50814|51478|51706|116150|120227,DHCR24|FDPS|HMGCR|HMGCS1|IDI1|INSM1|LDHC|LIPA|PCBD1|PRKAA2|MSMO1|SC5D|SNCA|SQLE|AKR1C3|CH25H|ACAA2|CYP46A1|SLC27A2|NSDHL|HSD17B7|CYB5R1|NUS1|CYP2R1,-2.6
MyList,GO Biological Processes,19,GO:0006469,negative regulation of protein kinase activity,19_GO:0048519 negative regulation of biological process,-4.2,2.4,4.6,30293,172,1751,24,1.4,0.28,103|1050|2776|3301|4067|4878|5170|5478|5569|5580|5925|5987|6609|6622|7251|7345|7532|9270|28951|51527|58533|80725|84062|260434,ADAR|CEBPA|GNAQ|DNAJA1|LYN|NPPA|PDPK1|PPIA|PKIA|PRKCD|RB1|TRIM27|SMPD1|SNCA|TSG101|UCHL1|YWHAG|ITGB1BP1|TRIB2|GSKIP|SNX6|SRCIN1|DTNBP1|PYDC1,-2.6
MyList,GO Biological Processes,19,GO:2001233,regulation of apoptotic signaling pathway,19_GO:0050896 response to stimulus,-4.2,1.9,4.4,30293,396,1751,43,2.5,0.37,142|317|572|598|972|1191|1491|1524|1687|2023|2139|2771|3082|3301|5034|5478|5580|5925|6135|6154|6188|6422|6789|6810|6880|7314|8321|8575|8678|8682|9500|10197|10449|55437|55486|55829|56917|57007|57630|63979|80237|81618|83787,PARP1|APAF1|BAD|BCL2L1|CD74|CLU|CTH|CX3CR1|GSDME|ENO1|EYA2|GNAI2|HGF|DNAJA1|P4HB|PPIA|PRKCD|RB1|RPL11|RPL26|RPS3|SFRP1|STK4|STX4|TAF9|UBB|FZD1|PRKRA|BECN1|PEA15|MAGED1|PSME3|ACAA2|STRADB|PARL|SELENOS|MEIS3|ACKR3|SH3RF1|FIGNL1|ELL3|ITM2C|ARMC10,-2.6
MyList,GO Biological Processes,19,GO:0036257,multivesicular body organization,19_GO:0009987 cellular process,-4.2,4.9,5.4,30293,32,1751,9,0.51,0.17,7251|8766|11267|27243|29082|51510|55048|128866|155382,TSG101|RAB11A|SNF8|CHMP2A|CHMP4A|CHMP5|VPS37C|CHMP4B|VPS37D,-2.6
MyList,GO Biological Processes,19,GO:0002183,cytoplasmic translational initiation,19_GO:0008152 metabolic process,-4.2,4.9,5.4,30293,32,1751,9,0.51,0.17,3646|5936|7884|8664|8665|8667|8669|8894|51386,EIF3E|RBM4|SLBP|EIF3D|EIF3F|EIF3H|EIF3J|EIF2S2|EIF3L,-2.6
MyList,GO Biological Processes,19,GO:0046032,ADP catabolic process,19_GO:0008152 metabolic process,-4.2,4,5.2,30293,47,1751,11,0.63,0.19,226|2023|2821|3939|3988|5211|5223|5236|7167|53343|441531,ALDOA|ENO1|GPI|LDHA|LIPA|PFKL|PGAM1|PGM1|TPI1|NUDT9|PGAM4,-2.6
MyList,GO Biological Processes,19,GO:0099536,synaptic signaling,19_GO:0050789 regulation of biological process,-4.2,1.8,4.3,30293,460,1751,48,2.7,0.39,1129|1268|1393|1605|1740|1855|1949|2550|2558|2771|2776|2895|2899|2900|2913|3269|3350|3363|3785|4062|4852|4923|5026|5048|5100|5368|5906|6001|6014|6505|6511|6622|6750|6856|8448|9501|22930|23095|23504|23557|27345|27445|56888|91851|116443|116841|127262|341359,CHRM2|CNR1|CRHBP|DAG1|DLG2|DVL1|EFNB3|GABBR1|GABRA5|GNAI2|GNAQ|GRID2|GRIK3|GRIK4|GRM3|HRH1|HTR1A|HTR7|KCNQ2|LY6H|NPY|NTSR1|P2RX5|PAFAH1B1|PCDH8|PNOC|RAP1A|RGS10|RIT2|SLC1A1|SLC1A6|SNCA|SST|SYPL1|DOC2A|RPH3AL|RAB3GAP1|KIF1B|RIMBP2|SNAPIN|KCNMB4|PCLO|KCMF1|CHRDL1|GRIN3A|SNAP47|TPRG1L|SYT10,-2.6
MyList,GO Biological Processes,19,GO:0009896,positive regulation of catabolic process,19_GO:0048518 positive regulation of biological process,-4.2,1.7,4.2,30293,617,1751,60,3.4,0.43,572|677|1050|1191|1642|1855|2926|3146|3300|4292|4848|4898|4946|4947|5436|5563|5580|5702|5706|5747|6622|7805|8078|8451|8678|9337|9532|9698|9706|10346|10715|11040|11236|11267|22930|23016|23034|23287|23327|25898|26086|26234|28951|29116|29883|51100|51339|51375|51441|54542|55128|57472|57630|64110|65992|79443|90865|167227|255967|340719,BAD|ZFP36L1|CEBPA|CLU|DDB1|DVL1|GRSF1|HMGB1|DNAJB2|MLH1|CNOT2|NRDC|OAZ1|OAZ2|POLR2G|PRKAA2|PRKCD|PSMC3|PSMC6|PTK2|SNCA|LAPTM5|USP5|CUL4A|BECN1|CNOT8|BAG2|PUM1|ULK2|TRIM22|CERS1|PIM2|RNF139|SNF8|RAB3GAP1|EXOSC7|SAMD4A|AGTPBP1|NEDD4L|RCHY1|GPSM1|FBXL5|TRIB2|MYLIP|CNOT7|SH3GLB1|DACT1|SNX7|YTHDF2|RC3H2|TRIM68|CNOT6|SH3RF1|MAGEF1|DDRGK1|FYCO1|IL33|DCP2|PAN3|NANOS1,-2.6
MyList,GO Biological Processes,19,GO:0006119,oxidative phosphorylation,19_GO:0008152 metabolic process,-4.2,2.7,4.7,30293,121,1751,19,1.1,0.25,498|1327|1738|4704|4706|4708|4712|4718|4720|4725|4726|6622|7385|7386|10632|30968|51103|54205|388753,ATP5F1A|COX4I1|DLD|NDUFA9|NDUFAB1|NDUFB2|NDUFB6|NDUFC2|NDUFS2|NDUFS5|NDUFS6|SNCA|UQCRC2|UQCRFS1|ATP5MG|STOML2|NDUFAF1|CYCS|COA6,-2.6
MyList,GO Biological Processes,19,GO:0031620,regulation of fever generation,19_GO:0042592 homeostatic process,-4.2,9.6,6.4,30293,9,1751,5,0.29,0.13,1268|1910|5733|8792|9536,CNR1|EDNRB|PTGER3|TNFRSF11A|PTGES,-2.6
MyList,GO Biological Processes,19,GO:1904424,regulation of GTP binding,19_GO:0065007 biological regulation,-4.2,9.6,6.4,30293,9,1751,5,0.29,0.13,3925|9750|26086|57326|79822,STMN1|RIPOR2|GPSM1|PBXIP1|ARHGAP28,-2.6
MyList,GO Biological Processes,19,GO:0032870,cellular response to hormone stimulus,19_GO:0050896 response to stimulus,-4.2,1.8,4.3,30293,501,1751,51,2.9,0.4,88|142|301|358|498|677|1176|1393|1398|2058|2235|2888|3265|3301|3312|4067|5080|5170|5245|5563|5580|5747|5786|5925|6422|6750|6751|7067|7101|7200|7337|7480|7532|7533|8013|8644|8805|9340|9734|10270|10521|11031|11170|23558|55022|55625|55829|57178|80339|84830|285601,ACTN2|PARP1|ANXA1|AQP1|ATP5F1A|ZFP36L1|AP3S1|CRHBP|CRK|EPRS1|FECH|GRB14|HRAS|DNAJA1|HSPA8|LYN|PAX6|PDPK1|PHB1|PRKAA2|PRKCD|PTK2|PTPRA|RB1|SFRP1|SST|SSTR1|THRA|NR2E1|TRH|UBE3A|WNT10B|YWHAG|YWHAH|NR4A3|AKR1C3|TRIM24|GLP2R|HDAC9|AKAP8|DDX17|RAB31|FAM107A|WBP2|PID1|ZDHHC7|SELENOS|ZMIZ1|PNPLA3|ADTRP|GPR150,-2.6
MyList,GO Biological Processes,19,GO:0032386,regulation of intracellular transport,19_GO:0051179 localization,-4.2,2.1,4.4,30293,265,1751,32,1.8,0.32,88|392|3059|3936|4088|4659|4946|4947|5569|5580|5604|5936|7260|7295|7514|7874|8724|8766|10079|10657|11236|23209|23379|23557|27236|51614|55612|63928|116150|118426|127933|255758,ACTN2|ARHGAP1|HCLS1|LCP1|SMAD3|PPP1R12A|OAZ1|OAZ2|PKIA|PRKCD|MAP2K1|RBM4|EIPR1|TXN|XPO1|USP7|SNX3|RAB11A|ATP9A|KHDRBS1|RNF139|MLC1|ICE1|SNAPIN|ARFIP1|ERGIC3|FERMT1|CHP2|NUS1|BORCS5|UHMK1|DYNLT2B,-2.6
MyList,GO Biological Processes,19,GO:0099518,vesicle cytoskeletal trafficking,19_GO:0051179 localization,-4.2,3.7,5,30293,56,1751,12,0.69,0.2,1176|1780|5048|9371|10947|22920|23291|23557|26115|79443|84062|282991,AP3S1|DYNC1I1|PAFAH1B1|KIF3B|AP3M2|KIFAP3|FBXW11|SNAPIN|TANC2|FYCO1|DTNBP1|BLOC1S2,-2.6
MyList,GO Biological Processes,19,GO:0009101,glycoprotein biosynthetic process,19_GO:0008152 metabolic process,-4.2,2.1,4.4,30293,277,1751,33,1.9,0.32,1603|2650|2801|5372|6480|7991|8703|8704|8706|8813|10678|10690|11041|26035|27087|27230|29071|29880|30815|51363|55790|56913|57171|63917|64131|79369|84002|84750|84892|116150|256281|727936|100128731,DAD1|GCNT1|GOLGA2|PMM1|ST6GAL1|TUSC3|B4GALT3|B4GALT2|B3GALNT1|DPM1|B3GNT2|FUT9|B4GAT1|GLCE|B3GAT1|SERP1|C1GALT1C1|ALG5|ST6GALNAC6|CHST15|CSGALNACT1|C1GALT1|DOLPP1|GALNT11|XYLT1|B3GNT4|B3GNT5|FUT10|POMGNT2|NUS1|NUDT14|GXYLT2|OST4,-2.6
MyList,GO Biological Processes,19,GO:2000779,regulation of double-strand break repair,19_GO:0050896 response to stimulus,-4.1,2.6,4.6,30293,132,1751,20,1.1,0.25,142|2521|4968|6118|6598|7155|7468|7913|8193|10459|10933|24144|29117|55086|57599|63979|64110|84309|116028|158880,PARP1|FUS|OGG1|RPA2|SMARCB1|TOP2B|NSD2|DEK|DPF1|MAD2L2|MORF4L1|TFIP11|BRD7|RADX|WDR48|FIGNL1|MAGEF1|NUDT16L1|RMI2|USP51,-2.5
MyList,GO Biological Processes,19,GO:0007612,learning,19_GO:0032501 multicellular organismal process,-4.1,2.5,4.6,30293,153,1751,22,1.3,0.27,577|2558|3156|3269|3845|4923|5532|5641|5764|6505|7097|7248|7337|7846|8704|10882|27087|51204|54112|57338|60626|84502,ADGRB3|GABRA5|HMGCR|HRH1|KRAS|NTSR1|PPP3CB|LGMN|PTN|SLC1A1|TLR2|TSC1|UBE3A|TUBA1A|B4GALT2|C1QL1|B3GAT1|TACO1|GPR88|JPH3|RIC8A|JPH4,-2.5
MyList,GO Biological Processes,19,GO:2000177,regulation of neural precursor cell proliferation,19_GO:0050789 regulation of biological process,-4.1,2.9,4.7,30293,102,1751,17,0.97,0.23,1524|2290|2771|3642|4067|5080|5764|5803|6567|7101|7976|9289|9355|22920|58155|80237|407738,CX3CR1|FOXG1|GNAI2|INSM1|LYN|PAX6|PTN|PTPRZ1|SLC16A2|NR2E1|FZD3|ADGRG1|LHX2|KIFAP3|PTBP2|ELL3|TAFA1,-2.5
MyList,GO Biological Processes,19,GO:0031345,negative regulation of cell projection organization,19_GO:0048519 negative regulation of biological process,-4.1,2.3,4.5,30293,197,1751,26,1.5,0.29,393|1400|1809|1948|1949|2665|2670|5048|5217|5580|5621|6014|6585|7337|7533|8634|9706|10371|10519|23557|25987|29116|56896|64218|81618|84062,ARHGAP4|CRMP1|DPYSL3|EFNB2|EFNB3|GDI2|GFAP|PAFAH1B1|PFN2|PRKCD|PRNP|RIT2|SLIT1|UBE3A|YWHAH|RTCA|ULK2|SEMA3A|CIB1|SNAPIN|TSKU|MYLIP|DPYSL5|SEMA4A|ITM2C|DTNBP1,-2.5
MyList,GO Biological Processes,19,GO:0051764,actin crosslink formation,19_GO:0009987 cellular process,-4.1,7.4,5.9,30293,14,1751,6,0.34,0.14,199|1809|3936|4082|80115|81624,AIF1|DPYSL3|LCP1|MARCKS|BAIAP2L2|DIAPH3,-2.5
MyList,GO Biological Processes,19,GO:0009410,response to xenobiotic stimulus,19_GO:0050896 response to stimulus,-4.1,1.8,4.3,30293,426,1751,45,2.6,0.38,120|123|196|873|1063|1385|1393|1592|2018|2235|2947|2987|3033|3784|3988|4067|4152|4659|4860|4968|5080|5563|5621|5925|6422|6505|6609|6622|6750|7037|7320|7345|7372|7409|7410|7976|8321|8678|9446|10715|10758|10858|25828|119391|120227,ADD3|PLIN2|AHR|CBR1|CENPF|CREB1|CRHBP|CYP26A1|EMX2|FECH|GSTM3|GUK1|HADH|KCNQ1|LIPA|LYN|MBD1|PPP1R12A|PNP|OGG1|PAX6|PRKAA2|PRNP|RB1|SFRP1|SLC1A1|SMPD1|SNCA|SST|TFRC|UBE2B|UCHL1|UMPS|VAV1|VAV2|FZD3|FZD1|BECN1|GSTO1|CERS1|TRAF3IP2|CYP46A1|TXN2|GSTO2|CYP2R1,-2.5
MyList,GO Biological Processes,19,GO:0008064,regulation of actin polymerization or depolymerization,19_GO:0050789 regulation of biological process,-4.1,2.5,4.5,30293,154,1751,22,1.3,0.27,88|120|1955|3059|4868|5063|5217|5580|7114|9168|10094|10456|10787|11034|11151|55604|55845|79822|80115|80206|91663|130271,ACTN2|ADD3|MEGF9|HCLS1|NPHS1|PAK3|PFN2|PRKCD|TMSB4X|TMSB10|ARPC3|HAX1|NCKAP1|DSTN|CORO1A|CARMIL1|BRK1|ARHGAP28|BAIAP2L2|FHOD3|MYADM|PLEKHH2,-2.5
MyList,GO Biological Processes,19,GO:0023061,signal release,19_GO:0051179 localization,-4.1,2.3,4.5,30293,187,1751,25,1.4,0.28,358|1363|1385|1855|1910|2281|3784|4067|4087|5125|5906|5936|6567|6622|6850|8111|8448|9501|23557|27230|27445|51714|79971|116841|127262,AQP1|CPE|CREB1|DVL1|EDNRB|FKBP1B|KCNQ1|LYN|SMAD2|PCSK5|RAP1A|RBM4|SLC16A2|SNCA|SYK|GPR68|DOC2A|RPH3AL|SNAPIN|SERP1|PCLO|SELENOT|WLS|SNAP47|TPRG1L,-2.5
MyList,GO Biological Processes,19,GO:0015931,nucleobase-containing compound transport,19_GO:0051179 localization,-4.1,2.2,4.4,30293,221,1751,28,1.6,0.3,677|1069|3178|3181|3267|6396|7248|7355|7514|7884|9804|9939|10073|10237|23049|23089|26097|29118|29957|55508|55746|55795|59343|65109|79902|84324|115286|284439,ZFP36L1|CETN2|HNRNPA1|HNRNPA2B1|AGFG1|SEC13|TSC1|SLC35A2|XPO1|SLBP|TOMM20|RBM8A|SNUPN|SLC35B1|SMG1|PEG10|CHTOP|DDX25|SLC25A24|SLC35E3|NUP133|PCID2|SENP2|UPF3B|NUP85|SARNP|SLC25A26|SLC25A42,-2.5
MyList,GO Biological Processes,19,GO:0072524,pyridine-containing compound metabolic process,19_GO:0008152 metabolic process,-4.1,2.7,4.6,30293,123,1751,19,1.1,0.25,226|2023|2821|3418|3939|3988|4191|4199|4860|5211|5223|5236|7167|8942|10840|128240|133686|349565|441531,ALDOA|ENO1|GPI|IDH2|LDHA|LIPA|MDH2|ME1|PNP|PFKL|PGAM1|PGM1|TPI1|KYNU|ALDH1L1|NAXE|NADK2|NMNAT3|PGAM4,-2.5
MyList,GO Biological Processes,19,GO:0071675,regulation of mononuclear cell migration,19_GO:0040011 locomotion,-4.1,2.7,4.6,30293,123,1751,19,1.1,0.25,199|430|1230|1398|1524|3146|4067|4856|5641|5747|6793|7941|8764|9750|11151|81704|84830|146433|158747,AIF1|ASCL2|CCR1|CRK|CX3CR1|HMGB1|LYN|CCN3|LGMN|PTK2|STK10|PLA2G7|TNFRSF14|RIPOR2|CORO1A|DOCK8|ADTRP|IL34|MOSPD2,-2.5
MyList,GO Biological Processes,19,GO:0032835,glomerulus development,19_GO:0032502 developmental process,-4.1,3.6,4.9,30293,57,1751,12,0.69,0.2,358|1910|4868|5156|7010|9788|9863|23213|28999|55366|55959|100133941,AQP1|EDNRB|NPHS1|PDGFRA|TEK|MTSS1|MAGI2|SULF1|KLF15|LGR4|SULF2|CD24,-2.5
MyList,GO Biological Processes,19,GO:0090026,positive regulation of monocyte chemotaxis,19_GO:0040011 locomotion,-4.1,6.1,5.6,30293,20,1751,7,0.4,0.15,199|1230|1524|3146|5641|7941|158747,AIF1|CCR1|CX3CR1|HMGB1|LGMN|PLA2G7|MOSPD2,-2.5
MyList,GO Biological Processes,19,GO:0038096,Fc-gamma receptor signaling pathway involved in phagocytosis,19_GO:0002376 immune system process,-4.1,6.1,5.6,30293,20,1751,7,0.4,0.15,4067|5580|5747|6850|7409|7410|196051,LYN|PRKCD|PTK2|SYK|VAV1|VAV2|PLPP4,-2.5
MyList,GO Biological Processes,19,GO:0002433,immune response-regulating cell surface receptor signaling pathway involved in phagocytosis,19_GO:0002376 immune system process,-4.1,6.1,5.6,30293,20,1751,7,0.4,0.15,4067|5580|5747|6850|7409|7410|196051,LYN|PRKCD|PTK2|SYK|VAV1|VAV2|PLPP4,-2.5
MyList,GO Biological Processes,19,GO:0097494,regulation of vesicle size,19_GO:0065007 biological regulation,-4.1,6.1,5.6,30293,20,1751,7,0.4,0.15,8766|9897|23557|79036|118426|119032|282991,RAB11A|WASHC5|SNAPIN|KXD1|BORCS5|BORCS7|BLOC1S2,-2.5
MyList,GO Biological Processes,19,GO:0045055,regulated exocytosis,19_GO:0051179 localization,-4.1,2.5,4.5,30293,144,1751,21,1.2,0.26,136|613|1393|1855|2214|2922|4067|5532|5906|6622|6850|8013|8448|11031|11151|23557|27445|51760|116841|127262|341359,ADORA2B|BCR|CRHBP|DVL1|FCGR3A|GRP|LYN|PPP3CB|RAP1A|SNCA|SYK|NR4A3|DOC2A|RAB31|CORO1A|SNAPIN|PCLO|SYT17|SNAP47|TPRG1L|SYT10,-2.5
MyList,GO Biological Processes,19,GO:0050657,nucleic acid transport,19_GO:0051179 localization,-4.1,2.5,4.5,30293,155,1751,22,1.3,0.27,677|1069|3178|3181|3267|6396|7248|7514|7884|9804|9939|10073|23049|23089|26097|29118|55746|55795|59343|65109|79902|84324,ZFP36L1|CETN2|HNRNPA1|HNRNPA2B1|AGFG1|SEC13|TSC1|XPO1|SLBP|TOMM20|RBM8A|SNUPN|SMG1|PEG10|CHTOP|DDX25|NUP133|PCID2|SENP2|UPF3B|NUP85|SARNP,-2.5
MyList,GO Biological Processes,19,GO:0050658,RNA transport,19_GO:0051179 localization,-4.1,2.5,4.5,30293,155,1751,22,1.3,0.27,677|1069|3178|3181|3267|6396|7248|7514|7884|9804|9939|10073|23049|23089|26097|29118|55746|55795|59343|65109|79902|84324,ZFP36L1|CETN2|HNRNPA1|HNRNPA2B1|AGFG1|SEC13|TSC1|XPO1|SLBP|TOMM20|RBM8A|SNUPN|SMG1|PEG10|CHTOP|DDX25|NUP133|PCID2|SENP2|UPF3B|NUP85|SARNP,-2.5
MyList,GO Biological Processes,19,GO:0022604,regulation of cell morphogenesis,19_GO:0032502 developmental process,-4.1,2.1,4.4,30293,245,1751,30,1.7,0.31,226|301|1398|1605|1627|1690|1855|3689|4076|4352|4628|5048|5064|5747|5879|6239|8437|9043|10810|11151|23327|25805|51760|54014|56990|57465|57699|64218|89846|126374,ALDOA|ANXA1|CRK|DAG1|DBN1|COCH|DVL1|ITGB2|CAPRIN1|MPL|MYH10|PAFAH1B1|PALM|PTK2|RAC1|RREB1|RASAL1|SPAG9|WASF3|CORO1A|NEDD4L|BAMBI|SYT17|BRWD1|CDC42SE2|TBC1D24|CPNE5|SEMA4A|FGD3|WTIP,-2.5
MyList,GO Biological Processes,19,GO:0010564,regulation of cell cycle process,19_GO:0050789 regulation of biological process,-4.1,1.6,4.1,30293,747,1751,69,3.9,0.46,199|493|598|677|801|902|1063|1069|1642|2735|3275|3642|3741|5356|5569|5720|5721|5884|5885|5925|6047|6118|6154|6422|6598|7320|7480|7514|8193|8444|8451|8678|8766|9371|9577|9698|10040|10197|10217|10419|10459|11130|11170|27044|27243|29082|29086|29117|51100|51339|51441|51451|51510|51529|55795|55968|56257|56892|57504|58525|65123|65992|79184|80169|116028|128866|137886|158880|219736,AIF1|ATP2B4|BCL2L1|ZFP36L1|CALM1|CCNH|CENPF|CETN2|DDB1|GLI1|PRMT2|INSM1|KCNA5|PLRG1|PKIA|PSME1|PSME2|RAD17|RAD21|RB1|RNF4|RPA2|RPL26|SFRP1|SMARCB1|UBE2B|WNT10B|XPO1|DPF1|DYRK3|CUL4A|BECN1|RAB11A|KIF3B|BABAM2|PUM1|TOM1L1|PSME3|CTDSPL|PRMT5|MAD2L2|ZWINT|FAM107A|SND1|CHMP2A|CHMP4A|BABAM1|BRD7|SH3GLB1|DACT1|YTHDF2|LCMT1|CHMP5|ANAPC11|PCID2|NSFL1C|MEPCE|TCIM|MTA3|WIZ|INTS3|DDRGK1|BRCC3|CTC1|RMI2|CHMP4B|UBXN2B|USP51|STOX1,-2.5
MyList,GO Biological Processes,19,GO:0007193,adenylate cyclase-inhibiting G protein-coupled receptor signaling pathway,19_GO:0050896 response to stimulus,-4.1,3.2,4.8,30293,75,1751,14,0.8,0.21,108|113|1129|2550|2771|2899|2913|3350|4886|5064|5138|5660|5996|60626,ADCY2|ADCY7|CHRM2|GABBR1|GNAI2|GRIK3|GRM3|HTR1A|NPY1R|PALM|PDE2A|PSAP|RGS1|RIC8A,-2.5
MyList,GO Biological Processes,19,GO:0042773,ATP synthesis coupled electron transport,19_GO:0008152 metabolic process,-4,2.9,4.7,30293,94,1751,16,0.91,0.23,1327|1738|4704|4706|4708|4712|4718|4720|4725|4726|6622|7385|7386|51103|54205|388753,COX4I1|DLD|NDUFA9|NDUFAB1|NDUFB2|NDUFB6|NDUFC2|NDUFS2|NDUFS5|NDUFS6|SNCA|UQCRC2|UQCRFS1|NDUFAF1|CYCS|COA6,-2.5
MyList,GO Biological Processes,19,GO:0042775,mitochondrial ATP synthesis coupled electron transport,19_GO:0008152 metabolic process,-4,2.9,4.7,30293,94,1751,16,0.91,0.23,1327|1738|4704|4706|4708|4712|4718|4720|4725|4726|6622|7385|7386|51103|54205|388753,COX4I1|DLD|NDUFA9|NDUFAB1|NDUFB2|NDUFB6|NDUFC2|NDUFS2|NDUFS5|NDUFS6|SNCA|UQCRC2|UQCRFS1|NDUFAF1|CYCS|COA6,-2.5
MyList,GO Biological Processes,19,GO:1902532,negative regulation of intracellular signal transduction,19_GO:0048519 negative regulation of biological process,-4,1.7,4.1,30293,586,1751,57,3.3,0.42,493|598|972|1191|1605|2023|3301|3925|4067|4856|4878|5048|5138|5245|5478|5563|5580|5621|5801|6396|6609|6880|7114|7248|7320|7337|7345|7532|7874|8321|8437|8444|8445|8550|9111|9270|9711|9750|9863|9938|10016|10019|10519|23295|23410|51339|55486|55829|55885|57007|58495|63979|80237|83787|91663|126374|197131,ATP2B4|BCL2L1|CD74|CLU|DAG1|ENO1|DNAJA1|STMN1|LYN|CCN3|NPPA|PAFAH1B1|PDE2A|PHB1|PPIA|PRKAA2|PRKCD|PRNP|PTPRR|SEC13|SMPD1|TAF9|TMSB4X|TSC1|UBE2B|UBE3A|UCHL1|YWHAG|USP7|FZD1|RASAL1|DYRK3|DYRK2|MAPKAPK5|NMI|ITGB1BP1|RUBCN|RIPOR2|MAGI2|ARHGAP25|PDCD6|SH2B3|CIB1|MGRN1|SIRT3|DACT1|PARL|SELENOS|LMO3|ACKR3|OVOL2|FIGNL1|ELL3|ARMC10|MYADM|WTIP|UBR1,-2.5
MyList,GO Biological Processes,19,GO:0010811,positive regulation of cell-substrate adhesion,19_GO:0048518 positive regulation of biological process,-4,2.7,4.6,30293,124,1751,19,1.1,0.25,1012|1307|1398|1605|4088|5034|5212|5879|6239|6422|6789|7010|7248|9270|10519|10562|55604|55612|91663,CDH13|COL16A1|CRK|DAG1|SMAD3|P4HB|VIT|RAC1|RREB1|SFRP1|STK4|TEK|TSC1|ITGB1BP1|CIB1|OLFM4|CARMIL1|FERMT1|MYADM,-2.5
MyList,GO Biological Processes,19,GO:0035303,regulation of dephosphorylation,19_GO:0008152 metabolic process,-4,2.8,4.6,30293,104,1751,17,0.97,0.23,801|945|2280|2281|4659|5478|5580|6609|7248|7529|9863|10776|23141|55012|57718|63928|121665,CALM1|CD33|FKBP1A|FKBP1B|PPP1R12A|PPIA|PRKCD|SMPD1|TSC1|YWHAB|MAGI2|ARPP19|ANKLE2|PPP2R3C|PPP4R4|CHP2|SPPL3,-2.5
MyList,GO Biological Processes,19,GO:2000278,regulation of DNA biosynthetic process,19_GO:0008152 metabolic process,-4,2.7,4.6,30293,114,1751,18,1,0.24,3082|3178|3181|3183|6950|7203|8550|9104|10574|10576|10715|11143|22948|23338|27000|64282|80169|167227,HGF|HNRNPA1|HNRNPA2B1|HNRNPC|TCP1|CCT3|MAPKAPK5|RGN|CCT7|CCT2|CERS1|KAT7|CCT5|JADE2|DNAJC2|TENT4B|CTC1|DCP2,-2.5
MyList,GO Biological Processes,19,GO:0071248,cellular response to metal ion,19_GO:0050896 response to stimulus,-4,2.2,4.4,30293,200,1751,26,1.5,0.29,113|142|358|1050|1385|1393|1740|1965|3208|4968|5563|5621|5641|6505|6609|6622|7846|8437|8644|8678|29957|51760|57699|63928|84059|341359,ADCY7|PARP1|AQP1|CEBPA|CREB1|CRHBP|DLG2|EIF2S1|HPCA|OGG1|PRKAA2|PRNP|LGMN|SLC1A1|SMPD1|SNCA|TUBA1A|RASAL1|AKR1C3|BECN1|SLC25A24|SYT17|CPNE5|CHP2|ADGRV1|SYT10,-2.5
MyList,GO Biological Processes,19,GO:1901990,regulation of mitotic cell cycle phase transition,19_GO:0050789 regulation of biological process,-4,1.9,4.2,30293,355,1751,39,2.2,0.35,199|677|902|1063|1642|3275|3741|5356|5569|5720|5721|5884|5885|5925|6118|6154|6598|7480|8193|8451|8766|9577|10197|10217|10459|11130|11170|29086|29117|51339|51451|51529|55795|56257|57504|65123|79184|80169|219736,AIF1|ZFP36L1|CCNH|CENPF|DDB1|PRMT2|KCNA5|PLRG1|PKIA|PSME1|PSME2|RAD17|RAD21|RB1|RPA2|RPL26|SMARCB1|WNT10B|DPF1|CUL4A|RAB11A|BABAM2|PSME3|CTDSPL|MAD2L2|ZWINT|FAM107A|BABAM1|BRD7|DACT1|LCMT1|ANAPC11|PCID2|MEPCE|MTA3|INTS3|BRCC3|CTC1|STOX1,-2.5
MyList,GO Biological Processes,19,GO:0090313,regulation of protein targeting to membrane,19_GO:0051179 localization,-4,4.6,5.2,30293,34,1751,9,0.51,0.17,3208|3265|3684|3689|5621|6505|9270|10519|54471,HPCA|HRAS|ITGAM|ITGB2|PRNP|SLC1A1|ITGB1BP1|CIB1|MIEF1,-2.4
MyList,GO Biological Processes,19,GO:1903008,organelle disassembly,19_GO:0009987 cellular process,-4,2.6,4.5,30293,135,1751,20,1.1,0.25,123|2801|5563|8444|8678|9652|9706|11345|25898|51375|51506|54463|56270|64422|65992|80349|83734|84340|124045|132671,PLIN2|GOLGA2|PRKAA2|DYRK3|BECN1|SKIC3|ULK2|GABARAPL2|RCHY1|SNX7|UFC1|RETREG1|WDR45B|ATG3|DDRGK1|SKIC8|ATG10|GFM2|SPATA33|SPATA18,-2.4
MyList,GO Biological Processes,19,GO:0050767,regulation of neurogenesis,19_GO:0032502 developmental process,-4,1.8,4.2,30293,393,1751,42,2.4,0.37,393|430|1524|1605|1627|1746|1949|2290|2670|3845|4067|4076|4152|4602|4898|5048|5080|5604|5764|5803|5925|6009|6585|6993|7097|7101|7533|7976|9355|9706|10371|10419|10494|10683|22920|51441|56896|57465|64218|80237|90865|146433,ARHGAP4|ASCL2|CX3CR1|DAG1|DBN1|DLX2|EFNB3|FOXG1|GFAP|KRAS|LYN|CAPRIN1|MBD1|MYB|NRDC|PAFAH1B1|PAX6|MAP2K1|PTN|PTPRZ1|RB1|RHEB|SLIT1|DYNLT1|TLR2|NR2E1|YWHAH|FZD3|LHX2|ULK2|SEMA3A|PRMT5|STK25|DLL3|KIFAP3|YTHDF2|DPYSL5|TBC1D24|SEMA4A|ELL3|IL33|IL34,-2.4
MyList,GO Biological Processes,19,GO:0071396,cellular response to lipid,19_GO:0050896 response to stimulus,-4,1.7,4.1,30293,535,1751,53,3,0.41,108|196|301|358|498|572|613|677|923|968|1385|1393|1524|1605|1910|2235|3146|3301|3312|4067|4257|4602|5080|5245|5563|6422|6751|6850|7097|7101|7337|7477|7480|7533|8013|8644|9646|10270|10417|10521|11170|23209|23558|23641|51510|55022|55625|55829|57178|84458|84649|84830|84868,ADCY2|AHR|ANXA1|AQP1|ATP5F1A|BAD|BCR|ZFP36L1|CD6|CD68|CREB1|CRHBP|CX3CR1|DAG1|EDNRB|FECH|HMGB1|DNAJA1|HSPA8|LYN|MGST1|MYB|PAX6|PHB1|PRKAA2|SFRP1|SSTR1|SYK|TLR2|NR2E1|UBE3A|WNT7B|WNT10B|YWHAH|NR4A3|AKR1C3|CTR9|AKAP8|SPON2|DDX17|FAM107A|MLC1|WBP2|LDOC1|CHMP5|PID1|ZDHHC7|SELENOS|ZMIZ1|LCOR|DGAT2|ADTRP|HAVCR2,-2.4
MyList,GO Biological Processes,19,GO:1902075,cellular response to salt,19_GO:0050896 response to stimulus,-4,2.2,4.4,30293,212,1751,27,1.5,0.29,113|493|1050|1129|1393|1740|2771|2776|3178|3208|4062|5563|5641|6001|6505|6609|7155|7846|8437|8644|29957|51760|57699|63928|80339|84059|341359,ADCY7|ATP2B4|CEBPA|CHRM2|CRHBP|DLG2|GNAI2|GNAQ|HNRNPA1|HPCA|LY6H|PRKAA2|LGMN|RGS10|SLC1A1|SMPD1|TOP2B|TUBA1A|RASAL1|AKR1C3|SLC25A24|SYT17|CPNE5|CHP2|PNPLA3|ADGRV1|SYT10,-2.4
MyList,GO Biological Processes,19,GO:0002252,immune effector process,19_GO:0002376 immune system process,-4,1.8,4.2,30293,457,1751,47,2.7,0.39,136|430|613|712|713|715|716|718|727|972|1191|1524|1675|2214|2922|3146|3566|3822|3936|3988|4067|4292|4352|4602|5052|5532|5580|5747|6850|7248|7409|7410|8013|9111|10417|10459|10758|11151|11326|54518|54542|56892|64218|84868|90865|196051|339390,ADORA2B|ASCL2|BCR|C1QA|C1QB|C1R|C1S|C3|C5|CD74|CLU|CX3CR1|CFD|FCGR3A|GRP|HMGB1|IL4R|KLRC2|LCP1|LIPA|LYN|MLH1|MPL|MYB|PRDX1|PPP3CB|PRKCD|PTK2|SYK|TSC1|VAV1|VAV2|NR4A3|NMI|SPON2|MAD2L2|TRAF3IP2|CORO1A|VSIG4|APBB1IP|RC3H2|TCIM|SEMA4A|HAVCR2|IL33|PLPP4|CLEC4G,-2.4
MyList,GO Biological Processes,19,GO:0006897,endocytosis,19_GO:0051179 localization,-4,1.7,4.1,30293,522,1751,52,3,0.41,199|301|598|613|821|1176|1808|3146|3265|3684|3689|3988|4067|4542|4830|5580|5747|5879|6441|6457|6622|6850|7037|7087|7337|7409|7410|8678|8909|9185|9711|9863|9938|10079|10368|10947|11031|11151|23209|25912|29993|54492|55604|55788|56990|57007|57465|57706|63916|196051|286133|374868,AIF1|ANXA1|BCL2L1|BCR|CANX|AP3S1|DPYSL2|HMGB1|HRAS|ITGAM|ITGB2|LIPA|LYN|MYO1F|NME1|PRKCD|PTK2|RAC1|SFTPD|SH3GL3|SNCA|SYK|TFRC|ICAM5|UBE3A|VAV1|VAV2|BECN1|ENDOU|REPS2|RUBCN|MAGI2|ARHGAP25|ATP9A|CACNG3|AP3M2|RAB31|CORO1A|MLC1|C1orf43|PACSIN1|NEURL1B|CARMIL1|LMBRD1|CDC42SE2|ACKR3|TBC1D24|DENND1A|ELMO2|PLPP4|SCARA5|ATP9B,-2.4
MyList,GO Biological Processes,19,GO:0043269,regulation of monoatomic ion transport,19_GO:0051179 localization,-4,1.8,4.2,30293,470,1751,48,2.7,0.39,88|493|801|945|967|1230|1268|1272|2280|2281|2771|2783|2922|3208|3350|3741|3755|3762|3768|3784|4067|4878|4923|5026|5170|5532|5621|5987|5999|6622|6786|7114|7533|8787|9071|9446|9914|11151|23327|53826|55800|57338|57628|63928|84502|151651|196051|286183,ACTN2|ATP2B4|CALM1|CD33|CD63|CCR1|CNR1|CNTN1|FKBP1A|FKBP1B|GNAI2|GNB2|GRP|HPCA|HTR1A|KCNA5|KCNG1|KCNJ5|KCNJ12|KCNQ1|LYN|NPPA|NTSR1|P2RX5|PDPK1|PPP3CB|PRNP|TRIM27|RGS4|SNCA|STIM1|TMSB4X|YWHAH|RGS9|CLDN10|GSTO1|ATP2C2|CORO1A|NEDD4L|FXYD6|SCN3B|JPH3|DPP10|CHP2|JPH4|EFHB|PLPP4|NKAIN3,-2.4
MyList,GO Biological Processes,19,GO:0043408,regulation of MAPK cascade,19_GO:0050896 response to stimulus,-4,1.6,4.1,30293,669,1751,63,3.6,0.45,147|972|1230|1398|1464|1605|1687|1796|2771|3082|3146|3156|3265|3301|4067|4878|5048|5052|5063|5156|5245|5478|5580|5604|5801|5906|6014|6188|6503|6609|6764|6789|6850|7010|7043|7345|7477|7805|8649|8792|9043|9270|10019|10371|10419|10494|10519|22881|23043|23410|28956|51339|54550|55885|56034|57007|57630|84058|84868|90441|146433|285016|100133941,ADRA1B|CD74|CCR1|CRK|CSPG4|DAG1|GSDME|DOK1|GNAI2|HGF|HMGB1|HMGCR|HRAS|DNAJA1|LYN|NPPA|PAFAH1B1|PRDX1|PAK3|PDGFRA|PHB1|PPIA|PRKCD|MAP2K1|PTPRR|RAP1A|RIT2|RPS3|SLA|SMPD1|DENND2B|STK4|SYK|TEK|TGFB3|UCHL1|WNT7B|LAPTM5|LAMTOR3|TNFRSF11A|SPAG9|ITGB1BP1|SH2B3|SEMA3A|PRMT5|STK25|CIB1|ANKRD6|TNIK|SIRT3|LAMTOR2|DACT1|NECAB2|LMO3|PDGFC|ACKR3|SH3RF1|WDR54|HAVCR2|ZNF622|IL34|ALKAL2|CD24,-2.4
MyList,GO Biological Processes,19,GO:0006612,protein targeting to membrane,19_GO:0051179 localization,-4,2.9,4.6,30293,95,1751,16,0.91,0.23,4666|6726|6728|23480|29082|51608|55048|55146|55625|64422|83955|128866|133022|155382|254887|342538,NACA|SRP9|SRP19|SEC61G|CHMP4A|GET4|VPS37C|ZDHHC4|ZDHHC7|ATG3|NACA4P|CHMP4B|TRAM1L1|VPS37D|ZDHHC23|NACA2,-2.4
MyList,GO Biological Processes,19,GO:0010959,regulation of metal ion transport,19_GO:0051179 localization,-4,1.8,4.2,30293,394,1751,42,2.4,0.37,88|493|801|945|967|1230|1272|2280|2281|2771|2783|2922|3208|3741|3755|3784|4067|4878|4923|5026|5170|5532|5621|5987|5999|6622|6786|7533|8787|9446|9914|11151|23327|53826|55800|57338|57628|63928|84502|151651|196051|286183,ACTN2|ATP2B4|CALM1|CD33|CD63|CCR1|CNTN1|FKBP1A|FKBP1B|GNAI2|GNB2|GRP|HPCA|KCNA5|KCNG1|KCNQ1|LYN|NPPA|NTSR1|P2RX5|PDPK1|PPP3CB|PRNP|TRIM27|RGS4|SNCA|STIM1|YWHAH|RGS9|GSTO1|ATP2C2|CORO1A|NEDD4L|FXYD6|SCN3B|JPH3|DPP10|CHP2|JPH4|EFHB|PLPP4|NKAIN3,-2.4
MyList,GO Biological Processes,19,GO:0051100,negative regulation of binding,19_GO:0065007 biological regulation,-4,2.7,4.5,30293,115,1751,18,1,0.24,1400|2801|3300|5580|5792|5824|8487|9270|9532|10459|23560|24144|51339|51773|56998|79822|129531|151651,CRMP1|GOLGA2|DNAJB2|PRKCD|PTPRF|PEX19|GEMIN2|ITGB1BP1|BAG2|MAD2L2|GTPBP4|TFIP11|DACT1|RSF1|CTNNBIP1|ARHGAP28|MITD1|EFHB,-2.4
MyList,GO Biological Processes,19,GO:0051236,establishment of RNA localization,19_GO:0051179 localization,-4,2.4,4.4,30293,157,1751,22,1.3,0.27,677|1069|3178|3181|3267|6396|7248|7514|7884|9804|9939|10073|23049|23089|26097|29118|55746|55795|59343|65109|79902|84324,ZFP36L1|CETN2|HNRNPA1|HNRNPA2B1|AGFG1|SEC13|TSC1|XPO1|SLBP|TOMM20|RBM8A|SNUPN|SMG1|PEG10|CHTOP|DDX25|NUP133|PCID2|SENP2|UPF3B|NUP85|SARNP,-2.4
MyList,GO Biological Processes,19,GO:0030832,regulation of actin filament length,19_GO:0050789 regulation of biological process,-4,2.4,4.4,30293,157,1751,22,1.3,0.27,88|120|1955|3059|4868|5063|5217|5580|7114|9168|10094|10456|10787|11034|11151|55604|55845|79822|80115|80206|91663|130271,ACTN2|ADD3|MEGF9|HCLS1|NPHS1|PAK3|PFN2|PRKCD|TMSB4X|TMSB10|ARPC3|HAX1|NCKAP1|DSTN|CORO1A|CARMIL1|BRK1|ARHGAP28|BAIAP2L2|FHOD3|MYADM|PLEKHH2,-2.4
MyList,GO Biological Processes,19,GO:0007610,behavior,19_GO:0032501 multicellular organismal process,-4,1.7,4.1,30293,616,1751,59,3.4,0.43,435|460|577|1268|1272|1385|1393|1524|1855|1949|2558|2821|2922|3156|3269|3350|3784|3845|4852|4886|4923|5048|5080|5532|5621|5641|5764|5803|6448|6505|6622|7067|7097|7101|7200|7248|7337|7345|7846|8704|8862|9698|10752|10882|22911|23287|27087|27253|51204|51643|54112|55084|57282|57338|57626|60626|84502|114781|161582,ASL|ASTN1|ADGRB3|CNR1|CNTN1|CREB1|CRHBP|CX3CR1|DVL1|EFNB3|GABRA5|GPI|GRP|HMGCR|HRH1|HTR1A|KCNQ1|KRAS|NPY|NPY1R|NTSR1|PAFAH1B1|PAX6|PPP3CB|PRNP|LGMN|PTN|PTPRZ1|SGSH|SLC1A1|SNCA|THRA|TLR2|NR2E1|TRH|TSC1|UBE3A|UCHL1|TUBA1A|B4GALT2|APLN|PUM1|CHL1|C1QL1|WDR47|AGTPBP1|B3GAT1|PCDH17|TACO1|TMBIM4|GPR88|SOBP|SLC4A10|JPH3|KLHL1|RIC8A|JPH4|BTBD9|DNAAF4,-2.4
MyList,GO Biological Processes,19,GO:0009181,purine ribonucleoside diphosphate catabolic process,19_GO:0008152 metabolic process,-4,3.8,4.9,30293,50,1751,11,0.63,0.19,226|2023|2821|3939|3988|5211|5223|5236|7167|53343|441531,ALDOA|ENO1|GPI|LDHA|LIPA|PFKL|PGAM1|PGM1|TPI1|NUDT9|PGAM4,-2.4
MyList,GO Biological Processes,19,GO:0009137,purine nucleoside diphosphate catabolic process,19_GO:0008152 metabolic process,-4,3.8,4.9,30293,50,1751,11,0.63,0.19,226|2023|2821|3939|3988|5211|5223|5236|7167|53343|441531,ALDOA|ENO1|GPI|LDHA|LIPA|PFKL|PGAM1|PGM1|TPI1|NUDT9|PGAM4,-2.4
MyList,GO Biological Processes,19,GO:0043393,regulation of protein binding,19_GO:0065007 biological regulation,-4,2.5,4.5,30293,136,1751,20,1.1,0.25,1398|1400|2280|2801|3300|5580|5792|6135|6789|9270|9532|23557|24144|25805|51339|53339|56998|121665|129531|151651,CRK|CRMP1|FKBP1A|GOLGA2|DNAJB2|PRKCD|PTPRF|RPL11|STK4|ITGB1BP1|BAG2|SNAPIN|TFIP11|BAMBI|DACT1|BTBD1|CTNNBIP1|SPPL3|MITD1|EFHB,-2.4
MyList,GO Biological Processes,19,GO:0031668,cellular response to extracellular stimulus,19_GO:0050896 response to stimulus,-4,2.1,4.3,30293,260,1751,31,1.8,0.32,123|136|968|1965|2752|3178|3312|4067|5563|5565|5571|6009|6396|6422|7071|7248|7532|8644|8678|8792|11170|11345|25828|26608|51100|55364|55615|56270|58528|79077|92196,PLIN2|ADORA2B|CD68|EIF2S1|GLUL|HNRNPA1|HSPA8|LYN|PRKAA2|PRKAB2|PRKAG1|RHEB|SEC13|SFRP1|KLF10|TSC1|YWHAG|AKR1C3|BECN1|TNFRSF11A|FAM107A|GABARAPL2|TXN2|TBL2|SH3GLB1|IMPACT|PRR5|WDR45B|RRAGD|DCTPP1|DAPL1,-2.4
MyList,GO Biological Processes,19,GO:0030177,positive regulation of Wnt signaling pathway,19_GO:0048518 positive regulation of biological process,-3.9,2.5,4.4,30293,147,1751,21,1.2,0.26,527|4088|6206|6299|6422|7097|7320|7480|9736|22881|23213|23399|25805|51339|51527|55366|55959|57326|79718|79971|252839,ATP6V0C|SMAD3|RPS12|SALL1|SFRP1|TLR2|UBE2B|WNT10B|USP34|ANKRD6|SULF1|CTDNEP1|BAMBI|DACT1|GSKIP|LGR4|SULF2|PBXIP1|TBL1XR1|WLS|TMEM9,-2.4
MyList,GO Biological Processes,19,GO:0051028,mRNA transport,19_GO:0051179 localization,-3.9,2.6,4.5,30293,126,1751,19,1.1,0.25,677|1069|3178|3181|3267|6396|7514|7884|9939|23049|23089|26097|29118|55746|55795|59343|65109|79902|84324,ZFP36L1|CETN2|HNRNPA1|HNRNPA2B1|AGFG1|SEC13|XPO1|SLBP|RBM8A|SMG1|PEG10|CHTOP|DDX25|NUP133|PCID2|SENP2|UPF3B|NUP85|SARNP,-2.4
MyList,GO Biological Processes,19,GO:1904874,positive regulation of telomerase RNA localization to Cajal body,19_GO:0051179 localization,-3.9,6.9,5.7,30293,15,1751,6,0.34,0.14,6950|7203|10574|10576|22948|55651,TCP1|CCT3|CCT7|CCT2|CCT5|NHP2,-2.4
MyList,GO Biological Processes,19,GO:0001732,formation of cytoplasmic translation initiation complex,19_GO:0008152 metabolic process,-3.9,6.9,5.7,30293,15,1751,6,0.34,0.14,3646|8664|8665|8667|8669|51386,EIF3E|EIF3D|EIF3F|EIF3H|EIF3J|EIF3L,-2.4
MyList,GO Biological Processes,19,GO:0019362,pyridine nucleotide metabolic process,19_GO:0008152 metabolic process,-3.9,2.7,4.5,30293,116,1751,18,1,0.24,226|2023|2821|3418|3939|3988|4191|4199|5211|5223|5236|7167|8942|10840|128240|133686|349565|441531,ALDOA|ENO1|GPI|IDH2|LDHA|LIPA|MDH2|ME1|PFKL|PGAM1|PGM1|TPI1|KYNU|ALDH1L1|NAXE|NADK2|NMNAT3|PGAM4,-2.4
MyList,GO Biological Processes,19,GO:0046496,nicotinamide nucleotide metabolic process,19_GO:0008152 metabolic process,-3.9,2.7,4.5,30293,116,1751,18,1,0.24,226|2023|2821|3418|3939|3988|4191|4199|5211|5223|5236|7167|8942|10840|128240|133686|349565|441531,ALDOA|ENO1|GPI|IDH2|LDHA|LIPA|MDH2|ME1|PFKL|PGAM1|PGM1|TPI1|KYNU|ALDH1L1|NAXE|NADK2|NMNAT3|PGAM4,-2.4
MyList,GO Biological Processes,19,GO:1901699,cellular response to nitrogen compound,19_GO:0050896 response to stimulus,-3.9,1.6,4,30293,632,1751,60,3.4,0.43,88|142|196|358|493|498|598|677|1129|1176|1307|1393|1398|2058|2771|2776|2888|3208|3265|3269|3350|3488|3784|4062|4067|5080|5138|5156|5170|5580|5621|5641|5747|5786|5906|5925|6001|6422|6505|6622|7155|7480|7532|8013|8649|8787|9340|9734|11031|23641|28956|28999|51510|55625|55829|56034|58528|58533|80339|197131,ACTN2|PARP1|AHR|AQP1|ATP2B4|ATP5F1A|BCL2L1|ZFP36L1|CHRM2|AP3S1|COL16A1|CRHBP|CRK|EPRS1|GNAI2|GNAQ|GRB14|HPCA|HRAS|HRH1|HTR1A|IGFBP5|KCNQ1|LY6H|LYN|PAX6|PDE2A|PDGFRA|PDPK1|PRKCD|PRNP|LGMN|PTK2|PTPRA|RAP1A|RB1|RGS10|SFRP1|SLC1A1|SNCA|TOP2B|WNT10B|YWHAG|NR4A3|LAMTOR3|RGS9|GLP2R|HDAC9|RAB31|LDOC1|LAMTOR2|KLF15|CHMP5|ZDHHC7|SELENOS|PDGFC|RRAGD|SNX6|PNPLA3|UBR1,-2.4
MyList,GO Biological Processes,19,GO:0045921,positive regulation of exocytosis,19_GO:0051179 localization,-3.9,3.1,4.7,30293,77,1751,14,0.8,0.21,136|3566|3684|3689|3822|6622|6810|6850|7251|8673|11267|27243|134957|341359,ADORA2B|IL4R|ITGAM|ITGB2|KLRC2|SNCA|STX4|SYK|TSG101|VAMP8|SNF8|CHMP2A|STXBP5|SYT10,-2.4
MyList,GO Biological Processes,19,GO:0001503,ossification,19_GO:0032501 multicellular organismal process,-3.9,2,4.2,30293,285,1751,33,1.9,0.32,103|865|1009|1311|2550|2735|2824|3183|3376|3488|4086|4088|5191|5245|5764|6209|6422|7010|7067|7071|7480|8792|9188|22800|23020|23560|27044|55366|55790|63979|64131|91851|202018,ADAR|CBFB|CDH11|COMP|GABBR1|GLI1|GPM6B|HNRNPC|IARS1|IGFBP5|SMAD1|SMAD3|PEX7|PHB1|PTN|RPS15|SFRP1|TEK|THRA|KLF10|WNT10B|TNFRSF11A|DDX21|RRAS2|SNRNP200|GTPBP4|SND1|LGR4|CSGALNACT1|FIGNL1|XYLT1|CHRDL1|TAPT1,-2.4
MyList,GO Biological Processes,19,GO:0043371,"negative regulation of CD4-positive, alpha-beta T cell differentiation",19_GO:0002376 immune system process,-3.9,5.8,5.4,30293,21,1751,7,0.4,0.15,301|430|865|3146|3566|54542|84695,ANXA1|ASCL2|CBFB|HMGB1|IL4R|RC3H2|LOXL3,-2.4
MyList,GO Biological Processes,19,GO:0034389,lipid droplet organization,19_GO:0009987 cellular process,-3.9,4.4,5.1,30293,35,1751,9,0.51,0.17,123|5478|5563|6713|22930|22931|57146|80339|158747,PLIN2|PPIA|PRKAA2|SQLE|RAB3GAP1|RAB18|LDAF1|PNPLA3|MOSPD2,-2.4
MyList,GO Biological Processes,19,GO:0098883,synapse pruning,19_GO:0009987 cellular process,-3.9,8.7,6,30293,10,1751,5,0.29,0.13,712|713|718|1524|3684,C1QA|C1QB|C3|CX3CR1|ITGAM,-2.4
MyList,GO Biological Processes,19,GO:1904851,positive regulation of establishment of protein localization to telomere,19_GO:0051179 localization,-3.9,8.7,6,30293,10,1751,5,0.29,0.13,6950|7203|10574|10576|22948,TCP1|CCT3|CCT7|CCT2|CCT5,-2.4
MyList,GO Biological Processes,19,GO:0060326,cell chemotaxis,19_GO:0040011 locomotion,-3.9,2.2,4.3,30293,215,1751,27,1.5,0.29,240|301|727|1230|1398|1524|1525|1910|3082|3146|3689|4856|5156|5478|5580|5764|5879|6223|6441|6850|7409|8792|9023|11151|57007|63916|79902,ALOX5|ANXA1|C5|CCR1|CRK|CX3CR1|CXADR|EDNRB|HGF|HMGB1|ITGB2|CCN3|PDGFRA|PPIA|PRKCD|PTN|RAC1|RPS19|SFTPD|SYK|VAV1|TNFRSF11A|CH25H|CORO1A|ACKR3|ELMO2|NUP85,-2.4
MyList,GO Biological Processes,19,GO:0021987,cerebral cortex development,19_GO:0032502 developmental process,-3.9,2.6,4.4,30293,127,1751,19,1.1,0.25,1398|2018|2290|4852|5048|5080|6867|7101|7248|7280|7846|9289|9355|22911|26468|57178|84750|114327|347733,CRK|EMX2|FOXG1|NPY|PAFAH1B1|PAX6|TACC1|NR2E1|TSC1|TUBB2A|TUBA1A|ADGRG1|LHX2|WDR47|LHX6|ZMIZ1|FUT10|EFHC1|TUBB2B,-2.4
MyList,GO Biological Processes,19,GO:0006909,phagocytosis,19_GO:0051179 localization,-3.9,2.4,4.4,30293,159,1751,22,1.3,0.27,199|301|613|3146|3684|3689|4067|5580|5747|5879|6850|7087|7409|7410|8678|9711|9938|11151|25912|56990|63916|196051,AIF1|ANXA1|BCR|HMGB1|ITGAM|ITGB2|LYN|PRKCD|PTK2|RAC1|SYK|ICAM5|VAV1|VAV2|BECN1|RUBCN|ARHGAP25|CORO1A|C1orf43|CDC42SE2|ELMO2|PLPP4,-2.4
MyList,GO Biological Processes,19,GO:0097352,autophagosome maturation,19_GO:0008152 metabolic process,-3.9,3.7,4.8,30293,51,1751,11,0.63,0.19,801|7251|8673|8678|11345|23557|27243|29082|51510|80183|128866,CALM1|TSG101|VAMP8|BECN1|GABARAPL2|SNAPIN|CHMP2A|CHMP4A|CHMP5|RUBCNL|CHMP4B,-2.4
MyList,GO Biological Processes,19,GO:0031346,positive regulation of cell projection organization,19_GO:0048518 positive regulation of biological process,-3.9,1.9,4.1,30293,360,1751,39,2.2,0.35,1268|1272|1627|1809|1855|2281|2823|3265|4067|4076|4898|5048|5064|5604|5764|5879|5906|6014|6239|7043|8321|8655|8724|9750|9863|9897|10152|10494|10690|10787|29993|51364|55604|55845|57465|202018|221914|285016|347733,CNR1|CNTN1|DBN1|DPYSL3|DVL1|FKBP1B|GPM6A|HRAS|LYN|CAPRIN1|NRDC|PAFAH1B1|PALM|MAP2K1|PTN|RAC1|RAP1A|RIT2|RREB1|TGFB3|FZD1|DYNLL1|SNX3|RIPOR2|MAGI2|WASHC5|ABI2|STK25|FUT9|NCKAP1|PACSIN1|ZMYND10|CARMIL1|BRK1|TBC1D24|TAPT1|GPC2|ALKAL2|TUBB2B,-2.4
MyList,GO Biological Processes,19,GO:0050778,positive regulation of immune response,19_GO:0002376 immune system process,-3.9,1.6,4,30293,648,1751,61,3.5,0.44,301|712|713|715|716|718|727|972|1191|1268|1675|1687|2547|3093|3109|3111|3119|3122|3127|3146|3265|3566|3684|3689|3821|3822|3988|4067|4292|5063|5245|5580|5650|5747|6188|6223|6810|6850|7037|7097|7409|7410|7468|8013|8890|9111|9698|10459|10623|10657|11326|30968|54542|55577|79184|79969|84233|84868|90865|121665|196051,ANXA1|C1QA|C1QB|C1R|C1S|C3|C5|CD74|CLU|CNR1|CFD|GSDME|XRCC6|UBE2K|HLA-DMB|HLA-DOA|HLA-DQB1|HLA-DRA|HLA-DRB5|HMGB1|HRAS|IL4R|ITGAM|ITGB2|KLRC1|KLRC2|LIPA|LYN|MLH1|PAK3|PHB1|PRKCD|KLK7|PTK2|RPS3|RPS19|STX4|SYK|TFRC|TLR2|VAV1|VAV2|NSD2|NR4A3|EIF2B4|NMI|PUM1|MAD2L2|POLR3C|KHDRBS1|VSIG4|STOML2|RC3H2|NAGK|BRCC3|ATAT1|TMEM126A|HAVCR2|IL33|SPPL3|PLPP4,-2.4
MyList,GO Biological Processes,19,GO:0090148,membrane fission,19_GO:0009987 cellular process,-3.9,4,4.9,30293,43,1751,10,0.57,0.18,7251|11267|27243|29082|51100|51510|54536|55048|128866|155382,TSG101|SNF8|CHMP2A|CHMP4A|SH3GLB1|CHMP5|EXOC6|VPS37C|CHMP4B|VPS37D,-2.4
MyList,GO Biological Processes,19,GO:0090314,positive regulation of protein targeting to membrane,19_GO:0051179 localization,-3.9,4.9,5.2,30293,28,1751,8,0.46,0.16,3208|3265|3684|3689|5621|9270|10519|54471,HPCA|HRAS|ITGAM|ITGB2|PRNP|ITGB1BP1|CIB1|MIEF1,-2.4
MyList,GO Biological Processes,19,GO:0038094,Fc-gamma receptor signaling pathway,19_GO:0002376 immune system process,-3.9,4.9,5.2,30293,28,1751,8,0.46,0.16,2214|4067|5580|5747|6850|7409|7410|196051,FCGR3A|LYN|PRKCD|PTK2|SYK|VAV1|VAV2|PLPP4,-2.4
MyList,GO Biological Processes,19,GO:0048714,positive regulation of oligodendrocyte differentiation,19_GO:0032502 developmental process,-3.9,4.9,5.2,30293,28,1751,8,0.46,0.16,1605|5764|5803|6009|7097|10419|90865|146433,DAG1|PTN|PTPRZ1|RHEB|TLR2|PRMT5|IL33|IL34,-2.4
MyList,GO Biological Processes,19,GO:1901796,regulation of signal transduction by p53 class mediator,19_GO:0050896 response to stimulus,-3.9,2.7,4.5,30293,107,1751,17,0.97,0.23,972|6125|6135|6154|6209|6224|6880|7314|7874|8444|8445|8550|8805|10419|80237|83787|90809,CD74|RPL5|RPL11|RPL26|RPS15|RPS20|TAF9|UBB|USP7|DYRK3|DYRK2|MAPKAPK5|TRIM24|PRMT5|ELL3|ARMC10|PIP4P1,-2.4
MyList,GO Biological Processes,19,GO:0034762,regulation of transmembrane transport,19_GO:0051179 localization,-3.9,1.7,4.1,30293,489,1751,49,2.8,0.39,88|493|718|801|967|1393|2280|2281|2783|2922|3208|3755|3762|3768|3784|4067|4878|4923|4946|4947|5026|5170|5532|5621|5999|6622|6786|7114|7533|8013|8682|8787|9446|10368|10776|11151|23327|28999|51582|53826|55022|55800|55829|57338|57628|63928|84502|151176|729993,ACTN2|ATP2B4|C3|CALM1|CD63|CRHBP|FKBP1A|FKBP1B|GNB2|GRP|HPCA|KCNG1|KCNJ5|KCNJ12|KCNQ1|LYN|NPPA|NTSR1|OAZ1|OAZ2|P2RX5|PDPK1|PPP3CB|PRNP|RGS4|SNCA|STIM1|TMSB4X|YWHAH|NR4A3|PEA15|RGS9|GSTO1|CACNG3|ARPP19|CORO1A|NEDD4L|KLF15|AZIN1|FXYD6|PID1|SCN3B|SELENOS|JPH3|DPP10|CHP2|JPH4|ERFE|SHISA9,-2.3
MyList,GO Biological Processes,19,GO:0031667,response to nutrient levels,19_GO:0050896 response to stimulus,-3.9,1.7,4.1,30293,476,1751,48,2.7,0.39,38|123|158|317|435|594|968|1268|1592|1965|2281|2752|2771|3178|3312|3988|4152|4852|4968|5563|5565|5571|6009|6396|6422|6427|6750|6751|7037|7071|7248|7532|8644|8678|8792|8942|9706|11170|11345|25828|26608|51100|55364|55615|56270|58528|79718|92196,ACAT1|PLIN2|ADSL|APAF1|ASL|BCKDHB|CD68|CNR1|CYP26A1|EIF2S1|FKBP1B|GLUL|GNAI2|HNRNPA1|HSPA8|LIPA|MBD1|NPY|OGG1|PRKAA2|PRKAB2|PRKAG1|RHEB|SEC13|SFRP1|SRSF2|SST|SSTR1|TFRC|KLF10|TSC1|YWHAG|AKR1C3|BECN1|TNFRSF11A|KYNU|ULK2|FAM107A|GABARAPL2|TXN2|TBL2|SH3GLB1|IMPACT|PRR5|WDR45B|RRAGD|TBL1XR1|DAPL1,-2.3
MyList,GO Biological Processes,19,GO:1901136,carbohydrate derivative catabolic process,19_GO:0008152 metabolic process,-3.8,2.2,4.2,30293,217,1751,27,1.5,0.29,38|226|1486|1806|2023|2821|3094|3939|3988|4126|4860|4968|5138|5211|5223|5236|6448|7167|9615|11163|22875|53343|55190|55577|79077|170685|441531,ACAT1|ALDOA|CTBS|DPYD|ENO1|GPI|HINT1|LDHA|LIPA|MANBA|PNP|OGG1|PDE2A|PFKL|PGAM1|PGM1|SGSH|TPI1|GDA|NUDT4|ENPP4|NUDT9|NUDT11|NAGK|DCTPP1|NUDT10|PGAM4,-2.3
MyList,GO Biological Processes,19,GO:1903828,negative regulation of protein localization,19_GO:0051179 localization,-3.8,2.2,4.2,30293,217,1751,27,1.5,0.29,88|598|2281|2665|2824|3033|3156|3301|4856|5211|5569|5715|6047|6422|7295|8724|9270|9500|9750|23327|54602|55022|55612|55968|79651|84830|137886,ACTN2|BCL2L1|FKBP1B|GDI2|GPM6B|HADH|HMGCR|DNAJA1|CCN3|PFKL|PKIA|PSMD9|RNF4|SFRP1|TXN|SNX3|ITGB1BP1|MAGED1|RIPOR2|NEDD4L|NDFIP2|PID1|FERMT1|NSFL1C|RHBDF2|ADTRP|UBXN2B,-2.3
MyList,GO Biological Processes,19,GO:0001649,osteoblast differentiation,19_GO:0032502 developmental process,-3.8,2.5,4.4,30293,139,1751,20,1.1,0.25,103|865|2550|2735|3183|3376|3488|4086|4088|5245|6209|6422|7480|9188|22800|23020|23560|27044|55366|63979,ADAR|CBFB|GABBR1|GLI1|HNRNPC|IARS1|IGFBP5|SMAD1|SMAD3|PHB1|RPS15|SFRP1|WNT10B|DDX21|RRAS2|SNRNP200|GTPBP4|SND1|LGR4|FIGNL1,-2.3
MyList,GO Biological Processes,19,GO:0033673,negative regulation of kinase activity,19_GO:0048519 negative regulation of biological process,-3.8,2.3,4.3,30293,183,1751,24,1.4,0.28,103|1050|2776|3301|4067|4878|5170|5478|5569|5580|5925|5987|6609|6622|7251|7345|7532|9270|28951|51527|58533|80725|84062|260434,ADAR|CEBPA|GNAQ|DNAJA1|LYN|NPPA|PDPK1|PPIA|PKIA|PRKCD|RB1|TRIM27|SMPD1|SNCA|TSG101|UCHL1|YWHAG|ITGB1BP1|TRIB2|GSKIP|SNX6|SRCIN1|DTNBP1|PYDC1,-2.3
MyList,GO Biological Processes,19,GO:0060633,negative regulation of transcription initiation by RNA polymerase II,19_GO:0048519 negative regulation of biological process,-3.8,12,6.4,30293,6,1751,4,0.23,0.11,3146|7067|55795|56998,HMGB1|THRA|PCID2|CTNNBIP1,-2.3
MyList,GO Biological Processes,19,GO:0071241,cellular response to inorganic substance,19_GO:0050896 response to stimulus,-3.8,2.1,4.2,30293,229,1751,28,1.6,0.3,113|142|358|498|1050|1385|1393|1398|1740|1965|3208|4968|5563|5621|5641|6505|6609|6622|7846|8437|8644|8678|29957|51760|57699|63928|84059|341359,ADCY7|PARP1|AQP1|ATP5F1A|CEBPA|CREB1|CRHBP|CRK|DLG2|EIF2S1|HPCA|OGG1|PRKAA2|PRNP|LGMN|SLC1A1|SMPD1|SNCA|TUBA1A|RASAL1|AKR1C3|BECN1|SLC25A24|SYT17|CPNE5|CHP2|ADGRV1|SYT10,-2.3
MyList,GO Biological Processes,19,GO:0006979,response to oxidative stress,19_GO:0050896 response to stimulus,-3.8,1.9,4.1,30293,363,1751,39,2.2,0.35,142|199|318|358|1398|1965|2281|3741|4257|4602|4720|4968|5052|5156|5478|5563|5580|5621|5693|6188|6505|6622|6780|6810|7155|7295|7337|8575|8678|10494|10549|25828|29957|51142|51526|55290|55829|57465|154807,PARP1|AIF1|NUDT2|AQP1|CRK|EIF2S1|FKBP1B|KCNA5|MGST1|MYB|NDUFS2|OGG1|PRDX1|PDGFRA|PPIA|PRKAA2|PRKCD|PRNP|PSMB5|RPS3|SLC1A1|SNCA|STAU1|STX4|TOP2B|TXN|UBE3A|PRKRA|BECN1|STK25|PRDX4|TXN2|SLC25A24|CHCHD2|OSER1|BRF2|SELENOS|TBC1D24|VKORC1L1,-2.3
MyList,GO Biological Processes,19,GO:0000387,spliceosomal snRNP assembly,19_GO:0008152 metabolic process,-3.8,3.7,4.8,30293,52,1751,11,0.63,0.19,6631|6634|6635|6636|6637|8487|10419|10421|10772|57819|135295,SNRPC|SNRPD3|SNRPE|SNRPF|SNRPG|GEMIN2|PRMT5|CD2BP2|SRSF10|LSM2|SRSF12,-2.3
MyList,GO Biological Processes,19,GO:0072526,pyridine-containing compound catabolic process,19_GO:0008152 metabolic process,-3.8,3.7,4.8,30293,52,1751,11,0.63,0.19,226|2023|2821|3939|3988|4860|5211|5223|5236|7167|441531,ALDOA|ENO1|GPI|LDHA|LIPA|PNP|PFKL|PGAM1|PGM1|TPI1|PGAM4,-2.3
MyList,GO Biological Processes,19,GO:0050868,negative regulation of T cell activation,19_GO:0002376 immune system process,-3.8,2.5,4.4,30293,129,1751,19,1.1,0.25,301|430|865|972|3146|3566|5621|6441|7805|8764|9750|11326|54542|79626|84695|84868|92196|259307|339390,ANXA1|ASCL2|CBFB|CD74|HMGB1|IL4R|PRNP|SFTPD|LAPTM5|TNFRSF14|RIPOR2|VSIG4|RC3H2|TNFAIP8L2|LOXL3|HAVCR2|DAPL1|IL4I1|CLEC4G,-2.3
MyList,GO Biological Processes,19,GO:0071496,cellular response to external stimulus,19_GO:0050896 response to stimulus,-3.8,1.9,4.1,30293,326,1751,36,2.1,0.34,123|136|358|572|968|1605|1965|2752|3178|3312|4067|5138|5563|5565|5571|6009|6396|6422|7071|7248|7532|8644|8678|8792|11170|11345|25828|26608|51100|55364|55615|56270|58528|79077|90865|92196,PLIN2|ADORA2B|AQP1|BAD|CD68|DAG1|EIF2S1|GLUL|HNRNPA1|HSPA8|LYN|PDE2A|PRKAA2|PRKAB2|PRKAG1|RHEB|SEC13|SFRP1|KLF10|TSC1|YWHAG|AKR1C3|BECN1|TNFRSF11A|FAM107A|GABARAPL2|TXN2|TBL2|SH3GLB1|IMPACT|PRR5|WDR45B|RRAGD|DCTPP1|IL33|DAPL1,-2.3
MyList,GO Biological Processes,19,GO:0044000,movement in host,19_GO:0044419 biological process involved in interspecies interaction between organisms,-3.8,2.5,4.3,30293,140,1751,20,1.1,0.25,1525|1605|1642|1948|1949|5245|5478|6404|6609|6993|7037|7251|8673|8764|25945|27243|29082|51510|128866|339390,CXADR|DAG1|DDB1|EFNB2|EFNB3|PHB1|PPIA|SELPLG|SMPD1|DYNLT1|TFRC|TSG101|VAMP8|TNFRSF14|NECTIN3|CHMP2A|CHMP4A|CHMP5|CHMP4B|CLEC4G,-2.3
MyList,GO Biological Processes,19,GO:0031669,cellular response to nutrient levels,19_GO:0050896 response to stimulus,-3.8,2.1,4.2,30293,230,1751,28,1.6,0.3,123|968|1965|2752|3178|3312|5563|5565|5571|6009|6396|6422|7071|7248|7532|8644|8678|8792|11170|11345|25828|26608|51100|55364|55615|56270|58528|92196,PLIN2|CD68|EIF2S1|GLUL|HNRNPA1|HSPA8|PRKAA2|PRKAB2|PRKAG1|RHEB|SEC13|SFRP1|KLF10|TSC1|YWHAG|AKR1C3|BECN1|TNFRSF11A|FAM107A|GABARAPL2|TXN2|TBL2|SH3GLB1|IMPACT|PRR5|WDR45B|RRAGD|DAPL1,-2.3
MyList,GO Biological Processes,19,GO:0002685,regulation of leukocyte migration,19_GO:0040011 locomotion,-3.8,2.1,4.2,30293,230,1751,28,1.6,0.3,199|301|430|613|727|972|1230|1398|1524|2650|3146|4067|4856|5641|5747|5764|5879|6793|7941|8764|9750|10690|11151|81704|84830|90865|146433|158747,AIF1|ANXA1|ASCL2|BCR|C5|CD74|CCR1|CRK|CX3CR1|GCNT1|HMGB1|LYN|CCN3|LGMN|PTK2|PTN|RAC1|STK10|PLA2G7|TNFRSF14|RIPOR2|FUT9|CORO1A|DOCK8|ADTRP|IL33|IL34|MOSPD2,-2.3
MyList,GO Biological Processes,19,GO:0043484,regulation of RNA splicing,19_GO:0008152 metabolic process,-3.8,2.3,4.2,30293,184,1751,24,1.4,0.28,2521|2926|3178|3181|3189|5936|6427|6880|7536|9913|9939|10181|10209|10284|10419|10521|10657|10772|22827|23450|58155|60680|65109|135295,FUS|GRSF1|HNRNPA1|HNRNPA2B1|HNRNPH3|RBM4|SRSF2|TAF9|SF1|SUPT7L|RBM8A|RBM5|EIF1|SAP18|PRMT5|DDX17|KHDRBS1|SRSF10|PUF60|SF3B3|PTBP2|CELF5|UPF3B|SRSF12,-2.3
MyList,GO Biological Processes,19,GO:1903707,negative regulation of hemopoiesis,19_GO:0002376 immune system process,-3.8,2.6,4.4,30293,119,1751,18,1,0.24,301|430|865|972|1050|3146|3313|3566|4067|6422|8111|8451|10766|53342|54542|84695|151176|339390,ANXA1|ASCL2|CBFB|CD74|CEBPA|HMGB1|HSPA9|IL4R|LYN|SFRP1|GPR68|CUL4A|TOB2|IL17D|RC3H2|LOXL3|ERFE|CLEC4G,-2.3
MyList,GO Biological Processes,19,GO:1990849,vacuolar localization,19_GO:0051179 localization,-3.8,3.4,4.7,30293,61,1751,12,0.69,0.2,136|2922|4067|6850|8013|9043|23557|79036|90809|118426|119032|282991,ADORA2B|GRP|LYN|SYK|NR4A3|SPAG9|SNAPIN|KXD1|PIP4P1|BORCS5|BORCS7|BLOC1S2,-2.3
MyList,GO Biological Processes,19,GO:0032418,lysosome localization,19_GO:0051179 localization,-3.8,3.4,4.7,30293,61,1751,12,0.69,0.2,136|2922|4067|6850|8013|9043|23557|79036|90809|118426|119032|282991,ADORA2B|GRP|LYN|SYK|NR4A3|SPAG9|SNAPIN|KXD1|PIP4P1|BORCS5|BORCS7|BLOC1S2,-2.3
MyList,GO Biological Processes,19,GO:0000289,nuclear-transcribed mRNA poly(A) tail shortening,19_GO:0048519 negative regulation of biological process,-3.8,5.5,5.2,30293,22,1751,7,0.4,0.15,4292|4848|9337|23034|29883|57472|255967,MLH1|CNOT2|CNOT8|SAMD4A|CNOT7|CNOT6|PAN3,-2.3
MyList,GO Biological Processes,19,GO:0039702,viral budding via host ESCRT complex,19_GO:0016032 viral process,-3.8,5.5,5.2,30293,22,1751,7,0.4,0.15,7251|27243|29082|51510|55048|128866|155382,TSG101|CHMP2A|CHMP4A|CHMP5|VPS37C|CHMP4B|VPS37D,-2.3
MyList,GO Biological Processes,19,GO:0032543,mitochondrial translation,19_GO:0008152 metabolic process,-3.8,2.7,4.4,30293,109,1751,17,0.97,0.23,5188|7284|51021|51023|51253|51258|51263|51649|55037|55052|55168|55699|64976|84340|118487|124454|124995,GATB|TUFM|MRPS16|MRPS18C|MRPL37|MRPL51|MRPL30|MRPS23|PTCD3|MRPL20|MRPS18A|IARS2|MRPL40|GFM2|CHCHD1|EARS2|MRPL10,-2.3
MyList,GO Biological Processes,19,GO:0040011,locomotion,19_GO:0040011 locomotion,-3.8,1.8,4,30293,365,1751,39,2.2,0.35,240|301|727|1230|1398|1524|1525|1910|3082|3146|3265|3689|3730|4856|5156|5478|5532|5580|5604|5764|5879|6223|6441|6585|6850|7409|7477|8792|9023|9750|10371|11151|57007|57338|63916|64218|79902|112616|158747,ALOX5|ANXA1|C5|CCR1|CRK|CX3CR1|CXADR|EDNRB|HGF|HMGB1|HRAS|ITGB2|ANOS1|CCN3|PDGFRA|PPIA|PPP3CB|PRKCD|MAP2K1|PTN|RAC1|RPS19|SFTPD|SLIT1|SYK|VAV1|WNT7B|TNFRSF11A|CH25H|RIPOR2|SEMA3A|CORO1A|ACKR3|JPH3|ELMO2|SEMA4A|NUP85|CMTM7|MOSPD2,-2.3
MyList,GO Biological Processes,19,GO:0071407,cellular response to organic cyclic compound,19_GO:0050896 response to stimulus,-3.8,1.7,4,30293,468,1751,47,2.7,0.39,108|196|301|358|493|498|677|1050|1385|1393|1605|2235|2776|3269|3301|3312|3350|3488|3784|4086|5063|5138|5245|5906|6422|6505|6622|6751|7101|7155|7337|7480|7533|8013|8644|8787|8945|10521|11170|23209|23558|53829|55625|57178|80339|84458|84830,ADCY2|AHR|ANXA1|AQP1|ATP2B4|ATP5F1A|ZFP36L1|CEBPA|CREB1|CRHBP|DAG1|FECH|GNAQ|HRH1|DNAJA1|HSPA8|HTR1A|IGFBP5|KCNQ1|SMAD1|PAK3|PDE2A|PHB1|RAP1A|SFRP1|SLC1A1|SNCA|SSTR1|NR2E1|TOP2B|UBE3A|WNT10B|YWHAH|NR4A3|AKR1C3|RGS9|BTRC|DDX17|FAM107A|MLC1|WBP2|P2RY13|ZDHHC7|ZMIZ1|PNPLA3|LCOR|ADTRP,-2.3
MyList,GO Biological Processes,19,GO:0002699,positive regulation of immune effector process,19_GO:0002376 immune system process,-3.7,2,4.1,30293,255,1751,30,1.7,0.31,136|301|718|972|2821|3109|3122|3566|3684|3689|3821|3822|4292|5245|5650|5950|6223|6810|6850|7037|7409|7468|7805|8013|8673|8764|9188|10417|10459|90865,ADORA2B|ANXA1|C3|CD74|GPI|HLA-DMB|HLA-DRA|IL4R|ITGAM|ITGB2|KLRC1|KLRC2|MLH1|PHB1|KLK7|RBP4|RPS19|STX4|SYK|TFRC|VAV1|NSD2|LAPTM5|NR4A3|VAMP8|TNFRSF14|DDX21|SPON2|MAD2L2|IL33,-2.2
MyList,GO Biological Processes,19,GO:0032210,regulation of telomere maintenance via telomerase,19_GO:0008152 metabolic process,-3.7,3.6,4.7,30293,53,1751,11,0.63,0.19,3178|3183|6950|7203|8550|10574|10576|22948|64282|80169|167227,HNRNPA1|HNRNPC|TCP1|CCT3|MAPKAPK5|CCT7|CCT2|CCT5|TENT4B|CTC1|DCP2,-2.2
MyList,GO Biological Processes,19,GO:0009191,ribonucleoside diphosphate catabolic process,19_GO:0008152 metabolic process,-3.7,3.6,4.7,30293,53,1751,11,0.63,0.19,226|2023|2821|3939|3988|5211|5223|5236|7167|53343|441531,ALDOA|ENO1|GPI|LDHA|LIPA|PFKL|PGAM1|PGM1|TPI1|NUDT9|PGAM4,-2.2
MyList,GO Biological Processes,19,GO:0000381,"regulation of alternative mRNA splicing, via spliceosome",19_GO:0008152 metabolic process,-3.7,3.6,4.7,30293,53,1751,11,0.63,0.19,3178|5936|6427|9939|10181|10284|10521|10657|22827|60680|135295,HNRNPA1|RBM4|SRSF2|RBM8A|RBM5|SAP18|DDX17|KHDRBS1|PUF60|CELF5|SRSF12,-2.2
MyList,GO Biological Processes,19,GO:0048024,"regulation of mRNA splicing, via spliceosome",19_GO:0008152 metabolic process,-3.7,2.7,4.4,30293,110,1751,17,0.97,0.23,3178|3181|5936|6427|7536|9939|10181|10209|10284|10419|10521|10657|10772|22827|60680|65109|135295,HNRNPA1|HNRNPA2B1|RBM4|SRSF2|SF1|RBM8A|RBM5|EIF1|SAP18|PRMT5|DDX17|KHDRBS1|SRSF10|PUF60|CELF5|UPF3B|SRSF12,-2.2
MyList,GO Biological Processes,19,GO:0150064,vertebrate eye-specific patterning,19_GO:0032502 developmental process,-3.7,17,7,30293,3,1751,3,0.17,0.099,712|718|3684,C1QA|C3|ITGAM,-2.2
MyList,GO Biological Processes,19,GO:0030218,erythrocyte differentiation,19_GO:0042592 homeostatic process,-3.7,2.8,4.4,30293,100,1751,16,0.91,0.23,103|2235|3059|3313|3784|4067|4602|5925|6208|6223|7067|8444|10019|23456|51510|81624,ADAR|FECH|HCLS1|HSPA9|KCNQ1|LYN|MYB|RB1|RPS14|RPS19|THRA|DYRK3|SH2B3|ABCB10|CHMP5|DIAPH3,-2.2
MyList,GO Biological Processes,19,GO:1903052,positive regulation of proteolysis involved in protein catabolic process,19_GO:0048518 positive regulation of biological process,-3.7,2.5,4.3,30293,131,1751,19,1.1,0.25,1050|1191|1855|3300|5702|5706|5747|7805|8078|9104|9532|11236|23287|25898|28951|57630|64110|65992|90865,CEBPA|CLU|DVL1|DNAJB2|PSMC3|PSMC6|PTK2|LAPTM5|USP5|RGN|BAG2|RNF139|AGTPBP1|RCHY1|TRIB2|SH3RF1|MAGEF1|DDRGK1|IL33,-2.2
MyList,GO Biological Processes,19,GO:0008637,apoptotic mitochondrial changes,19_GO:0009987 cellular process,-3.7,3.3,4.6,30293,62,1751,12,0.69,0.2,572|597|598|1191|2139|10449|10899|11040|64422|79017|152926|282991,BAD|BCL2A1|BCL2L1|CLU|EYA2|ACAA2|JTB|PIM2|ATG3|GGCT|PPM1K|BLOC1S2,-2.2
MyList,GO Biological Processes,19,GO:0030041,actin filament polymerization,19_GO:0009987 cellular process,-3.7,4.2,4.8,30293,37,1751,9,0.51,0.17,199|395|5879|9897|10093|10810|11170|51019|81624,AIF1|ARHGAP6|RAC1|WASHC5|ARPC4|WASF3|FAM107A|WASHC3|DIAPH3,-2.2
MyList,GO Biological Processes,19,GO:0060071,"Wnt signaling pathway, planar cell polarity pathway",19_GO:0050896 response to stimulus,-3.7,4.2,4.8,30293,37,1751,9,0.51,0.17,1855|5879|6422|7477|7976|8321|9863|128272|166336,DVL1|RAC1|SFRP1|WNT7B|FZD3|FZD1|MAGI2|ARHGEF19|PRICKLE2,-2.2
MyList,GO Biological Processes,19,GO:0043162,ubiquitin-dependent protein catabolic process via the multivesicular body sorting pathway,19_GO:0008152 metabolic process,-3.7,4.2,4.8,30293,37,1751,9,0.51,0.17,7251|10040|11267|27243|29082|51510|55048|128866|155382,TSG101|TOM1L1|SNF8|CHMP2A|CHMP4A|CHMP5|VPS37C|CHMP4B|VPS37D,-2.2
MyList,GO Biological Processes,19,GO:0045324,late endosome to vacuole transport,19_GO:0051179 localization,-3.7,4.2,4.8,30293,37,1751,9,0.51,0.17,7251|8678|11267|27243|29082|51510|55048|128866|155382,TSG101|BECN1|SNF8|CHMP2A|CHMP4A|CHMP5|VPS37C|CHMP4B|VPS37D,-2.2
MyList,GO Biological Processes,19,GO:0046636,negative regulation of alpha-beta T cell activation,19_GO:0002376 immune system process,-3.7,3.8,4.7,30293,45,1751,10,0.57,0.18,301|430|865|3146|3566|8764|54542|84695|92196|339390,ANXA1|ASCL2|CBFB|HMGB1|IL4R|TNFRSF14|RC3H2|LOXL3|DAPL1|CLEC4G,-2.2
MyList,GO Biological Processes,19,GO:0006096,glycolytic process,19_GO:0008152 metabolic process,-3.7,3.8,4.7,30293,45,1751,10,0.57,0.18,226|2023|2821|3939|3988|5211|5223|5236|7167|441531,ALDOA|ENO1|GPI|LDHA|LIPA|PFKL|PGAM1|PGM1|TPI1|PGAM4,-2.2
MyList,GO Biological Processes,19,GO:1902115,regulation of organelle assembly,19_GO:0050789 regulation of biological process,-3.7,2.1,4.1,30293,221,1751,27,1.5,0.29,2665|2895|3936|4076|4848|5563|6047|6048|7251|8655|8678|8766|9637|22930|27243|29082|51100|51364|51375|51510|57472|57533|64422|128866|202018|255758|255967,GDI2|GRID2|LCP1|CAPRIN1|CNOT2|PRKAA2|RNF4|RNF5|TSG101|DYNLL1|BECN1|RAB11A|FEZ2|RAB3GAP1|CHMP2A|CHMP4A|SH3GLB1|ZMYND10|SNX7|CHMP5|CNOT6|TBC1D14|ATG3|CHMP4B|TAPT1|DYNLT2B|PAN3,-2.2
MyList,GO Biological Processes,19,GO:0051099,positive regulation of binding,19_GO:0065007 biological regulation,-3.7,2.6,4.3,30293,121,1751,18,1,0.24,2280|3146|3646|3925|4830|5080|5925|6135|6789|7295|8664|9750|9802|25805|26086|51339|65992|121665,FKBP1A|HMGB1|EIF3E|STMN1|NME1|PAX6|RB1|RPL11|STK4|TXN|EIF3D|RIPOR2|DAZAP2|BAMBI|GPSM1|DACT1|DDRGK1|SPPL3,-2.2
MyList,GO Biological Processes,19,GO:0000209,protein polyubiquitination,19_GO:0008152 metabolic process,-3.7,2,4.1,30293,245,1751,29,1.7,0.3,865|3093|5987|6047|6048|6500|7319|7320|7322|7337|8945|9111|9246|9520|9666|10346|10758|23291|23295|23327|27338|51283|51529|54542|55128|55884|143279|246184|378884,CBFB|UBE2K|TRIM27|RNF4|RNF5|SKP1|UBE2A|UBE2B|UBE2D2|UBE3A|BTRC|NMI|UBE2L6|NPEPPS|DZIP3|TRIM22|TRAF3IP2|FBXW11|MGRN1|NEDD4L|UBE2S|BFAR|ANAPC11|RC3H2|TRIM68|WSB2|HECTD2|CDC26|NHLRC1,-2.2
MyList,GO Biological Processes,19,GO:0008344,adult locomotory behavior,19_GO:0032501 multicellular organismal process,-3.7,3,4.4,30293,81,1751,14,0.8,0.21,1949|4923|5048|6622|7200|7248|7345|7846|9698|10752|22911|23287|57626|114781,EFNB3|NTSR1|PAFAH1B1|SNCA|TRH|TSC1|UCHL1|TUBA1A|PUM1|CHL1|WDR47|AGTPBP1|KLHL1|BTBD9,-2.2
MyList,GO Biological Processes,19,GO:0051258,protein polymerization,19_GO:0009987 cellular process,-3.7,2.7,4.3,30293,101,1751,16,0.91,0.23,199|395|2801|3093|5879|7846|9897|10093|10810|11170|27243|27338|29082|51019|81624|128866,AIF1|ARHGAP6|GOLGA2|UBE2K|RAC1|TUBA1A|WASHC5|ARPC4|WASF3|FAM107A|CHMP2A|UBE2S|CHMP4A|WASHC3|DIAPH3|CHMP4B,-2.2
MyList,GO Biological Processes,19,GO:0006935,chemotaxis,19_GO:0040011 locomotion,-3.7,1.9,4,30293,344,1751,37,2.1,0.34,240|301|727|1230|1398|1524|1525|1910|3082|3146|3265|3689|3730|4856|5156|5478|5580|5604|5764|5879|6223|6441|6585|6850|7409|7477|8792|9023|9750|10371|11151|57007|63916|64218|79902|112616|158747,ALOX5|ANXA1|C5|CCR1|CRK|CX3CR1|CXADR|EDNRB|HGF|HMGB1|HRAS|ITGB2|ANOS1|CCN3|PDGFRA|PPIA|PRKCD|MAP2K1|PTN|RAC1|RPS19|SFTPD|SLIT1|SYK|VAV1|WNT7B|TNFRSF11A|CH25H|RIPOR2|SEMA3A|CORO1A|ACKR3|ELMO2|SEMA4A|NUP85|CMTM7|MOSPD2,-2.2
MyList,GO Biological Processes,19,GO:0007034,vacuolar transport,19_GO:0051179 localization,-3.7,2.4,4.2,30293,143,1751,20,1.1,0.25,1176|3988|5660|7251|7805|8678|9114|10368|10490|11267|23295|23557|27243|29082|51510|54602|55048|64145|128866|155382,AP3S1|LIPA|PSAP|TSG101|LAPTM5|BECN1|ATP6V0D1|CACNG3|VTI1B|SNF8|MGRN1|SNAPIN|CHMP2A|CHMP4A|CHMP5|NDFIP2|VPS37C|RBSN|CHMP4B|VPS37D,-2.2
MyList,GO Biological Processes,19,GO:0070203,regulation of establishment of protein localization to telomere,19_GO:0051179 localization,-3.7,7.9,5.6,30293,11,1751,5,0.29,0.13,6950|7203|10574|10576|22948,TCP1|CCT3|CCT7|CCT2|CCT5,-2.2
MyList,GO Biological Processes,19,GO:0031650,regulation of heat generation,19_GO:0042592 homeostatic process,-3.7,7.9,5.6,30293,11,1751,5,0.29,0.13,1268|1910|5733|8792|9536,CNR1|EDNRB|PTGER3|TNFRSF11A|PTGES,-2.2
MyList,GO Biological Processes,19,GO:0098696,regulation of neurotransmitter receptor localization to postsynaptic specialization membrane,19_GO:0051179 localization,-3.7,7.9,5.6,30293,11,1751,5,0.29,0.13,1605|2239|3265|5906|10082,DAG1|GPC4|HRAS|RAP1A|GPC6,-2.2
MyList,GO Biological Processes,19,GO:0006352,DNA-templated transcription initiation,19_GO:0008152 metabolic process,-3.7,2.4,4.2,30293,154,1751,21,1.2,0.26,902|1871|5436|5438|6598|6874|6880|6921|7343|9070|10302|11143|23558|27297|29117|51773|55290|80227|84246|404672|100129583,CCNH|E2F3|POLR2G|POLR2I|SMARCB1|TAF4|TAF9|ELOC|UBTF|ASH2L|SNAPC5|KAT7|WBP2|CRCP|BRD7|RSF1|BRF2|PAAF1|MED10|GTF2H5|FAM47E,-2.2
MyList,GO Biological Processes,19,GO:0002521,leukocyte differentiation,19_GO:0032502 developmental process,-3.6,1.8,3.9,30293,421,1751,43,2.5,0.37,142|301|430|537|677|865|972|1050|1316|1385|2739|3146|3566|3821|3988|4067|4602|5048|5532|6146|6422|6850|7037|7097|7155|7248|7409|7480|8111|8325|8792|9734|10758|10766|11143|25979|54542|55509|64218|81624|90865|112616|339390,PARP1|ANXA1|ASCL2|ATP6AP1|ZFP36L1|CBFB|CD74|CEBPA|KLF6|CREB1|GLO1|HMGB1|IL4R|KLRC1|LIPA|LYN|MYB|PAFAH1B1|PPP3CB|RPL22|SFRP1|SYK|TFRC|TLR2|TOP2B|TSC1|VAV1|WNT10B|GPR68|FZD8|TNFRSF11A|HDAC9|TRAF3IP2|TOB2|KAT7|DHRS7B|RC3H2|BATF3|SEMA4A|DIAPH3|IL33|CMTM7|CLEC4G,-2.2
MyList,GO Biological Processes,19,GO:0002698,negative regulation of immune effector process,19_GO:0002376 immune system process,-3.6,2.6,4.3,30293,122,1751,18,1,0.24,196|301|430|613|1398|1524|3566|3821|5532|6223|7043|11326|54542|84695|84868|90865|259307|339390,AHR|ANXA1|ASCL2|BCR|CRK|CX3CR1|IL4R|KLRC1|PPP3CB|RPS19|TGFB3|VSIG4|RC3H2|LOXL3|HAVCR2|IL33|IL4I1|CLEC4G,-2.2
MyList,GO Biological Processes,19,GO:0008154,actin polymerization or depolymerization,19_GO:0009987 cellular process,-3.6,3.3,4.5,30293,63,1751,12,0.69,0.2,199|395|5879|9897|10006|10093|10152|10810|11034|11170|51019|81624,AIF1|ARHGAP6|RAC1|WASHC5|ABI1|ARPC4|ABI2|WASF3|DSTN|FAM107A|WASHC3|DIAPH3,-2.2
MyList,GO Biological Processes,19,GO:0014013,regulation of gliogenesis,19_GO:0032502 developmental process,-3.6,2.6,4.3,30293,112,1751,17,0.97,0.23,430|1605|1746|2670|3845|4067|4152|4602|5764|5803|5925|6009|7097|7101|10419|90865|146433,ASCL2|DAG1|DLX2|GFAP|KRAS|LYN|MBD1|MYB|PTN|PTPRZ1|RB1|RHEB|TLR2|NR2E1|PRMT5|IL33|IL34,-2.2
MyList,GO Biological Processes,19,GO:0000281,mitotic cytokinesis,19_GO:0009987 cellular process,-3.6,3,4.4,30293,82,1751,14,0.8,0.21,375|403|3925|4628|10899|27243|29082|51510|54536|54902|114327|128866|129531|200942,ARF1|ARL3|STMN1|MYH10|JTB|CHMP2A|CHMP4A|CHMP5|EXOC6|TTC19|EFHC1|CHMP4B|MITD1|KLHDC8B,-2.2
MyList,GO Biological Processes,19,GO:0051235,maintenance of location,19_GO:0051179 localization,-3.6,2.3,4.1,30293,166,1751,22,1.3,0.27,123|1627|2495|2512|3988|4794|5048|6014|6500|6713|7114|7295|7529|9168|9913|11079|23515|51608|53940|57146|84649|158747,PLIN2|DBN1|FTH1|FTL|LIPA|NFKBIE|PAFAH1B1|RIT2|SKP1|SQLE|TMSB4X|TXN|YWHAB|TMSB10|SUPT7L|RER1|MORC3|GET4|FTHL17|LDAF1|DGAT2|MOSPD2,-2.2
MyList,GO Biological Processes,19,GO:0006120,"mitochondrial electron transport, NADH to ubiquinone",19_GO:0008152 metabolic process,-3.6,3.8,4.6,30293,46,1751,10,0.57,0.18,1738|4704|4706|4708|4712|4718|4720|4725|4726|51103,DLD|NDUFA9|NDUFAB1|NDUFB2|NDUFB6|NDUFC2|NDUFS2|NDUFS5|NDUFS6|NDUFAF1,-2.1
MyList,GO Biological Processes,19,GO:0007167,enzyme-linked receptor protein signaling pathway,19_GO:0050896 response to stimulus,-3.6,1.6,3.8,30293,622,1751,58,3.3,0.43,142|1176|1311|1398|1464|1796|1948|1949|2734|2888|3082|3265|3488|3925|4067|4086|4087|4088|4878|5063|5156|5170|5604|5747|5764|5786|5792|5801|5879|6422|6850|7010|7043|7409|7410|8013|8678|9185|9788|9863|10006|10016|10019|10923|11197|23213|23769|25805|53358|55959|56034|57178|64283|91851|116150|284656|285016|285704,PARP1|AP3S1|COMP|CRK|CSPG4|DOK1|EFNB2|EFNB3|GLG1|GRB14|HGF|HRAS|IGFBP5|STMN1|LYN|SMAD1|SMAD2|SMAD3|NPPA|PAK3|PDGFRA|PDPK1|MAP2K1|PTK2|PTN|PTPRA|PTPRF|PTPRR|RAC1|SFRP1|SYK|TEK|TGFB3|VAV1|VAV2|NR4A3|BECN1|REPS2|MTSS1|MAGI2|ABI1|PDCD6|SH2B3|SUB1|WIF1|SULF1|FLRT1|BAMBI|SHC3|SULF2|PDGFC|ZMIZ1|ARHGEF28|CHRDL1|NUS1|EPHA10|ALKAL2|RGMB,-2.1
MyList,GO Biological Processes,19,GO:0042330,taxis,19_GO:0040011 locomotion,-3.6,1.9,3.9,30293,346,1751,37,2.1,0.34,240|301|727|1230|1398|1524|1525|1910|3082|3146|3265|3689|3730|4856|5156|5478|5580|5604|5764|5879|6223|6441|6585|6850|7409|7477|8792|9023|9750|10371|11151|57007|63916|64218|79902|112616|158747,ALOX5|ANXA1|C5|CCR1|CRK|CX3CR1|CXADR|EDNRB|HGF|HMGB1|HRAS|ITGB2|ANOS1|CCN3|PDGFRA|PPIA|PRKCD|MAP2K1|PTN|RAC1|RPS19|SFTPD|SLIT1|SYK|VAV1|WNT7B|TNFRSF11A|CH25H|RIPOR2|SEMA3A|CORO1A|ACKR3|ELMO2|SEMA4A|NUP85|CMTM7|MOSPD2,-2.1
MyList,GO Biological Processes,19,GO:0051169,nuclear transport,19_GO:0051179 localization,-3.6,2,4,30293,248,1751,29,1.7,0.3,1871|3059|3178|3181|3267|3313|3838|5571|6209|6396|6789|6850|7248|7514|9939|10073|10758|23049|23214|26097|29118|55341|55437|55746|55795|79902|84268|84324|90865,E2F3|HCLS1|HNRNPA1|HNRNPA2B1|AGFG1|HSPA9|KPNA2|PRKAG1|RPS15|SEC13|STK4|SYK|TSC1|XPO1|RBM8A|SNUPN|TRAF3IP2|SMG1|XPO6|CHTOP|DDX25|LSG1|STRADB|NUP133|PCID2|NUP85|RPAIN|SARNP|IL33,-2.1
MyList,GO Biological Processes,19,GO:0007006,mitochondrial membrane organization,19_GO:0009987 cellular process,-3.6,2.6,4.2,30293,113,1751,17,0.97,0.23,572|598|2139|3313|6622|9804|10449|23787|25813|26519|26521|54543|84303|152926|282991|401505|440574,BAD|BCL2L1|EYA2|HSPA9|SNCA|TOMM20|ACAA2|MTCH1|SAMM50|TIMM10|TIMM8B|TOMM7|CHCHD6|PPM1K|BLOC1S2|TOMM5|MICOS10,-2.1
MyList,GO Biological Processes,19,GO:0010977,negative regulation of neuron projection development,19_GO:0032502 developmental process,-3.6,2.4,4.1,30293,145,1751,20,1.1,0.25,393|1400|1809|1948|1949|2670|5048|6014|6585|7337|8634|9706|10371|10519|23557|25987|29116|64218|81618|84062,ARHGAP4|CRMP1|DPYSL3|EFNB2|EFNB3|GFAP|PAFAH1B1|RIT2|SLIT1|UBE3A|RTCA|ULK2|SEMA3A|CIB1|SNAPIN|TSKU|MYLIP|SEMA4A|ITM2C|DTNBP1,-2.1
MyList,GO Biological Processes,19,GO:0045596,negative regulation of cell differentiation,19_GO:0032502 developmental process,-3.6,1.6,3.8,30293,734,1751,66,3.8,0.46,301|393|430|677|865|972|1050|1746|1910|1949|2290|3146|3313|3488|3566|3845|4067|4086|4088|4152|4602|4856|5080|5764|5925|5999|6422|6585|6658|6993|7101|7480|7533|8111|8451|9043|9355|9646|9706|10371|10419|10459|10519|10683|10766|22920|25805|25987|28951|51441|53342|54542|55553|55795|56896|58495|64218|80349|84059|84695|114990|147906|151176|205717|339390|359845,ANXA1|ARHGAP4|ASCL2|ZFP36L1|CBFB|CD74|CEBPA|DLX2|EDNRB|EFNB3|FOXG1|HMGB1|HSPA9|IGFBP5|IL4R|KRAS|LYN|SMAD1|SMAD3|MBD1|MYB|CCN3|PAX6|PTN|RB1|RGS4|SFRP1|SLIT1|SOX3|DYNLT1|NR2E1|WNT10B|YWHAH|GPR68|CUL4A|SPAG9|LHX2|CTR9|ULK2|SEMA3A|PRMT5|MAD2L2|CIB1|DLL3|TOB2|KIFAP3|BAMBI|TSKU|TRIB2|YTHDF2|IL17D|RC3H2|SOX6|PCID2|DPYSL5|OVOL2|SEMA4A|SKIC8|ADGRV1|LOXL3|VASN|DACT3|ERFE|USF3|CLEC4G|RFLNB,-2.1
MyList,GO Biological Processes,19,GO:2001242,regulation of intrinsic apoptotic signaling pathway,19_GO:0050896 response to stimulus,-3.6,2.2,4.1,30293,190,1751,24,1.4,0.28,142|572|598|972|1191|1687|2023|3301|5034|5478|6135|6154|6188|6880|7314|8321|8575|8678|55486|55829|57007|63979|80237|83787,PARP1|BAD|BCL2L1|CD74|CLU|GSDME|ENO1|DNAJA1|P4HB|PPIA|RPL11|RPL26|RPS3|TAF9|UBB|FZD1|PRKRA|BECN1|PARL|SELENOS|ACKR3|FIGNL1|ELL3|ARMC10,-2.1
MyList,GO Biological Processes,19,GO:0007162,negative regulation of cell adhesion,19_GO:0048519 negative regulation of biological process,-3.6,1.9,3.9,30293,310,1751,34,1.9,0.33,301|395|398|430|865|972|1012|3146|3566|5580|5621|5747|6441|7045|7805|8764|9270|9750|10019|10459|11170|11326|23560|51441|54542|79626|79872|84695|84830|84868|91663|92196|259307|339390,ANXA1|ARHGAP6|ARHGDIG|ASCL2|CBFB|CD74|CDH13|HMGB1|IL4R|PRKCD|PRNP|PTK2|SFTPD|TGFBI|LAPTM5|TNFRSF14|ITGB1BP1|RIPOR2|SH2B3|MAD2L2|FAM107A|VSIG4|GTPBP4|YTHDF2|RC3H2|TNFAIP8L2|CBLL1|LOXL3|ADTRP|HAVCR2|MYADM|DAPL1|IL4I1|CLEC4G,-2.1
MyList,GO Biological Processes,19,GO:0046165,alcohol biosynthetic process,19_GO:0008152 metabolic process,-3.6,2.8,4.3,30293,93,1751,15,0.86,0.22,1718|2224|3156|3157|3422|3988|5092|5563|6307|6309|10449|50814|51478|116150|120227,DHCR24|FDPS|HMGCR|HMGCS1|IDI1|LIPA|PCBD1|PRKAA2|MSMO1|SC5D|ACAA2|NSDHL|HSD17B7|NUS1|CYP2R1,-2.1
MyList,GO Biological Processes,19,GO:0006631,fatty acid metabolic process,19_GO:0008152 metabolic process,-3.6,1.9,3.9,30293,323,1751,35,2,0.33,38|231|240|718|873|972|1891|1892|2109|3033|3712|3988|3995|4594|4706|5096|5191|5563|5565|5571|6307|6622|8644|9200|9536|10449|10455|10965|11001|28976|79746|80221|80339|84830|153364,ACAT1|AKR1B1|ALOX5|C3|CBR1|CD74|ECH1|ECHS1|ETFB|HADH|IVD|LIPA|FADS3|MMUT|NDUFAB1|PCCB|PEX7|PRKAA2|PRKAB2|PRKAG1|MSMO1|SNCA|AKR1C3|HACD1|PTGES|ACAA2|ECI2|ACOT2|SLC27A2|ACAD9|ECHDC3|ACSF2|PNPLA3|ADTRP|MBLAC2,-2.1
MyList,GO Biological Processes,19,GO:0098657,import into cell,19_GO:0051179 localization,-3.5,1.6,3.8,30293,708,1751,64,3.7,0.45,199|301|493|598|613|821|1176|1808|2670|3146|3265|3684|3689|3762|3768|3784|3988|4067|4542|4830|4923|5580|5747|5879|6441|6457|6505|6511|6567|6622|6850|7037|7087|7337|7409|7410|8678|8909|9185|9711|9863|9938|10079|10368|10947|11001|11031|11151|23209|25912|29993|54492|55604|55788|56990|57007|57465|57706|63916|196051|201266|221074|286133|374868,AIF1|ANXA1|ATP2B4|BCL2L1|BCR|CANX|AP3S1|DPYSL2|GFAP|HMGB1|HRAS|ITGAM|ITGB2|KCNJ5|KCNJ12|KCNQ1|LIPA|LYN|MYO1F|NME1|NTSR1|PRKCD|PTK2|RAC1|SFTPD|SH3GL3|SLC1A1|SLC1A6|SLC16A2|SNCA|SYK|TFRC|ICAM5|UBE3A|VAV1|VAV2|BECN1|ENDOU|REPS2|RUBCN|MAGI2|ARHGAP25|ATP9A|CACNG3|AP3M2|SLC27A2|RAB31|CORO1A|MLC1|C1orf43|PACSIN1|NEURL1B|CARMIL1|LMBRD1|CDC42SE2|ACKR3|TBC1D24|DENND1A|ELMO2|PLPP4|SLC39A11|SLC39A12|SCARA5|ATP9B,-2.1
MyList,GO Biological Processes,19,GO:0048598,embryonic morphogenesis,19_GO:0032502 developmental process,-3.5,1.6,3.8,30293,585,1751,55,3.1,0.42,190|317|613|677|1738|1746|1855|2139|2290|2295|2735|2821|2926|3281|3689|3784|4086|4087|4088|4522|5080|5100|5156|5604|5950|6299|6422|6789|7043|7248|7477|7976|8013|8321|8575|8613|8862|9355|9646|10049|10522|23168|27077|51339|51441|51676|55084|55788|58495|60626|79923|79971|80856|84314|221074,NR0B1|APAF1|BCR|ZFP36L1|DLD|DLX2|DVL1|EYA2|FOXG1|FOXF2|GLI1|GPI|GRSF1|HSBP1|ITGB2|KCNQ1|SMAD1|SMAD2|SMAD3|MTHFD1|PAX6|PCDH8|PDGFRA|MAP2K1|RBP4|SALL1|SFRP1|STK4|TGFB3|TSC1|WNT7B|FZD3|NR4A3|FZD1|PRKRA|PLPP3|APLN|LHX2|CTR9|DNAJB6|DEAF1|RTF1|B9D1|DACT1|YTHDF2|ASB2|SOBP|LMBRD1|OVOL2|RIC8A|NANOG|WLS|LNPK|TMEM107|SLC39A12,-2.1
MyList,GO Biological Processes,19,GO:0071345,cellular response to cytokine stimulus,19_GO:0050896 response to stimulus,-3.5,1.6,3.8,30293,736,1751,66,3.8,0.46,71|199|330|572|677|801|965|972|1050|1230|1385|1393|1491|1524|1687|1796|1809|2058|2731|3059|3093|3566|3590|4067|4352|5034|5080|5138|5245|5372|6122|6188|6404|6422|6505|6723|6751|6810|6850|7037|7097|7114|8764|8792|9244|9646|9750|10019|10376|10456|10519|10678|10758|11151|22808|54836|55022|55854|57007|80258|81704|90865|112936|146433|149951|260434,ACTG1|AIF1|BIRC3|BAD|ZFP36L1|CALM1|CD58|CD74|CEBPA|CCR1|CREB1|CRHBP|CTH|CX3CR1|GSDME|DOK1|DPYSL3|EPRS1|GLDC|HCLS1|UBE2K|IL4R|IL11RA|LYN|MPL|P4HB|PAX6|PDE2A|PHB1|PMM1|RPL3|RPS3|SELPLG|SFRP1|SLC1A1|SRM|SSTR1|STX4|SYK|TFRC|TLR2|TMSB4X|TNFRSF14|TNFRSF11A|CRLF1|CTR9|RIPOR2|SH2B3|TUBA1B|HAX1|CIB1|B3GNT2|TRAF3IP2|CORO1A|MRAS|BSPRY|PID1|ZC3H15|ACKR3|EFHC2|DOCK8|IL33|VPS26B|IL34|COMMD7|PYDC1,-2.1
MyList,GO Biological Processes,19,GO:1901652,response to peptide,19_GO:0050896 response to stimulus,-3.5,1.7,3.8,30293,465,1751,46,2.6,0.38,88|142|677|1176|1385|1393|1398|1605|1910|2058|2650|2888|3033|3265|3488|3784|4067|4088|5080|5170|5580|5621|5641|5747|5786|5925|7010|7097|7248|7532|8013|8792|8805|8890|9340|9734|11031|11143|23641|28999|51510|55577|55625|55829|58533|80339,ACTN2|PARP1|ZFP36L1|AP3S1|CREB1|CRHBP|CRK|DAG1|EDNRB|EPRS1|GCNT1|GRB14|HADH|HRAS|IGFBP5|KCNQ1|LYN|SMAD3|PAX6|PDPK1|PRKCD|PRNP|LGMN|PTK2|PTPRA|RB1|TEK|TLR2|TSC1|YWHAG|NR4A3|TNFRSF11A|TRIM24|EIF2B4|GLP2R|HDAC9|RAB31|KAT7|LDOC1|KLF15|CHMP5|NAGK|ZDHHC7|SELENOS|SNX6|PNPLA3,-2.1
MyList,GO Biological Processes,19,GO:0051701,biological process involved in interaction with host,19_GO:0044419 biological process involved in interspecies interaction between organisms,-3.5,2.3,4.1,30293,157,1751,21,1.2,0.26,1525|1605|1642|1948|1949|5245|5478|6404|6609|6993|7037|7251|8673|8678|8764|25945|27243|29082|51510|128866|339390,CXADR|DAG1|DDB1|EFNB2|EFNB3|PHB1|PPIA|SELPLG|SMPD1|DYNLT1|TFRC|TSG101|VAMP8|BECN1|TNFRSF14|NECTIN3|CHMP2A|CHMP4A|CHMP5|CHMP4B|CLEC4G,-2.1
MyList,GO Biological Processes,19,GO:0021543,pallium development,19_GO:0032502 developmental process,-3.5,2.2,4,30293,191,1751,24,1.4,0.28,493|1398|1746|2018|2290|4852|5048|5080|6867|7101|7248|7280|7846|9289|9355|22911|23035|25987|26468|57178|79969|84750|114327|347733,ATP2B4|CRK|DLX2|EMX2|FOXG1|NPY|PAFAH1B1|PAX6|TACC1|NR2E1|TSC1|TUBB2A|TUBA1A|ADGRG1|LHX2|WDR47|PHLPP2|TSKU|LHX6|ZMIZ1|ATAT1|FUT10|EFHC1|TUBB2B,-2.1
MyList,GO Biological Processes,19,GO:0051592,response to calcium ion,19_GO:0050896 response to stimulus,-3.5,2.4,4.1,30293,146,1751,20,1.1,0.25,801|1393|3208|5563|5641|6609|6786|7846|8437|8644|10016|10242|27345|29957|51760|57699|63928|84059|140576|341359,CALM1|CRHBP|HPCA|PRKAA2|LGMN|SMPD1|STIM1|TUBA1A|RASAL1|AKR1C3|PDCD6|KCNMB2|KCNMB4|SLC25A24|SYT17|CPNE5|CHP2|ADGRV1|S100A16|SYT10,-2.1
MyList,GO Biological Processes,19,GO:0019886,antigen processing and presentation of exogenous peptide antigen via MHC class II,19_GO:0002376 immune system process,-3.5,4.5,4.8,30293,31,1751,8,0.46,0.16,972|3109|3111|3119|3122|3127|5641|8722,CD74|HLA-DMB|HLA-DOA|HLA-DQB1|HLA-DRA|HLA-DRB5|LGMN|CTSF,-2.1
MyList,GO Biological Processes,19,GO:0061077,chaperone-mediated protein folding,19_GO:0008152 metabolic process,-3.5,3,4.4,30293,74,1751,13,0.74,0.21,972|1191|3300|3312|3313|5824|6782|6950|7203|10049|10574|10576|22948,CD74|CLU|DNAJB2|HSPA8|HSPA9|PEX19|HSPA13|TCP1|CCT3|DNAJB6|CCT7|CCT2|CCT5,-2.1
MyList,GO Biological Processes,19,GO:0042177,negative regulation of protein catabolic process,19_GO:0048519 negative regulation of biological process,-3.5,2.6,4.2,30293,114,1751,17,0.97,0.23,3156|4088|5245|6135|6622|6880|7874|8667|8724|9491|10459|11345|23429|23450|51105|51582|65992,HMGCR|SMAD3|PHB1|RPL11|SNCA|TAF9|USP7|EIF3H|SNX3|PSMF1|MAD2L2|GABARAPL2|RYBP|SF3B3|PHF20L1|AZIN1|DDRGK1,-2.1
MyList,GO Biological Processes,19,GO:0035239,tube morphogenesis,19_GO:0032502 developmental process,-3.5,1.6,3.7,30293,682,1751,62,3.5,0.44,71|317|677|800|1012|1311|1464|1605|1855|1948|2018|2735|2752|3845|4087|4088|4522|4856|4897|5156|5747|6299|6303|6422|6505|6789|6850|7010|7045|7101|7248|7410|7477|7976|8321|8325|8862|8945|9270|9289|9355|9788|10016|10519|10522|25789|51339|51676|55366|56913|56998|56999|57007|57178|58495|64218|84830|116150|128240|147372|221074|284217,ACTG1|APAF1|ZFP36L1|CALD1|CDH13|COMP|CSPG4|DAG1|DVL1|EFNB2|EMX2|GLI1|GLUL|KRAS|SMAD2|SMAD3|MTHFD1|CCN3|NRCAM|PDGFRA|PTK2|SALL1|SAT1|SFRP1|SLC1A1|STK4|SYK|TEK|TGFBI|NR2E1|TSC1|VAV2|WNT7B|FZD3|FZD1|FZD8|APLN|BTRC|ITGB1BP1|ADGRG1|LHX2|MTSS1|PDCD6|CIB1|DEAF1|TMEM59L|DACT1|ASB2|LGR4|C1GALT1|CTNNBIP1|ADAMTS9|ACKR3|ZMIZ1|OVOL2|SEMA4A|ADTRP|NUS1|NAXE|CCBE1|SLC39A12|LAMA1,-2.1
MyList,GO Biological Processes,19,GO:0001944,vasculature development,19_GO:0032502 developmental process,-3.5,1.6,3.8,30293,546,1751,52,3,0.41,71|196|358|677|800|1012|1311|1464|1605|1948|2752|3988|4856|4897|5080|5138|5156|5532|5604|5747|6303|6505|6789|6850|7010|7045|7101|7410|7477|8325|8613|8862|9270|9289|10016|10519|11197|27077|50814|56913|56999|57007|57178|58495|60626|64218|79893|84830|116150|128240|147372|284217,ACTG1|AHR|AQP1|ZFP36L1|CALD1|CDH13|COMP|CSPG4|DAG1|EFNB2|GLUL|LIPA|CCN3|NRCAM|PAX6|PDE2A|PDGFRA|PPP3CB|MAP2K1|PTK2|SAT1|SLC1A1|STK4|SYK|TEK|TGFBI|NR2E1|VAV2|WNT7B|FZD8|PLPP3|APLN|ITGB1BP1|ADGRG1|PDCD6|CIB1|WIF1|B9D1|NSDHL|C1GALT1|ADAMTS9|ACKR3|ZMIZ1|OVOL2|RIC8A|SEMA4A|GGNBP2|ADTRP|NUS1|NAXE|CCBE1|LAMA1,-2.1
MyList,GO Biological Processes,19,GO:0080171,lytic vacuole organization,19_GO:0009987 cellular process,-3.5,2.7,4.2,30293,104,1751,16,0.91,0.23,527|537|3988|7805|8678|9897|11151|23557|27243|29082|51510|79158|89781|128866|147007|252839,ATP6V0C|ATP6AP1|LIPA|LAPTM5|BECN1|WASHC5|CORO1A|SNAPIN|CHMP2A|CHMP4A|CHMP5|GNPTAB|HPS4|CHMP4B|TMEM199|TMEM9,-2.1
MyList,GO Biological Processes,19,GO:0007040,lysosome organization,19_GO:0009987 cellular process,-3.5,2.7,4.2,30293,104,1751,16,0.91,0.23,527|537|3988|7805|8678|9897|11151|23557|27243|29082|51510|79158|89781|128866|147007|252839,ATP6V0C|ATP6AP1|LIPA|LAPTM5|BECN1|WASHC5|CORO1A|SNAPIN|CHMP2A|CHMP4A|CHMP5|GNPTAB|HPS4|CHMP4B|TMEM199|TMEM9,-2.1
MyList,GO Biological Processes,19,GO:0032204,regulation of telomere maintenance,19_GO:0008152 metabolic process,-3.5,2.7,4.2,30293,104,1751,16,0.91,0.23,142|3178|3181|3183|6950|7203|7874|8550|10574|10576|22948|23049|64282|80169|125476|167227,PARP1|HNRNPA1|HNRNPA2B1|HNRNPC|TCP1|CCT3|USP7|MAPKAPK5|CCT7|CCT2|CCT5|SMG1|TENT4B|CTC1|INO80C|DCP2,-2.1
MyList,GO Biological Processes,19,GO:0050866,negative regulation of cell activation,19_GO:0048519 negative regulation of biological process,-3.5,2.1,4,30293,215,1751,26,1.5,0.29,301|430|865|945|972|1268|3146|3566|4067|5156|5580|5621|6422|6441|7805|8764|9750|10019|11326|54542|79626|84695|84868|92196|259307|339390,ANXA1|ASCL2|CBFB|CD33|CD74|CNR1|HMGB1|IL4R|LYN|PDGFRA|PRKCD|PRNP|SFRP1|SFTPD|LAPTM5|TNFRSF14|RIPOR2|SH2B3|VSIG4|RC3H2|TNFAIP8L2|LOXL3|HAVCR2|DAPL1|IL4I1|CLEC4G,-2.1
MyList,GO Biological Processes,19,GO:0006383,transcription by RNA polymerase III,19_GO:0008152 metabolic process,-3.5,4,4.6,30293,39,1751,9,0.51,0.17,5437|5440|10302|23379|27297|51728|55718|84265|112495,POLR2H|POLR2K|SNAPC5|ICE1|CRCP|POLR3K|POLR3E|POLR3GL|GTF3C6,-2.1
MyList,GO Biological Processes,19,GO:0061900,glial cell activation,19_GO:0032501 multicellular organismal process,-3.5,4,4.6,30293,39,1751,9,0.51,0.17,199|712|1191|1524|3684|3689|6622|7097|90865,AIF1|C1QA|CLU|CX3CR1|ITGAM|ITGB2|SNCA|TLR2|IL33,-2.1
MyList,GO Biological Processes,19,GO:0018279,protein N-linked glycosylation via asparagine,19_GO:0008152 metabolic process,-3.5,5,4.9,30293,24,1751,7,0.4,0.15,1603|6480|7991|8813|29880|256281|100128731,DAD1|ST6GAL1|TUSC3|DPM1|ALG5|NUDT14|OST4,-2.1
MyList,GO Biological Processes,19,GO:1903241,U2-type prespliceosome assembly,19_GO:0008152 metabolic process,-3.5,5,4.9,30293,24,1751,7,0.4,0.15,6629|6634|6635|6636|6637|23450|51639,SNRPB2|SNRPD3|SNRPE|SNRPF|SNRPG|SF3B3|SF3B6,-2.1
MyList,GO Biological Processes,19,GO:1903902,positive regulation of viral life cycle,19_GO:0016032 viral process,-3.5,5,4.9,30293,24,1751,7,0.4,0.15,972|3146|3838|5034|6609|7251|339390,CD74|HMGB1|KPNA2|P4HB|SMPD1|TSG101|CLEC4G,-2.1
MyList,GO Biological Processes,19,GO:0060343,trabecula formation,19_GO:0032502 developmental process,-3.5,5,4.9,30293,24,1751,7,0.4,0.15,2280|5950|6422|7010|7480|54583|58495,FKBP1A|RBP4|SFRP1|TEK|WNT10B|EGLN1|OVOL2,-2.1
MyList,GO Biological Processes,19,GO:0051650,establishment of vesicle localization,19_GO:0051179 localization,-3.5,2.3,4,30293,169,1751,22,1.3,0.27,1176|1780|4935|5048|6399|6622|7251|8766|9371|10016|10947|22920|23291|23557|26115|51399|54536|55717|79090|79443|84062|282991,AP3S1|DYNC1I1|GPR143|PAFAH1B1|TRAPPC2|SNCA|TSG101|RAB11A|KIF3B|PDCD6|AP3M2|KIFAP3|FBXW11|SNAPIN|TANC2|TRAPPC4|EXOC6|WDR11|TRAPPC6A|FYCO1|DTNBP1|BLOC1S2,-2.1
MyList,GO Biological Processes,19,GO:0001954,positive regulation of cell-matrix adhesion,19_GO:0048518 positive regulation of biological process,-3.5,3.4,4.4,30293,56,1751,11,0.63,0.19,1012|1307|1605|4088|5879|6422|7010|7248|9270|10519|55612,CDH13|COL16A1|DAG1|SMAD3|RAC1|SFRP1|TEK|TSC1|ITGB1BP1|CIB1|FERMT1,-2.1
MyList,GO Biological Processes,19,GO:0097190,apoptotic signaling pathway,19_GO:0050896 response to stimulus,-3.5,1.9,3.9,30293,313,1751,34,1.9,0.33,317|572|597|598|1191|2139|3094|3265|4088|4292|5170|5580|6422|6750|6789|8445|8451|8453|10016|10494|10519|27018|51527|54205|57600|79017|80237|83941|84216|90441|90865|92196|282991|100133941,APAF1|BAD|BCL2A1|BCL2L1|CLU|EYA2|HINT1|HRAS|SMAD3|MLH1|PDPK1|PRKCD|SFRP1|SST|STK4|DYRK2|CUL4A|CUL2|PDCD6|STK25|CIB1|BEX3|GSKIP|CYCS|FNIP2|GGCT|ELL3|TM2D1|TMEM117|ZNF622|IL33|DAPL1|BLOC1S2|CD24,-2.1
MyList,GO Biological Processes,19,GO:0051960,regulation of nervous system development,19_GO:0032502 developmental process,-3.5,1.7,3.8,30293,468,1751,46,2.6,0.38,393|430|577|1524|1605|1627|1746|1949|2290|2670|2895|3845|4067|4076|4152|4602|4898|5048|5080|5604|5764|5803|5925|6009|6585|6993|7038|7097|7101|7533|7976|9355|9706|10371|10419|10494|10683|10810|22920|51441|56896|57465|64218|80237|90865|146433,ARHGAP4|ASCL2|ADGRB3|CX3CR1|DAG1|DBN1|DLX2|EFNB3|FOXG1|GFAP|GRID2|KRAS|LYN|CAPRIN1|MBD1|MYB|NRDC|PAFAH1B1|PAX6|MAP2K1|PTN|PTPRZ1|RB1|RHEB|SLIT1|DYNLT1|TG|TLR2|NR2E1|YWHAH|FZD3|LHX2|ULK2|SEMA3A|PRMT5|STK25|DLL3|WASF3|KIFAP3|YTHDF2|DPYSL5|TBC1D24|SEMA4A|ELL3|IL33|IL34,-2
MyList,GO Biological Processes,19,GO:0043434,response to peptide hormone,19_GO:0050896 response to stimulus,-3.5,1.8,3.8,30293,377,1751,39,2.2,0.35,88|142|677|1176|1385|1393|1398|1605|1910|2058|2650|2888|3033|3265|3488|3784|4067|4088|5080|5170|5580|5747|5786|5925|7010|7097|7248|7532|8013|8792|8805|8890|9340|9734|11031|28999|55625|55829|80339,ACTN2|PARP1|ZFP36L1|AP3S1|CREB1|CRHBP|CRK|DAG1|EDNRB|EPRS1|GCNT1|GRB14|HADH|HRAS|IGFBP5|KCNQ1|LYN|SMAD3|PAX6|PDPK1|PRKCD|PTK2|PTPRA|RB1|TEK|TLR2|TSC1|YWHAG|NR4A3|TNFRSF11A|TRIM24|EIF2B4|GLP2R|HDAC9|RAB31|KLF15|ZDHHC7|SELENOS|PNPLA3,-2
MyList,GO Biological Processes,19,GO:2000143,negative regulation of DNA-templated transcription initiation,19_GO:0048519 negative regulation of biological process,-3.5,9.9,5.8,30293,7,1751,4,0.23,0.11,3146|7067|55795|56998,HMGB1|THRA|PCID2|CTNNBIP1,-2
MyList,GO Biological Processes,19,GO:1905097,regulation of guanyl-nucleotide exchange factor activity,19_GO:0065007 biological regulation,-3.5,9.9,5.8,30293,7,1751,4,0.23,0.11,3925|9750|26086|57326,STMN1|RIPOR2|GPSM1|PBXIP1,-2
MyList,GO Biological Processes,19,GO:0045898,regulation of RNA polymerase II transcription preinitiation complex assembly,19_GO:0008152 metabolic process,-3.5,9.9,5.8,30293,7,1751,4,0.23,0.11,3146|5706|7067|7480,HMGB1|PSMC6|THRA|WNT10B,-2
MyList,GO Biological Processes,19,GO:1905279,"regulation of retrograde transport, endosome to Golgi",19_GO:0051179 localization,-3.5,9.9,5.8,30293,7,1751,4,0.23,0.11,7260|7874|10079|27236,EIPR1|USP7|ATP9A|ARFIP1,-2
MyList,GO Biological Processes,19,GO:0007033,vacuole organization,19_GO:0009987 cellular process,-3.5,2.2,4,30293,193,1751,24,1.4,0.28,527|537|3988|7805|8678|9706|9897|11151|11345|23557|23673|27243|29082|51510|55968|56270|64422|79158|83734|89781|128866|137886|147007|252839,ATP6V0C|ATP6AP1|LIPA|LAPTM5|BECN1|ULK2|WASHC5|CORO1A|GABARAPL2|SNAPIN|STX12|CHMP2A|CHMP4A|CHMP5|NSFL1C|WDR45B|ATG3|GNPTAB|ATG10|HPS4|CHMP4B|UBXN2B|TMEM199|TMEM9,-2
MyList,GO Biological Processes,19,GO:0016241,regulation of macroautophagy,19_GO:0008152 metabolic process,-3.5,2.3,4,30293,159,1751,21,1.2,0.26,527|528|529|5563|6009|7248|7345|8678|9114|9637|9711|10715|11040|22930|26086|51100|51375|58533|79443|112936|155066,ATP6V0C|ATP6V1C1|ATP6V1E1|PRKAA2|RHEB|TSC1|UCHL1|BECN1|ATP6V0D1|FEZ2|RUBCN|CERS1|PIM2|RAB3GAP1|GPSM1|SH3GLB1|SNX7|SNX6|FYCO1|VPS26B|ATP6V0E2,-2
MyList,GO Biological Processes,19,GO:1904375,regulation of protein localization to cell periphery,19_GO:0051179 localization,-3.5,2.4,4.1,30293,137,1751,19,1.1,0.25,493|598|1605|2239|3265|5170|5621|5906|6622|6810|8673|10082|10490|10519|11079|55022|55625|57628|378884,ATP2B4|BCL2L1|DAG1|GPC4|HRAS|PDPK1|PRNP|RAP1A|SNCA|STX4|VAMP8|GPC6|VTI1B|CIB1|RER1|PID1|ZDHHC7|DPP10|NHLRC1,-2
MyList,GO Biological Processes,19,GO:1903038,negative regulation of leukocyte cell-cell adhesion,19_GO:0048519 negative regulation of biological process,-3.5,2.3,4,30293,148,1751,20,1.1,0.25,301|430|865|972|3146|3566|5621|6441|7805|8764|9750|11326|54542|79626|84695|84830|84868|92196|259307|339390,ANXA1|ASCL2|CBFB|CD74|HMGB1|IL4R|PRNP|SFTPD|LAPTM5|TNFRSF14|RIPOR2|VSIG4|RC3H2|TNFAIP8L2|LOXL3|ADTRP|HAVCR2|DAPL1|IL4I1|CLEC4G,-2
MyList,GO Biological Processes,19,GO:0050920,regulation of chemotaxis,19_GO:0040011 locomotion,-3.4,2,3.9,30293,229,1751,27,1.5,0.29,199|727|972|1012|1230|1524|1948|3146|4067|4088|4856|5156|5641|5747|5764|5879|6480|6585|6810|7114|7941|9750|10371|64218|146433|158747|347733,AIF1|C5|CD74|CDH13|CCR1|CX3CR1|EFNB2|HMGB1|LYN|SMAD3|CCN3|PDGFRA|LGMN|PTK2|PTN|RAC1|ST6GAL1|SLIT1|STX4|TMSB4X|PLA2G7|RIPOR2|SEMA3A|SEMA4A|IL34|MOSPD2|TUBB2B,-2
MyList,GO Biological Processes,19,GO:0070482,response to oxygen levels,19_GO:0050896 response to stimulus,-3.4,1.8,3.8,30293,340,1751,36,2.1,0.34,158|317|358|430|537|572|677|1735|3741|4088|4352|4602|4720|5034|5885|6422|6505|7010|7037|7043|7097|7248|8678|9114|9520|9915|10449|25828|26608|54471|54583|114990|126374|147007|221074|100133941,ADSL|APAF1|AQP1|ASCL2|ATP6AP1|BAD|ZFP36L1|DIO3|KCNA5|SMAD3|MPL|MYB|NDUFS2|P4HB|RAD21|SFRP1|SLC1A1|TEK|TFRC|TGFB3|TLR2|TSC1|BECN1|ATP6V0D1|NPEPPS|ARNT2|ACAA2|TXN2|TBL2|MIEF1|EGLN1|VASN|WTIP|TMEM199|SLC39A12|CD24,-2
MyList,GO Biological Processes,19,GO:1904816,"positive regulation of protein localization to chromosome, telomeric region",19_GO:0051179 localization,-3.4,7.2,5.3,30293,12,1751,5,0.29,0.13,6950|7203|10574|10576|22948,TCP1|CCT3|CCT7|CCT2|CCT5,-2
MyList,GO Biological Processes,19,GO:0070202,regulation of establishment of protein localization to chromosome,19_GO:0051179 localization,-3.4,7.2,5.3,30293,12,1751,5,0.29,0.13,6950|7203|10574|10576|22948,TCP1|CCT3|CCT7|CCT2|CCT5,-2
MyList,GO Biological Processes,19,GO:0002823,negative regulation of adaptive immune response based on somatic recombination of immune receptors built from immunoglobulin superfamily domains,19_GO:0002376 immune system process,-3.4,3.3,4.4,30293,57,1751,11,0.63,0.19,196|430|3566|3821|5532|54542|84695|84868|90865|259307|339390,AHR|ASCL2|IL4R|KLRC1|PPP3CB|RC3H2|LOXL3|HAVCR2|IL33|IL4I1|CLEC4G,-2
MyList,GO Biological Processes,19,GO:0009134,nucleoside diphosphate catabolic process,19_GO:0008152 metabolic process,-3.4,3.3,4.4,30293,57,1751,11,0.63,0.19,226|2023|2821|3939|3988|5211|5223|5236|7167|53343|441531,ALDOA|ENO1|GPI|LDHA|LIPA|PFKL|PGAM1|PGM1|TPI1|NUDT9|PGAM4,-2
MyList,GO Biological Processes,19,GO:0099537,trans-synaptic signaling,19_GO:0050789 regulation of biological process,-3.4,1.7,3.8,30293,431,1751,43,2.5,0.37,1129|1268|1393|1605|1740|1855|1949|2550|2558|2895|2899|2900|2913|3269|3350|3363|3785|4852|4923|5026|5048|5100|5368|5906|6014|6505|6511|6622|6750|6856|8448|9501|22930|23095|23504|23557|27345|27445|91851|116443|116841|127262|341359,CHRM2|CNR1|CRHBP|DAG1|DLG2|DVL1|EFNB3|GABBR1|GABRA5|GRID2|GRIK3|GRIK4|GRM3|HRH1|HTR1A|HTR7|KCNQ2|NPY|NTSR1|P2RX5|PAFAH1B1|PCDH8|PNOC|RAP1A|RIT2|SLC1A1|SLC1A6|SNCA|SST|SYPL1|DOC2A|RPH3AL|RAB3GAP1|KIF1B|RIMBP2|SNAPIN|KCNMB4|PCLO|CHRDL1|GRIN3A|SNAP47|TPRG1L|SYT10,-2
MyList,GO Biological Processes,19,GO:0002532,production of molecular mediator involved in inflammatory response,19_GO:0032501 multicellular organismal process,-3.4,5.8,5,30293,18,1751,6,0.34,0.14,240|3566|3988|4067|6850|57326,ALOX5|IL4R|LIPA|LYN|SYK|PBXIP1,-2
MyList,GO Biological Processes,19,GO:0051350,negative regulation of lyase activity,19_GO:0065007 biological regulation,-3.4,5.8,5,30293,18,1751,6,0.34,0.14,1910|2771|2913|5064|29085|84059,EDNRB|GNAI2|GRM3|PALM|PHPT1|ADGRV1,-2
MyList,GO Biological Processes,19,GO:0009167,purine ribonucleoside monophosphate metabolic process,19_GO:0008152 metabolic process,-3.4,3.9,4.5,30293,40,1751,9,0.51,0.17,158|159|271|318|1740|2987|4860|5471|9615,ADSL|ADSS2|AMPD2|NUDT2|DLG2|GUK1|PNP|PPAT|GDA,-2
MyList,GO Biological Processes,19,GO:0072006,nephron development,19_GO:0032502 developmental process,-3.4,2.4,4,30293,138,1751,19,1.1,0.25,38|358|1910|4868|5156|6299|7010|7477|9788|9863|23213|25789|28999|55366|55746|55959|56998|79902|100133941,ACAT1|AQP1|EDNRB|NPHS1|PDGFRA|SALL1|TEK|WNT7B|MTSS1|MAGI2|SULF1|TMEM59L|KLF15|LGR4|NUP133|SULF2|CTNNBIP1|NUP85|CD24,-2
MyList,GO Biological Processes,19,GO:0051648,vesicle localization,19_GO:0051179 localization,-3.4,2.2,3.9,30293,183,1751,23,1.3,0.27,1176|1780|4935|5048|6399|6622|7251|8766|9371|10016|10947|22920|23291|23557|26115|27445|51399|54536|55717|79090|79443|84062|282991,AP3S1|DYNC1I1|GPR143|PAFAH1B1|TRAPPC2|SNCA|TSG101|RAB11A|KIF3B|PDCD6|AP3M2|KIFAP3|FBXW11|SNAPIN|TANC2|PCLO|TRAPPC4|EXOC6|WDR11|TRAPPC6A|FYCO1|DTNBP1|BLOC1S2,-2
MyList,GO Biological Processes,19,GO:0006790,sulfur compound metabolic process,19_GO:0008152 metabolic process,-3.4,1.9,3.8,30293,304,1751,33,1.9,0.32,38|1491|1738|1910|2681|3157|3313|4522|4594|4706|5162|6448|9200|10678|10965|11001|11041|23382|26035|51166|51363|55790|56922|58478|64131|79178|79369|80221|80224|84191|84649|122961|100131187,ACAT1|CTH|DLD|EDNRB|GGTA1|HMGCS1|HSPA9|MTHFD1|MMUT|NDUFAB1|PDHB|SGSH|HACD1|B3GNT2|ACOT2|SLC27A2|B4GAT1|AHCYL2|GLCE|AADAT|CHST15|CSGALNACT1|MCCC1|ENOPH1|XYLT1|THTPA|B3GNT4|ACSF2|NUBPL|CIAO2A|DGAT2|ISCA2|TSTD1,-2
MyList,GO Biological Processes,19,GO:0046755,viral budding,19_GO:0016032 viral process,-3.4,4.8,4.8,30293,25,1751,7,0.4,0.15,7251|27243|29082|51510|55048|128866|155382,TSG101|CHMP2A|CHMP4A|CHMP5|VPS37C|CHMP4B|VPS37D,-2
MyList,GO Biological Processes,19,GO:0042026,protein refolding,19_GO:0008152 metabolic process,-3.4,4.8,4.8,30293,25,1751,7,0.4,0.15,2280|2281|3300|3301|3312|3313|6782,FKBP1A|FKBP1B|DNAJB2|DNAJA1|HSPA8|HSPA9|HSPA13,-2
MyList,GO Biological Processes,19,GO:1902410,mitotic cytokinetic process,19_GO:0009987 cellular process,-3.4,4.8,4.8,30293,25,1751,7,0.4,0.15,375|27243|29082|51510|128866|129531|200942,ARF1|CHMP2A|CHMP4A|CHMP5|CHMP4B|MITD1|KLHDC8B,-2
MyList,GO Biological Processes,19,GO:0010976,positive regulation of neuron projection development,19_GO:0032502 developmental process,-3.4,2.3,4,30293,161,1751,21,1.2,0.26,1268|1272|1627|1809|1855|2281|4067|4076|5048|5764|5906|6014|8321|8724|9863|9897|10690|29993|221914|285016|347733,CNR1|CNTN1|DBN1|DPYSL3|DVL1|FKBP1B|LYN|CAPRIN1|PAFAH1B1|PTN|RAP1A|RIT2|FZD1|SNX3|MAGI2|WASHC5|FUT9|PACSIN1|GPC2|ALKAL2|TUBB2B,-2
MyList,GO Biological Processes,19,GO:0002761,regulation of myeloid leukocyte differentiation,19_GO:0002376 immune system process,-3.4,2.4,4,30293,128,1751,18,1,0.24,677|972|1230|1385|3059|4067|5925|6422|7071|8111|8451|8792|10456|10766|56998|146433|151176|399665,ZFP36L1|CD74|CCR1|CREB1|HCLS1|LYN|RB1|SFRP1|KLF10|GPR68|CUL4A|TNFRSF11A|HAX1|TOB2|CTNNBIP1|IL34|ERFE|EEIG1,-2
MyList,GO Biological Processes,19,GO:0048193,Golgi vesicle transport,19_GO:0051179 localization,-3.4,1.9,3.8,30293,280,1751,31,1.8,0.32,403|1176|2801|5034|6396|6399|7805|8613|8724|9117|9382|9871|9905|10016|10079|10466|10483|10490|11031|11079|11345|23760|51399|51560|51614|54536|57533|64145|79090|81562|374868,ARL3|AP3S1|GOLGA2|P4HB|SEC13|TRAPPC2|LAPTM5|PLPP3|SNX3|SEC22C|COG1|SEC24D|SGSM2|PDCD6|ATP9A|COG5|SEC23B|VTI1B|RAB31|RER1|GABARAPL2|PITPNB|TRAPPC4|RAB6B|ERGIC3|EXOC6|TBC1D14|RBSN|TRAPPC6A|LMAN2L|ATP9B,-2
MyList,GO Biological Processes,19,GO:0019364,pyridine nucleotide catabolic process,19_GO:0008152 metabolic process,-3.4,3.5,4.4,30293,49,1751,10,0.57,0.18,226|2023|2821|3939|3988|5211|5223|5236|7167|441531,ALDOA|ENO1|GPI|LDHA|LIPA|PFKL|PGAM1|PGM1|TPI1|PGAM4,-2
MyList,GO Biological Processes,19,GO:0051048,negative regulation of secretion,19_GO:0051179 localization,-3.4,2.2,3.9,30293,173,1751,22,1.3,0.27,301|613|972|1268|1393|2281|2550|2771|3033|3156|4856|5211|5715|5733|5906|6422|6622|7200|8673|10079|79651|84830,ANXA1|BCR|CD74|CNR1|CRHBP|FKBP1B|GABBR1|GNAI2|HADH|HMGCR|CCN3|PFKL|PSMD9|PTGER3|RAP1A|SFRP1|SNCA|TRH|VAMP8|ATP9A|RHBDF2|ADTRP,-1.9
MyList,GO Biological Processes,19,GO:0071277,cellular response to calcium ion,19_GO:0050896 response to stimulus,-3.3,2.8,4.1,30293,87,1751,14,0.8,0.21,1393|3208|5563|5641|6609|7846|8437|8644|29957|51760|57699|63928|84059|341359,CRHBP|HPCA|PRKAA2|LGMN|SMPD1|TUBA1A|RASAL1|AKR1C3|SLC25A24|SYT17|CPNE5|CHP2|ADGRV1|SYT10,-1.9
MyList,GO Biological Processes,19,GO:0072073,kidney epithelium development,19_GO:0032502 developmental process,-3.3,2.3,4,30293,140,1751,19,1.1,0.25,38|358|1910|1948|4086|4087|4088|4868|6299|6422|7477|9244|9788|9863|25789|28999|55366|56998|100133941,ACAT1|AQP1|EDNRB|EFNB2|SMAD1|SMAD2|SMAD3|NPHS1|SALL1|SFRP1|WNT7B|CRLF1|MTSS1|MAGI2|TMEM59L|KLF15|LGR4|CTNNBIP1|CD24,-1.9
MyList,GO Biological Processes,19,GO:0002495,antigen processing and presentation of peptide antigen via MHC class II,19_GO:0002376 immune system process,-3.3,4.2,4.5,30293,33,1751,8,0.46,0.16,972|3109|3111|3119|3122|3127|5641|8722,CD74|HLA-DMB|HLA-DOA|HLA-DQB1|HLA-DRA|HLA-DRB5|LGMN|CTSF,-1.9
MyList,GO Biological Processes,19,GO:0010810,regulation of cell-substrate adhesion,19_GO:0050789 regulation of biological process,-3.3,2,3.8,30293,221,1751,26,1.5,0.29,71|395|1012|1307|1398|1605|2824|4088|5034|5212|5747|5786|5879|6239|6422|6480|6789|7010|7248|9270|10519|10562|11170|55604|55612|91663,ACTG1|ARHGAP6|CDH13|COL16A1|CRK|DAG1|GPM6B|SMAD3|P4HB|VIT|PTK2|PTPRA|RAC1|RREB1|SFRP1|ST6GAL1|STK4|TEK|TSC1|ITGB1BP1|CIB1|OLFM4|FAM107A|CARMIL1|FERMT1|MYADM,-1.9
MyList,GO Biological Processes,19,GO:0031398,positive regulation of protein ubiquitination,19_GO:0048518 positive regulation of biological process,-3.3,2.6,4,30293,108,1751,16,0.91,0.23,330|6187|6500|7314|7337|7805|7965|8945|9111|10016|11170|25898|27338|54602|59343|378884,BIRC3|RPS2|SKP1|UBB|UBE3A|LAPTM5|AIMP2|BTRC|NMI|PDCD6|FAM107A|RCHY1|UBE2S|NDFIP2|SENP2|NHLRC1,-1.9
MyList,GO Biological Processes,19,GO:1902904,negative regulation of supramolecular fiber organization,19_GO:0048519 negative regulation of biological process,-3.3,2.2,3.9,30293,163,1751,21,1.2,0.26,120|395|1191|1496|2764|3312|3925|5217|5580|6622|7114|9168|9535|10519|11151|22911|79822|80206|81624|91663|130271,ADD3|ARHGAP6|CLU|CTNNA2|GMFB|HSPA8|STMN1|PFN2|PRKCD|SNCA|TMSB4X|TMSB10|GMFG|CIB1|CORO1A|WDR47|ARHGAP28|FHOD3|DIAPH3|MYADM|PLEKHH2,-1.9
MyList,GO Biological Processes,19,GO:1903531,negative regulation of secretion by cell,19_GO:0051179 localization,-3.3,2.3,3.9,30293,152,1751,20,1.1,0.25,301|613|1268|1393|2281|2550|2771|3033|3156|4856|5211|5715|5906|6422|6622|7200|8673|10079|79651|84830,ANXA1|BCR|CNR1|CRHBP|FKBP1B|GABBR1|GNAI2|HADH|HMGCR|CCN3|PFKL|PSMD9|RAP1A|SFRP1|SNCA|TRH|VAMP8|ATP9A|RHBDF2|ADTRP,-1.9
MyList,GO Biological Processes,19,GO:0034504,protein localization to nucleus,19_GO:0051179 localization,-3.3,2.1,3.8,30293,187,1751,23,1.3,0.27,1855|1871|3838|5356|6135|6396|6500|6789|6850|7295|7507|7514|9500|9913|10049|10073|10758|23399|23515|55746|79902|84268|90865,DVL1|E2F3|KPNA2|PLRG1|RPL11|SEC13|SKP1|STK4|SYK|TXN|XPA|XPO1|MAGED1|SUPT7L|DNAJB6|SNUPN|TRAF3IP2|CTDNEP1|MORC3|NUP133|NUP85|RPAIN|IL33,-1.9
MyList,GO Biological Processes,19,GO:0001835,blastocyst hatching,19_GO:0032502 developmental process,-3.3,4.7,4.6,30293,26,1751,7,0.4,0.15,398|6598|9646|10161|57718|79718|196051,ARHGDIG|SMARCB1|CTR9|LPAR6|PPP4R4|TBL1XR1|PLPP4,-1.9
MyList,GO Biological Processes,19,GO:0051894,positive regulation of focal adhesion assembly,19_GO:0048518 positive regulation of biological process,-3.3,4.7,4.6,30293,26,1751,7,0.4,0.15,1307|4088|5879|6422|7010|7248|9270,COL16A1|SMAD3|RAC1|SFRP1|TEK|TSC1|ITGB1BP1,-1.9
MyList,GO Biological Processes,19,GO:0046639,negative regulation of alpha-beta T cell differentiation,19_GO:0002376 immune system process,-3.3,4.7,4.6,30293,26,1751,7,0.4,0.15,301|430|865|3146|3566|54542|84695,ANXA1|ASCL2|CBFB|HMGB1|IL4R|RC3H2|LOXL3,-1.9
MyList,GO Biological Processes,19,GO:0071684,organism emergence from protective structure,19_GO:0032501 multicellular organismal process,-3.3,4.7,4.6,30293,26,1751,7,0.4,0.15,398|6598|9646|10161|57718|79718|196051,ARHGDIG|SMARCB1|CTR9|LPAR6|PPP4R4|TBL1XR1|PLPP4,-1.9
MyList,GO Biological Processes,19,GO:0031468,nuclear membrane reassembly,19_GO:0009987 cellular process,-3.3,4.7,4.6,30293,26,1751,7,0.4,0.15,23141|27243|29082|51510|55968|128866|137886,ANKLE2|CHMP2A|CHMP4A|CHMP5|NSFL1C|CHMP4B|UBXN2B,-1.9
MyList,GO Biological Processes,19,GO:0035188,hatching,19_GO:0032502 developmental process,-3.3,4.7,4.6,30293,26,1751,7,0.4,0.15,398|6598|9646|10161|57718|79718|196051,ARHGDIG|SMARCB1|CTR9|LPAR6|PPP4R4|TBL1XR1|PLPP4,-1.9
MyList,GO Biological Processes,19,GO:0010038,response to metal ion,19_GO:0050896 response to stimulus,-3.3,1.8,3.7,30293,360,1751,37,2.1,0.34,113|142|358|801|1050|1385|1393|1740|1841|1965|2235|2821|3208|4968|5563|5621|5641|6505|6609|6622|6786|7037|7846|8437|8644|8678|10016|10242|27345|29957|51760|57699|63928|84059|120227|140576|341359,ADCY7|PARP1|AQP1|CALM1|CEBPA|CREB1|CRHBP|DLG2|DTYMK|EIF2S1|FECH|GPI|HPCA|OGG1|PRKAA2|PRNP|LGMN|SLC1A1|SMPD1|SNCA|STIM1|TFRC|TUBA1A|RASAL1|AKR1C3|BECN1|PDCD6|KCNMB2|KCNMB4|SLC25A24|SYT17|CPNE5|CHP2|ADGRV1|CYP2R1|S100A16|SYT10,-1.9
MyList,GO Biological Processes,19,GO:1904062,regulation of monoatomic cation transmembrane transport,19_GO:0051179 localization,-3.3,1.8,3.7,30293,309,1751,33,1.9,0.32,88|493|801|967|2280|2281|2783|2922|3208|3755|3784|4067|4878|4923|5026|5170|5532|5621|5999|6622|6786|7114|7533|8787|9446|11151|23327|53826|55800|57338|57628|63928|84502,ACTN2|ATP2B4|CALM1|CD63|FKBP1A|FKBP1B|GNB2|GRP|HPCA|KCNG1|KCNQ1|LYN|NPPA|NTSR1|P2RX5|PDPK1|PPP3CB|PRNP|RGS4|SNCA|STIM1|TMSB4X|YWHAH|RGS9|GSTO1|CORO1A|NEDD4L|FXYD6|SCN3B|JPH3|DPP10|CHP2|JPH4,-1.9
MyList,GO Biological Processes,19,GO:0002703,regulation of leukocyte mediated immunity,19_GO:0002376 immune system process,-3.3,2,3.8,30293,247,1751,28,1.6,0.3,136|196|613|718|1398|1524|3122|3146|3566|3684|3689|3821|3822|4067|4292|5170|5532|6810|6850|7037|7409|7468|8673|9188|10459|84868|259307|339390,ADORA2B|AHR|BCR|C3|CRK|CX3CR1|HLA-DRA|HMGB1|IL4R|ITGAM|ITGB2|KLRC1|KLRC2|LYN|MLH1|PDPK1|PPP3CB|STX4|SYK|TFRC|VAV1|NSD2|VAMP8|DDX21|MAD2L2|HAVCR2|IL4I1|CLEC4G,-1.9
MyList,GO Biological Processes,19,GO:0006913,nucleocytoplasmic transport,19_GO:0051179 localization,-3.3,2,3.8,30293,247,1751,28,1.6,0.3,1871|3178|3181|3267|3313|3838|5571|6209|6396|6789|6850|7248|7514|9939|10073|10758|23049|23214|26097|29118|55341|55437|55746|55795|79902|84268|84324|90865,E2F3|HNRNPA1|HNRNPA2B1|AGFG1|HSPA9|KPNA2|PRKAG1|RPS15|SEC13|STK4|SYK|TSC1|XPO1|RBM8A|SNUPN|TRAF3IP2|SMG1|XPO6|CHTOP|DDX25|LSG1|STRADB|NUP133|PCID2|NUP85|RPAIN|SARNP|IL33,-1.9
MyList,GO Biological Processes,19,GO:0140053,mitochondrial gene expression,19_GO:0008152 metabolic process,-3.3,2.3,3.9,30293,142,1751,19,1.1,0.25,5188|7284|51021|51023|51253|51258|51263|51649|55037|55052|55168|55699|57570|60528|64976|84340|118487|124454|124995,GATB|TUFM|MRPS16|MRPS18C|MRPL37|MRPL51|MRPL30|MRPS23|PTCD3|MRPL20|MRPS18A|IARS2|TRMT5|ELAC2|MRPL40|GFM2|CHCHD1|EARS2|MRPL10,-1.9
MyList,GO Biological Processes,19,GO:0048565,digestive tract development,19_GO:0032502 developmental process,-3.3,2.4,3.9,30293,131,1751,18,1,0.24,1910|2295|2735|3784|4087|4088|4852|5125|5156|5925|6299|6422|7043|51339|55366|56034|56913|58495,EDNRB|FOXF2|GLI1|KCNQ1|SMAD2|SMAD3|NPY|PCSK5|PDGFRA|RB1|SALL1|SFRP1|TGFB3|DACT1|LGR4|PDGFC|C1GALT1|OVOL2,-1.9
MyList,GO Biological Processes,19,GO:0016051,carbohydrate biosynthetic process,19_GO:0008152 metabolic process,-3.3,2.4,3.9,30293,131,1751,18,1,0.24,142|231|2023|2821|4191|5223|5236|5950|7167|8706|9104|10690|30815|51363|55790|84750|92579|378884,PARP1|AKR1B1|ENO1|GPI|MDH2|PGAM1|PGM1|RBP4|TPI1|B3GALNT1|RGN|FUT9|ST6GALNAC6|CHST15|CSGALNACT1|FUT10|G6PC3|NHLRC1,-1.9
MyList,GO Biological Processes,19,GO:0006766,vitamin metabolic process,19_GO:0008152 metabolic process,-3.3,2.6,4,30293,99,1751,15,0.86,0.22,231|873|1592|3988|5641|9104|9446|27249|56922|79178|80308|119391|120227|154807|326625,AKR1B1|CBR1|CYP26A1|LIPA|LGMN|RGN|GSTO1|MMADHC|MCCC1|THTPA|FLAD1|GSTO2|CYP2R1|VKORC1L1|MMAB,-1.9
MyList,GO Biological Processes,19,GO:0009126,purine nucleoside monophosphate metabolic process,19_GO:0008152 metabolic process,-3.3,3.7,4.3,30293,42,1751,9,0.51,0.17,158|159|271|318|1740|2987|4860|5471|9615,ADSL|ADSS2|AMPD2|NUDT2|DLG2|GUK1|PNP|PPAT|GDA,-1.9
MyList,GO Biological Processes,19,GO:0035307,positive regulation of protein dephosphorylation,19_GO:0048518 positive regulation of biological process,-3.3,3.7,4.3,30293,42,1751,9,0.51,0.17,801|945|4659|5478|5580|6609|9863|23141|121665,CALM1|CD33|PPP1R12A|PPIA|PRKCD|SMPD1|MAGI2|ANKLE2|SPPL3,-1.9
MyList,GO Biological Processes,19,GO:0006596,polyamine biosynthetic process,19_GO:0008152 metabolic process,-3.3,6.7,5.1,30293,13,1751,5,0.29,0.13,4946|4947|6303|6723|51582,OAZ1|OAZ2|SAT1|SRM|AZIN1,-1.9
MyList,GO Biological Processes,19,GO:0043928,exonucleolytic catabolism of deadenylated mRNA,19_GO:0048519 negative regulation of biological process,-3.3,6.7,5.1,30293,13,1751,5,0.29,0.13,9337|23016|29883|57472|167227,CNOT8|EXOSC7|CNOT7|CNOT6|DCP2,-1.9
MyList,GO Biological Processes,19,GO:0019646,aerobic electron transport chain,19_GO:0008152 metabolic process,-3.2,2.7,4,30293,89,1751,14,0.8,0.21,1327|1738|4704|4706|4708|4712|4718|4720|4725|4726|7385|7386|51103|54205,COX4I1|DLD|NDUFA9|NDUFAB1|NDUFB2|NDUFB6|NDUFC2|NDUFS2|NDUFS5|NDUFS6|UQCRC2|UQCRFS1|NDUFAF1|CYCS,-1.9
MyList,GO Biological Processes,19,GO:0043648,dicarboxylic acid metabolic process,19_GO:0008152 metabolic process,-3.2,2.7,4,30293,89,1751,14,0.8,0.21,159|435|2752|3418|4191|4199|4522|8942|10840|51166|56954|84706|137872|144193,ADSS2|ASL|GLUL|IDH2|MDH2|ME1|MTHFD1|KYNU|ALDH1L1|AADAT|NIT2|GPT2|ADHFE1|AMDHD1,-1.9
MyList,GO Biological Processes,19,GO:2000279,negative regulation of DNA biosynthetic process,19_GO:0048519 negative regulation of biological process,-3.2,4.1,4.4,30293,34,1751,8,0.46,0.16,3178|3183|9104|10715|27000|64282|80169|167227,HNRNPA1|HNRNPC|RGN|CERS1|DNAJC2|TENT4B|CTC1|DCP2,-1.8
MyList,GO Biological Processes,19,GO:0002504,antigen processing and presentation of peptide or polysaccharide antigen via MHC class II,19_GO:0002376 immune system process,-3.2,4.1,4.4,30293,34,1751,8,0.46,0.16,972|3109|3111|3119|3122|3127|5641|8722,CD74|HLA-DMB|HLA-DOA|HLA-DQB1|HLA-DRA|HLA-DRB5|LGMN|CTSF,-1.8
MyList,GO Biological Processes,19,GO:0006414,translational elongation,19_GO:0008152 metabolic process,-3.2,3.2,4.2,30293,60,1751,11,0.63,0.19,1734|1915|1933|6176|6301|7284|9652|25898|51714|54952|80349,DIO2|EEF1A1|EEF1B2|RPLP1|SARS1|TUFM|SKIC3|RCHY1|SELENOT|TRNAU1AP|SKIC8,-1.8
MyList,GO Biological Processes,19,GO:0030855,epithelial cell differentiation,19_GO:0032502 developmental process,-3.2,1.6,3.6,30293,630,1751,57,3.3,0.42,190|231|301|307|613|873|1050|1385|1687|1910|2735|2947|3189|3642|3784|3845|3881|3988|4014|4087|4088|4852|4868|5048|5080|5138|5170|5604|5660|5906|5936|5991|6299|6598|6789|7067|7251|7477|7480|7965|8321|8644|9317|9788|9863|10152|10170|10591|27077|28999|55625|56913|58495|91663|196383|284217|100133941,NR0B1|AKR1B1|ANXA1|ANXA4|BCR|CBR1|CEBPA|CREB1|GSDME|EDNRB|GLI1|GSTM3|HNRNPH3|INSM1|KCNQ1|KRAS|KRT31|LIPA|LORICRIN|SMAD2|SMAD3|NPY|NPHS1|PAFAH1B1|PAX6|PDE2A|PDPK1|MAP2K1|PSAP|RAP1A|RBM4|RFX3|SALL1|SMARCB1|STK4|THRA|TSG101|WNT7B|WNT10B|AIMP2|FZD1|AKR1C3|PTER|MTSS1|MAGI2|ABI2|DHRS9|DNPH1|B9D1|KLF15|ZDHHC7|C1GALT1|OVOL2|MYADM|RILPL2|LAMA1|CD24,-1.8
MyList,GO Biological Processes,19,GO:0035567,non-canonical Wnt signaling pathway,19_GO:0050896 response to stimulus,-3.2,3.4,4.2,30293,51,1751,10,0.57,0.18,1855|5879|6422|7477|7976|8321|8325|9863|128272|166336,DVL1|RAC1|SFRP1|WNT7B|FZD3|FZD1|FZD8|MAGI2|ARHGEF19|PRICKLE2,-1.8
MyList,GO Biological Processes,19,GO:0006006,glucose metabolic process,19_GO:0008152 metabolic process,-3.2,2.4,3.9,30293,121,1751,17,0.97,0.23,572|2023|2821|3784|3988|4191|4886|5162|5211|5223|5236|5950|7167|27230|92579|283450|100131187,BAD|ENO1|GPI|KCNQ1|LIPA|MDH2|NPY1R|PDHB|PFKL|PGAM1|PGM1|RBP4|TPI1|SERP1|G6PC3|HECTD4|TSTD1,-1.8
MyList,GO Biological Processes,19,GO:0055123,digestive system development,19_GO:0032502 developmental process,-3.2,2.3,3.9,30293,143,1751,19,1.1,0.25,1910|2295|2735|3784|4087|4088|4852|5125|5156|5925|6299|6422|7043|51339|55366|56034|56913|58495|79971,EDNRB|FOXF2|GLI1|KCNQ1|SMAD2|SMAD3|NPY|PCSK5|PDGFRA|RB1|SALL1|SFRP1|TGFB3|DACT1|LGR4|PDGFC|C1GALT1|OVOL2|WLS,-1.8
MyList,GO Biological Processes,19,GO:0050684,regulation of mRNA processing,19_GO:0008152 metabolic process,-3.2,2.4,3.9,30293,132,1751,18,1,0.24,677|3178|3181|5936|6427|7536|9939|10181|10209|10284|10419|10521|10657|10772|22827|60680|65109|135295,ZFP36L1|HNRNPA1|HNRNPA2B1|RBM4|SRSF2|SF1|RBM8A|RBM5|EIF1|SAP18|PRMT5|DDX17|KHDRBS1|SRSF10|PUF60|CELF5|UPF3B|SRSF12,-1.8
MyList,GO Biological Processes,19,GO:0051222,positive regulation of protein transport,19_GO:0051179 localization,-3.2,1.9,3.7,30293,249,1751,28,1.6,0.3,572|945|2850|3059|4088|4628|4946|4947|5478|5532|5580|5715|5950|6810|7043|7097|7200|7251|8111|8655|8938|9501|23379|23410|27230|51614|63928|79971,BAD|CD33|GPR27|HCLS1|SMAD3|MYH10|OAZ1|OAZ2|PPIA|PPP3CB|PRKCD|PSMD9|RBP4|STX4|TGFB3|TLR2|TRH|TSG101|GPR68|DYNLL1|BAIAP3|RPH3AL|ICE1|SIRT3|SERP1|ERGIC3|CHP2|WLS,-1.8
MyList,GO Biological Processes,19,GO:0051250,negative regulation of lymphocyte activation,19_GO:0002376 immune system process,-3.2,2.2,3.8,30293,166,1751,21,1.2,0.26,301|430|865|972|3146|3566|4067|5621|6422|6441|7805|8764|9750|11326|54542|79626|84695|84868|92196|259307|339390,ANXA1|ASCL2|CBFB|CD74|HMGB1|IL4R|LYN|PRNP|SFRP1|SFTPD|LAPTM5|TNFRSF14|RIPOR2|VSIG4|RC3H2|TNFAIP8L2|LOXL3|HAVCR2|DAPL1|IL4I1|CLEC4G,-1.8
MyList,GO Biological Processes,19,GO:0045619,regulation of lymphocyte differentiation,19_GO:0002376 immune system process,-3.2,2,3.7,30293,213,1751,25,1.4,0.28,301|430|572|677|865|972|2547|3111|3122|3146|3566|4860|6422|6598|6850|7480|29117|54542|55012|55795|57178|57630|84695|259307|339390,ANXA1|ASCL2|BAD|ZFP36L1|CBFB|CD74|XRCC6|HLA-DOA|HLA-DRA|HMGB1|IL4R|PNP|SFRP1|SMARCB1|SYK|WNT10B|BRD7|RC3H2|PPP2R3C|PCID2|ZMIZ1|SH3RF1|LOXL3|IL4I1|CLEC4G,-1.8
MyList,GO Biological Processes,19,GO:0040013,negative regulation of locomotion,19_GO:0040011 locomotion,-3.2,1.7,3.6,30293,429,1751,42,2.4,0.37,199|393|397|493|613|727|972|1009|1398|1524|1605|1809|3146|3488|4856|5217|5801|5879|5912|5931|6422|6480|6585|8819|9104|9270|9289|9750|9863|10371|11188|23213|23309|23560|56999|64218|79595|79772|84312|84830|90355|90865,AIF1|ARHGAP4|ARHGDIB|ATP2B4|BCR|C5|CD74|CDH11|CRK|CX3CR1|DAG1|DPYSL3|HMGB1|IGFBP5|CCN3|PFN2|PTPRR|RAC1|RAP2B|RBBP7|SFRP1|ST6GAL1|SLIT1|SAP30|RGN|ITGB1BP1|ADGRG1|RIPOR2|MAGI2|SEMA3A|NISCH|SULF1|SIN3B|GTPBP4|ADAMTS9|SEMA4A|SAP130|MCTP1|BRMS1L|ADTRP|MACIR|IL33,-1.8
MyList,GO Biological Processes,19,GO:0010507,negative regulation of autophagy,19_GO:0048519 negative regulation of biological process,-3.2,2.7,4,30293,90,1751,14,0.8,0.21,2801|3082|5987|6048|6622|7248|8678|9637|9711|11180|57533|58528|92196|151176,GOLGA2|HGF|TRIM27|RNF5|SNCA|TSC1|BECN1|FEZ2|RUBCN|WDR6|TBC1D14|RRAGD|DAPL1|ERFE,-1.8
MyList,GO Biological Processes,19,GO:1901875,positive regulation of post-translational protein modification,19_GO:0048518 positive regulation of biological process,-3.2,2.2,3.8,30293,155,1751,20,1.1,0.25,330|6187|6500|7314|7337|7805|7913|7965|8945|9111|9188|10016|11170|25898|27338|51230|54602|55683|59343|378884,BIRC3|RPS2|SKP1|UBB|UBE3A|LAPTM5|DEK|AIMP2|BTRC|NMI|DDX21|PDCD6|FAM107A|RCHY1|UBE2S|PHF20|NDFIP2|KANSL3|SENP2|NHLRC1,-1.8
MyList,GO Biological Processes,19,GO:0051961,negative regulation of nervous system development,19_GO:0032502 developmental process,-3.2,2.2,3.8,30293,155,1751,20,1.1,0.25,393|430|1746|1949|4152|5080|5764|5925|6585|6993|7097|7101|7533|9355|9706|10371|10683|22920|56896|64218,ARHGAP4|ASCL2|DLX2|EFNB3|MBD1|PAX6|PTN|RB1|SLIT1|DYNLT1|TLR2|NR2E1|YWHAH|LHX2|ULK2|SEMA3A|DLL3|KIFAP3|DPYSL5|SEMA4A,-1.8
MyList,GO Biological Processes,19,GO:0006900,vesicle budding from membrane,19_GO:0051179 localization,-3.2,2.8,4,30293,80,1751,13,0.74,0.21,1176|6396|6399|8724|9871|10016|10483|10947|29082|51399|51510|79090|128866,AP3S1|SEC13|TRAPPC2|SNX3|SEC24D|PDCD6|SEC23B|AP3M2|CHMP4A|TRAPPC4|CHMP5|TRAPPC6A|CHMP4B,-1.8
MyList,GO Biological Processes,19,GO:0002826,negative regulation of T-helper 1 type immune response,19_GO:0002376 immune system process,-3.2,8.7,5.4,30293,8,1751,4,0.23,0.11,430|3566|84868|90865,ASCL2|IL4R|HAVCR2|IL33,-1.8
MyList,GO Biological Processes,19,GO:2000601,positive regulation of Arp2/3 complex-mediated actin nucleation,19_GO:0048518 positive regulation of biological process,-3.2,8.7,5.4,30293,8,1751,4,0.23,0.11,10152|10787|10810|55845,ABI2|NCKAP1|WASF3|BRK1,-1.8
MyList,GO Biological Processes,19,GO:0043313,regulation of neutrophil degranulation,19_GO:0002376 immune system process,-3.2,8.7,5.4,30293,8,1751,4,0.23,0.11,613|3684|3689|6850,BCR|ITGAM|ITGB2|SYK,-1.8
MyList,GO Biological Processes,19,GO:0036261,7-methylguanosine cap hypermethylation,19_GO:0008152 metabolic process,-3.2,8.7,5.4,30293,8,1751,4,0.23,0.11,6634|6635|6636|6637,SNRPD3|SNRPE|SNRPF|SNRPG,-1.8
MyList,GO Biological Processes,19,GO:0090277,positive regulation of peptide hormone secretion,19_GO:0051179 localization,-3.2,2.5,3.9,30293,111,1751,16,0.91,0.23,572|2550|2850|2922|5532|5715|5950|6810|7200|8111|8655|8938|9501|23410|27230|51714,BAD|GABBR1|GPR27|GRP|PPP3CB|PSMD9|RBP4|STX4|TRH|GPR68|DYNLL1|BAIAP3|RPH3AL|SIRT3|SERP1|SELENOT,-1.8
MyList,GO Biological Processes,19,GO:0061640,cytoskeleton-dependent cytokinesis,19_GO:0009987 cellular process,-3.2,2.5,3.9,30293,111,1751,16,0.91,0.23,375|403|3925|4628|9897|10899|11258|27243|29082|51510|54536|54902|114327|128866|129531|200942,ARF1|ARL3|STMN1|MYH10|WASHC5|JTB|DCTN3|CHMP2A|CHMP4A|CHMP5|EXOC6|TTC19|EFHC1|CHMP4B|MITD1|KLHDC8B,-1.8
MyList,GO Biological Processes,19,GO:1901987,regulation of cell cycle phase transition,19_GO:0050789 regulation of biological process,-3.2,1.7,3.6,30293,456,1751,44,2.5,0.37,199|493|677|902|1063|1642|2735|3275|3741|5356|5569|5720|5721|5884|5885|5925|6118|6154|6598|7480|8193|8444|8451|8766|9577|10197|10217|10459|11130|11170|29086|29117|51339|51451|51529|55795|56257|56892|57504|65123|65992|79184|80169|219736,AIF1|ATP2B4|ZFP36L1|CCNH|CENPF|DDB1|GLI1|PRMT2|KCNA5|PLRG1|PKIA|PSME1|PSME2|RAD17|RAD21|RB1|RPA2|RPL26|SMARCB1|WNT10B|DPF1|DYRK3|CUL4A|RAB11A|BABAM2|PSME3|CTDSPL|MAD2L2|ZWINT|FAM107A|BABAM1|BRD7|DACT1|LCMT1|ANAPC11|PCID2|MEPCE|TCIM|MTA3|INTS3|DDRGK1|BRCC3|CTC1|STOX1,-1.8
MyList,GO Biological Processes,19,GO:0046887,positive regulation of hormone secretion,19_GO:0051179 localization,-3.2,2.3,3.8,30293,144,1751,19,1.1,0.25,572|1385|2550|2850|2922|4602|5532|5715|5950|6810|7200|8111|8655|8673|8938|9501|23410|27230|51714,BAD|CREB1|GABBR1|GPR27|GRP|MYB|PPP3CB|PSMD9|RBP4|STX4|TRH|GPR68|DYNLL1|VAMP8|BAIAP3|RPH3AL|SIRT3|SERP1|SELENOT,-1.8
MyList,GO Biological Processes,19,GO:0021537,telencephalon development,19_GO:0032502 developmental process,-3.2,1.9,3.7,30293,275,1751,30,1.7,0.31,358|493|1398|1746|1767|2018|2290|4852|5048|5080|6299|6867|7101|7248|7280|7846|9289|9355|10371|22911|23035|23287|25911|25987|26468|57178|79969|84750|114327|347733,AQP1|ATP2B4|CRK|DLX2|DNAH5|EMX2|FOXG1|NPY|PAFAH1B1|PAX6|SALL1|TACC1|NR2E1|TSC1|TUBB2A|TUBA1A|ADGRG1|LHX2|SEMA3A|WDR47|PHLPP2|AGTPBP1|DPCD|TSKU|LHX6|ZMIZ1|ATAT1|FUT10|EFHC1|TUBB2B,-1.8
MyList,GO Biological Processes,19,GO:0002263,cell activation involved in immune response,19_GO:0002376 immune system process,-3.2,2.1,3.7,30293,202,1751,24,1.4,0.28,136|430|613|972|1524|2214|2922|3146|3566|3936|4067|4292|4602|6850|7248|8013|9111|11151|54518|54542|56892|64218|84868|90865,ADORA2B|ASCL2|BCR|CD74|CX3CR1|FCGR3A|GRP|HMGB1|IL4R|LCP1|LYN|MLH1|MYB|SYK|TSC1|NR4A3|NMI|CORO1A|APBB1IP|RC3H2|TCIM|SEMA4A|HAVCR2|IL33,-1.8
MyList,GO Biological Processes,19,GO:0051168,nuclear export,19_GO:0051179 localization,-3.2,2.3,3.8,30293,133,1751,18,1,0.24,3178|3181|3267|3313|6209|7248|7514|9939|23049|23214|26097|29118|55341|55437|55746|55795|79902|84324,HNRNPA1|HNRNPA2B1|AGFG1|HSPA9|RPS15|TSC1|XPO1|RBM8A|SMG1|XPO6|CHTOP|DDX25|LSG1|STRADB|NUP133|PCID2|NUP85|SARNP,-1.8
MyList,GO Biological Processes,19,GO:1903307,positive regulation of regulated secretory pathway,19_GO:0051179 localization,-3.2,3.6,4.3,30293,43,1751,9,0.51,0.17,136|3566|3684|3689|3822|6810|6850|8673|341359,ADORA2B|IL4R|ITGAM|ITGB2|KLRC2|STX4|SYK|VAMP8|SYT10,-1.8
MyList,GO Biological Processes,19,GO:0061001,regulation of dendritic spine morphogenesis,19_GO:0032502 developmental process,-3.2,3.6,4.3,30293,43,1751,9,0.51,0.17,1627|4076|5048|7337|10152|26115|80725|84062|115703,DBN1|CAPRIN1|PAFAH1B1|UBE3A|ABI2|TANC2|SRCIN1|DTNBP1|ARHGAP33,-1.8
MyList,GO Biological Processes,19,GO:0016266,O-glycan processing,19_GO:0008152 metabolic process,-3.2,3.6,4.3,30293,43,1751,9,0.51,0.17,2650|6480|10678|29071|56913|63917|79369|84002|727936,GCNT1|ST6GAL1|B3GNT2|C1GALT1C1|C1GALT1|GALNT11|B3GNT4|B3GNT5|GXYLT2,-1.8
MyList,GO Biological Processes,19,GO:0046364,monosaccharide biosynthetic process,19_GO:0008152 metabolic process,-3.2,3.1,4.1,30293,61,1751,11,0.63,0.19,231|2023|2821|4191|5223|5236|5950|7167|9104|51363|92579,AKR1B1|ENO1|GPI|MDH2|PGAM1|PGM1|RBP4|TPI1|RGN|CHST15|G6PC3,-1.8
MyList,GO Biological Processes,19,GO:0008299,isoprenoid biosynthetic process,19_GO:0008152 metabolic process,-3.2,4.5,4.5,30293,27,1751,7,0.4,0.15,2224|3156|3157|3422|10170|57107|116150,FDPS|HMGCR|HMGCS1|IDI1|DHRS9|PDSS2|NUS1,-1.8
MyList,GO Biological Processes,19,GO:2001032,regulation of double-strand break repair via nonhomologous end joining,19_GO:0050896 response to stimulus,-3.2,4.5,4.5,30293,27,1751,7,0.4,0.15,7155|7468|7913|10459|24144|84309|158880,TOP2B|NSD2|DEK|MAD2L2|TFIP11|NUDT16L1|USP51,-1.8
MyList,GO Biological Processes,19,GO:0032511,late endosome to vacuole transport via multivesicular body sorting pathway,19_GO:0051179 localization,-3.2,4.5,4.5,30293,27,1751,7,0.4,0.15,7251|11267|29082|51510|55048|128866|155382,TSG101|SNF8|CHMP4A|CHMP5|VPS37C|CHMP4B|VPS37D,-1.8
MyList,GO Biological Processes,19,GO:0019319,hexose biosynthetic process,19_GO:0008152 metabolic process,-3.2,3.3,4.2,30293,52,1751,10,0.57,0.18,231|2023|2821|4191|5223|5236|5950|7167|51363|92579,AKR1B1|ENO1|GPI|MDH2|PGAM1|PGM1|RBP4|TPI1|CHST15|G6PC3,-1.8
MyList,GO Biological Processes,19,GO:0010324,membrane invagination,19_GO:0009987 cellular process,-3.2,3.3,4.2,30293,52,1751,10,0.57,0.18,199|375|3684|3689|5879|8678|8724|9938|27243|29082,AIF1|ARF1|ITGAM|ITGB2|RAC1|BECN1|SNX3|ARHGAP25|CHMP2A|CHMP4A,-1.8
MyList,GO Biological Processes,19,GO:0035306,positive regulation of dephosphorylation,19_GO:0048518 positive regulation of biological process,-3.2,3.3,4.2,30293,52,1751,10,0.57,0.18,801|945|4659|5478|5580|6609|9863|23141|63928|121665,CALM1|CD33|PPP1R12A|PPIA|PRKCD|SMPD1|MAGI2|ANKLE2|CHP2|SPPL3,-1.8
MyList,GO Biological Processes,19,GO:0009156,ribonucleoside monophosphate biosynthetic process,19_GO:0008152 metabolic process,-3.1,4,4.3,30293,35,1751,8,0.46,0.16,158|159|271|318|5471|5631|7372|221823,ADSL|ADSS2|AMPD2|NUDT2|PPAT|PRPS1|UMPS|PRPS1L1,-1.8
MyList,GO Biological Processes,19,GO:0008090,retrograde axonal transport,19_GO:0051179 localization,-3.1,5.2,4.6,30293,20,1751,6,0.34,0.14,1740|5048|23287|23291|23557|55860,DLG2|PAFAH1B1|AGTPBP1|FBXW11|SNAPIN|ACTR10,-1.8
MyList,GO Biological Processes,19,GO:0015810,aspartate transmembrane transport,19_GO:0051179 localization,-3.1,5.2,4.6,30293,20,1751,6,0.34,0.14,2670|4923|6505|6511|79751|83733,GFAP|NTSR1|SLC1A1|SLC1A6|SLC25A22|SLC25A18,-1.8
MyList,GO Biological Processes,19,GO:0014048,regulation of glutamate secretion,19_GO:0051179 localization,-3.1,5.2,4.6,30293,20,1751,6,0.34,0.14,2550|4923|6622|7200|22930|84062,GABBR1|NTSR1|SNCA|TRH|RAB3GAP1|DTNBP1,-1.8
MyList,GO Biological Processes,19,GO:0007032,endosome organization,19_GO:0009987 cellular process,-3.1,2.7,3.9,30293,91,1751,14,0.8,0.21,527|537|7251|8724|8766|9897|11267|27243|29082|51510|55048|128866|155382|252839,ATP6V0C|ATP6AP1|TSG101|SNX3|RAB11A|WASHC5|SNF8|CHMP2A|CHMP4A|CHMP5|VPS37C|CHMP4B|VPS37D|TMEM9,-1.8
MyList,GO Biological Processes,19,GO:0006879,intracellular iron ion homeostasis,19_GO:0042592 homeostatic process,-3.1,2.9,4,30293,71,1751,12,0.69,0.2,537|1534|2495|2512|7037|9114|26234|53940|54583|147007|151176|286133,ATP6AP1|CYB561|FTH1|FTL|TFRC|ATP6V0D1|FBXL5|FTHL17|EGLN1|TMEM199|ERFE|SCARA5,-1.8
MyList,GO Biological Processes,19,GO:0050792,regulation of viral process,19_GO:0016032 viral process,-3.1,2.2,3.7,30293,168,1751,21,1.2,0.26,103|972|1642|3146|3838|5034|5478|5987|6609|6780|6993|7155|7251|8724|9023|10346|10465|29883|51773|55128|339390,ADAR|CD74|DDB1|HMGB1|KPNA2|P4HB|PPIA|TRIM27|SMPD1|STAU1|DYNLT1|TOP2B|TSG101|SNX3|CH25H|TRIM22|PPIH|CNOT7|RSF1|TRIM68|CLEC4G,-1.8
MyList,GO Biological Processes,19,GO:0002702,positive regulation of production of molecular mediator of immune response,19_GO:0002376 immune system process,-3.1,2.3,3.8,30293,134,1751,18,1,0.24,972|2821|3566|4292|5245|5650|5950|6810|6850|7037|7468|7805|8013|8764|9188|10417|10459|90865,CD74|GPI|IL4R|MLH1|PHB1|KLK7|RBP4|STX4|SYK|TFRC|NSD2|LAPTM5|NR4A3|TNFRSF14|DDX21|SPON2|MAD2L2|IL33,-1.8
MyList,GO Biological Processes,19,GO:0001568,blood vessel development,19_GO:0032502 developmental process,-3.1,1.6,3.5,30293,526,1751,49,2.8,0.39,71|196|358|677|800|1012|1311|1464|1605|1948|2752|3988|4856|4897|5080|5138|5156|5604|5747|6303|6505|6789|6850|7010|7045|7101|7410|7477|8325|8613|8862|9270|9289|10016|10519|11197|50814|56913|56999|57007|57178|58495|64218|79893|84830|116150|128240|147372|284217,ACTG1|AHR|AQP1|ZFP36L1|CALD1|CDH13|COMP|CSPG4|DAG1|EFNB2|GLUL|LIPA|CCN3|NRCAM|PAX6|PDE2A|PDGFRA|MAP2K1|PTK2|SAT1|SLC1A1|STK4|SYK|TEK|TGFBI|NR2E1|VAV2|WNT7B|FZD8|PLPP3|APLN|ITGB1BP1|ADGRG1|PDCD6|CIB1|WIF1|NSDHL|C1GALT1|ADAMTS9|ACKR3|ZMIZ1|OVOL2|SEMA4A|GGNBP2|ADTRP|NUS1|NAXE|CCBE1|LAMA1,-1.8
MyList,GO Biological Processes,19,GO:1905098,negative regulation of guanyl-nucleotide exchange factor activity,19_GO:0065007 biological regulation,-3.1,13,5.9,30293,4,1751,3,0.17,0.099,3925|9750|26086,STMN1|RIPOR2|GPSM1,-1.8
MyList,GO Biological Processes,19,GO:0150062,complement-mediated synapse pruning,19_GO:0009987 cellular process,-3.1,13,5.9,30293,4,1751,3,0.17,0.099,712|718|3684,C1QA|C3|ITGAM,-1.8
MyList,GO Biological Processes,19,GO:0006325,chromatin organization,19_GO:0009987 cellular process,-3.1,1.5,3.4,30293,791,1751,68,3.9,0.46,1642|2139|3146|3151|3159|3183|3275|5080|5245|5563|5885|5925|5931|5987|6500|6598|6880|7319|7320|7403|7468|7874|7913|8193|8545|9070|9188|9355|9577|9646|9734|10336|10419|10473|10933|11143|23168|23338|23410|23429|23558|26097|26240|27000|29086|29117|51230|51773|55352|55683|55689|55791|55795|57050|57504|63976|79184|79718|91133|122402|125476|148479|152485|158880|387103|401541|100129583|100170841,DDB1|EYA2|HMGB1|HMGN2|HMGA1|HNRNPC|PRMT2|PAX6|PHB1|PRKAA2|RAD21|RB1|RBBP7|TRIM27|SKP1|SMARCB1|TAF9|UBE2A|UBE2B|KDM6A|NSD2|USP7|DEK|DPF1|CGGBP1|ASH2L|DDX21|LHX2|BABAM2|CTR9|HDAC9|PCGF3|PRMT5|HMGN4|MORF4L1|KAT7|RTF1|JADE2|SIRT3|RYBP|WBP2|CHTOP|FAM50B|DNAJC2|BABAM1|BRD7|PHF20|RSF1|COPRS|KANSL3|YEATS2|LRIF1|PCID2|UTP3|MTA3|PRDM16|BRCC3|TBL1XR1|L3MBTL4|TDRD9|INO80C|PHF13|ZNF827|USP51|CENPW|CENPP|FAM47E|EPOP,-1.8
MyList,GO Biological Processes,19,GO:0002695,negative regulation of leukocyte activation,19_GO:0002376 immune system process,-3.1,2.1,3.7,30293,192,1751,23,1.3,0.27,301|430|865|945|972|1268|3146|3566|4067|5621|6422|6441|7805|8764|9750|11326|54542|79626|84695|84868|92196|259307|339390,ANXA1|ASCL2|CBFB|CD33|CD74|CNR1|HMGB1|IL4R|LYN|PRNP|SFRP1|SFTPD|LAPTM5|TNFRSF14|RIPOR2|VSIG4|RC3H2|TNFAIP8L2|LOXL3|HAVCR2|DAPL1|IL4I1|CLEC4G,-1.8
MyList,GO Biological Processes,19,GO:0032271,regulation of protein polymerization,19_GO:0050789 regulation of biological process,-3.1,2,3.7,30293,204,1751,24,1.4,0.28,120|1955|3059|3925|4868|5063|5217|5580|5879|6188|6622|7114|9168|10094|10456|10787|11151|55559|55604|79822|80115|80206|91663|221074,ADD3|MEGF9|HCLS1|STMN1|NPHS1|PAK3|PFN2|PRKCD|RAC1|RPS3|SNCA|TMSB4X|TMSB10|ARPC3|HAX1|NCKAP1|CORO1A|HAUS7|CARMIL1|ARHGAP28|BAIAP2L2|FHOD3|MYADM|SLC39A12,-1.8
MyList,GO Biological Processes,19,GO:1900024,regulation of substrate adhesion-dependent cell spreading,19_GO:0050789 regulation of biological process,-3.1,3.1,4,30293,62,1751,11,0.63,0.19,1398|5034|5747|5879|6239|6480|9270|10519|10562|55604|91663,CRK|P4HB|PTK2|RAC1|RREB1|ST6GAL1|ITGB1BP1|CIB1|OLFM4|CARMIL1|MYADM,-1.8
MyList,GO Biological Processes,19,GO:0007369,gastrulation,19_GO:0032502 developmental process,-3.1,2.1,3.7,30293,169,1751,21,1.2,0.26,190|1738|1855|2139|2821|3281|3689|4086|4087|4088|5604|6422|8013|8613|8862|9646|23168|55788|60626|79923|79971,NR0B1|DLD|DVL1|EYA2|GPI|HSBP1|ITGB2|SMAD1|SMAD2|SMAD3|MAP2K1|SFRP1|NR4A3|PLPP3|APLN|CTR9|RTF1|LMBRD1|RIC8A|NANOG|WLS,-1.7
MyList,GO Biological Processes,19,GO:0002793,positive regulation of peptide secretion,19_GO:0051179 localization,-3.1,2.4,3.8,30293,113,1751,16,0.91,0.23,572|2550|2850|2922|5532|5715|5950|6810|7200|8111|8655|8938|9501|23410|27230|51714,BAD|GABBR1|GPR27|GRP|PPP3CB|PSMD9|RBP4|STX4|TRH|GPR68|DYNLL1|BAIAP3|RPH3AL|SIRT3|SERP1|SELENOT,-1.7
MyList,GO Biological Processes,19,GO:0000910,cytokinesis,19_GO:0009987 cellular process,-3.1,2.4,3.8,30293,113,1751,16,0.91,0.23,375|403|3925|4628|9897|10899|11258|27243|29082|51510|54536|54902|114327|128866|129531|200942,ARF1|ARL3|STMN1|MYH10|WASHC5|JTB|DCTN3|CHMP2A|CHMP4A|CHMP5|EXOC6|TTC19|EFHC1|CHMP4B|MITD1|KLHDC8B,-1.7
MyList,GO Biological Processes,19,GO:0007507,heart development,19_GO:0032502 developmental process,-3.1,1.6,3.5,30293,569,1751,52,3,0.41,70|88|677|1009|1363|1525|1605|1767|1855|2280|3784|4086|4087|4088|4152|4522|4625|4878|4886|4892|5125|5138|5156|5532|5604|5747|5925|5950|6299|6789|7010|7248|7403|7468|8321|8470|8862|9734|10758|11197|27295|51668|51676|54583|55717|56999|57178|58495|63917|80206|157378|161582,ACTC1|ACTN2|ZFP36L1|CDH11|CPE|CXADR|DAG1|DNAH5|DVL1|FKBP1A|KCNQ1|SMAD1|SMAD2|SMAD3|MBD1|MTHFD1|MYH7|NPPA|NPY1R|NRAP|PCSK5|PDE2A|PDGFRA|PPP3CB|MAP2K1|PTK2|RB1|RBP4|SALL1|STK4|TEK|TSC1|KDM6A|NSD2|FZD1|SORBS2|APLN|HDAC9|TRAF3IP2|WIF1|PDLIM3|IFT25|ASB2|EGLN1|WDR11|ADAMTS9|ZMIZ1|OVOL2|GALNT11|FHOD3|TMEM65|DNAAF4,-1.7
MyList,GO Biological Processes,19,GO:0006839,mitochondrial transport,19_GO:0051179 localization,-3.1,2.1,3.7,30293,181,1751,22,1.3,0.27,572|598|2139|9512|9804|10449|23456|23787|25813|26519|26521|29957|54543|55013|63933|79751|83733|115286|131118|152926|282991|401505,BAD|BCL2L1|EYA2|PMPCB|TOMM20|ACAA2|ABCB10|MTCH1|SAMM50|TIMM10|TIMM8B|SLC25A24|TOMM7|MCUB|MCUR1|SLC25A22|SLC25A18|SLC25A26|DNAJC19|PPM1K|BLOC1S2|TOMM5,-1.7
MyList,GO Biological Processes,19,GO:0002639,positive regulation of immunoglobulin production,19_GO:0002376 immune system process,-3.1,3.3,4.1,30293,53,1751,10,0.57,0.18,2821|3566|4292|5245|5950|6810|7037|7468|10459|90865,GPI|IL4R|MLH1|PHB1|RBP4|STX4|TFRC|NSD2|MAD2L2|IL33,-1.7
MyList,GO Biological Processes,19,GO:0051310,metaphase chromosome alignment,19_GO:0051179 localization,-3.1,2.7,3.9,30293,82,1751,13,0.74,0.21,1063|4292|5925|8678|8766|11130|11243|27243|29082|51510|79003|128866|283489,CENPF|MLH1|RB1|BECN1|RAB11A|ZWINT|PMF1|CHMP2A|CHMP4A|CHMP5|MIS12|CHMP4B|CHAMP1,-1.7
MyList,GO Biological Processes,19,GO:0007008,outer mitochondrial membrane organization,19_GO:0009987 cellular process,-3.1,6.2,4.8,30293,14,1751,5,0.29,0.13,9804|23787|25813|54543|401505,TOMM20|MTCH1|SAMM50|TOMM7|TOMM5,-1.7
MyList,GO Biological Processes,19,GO:0051127,positive regulation of actin nucleation,19_GO:0048518 positive regulation of biological process,-3.1,6.2,4.8,30293,14,1751,5,0.29,0.13,5987|10152|10787|10810|55845,TRIM27|ABI2|NCKAP1|WASF3|BRK1,-1.7
MyList,GO Biological Processes,19,GO:0007194,negative regulation of adenylate cyclase activity,19_GO:0065007 biological regulation,-3.1,6.2,4.8,30293,14,1751,5,0.29,0.13,1910|2771|2913|5064|84059,EDNRB|GNAI2|GRM3|PALM|ADGRV1,-1.7
MyList,GO Biological Processes,19,GO:1904814,"regulation of protein localization to chromosome, telomeric region",19_GO:0051179 localization,-3.1,6.2,4.8,30293,14,1751,5,0.29,0.13,6950|7203|10574|10576|22948,TCP1|CCT3|CCT7|CCT2|CCT5,-1.7
MyList,GO Biological Processes,19,GO:0045040,protein insertion into mitochondrial outer membrane,19_GO:0051179 localization,-3.1,6.2,4.8,30293,14,1751,5,0.29,0.13,9804|23787|25813|54543|401505,TOMM20|MTCH1|SAMM50|TOMM7|TOMM5,-1.7
MyList,GO Biological Processes,19,GO:0150146,cell junction disassembly,19_GO:0009987 cellular process,-3.1,6.2,4.8,30293,14,1751,5,0.29,0.13,712|713|718|1524|3684,C1QA|C1QB|C3|CX3CR1|ITGAM,-1.7
MyList,GO Biological Processes,19,GO:0097212,lysosomal membrane organization,19_GO:0009987 cellular process,-3.1,6.2,4.8,30293,14,1751,5,0.29,0.13,7805|27243|29082|51510|128866,LAPTM5|CHMP2A|CHMP4A|CHMP5|CHMP4B,-1.7
MyList,GO Biological Processes,19,GO:0046649,lymphocyte activation,19_GO:0002376 immune system process,-3.1,1.6,3.5,30293,475,1751,45,2.6,0.38,301|430|677|865|923|972|1316|1525|2214|2280|2281|3146|3566|3821|3936|3988|4088|4292|4602|5052|5245|5532|5580|6146|6850|7155|7248|7409|7480|8325|8451|8935|9734|10758|11143|11151|30968|54518|54542|57705|64218|79626|81704|112616|339390,ANXA1|ASCL2|ZFP36L1|CBFB|CD6|CD74|KLF6|CXADR|FCGR3A|FKBP1A|FKBP1B|HMGB1|IL4R|KLRC1|LCP1|LIPA|SMAD3|MLH1|MYB|PRDX1|PHB1|PPP3CB|PRKCD|RPL22|SYK|TOP2B|TSC1|VAV1|WNT10B|FZD8|CUL4A|SKAP2|HDAC9|TRAF3IP2|KAT7|CORO1A|STOML2|APBB1IP|RC3H2|WDFY4|SEMA4A|TNFAIP8L2|DOCK8|CMTM7|CLEC4G,-1.7
MyList,GO Biological Processes,19,GO:0009914,hormone transport,19_GO:0051179 localization,-3.1,2.5,3.8,30293,103,1751,15,0.86,0.22,358|1363|1385|1428|2281|3784|4067|4087|5936|6567|8111|27230|27445|51714|53919,AQP1|CPE|CREB1|CRYM|FKBP1B|KCNQ1|LYN|SMAD2|RBM4|SLC16A2|GPR68|SERP1|PCLO|SELENOT|SLCO1C1,-1.7
MyList,GO Biological Processes,19,GO:0061351,neural precursor cell proliferation,19_GO:0009987 cellular process,-3.1,2.5,3.8,30293,103,1751,15,0.86,0.22,1627|2009|2018|2290|4720|5048|5080|6660|7101|7976|8624|9289|22911|22920|80237,DBN1|EML1|EMX2|FOXG1|NDUFS2|PAFAH1B1|PAX6|SOX5|NR2E1|FZD3|PSMG1|ADGRG1|WDR47|KIFAP3|ELL3,-1.7
MyList,GO Biological Processes,19,GO:0050714,positive regulation of protein secretion,19_GO:0051179 localization,-3.1,2.2,3.7,30293,147,1751,19,1.1,0.25,572|945|2850|4628|5478|5532|5715|5950|6810|7043|7097|7200|8111|8655|8938|9501|23410|27230|79971,BAD|CD33|GPR27|MYH10|PPIA|PPP3CB|PSMD9|RBP4|STX4|TGFB3|TLR2|TRH|GPR68|DYNLL1|BAIAP3|RPH3AL|SIRT3|SERP1|WLS,-1.7
MyList,GO Biological Processes,19,GO:0043523,regulation of neuron apoptotic process,19_GO:0050789 regulation of biological process,-3.1,1.9,3.6,30293,242,1751,27,1.5,0.29,142|598|1191|1524|2821|2895|3265|3845|4602|5245|5621|5641|5803|5885|6505|6622|7043|7314|8321|9040|9244|10752|11151|51643|54463|57215|58533,PARP1|BCL2L1|CLU|CX3CR1|GPI|GRID2|HRAS|KRAS|MYB|PHB1|PRNP|LGMN|PTPRZ1|RAD21|SLC1A1|SNCA|TGFB3|UBB|FZD1|UBE2M|CRLF1|CHL1|CORO1A|TMBIM4|RETREG1|THAP11|SNX6,-1.7
MyList,GO Biological Processes,19,GO:0009611,response to wounding,19_GO:0050896 response to stimulus,-3.1,1.7,3.5,30293,422,1751,41,2.3,0.36,71|358|677|1230|1311|1524|1605|1607|1809|2735|2776|4067|4088|5080|5156|5478|5879|5912|6505|6609|6850|7409|7410|8613|22875|25828|25987|27243|29071|29082|51510|54566|55959|80856|84062|84750|89781|118812|128272|128866|349565,ACTG1|AQP1|ZFP36L1|CCR1|COMP|CX3CR1|DAG1|DGKB|DPYSL3|GLI1|GNAQ|LYN|SMAD3|PAX6|PDGFRA|PPIA|RAC1|RAP2B|SLC1A1|SMPD1|SYK|VAV1|VAV2|PLPP3|ENPP4|TXN2|TSKU|CHMP2A|C1GALT1C1|CHMP4A|CHMP5|EPB41L4B|SULF2|LNPK|DTNBP1|FUT10|HPS4|MORN4|ARHGEF19|CHMP4B|NMNAT3,-1.7
MyList,GO Biological Processes,19,GO:0070663,regulation of leukocyte proliferation,19_GO:0050789 regulation of biological process,-3.1,1.9,3.6,30293,267,1751,29,1.7,0.3,196|199|301|598|923|972|2214|3109|3146|4067|4352|4860|5621|5747|6188|6441|6480|6850|7037|8764|11151|11326|57630|84868|90865|146433|259307|339390|100133941,AHR|AIF1|ANXA1|BCL2L1|CD6|CD74|FCGR3A|HLA-DMB|HMGB1|LYN|MPL|PNP|PRNP|PTK2|RPS3|SFTPD|ST6GAL1|SYK|TFRC|TNFRSF14|CORO1A|VSIG4|SH3RF1|HAVCR2|IL33|IL34|IL4I1|CLEC4G|CD24,-1.7
MyList,GO Biological Processes,19,GO:0030325,adrenal gland development,19_GO:0032502 developmental process,-3.1,4.3,4.4,30293,28,1751,7,0.4,0.15,190|3642|4087|4088|5156|6299|27122,NR0B1|INSM1|SMAD2|SMAD3|PDGFRA|SALL1|DKK3,-1.7
MyList,GO Biological Processes,19,GO:0007188,adenylate cyclase-modulating G protein-coupled receptor signaling pathway,19_GO:0050896 response to stimulus,-3.1,2,3.6,30293,230,1751,26,1.5,0.29,108|113|136|147|577|1129|1268|2550|2771|2776|2830|2849|2899|2913|3350|4886|5064|5138|5660|5733|5996|6014|9289|9340|55366|60626,ADCY2|ADCY7|ADORA2B|ADRA1B|ADGRB3|CHRM2|CNR1|GABBR1|GNAI2|GNAQ|GPR6|GPR26|GRIK3|GRM3|HTR1A|NPY1R|PALM|PDE2A|PSAP|PTGER3|RGS1|RIT2|ADGRG1|GLP2R|LGR4|RIC8A,-1.7
MyList,GO Biological Processes,19,GO:0061448,connective tissue development,19_GO:0032502 developmental process,-3.1,2,3.6,30293,230,1751,26,1.5,0.29,38|1311|1746|3265|3988|4086|4856|5925|6660|7045|7067|7314|7477|7480|23213|25979|25987|55553|55790|55959|57326|65992|79718|84649|157680|202018,ACAT1|COMP|DLX2|HRAS|LIPA|SMAD1|CCN3|RB1|SOX5|TGFBI|THRA|UBB|WNT7B|WNT10B|SULF1|DHRS7B|TSKU|SOX6|CSGALNACT1|SULF2|PBXIP1|DDRGK1|TBL1XR1|DGAT2|VPS13B|TAPT1,-1.7
MyList,GO Biological Processes,19,GO:0030833,regulation of actin filament polymerization,19_GO:0050789 regulation of biological process,-3.1,2.3,3.7,30293,136,1751,18,1,0.24,120|1955|3059|4868|5063|5217|5580|7114|9168|10094|10456|10787|11151|55604|79822|80115|80206|91663,ADD3|MEGF9|HCLS1|NPHS1|PAK3|PFN2|PRKCD|TMSB4X|TMSB10|ARPC3|HAX1|NCKAP1|CORO1A|CARMIL1|ARHGAP28|BAIAP2L2|FHOD3|MYADM,-1.7
MyList,GO Biological Processes,19,GO:0021799,cerebral cortex radially oriented cell migration,19_GO:0032502 developmental process,-3.1,3.8,4.2,30293,36,1751,8,0.46,0.16,2290|5048|7101|9289|22911|26468|57178|84750,FOXG1|PAFAH1B1|NR2E1|ADGRG1|WDR47|LHX6|ZMIZ1|FUT10,-1.7
MyList,GO Biological Processes,19,GO:0045637,regulation of myeloid cell differentiation,19_GO:0002376 immune system process,-3.1,2,3.6,30293,218,1751,25,1.4,0.28,677|972|1230|1385|3059|3313|4067|4352|4602|5925|6422|7071|8111|8451|8792|9646|10456|10519|10766|23456|56998|80349|146433|151176|399665,ZFP36L1|CD74|CCR1|CREB1|HCLS1|HSPA9|LYN|MPL|MYB|RB1|SFRP1|KLF10|GPR68|CUL4A|TNFRSF11A|CTR9|HAX1|CIB1|TOB2|ABCB10|CTNNBIP1|SKIC8|IL34|ERFE|EEIG1,-1.7
MyList,GO Biological Processes,19,GO:0001952,regulation of cell-matrix adhesion,19_GO:0050789 regulation of biological process,-3.1,2.4,3.8,30293,125,1751,17,0.97,0.23,71|395|1012|1307|1605|2824|4088|5747|5786|5879|6422|7010|7248|9270|10519|11170|55612,ACTG1|ARHGAP6|CDH13|COL16A1|DAG1|GPM6B|SMAD3|PTK2|PTPRA|RAC1|SFRP1|TEK|TSC1|ITGB1BP1|CIB1|FAM107A|FERMT1,-1.7
MyList,GO Biological Processes,19,GO:0060348,bone development,19_GO:0032502 developmental process,-3.1,2.1,3.6,30293,194,1751,23,1.3,0.27,537|1311|2734|3988|4086|5048|5191|5358|5636|6137|7010|7043|7468|8111|23213|25987|55790|55959|56034|64131|80169|84314|124565,ATP6AP1|COMP|GLG1|LIPA|SMAD1|PAFAH1B1|PEX7|PLS3|PRPSAP2|RPL13|TEK|TGFB3|NSD2|GPR68|SULF1|TSKU|CSGALNACT1|SULF2|PDGFC|XYLT1|CTC1|TMEM107|SLC38A10,-1.7
MyList,GO Biological Processes,19,GO:0080164,regulation of nitric oxide metabolic process,19_GO:0008152 metabolic process,-3.1,3,4,30293,63,1751,11,0.63,0.19,435|493|1191|1524|4088|5879|8655|9104|23564|23576|55829,ASL|ATP2B4|CLU|CX3CR1|SMAD3|RAC1|DYNLL1|RGN|DDAH2|DDAH1|SELENOS,-1.7
MyList,GO Biological Processes,19,GO:1900182,positive regulation of protein localization to nucleus,19_GO:0051179 localization,-3.1,2.6,3.8,30293,93,1751,14,0.8,0.21,142|3059|4088|5532|5580|6950|7037|7203|10574|10576|11143|22948|56257|63928,PARP1|HCLS1|SMAD3|PPP3CB|PRKCD|TCP1|TFRC|CCT3|CCT7|CCT2|KAT7|CCT5|MEPCE|CHP2,-1.7
MyList,GO Biological Processes,19,GO:1903432,regulation of TORC1 signaling,19_GO:0050896 response to stimulus,-3.1,2.6,3.8,30293,93,1751,14,0.8,0.21,5563|6009|6396|6850|7248|7337|7532|7874|8444|8649|28956|57600|58528|90809,PRKAA2|RHEB|SEC13|SYK|TSC1|UBE3A|YWHAG|USP7|DYRK3|LAMTOR3|LAMTOR2|FNIP2|RRAGD|PIP4P1,-1.7
MyList,GO Biological Processes,19,GO:0050673,epithelial cell proliferation,19_GO:0009987 cellular process,-3,2.1,3.7,30293,171,1751,21,1.2,0.26,572|598|1012|1948|2173|3082|3488|3988|4856|5604|5925|6789|7010|8805|8945|9270|9788|55366|55612|57504|84280,BAD|BCL2L1|CDH13|EFNB2|FABP7|HGF|IGFBP5|LIPA|CCN3|MAP2K1|RB1|STK4|TEK|TRIM24|BTRC|ITGB1BP1|MTSS1|LGR4|FERMT1|MTA3|BTBD10,-1.7
MyList,GO Biological Processes,19,GO:0015986,proton motive force-driven ATP synthesis,19_GO:0008152 metabolic process,-3,2.8,3.9,30293,73,1751,12,0.69,0.2,498|527|4704|4706|4708|4712|4718|4720|4725|4726|10632|30968,ATP5F1A|ATP6V0C|NDUFA9|NDUFAB1|NDUFB2|NDUFB6|NDUFC2|NDUFS2|NDUFS5|NDUFS6|ATP5MG|STOML2,-1.7
MyList,GO Biological Processes,19,GO:2000060,positive regulation of ubiquitin-dependent protein catabolic process,19_GO:0048518 positive regulation of biological process,-3,2.5,3.8,30293,104,1751,15,0.86,0.22,1050|1191|1855|3300|5747|7805|8078|11236|23287|25898|28951|57630|64110|65992|90865,CEBPA|CLU|DVL1|DNAJB2|PTK2|LAPTM5|USP5|RNF139|AGTPBP1|RCHY1|TRIB2|SH3RF1|MAGEF1|DDRGK1|IL33,-1.7
MyList,GO Biological Processes,19,GO:0048146,positive regulation of fibroblast proliferation,19_GO:0048518 positive regulation of biological process,-3,3.2,4,30293,54,1751,10,0.57,0.18,358|972|3265|4602|5156|6277|55845|56034|57178|80169,AQP1|CD74|HRAS|MYB|PDGFRA|S100A6|BRK1|PDGFC|ZMIZ1|CTC1,-1.7
MyList,GO Biological Processes,19,GO:0071763,nuclear membrane organization,19_GO:0009987 cellular process,-3,3.5,4.1,30293,45,1751,9,0.51,0.17,5048|23141|23399|27243|29082|51510|55968|128866|137886,PAFAH1B1|ANKLE2|CTDNEP1|CHMP2A|CHMP4A|CHMP5|NSFL1C|CHMP4B|UBXN2B,-1.7
MyList,GO Biological Processes,19,GO:1902683,regulation of receptor localization to synapse,19_GO:0051179 localization,-3,4.9,4.5,30293,21,1751,6,0.34,0.14,1605|1627|2239|3265|5906|10082,DAG1|DBN1|GPC4|HRAS|RAP1A|GPC6,-1.7
MyList,GO Biological Processes,19,GO:0060271,cilium assembly,19_GO:0009987 cellular process,-3,1.8,3.5,30293,333,1751,34,1.9,0.33,403|1767|3784|5991|7320|7802|8655|9114|9371|11020|11188|27077|27285|29105|51364|51668|55717|63917|64792|79645|79969|84058|84314|90355|92344|118491|127254|146754|161582|196383|200728|221421|255758|283232,ARL3|DNAH5|KCNQ1|RFX3|UBE2B|DNALI1|DYNLL1|ATP6V0D1|KIF3B|IFT27|NISCH|B9D1|TEKT2|CFAP20|ZMYND10|IFT25|WDR11|GALNT11|IFT22|CLXN|ATAT1|WDR54|TMEM107|MACIR|GORAB|CFAP70|ERICH3|DNAH2|DNAAF4|RILPL2|TMEM17|RSPH9|DYNLT2B|TMEM80,-1.7
MyList,GO Biological Processes,19,GO:0071478,cellular response to radiation,19_GO:0050896 response to stimulus,-3,2.1,3.6,30293,172,1751,21,1.2,0.26,142|358|598|1642|1965|2547|3265|5580|6154|6422|6609|7507|8451|8787|9577|10715|23418|54112|63979|79184|404672,PARP1|AQP1|BCL2L1|DDB1|EIF2S1|XRCC6|HRAS|PRKCD|RPL26|SFRP1|SMPD1|XPA|CUL4A|RGS9|BABAM2|CERS1|CRB1|GPR88|FIGNL1|BRCC3|GTF2H5,-1.7
MyList,GO Biological Processes,19,GO:0051897,positive regulation of phosphatidylinositol 3-kinase/protein kinase B signal transduction,19_GO:0048518 positive regulation of biological process,-3,2.1,3.6,30293,172,1751,21,1.2,0.26,1524|3059|3082|3488|5156|5170|5245|5747|7010|7295|7337|7410|8644|8678|9270|10456|55615|56917|151176|219736|642273,CX3CR1|HCLS1|HGF|IGFBP5|PDGFRA|PDPK1|PHB1|PTK2|TEK|TXN|UBE3A|VAV2|AKR1C3|BECN1|ITGB1BP1|HAX1|PRR5|MEIS3|ERFE|STOX1|FAM110C,-1.7
MyList,GO Biological Processes,19,GO:0051303,establishment of chromosome localization,19_GO:0051179 localization,-3,2.6,3.8,30293,94,1751,14,0.8,0.21,1063|4292|5925|7320|8678|8766|11130|11243|27243|29082|51510|79003|128866|283489,CENPF|MLH1|RB1|UBE2B|BECN1|RAB11A|ZWINT|PMF1|CHMP2A|CHMP4A|CHMP5|MIS12|CHMP4B|CHAMP1,-1.7
MyList,GO Biological Processes,19,GO:0097305,response to alcohol,19_GO:0050896 response to stimulus,-3,1.9,3.5,30293,257,1751,28,1.6,0.3,108|113|142|196|498|598|1268|1385|1393|1605|2235|2550|3988|4087|4968|5080|5563|5999|6155|6422|6480|7284|8644|8792|10270|23209|57630|116443,ADCY2|ADCY7|PARP1|AHR|ATP5F1A|BCL2L1|CNR1|CREB1|CRHBP|DAG1|FECH|GABBR1|LIPA|SMAD2|OGG1|PAX6|PRKAA2|RGS4|RPL27|SFRP1|ST6GAL1|TUFM|AKR1C3|TNFRSF11A|AKAP8|MLC1|SH3RF1|GRIN3A,-1.7
MyList,GO Biological Processes,19,GO:0050768,negative regulation of neurogenesis,19_GO:0032502 developmental process,-3,2.2,3.7,30293,149,1751,19,1.1,0.25,393|430|1746|1949|4152|5080|5764|5925|6585|6993|7101|7533|9355|9706|10371|10683|22920|56896|64218,ARHGAP4|ASCL2|DLX2|EFNB3|MBD1|PAX6|PTN|RB1|SLIT1|DYNLT1|NR2E1|YWHAH|LHX2|ULK2|SEMA3A|DLL3|KIFAP3|DPYSL5|SEMA4A,-1.7
MyList,GO Biological Processes,19,GO:1903311,regulation of mRNA metabolic process,19_GO:0008152 metabolic process,-3,1.7,3.4,30293,399,1751,39,2.2,0.35,677|2521|3178|3181|3183|4076|4292|4848|5436|5580|5936|6427|7536|9337|9698|9939|10181|10209|10284|10419|10521|10657|10758|10772|22827|23016|23034|29883|51441|54542|55795|57472|60680|64282|65109|135295|167227|255967|340719,ZFP36L1|FUS|HNRNPA1|HNRNPA2B1|HNRNPC|CAPRIN1|MLH1|CNOT2|POLR2G|PRKCD|RBM4|SRSF2|SF1|CNOT8|PUM1|RBM8A|RBM5|EIF1|SAP18|PRMT5|DDX17|KHDRBS1|TRAF3IP2|SRSF10|PUF60|EXOSC7|SAMD4A|CNOT7|YTHDF2|RC3H2|PCID2|CNOT6|CELF5|TENT4B|UPF3B|SRSF12|DCP2|PAN3|NANOS1,-1.7
MyList,GO Biological Processes,19,GO:2000179,positive regulation of neural precursor cell proliferation,19_GO:0048518 positive regulation of biological process,-3,3,3.9,30293,64,1751,11,0.63,0.19,1524|2290|2771|3642|4067|5080|7101|7976|9289|9355|80237,CX3CR1|FOXG1|GNAI2|INSM1|LYN|PAX6|NR2E1|FZD3|ADGRG1|LHX2|ELL3,-1.7
MyList,GO Biological Processes,19,GO:0033363,secretory granule organization,19_GO:0009987 cellular process,-3,3,3.9,30293,64,1751,11,0.63,0.19,358|1176|1385|3267|5048|8938|84062|84691|89781|157680|282991,AQP1|AP3S1|CREB1|AGFG1|PAFAH1B1|BAIAP3|DTNBP1|GARIN1B|HPS4|VPS13B|BLOC1S2,-1.7
MyList,GO Biological Processes,19,GO:0042776,proton motive force-driven mitochondrial ATP synthesis,19_GO:0008152 metabolic process,-3,3,3.9,30293,64,1751,11,0.63,0.19,498|4704|4706|4708|4712|4718|4720|4725|4726|10632|30968,ATP5F1A|NDUFA9|NDUFAB1|NDUFB2|NDUFB6|NDUFC2|NDUFS2|NDUFS5|NDUFS6|ATP5MG|STOML2,-1.7
MyList,GO Biological Processes,19,GO:1905477,positive regulation of protein localization to membrane,19_GO:0051179 localization,-3,2.5,3.7,30293,105,1751,15,0.86,0.22,493|1398|3208|3265|3684|3689|5170|5621|6810|9270|10519|11079|54471|54550|57628,ATP2B4|CRK|HPCA|HRAS|ITGAM|ITGB2|PDPK1|PRNP|STX4|ITGB1BP1|CIB1|RER1|MIEF1|NECAB2|DPP10,-1.7
MyList,GO Biological Processes,19,GO:0045639,positive regulation of myeloid cell differentiation,19_GO:0002376 immune system process,-3,2.5,3.7,30293,105,1751,15,0.86,0.22,677|972|1230|1385|3059|4352|5925|7071|8111|8792|10456|23456|56998|146433|399665,ZFP36L1|CD74|CCR1|CREB1|HCLS1|MPL|RB1|KLF10|GPR68|TNFRSF11A|HAX1|ABCB10|CTNNBIP1|IL34|EEIG1,-1.7
MyList,GO Biological Processes,19,GO:0007346,regulation of mitotic cell cycle,19_GO:0050789 regulation of biological process,-3,1.6,3.4,30293,521,1751,48,2.7,0.39,199|677|902|1063|1163|1642|2290|3275|3741|5048|5356|5569|5641|5720|5721|5884|5885|5925|6118|6154|6598|7480|7976|8193|8451|8766|9577|10040|10197|10217|10419|10459|11040|11130|11170|29086|29117|51339|51451|51529|55795|56257|57504|65123|79184|80169|219736|246184,AIF1|ZFP36L1|CCNH|CENPF|CKS1B|DDB1|FOXG1|PRMT2|KCNA5|PAFAH1B1|PLRG1|PKIA|LGMN|PSME1|PSME2|RAD17|RAD21|RB1|RPA2|RPL26|SMARCB1|WNT10B|FZD3|DPF1|CUL4A|RAB11A|BABAM2|TOM1L1|PSME3|CTDSPL|PRMT5|MAD2L2|PIM2|ZWINT|FAM107A|BABAM1|BRD7|DACT1|LCMT1|ANAPC11|PCID2|MEPCE|MTA3|INTS3|BRCC3|CTC1|STOX1|CDC26,-1.7
MyList,GO Biological Processes,19,GO:0014015,positive regulation of gliogenesis,19_GO:0032502 developmental process,-3,2.8,3.9,30293,74,1751,12,0.69,0.2,1605|2670|3845|4067|4602|5764|5803|6009|7097|10419|90865|146433,DAG1|GFAP|KRAS|LYN|MYB|PTN|PTPRZ1|RHEB|TLR2|PRMT5|IL33|IL34,-1.7
MyList,GO Biological Processes,19,GO:1904358,positive regulation of telomere maintenance via telomere lengthening,19_GO:0048518 positive regulation of biological process,-3,3.7,4.1,30293,37,1751,8,0.46,0.16,3178|3181|6950|7203|8550|10574|10576|22948,HNRNPA1|HNRNPA2B1|TCP1|CCT3|MAPKAPK5|CCT7|CCT2|CCT5,-1.7
MyList,GO Biological Processes,19,GO:0072329,monocarboxylic acid catabolic process,19_GO:0008152 metabolic process,-3,2.4,3.7,30293,116,1751,16,0.91,0.23,38|1592|1891|1892|2109|2184|3033|3712|3948|5096|5191|10449|10455|11001|84830|414328,ACAT1|CYP26A1|ECH1|ECHS1|ETFB|FAH|HADH|IVD|LDHC|PCCB|PEX7|ACAA2|ECI2|SLC27A2|ADTRP|IDNK,-1.7
MyList,GO Biological Processes,19,GO:0019076,viral release from host cell,19_GO:0016032 viral process,-3,4.2,4.2,30293,29,1751,7,0.4,0.15,1642|5478|7251|27243|29082|51510|128866,DDB1|PPIA|TSG101|CHMP2A|CHMP4A|CHMP5|CHMP4B,-1.6
MyList,GO Biological Processes,19,GO:0035891,exit from host cell,19_GO:0044419 biological process involved in interspecies interaction between organisms,-3,4.2,4.2,30293,29,1751,7,0.4,0.15,1642|5478|7251|27243|29082|51510|128866,DDB1|PPIA|TSG101|CHMP2A|CHMP4A|CHMP5|CHMP4B,-1.6
MyList,GO Biological Processes,19,GO:0007268,chemical synaptic transmission,19_GO:0050789 regulation of biological process,-3,1.7,3.4,30293,414,1751,40,2.3,0.36,1129|1393|1740|1855|2550|2558|2895|2899|2900|2913|3269|3350|3363|3785|4852|4923|5026|5048|5100|5368|5906|6014|6505|6511|6622|6750|6856|8448|9501|22930|23095|23504|23557|27345|27445|91851|116443|116841|127262|341359,CHRM2|CRHBP|DLG2|DVL1|GABBR1|GABRA5|GRID2|GRIK3|GRIK4|GRM3|HRH1|HTR1A|HTR7|KCNQ2|NPY|NTSR1|P2RX5|PAFAH1B1|PCDH8|PNOC|RAP1A|RIT2|SLC1A1|SLC1A6|SNCA|SST|SYPL1|DOC2A|RPH3AL|RAB3GAP1|KIF1B|RIMBP2|SNAPIN|KCNMB4|PCLO|CHRDL1|GRIN3A|SNAP47|TPRG1L|SYT10,-1.6
MyList,GO Biological Processes,19,GO:0098916,anterograde trans-synaptic signaling,19_GO:0050789 regulation of biological process,-3,1.7,3.4,30293,414,1751,40,2.3,0.36,1129|1393|1740|1855|2550|2558|2895|2899|2900|2913|3269|3350|3363|3785|4852|4923|5026|5048|5100|5368|5906|6014|6505|6511|6622|6750|6856|8448|9501|22930|23095|23504|23557|27345|27445|91851|116443|116841|127262|341359,CHRM2|CRHBP|DLG2|DVL1|GABBR1|GABRA5|GRID2|GRIK3|GRIK4|GRM3|HRH1|HTR1A|HTR7|KCNQ2|NPY|NTSR1|P2RX5|PAFAH1B1|PCDH8|PNOC|RAP1A|RIT2|SLC1A1|SLC1A6|SNCA|SST|SYPL1|DOC2A|RPH3AL|RAB3GAP1|KIF1B|RIMBP2|SNAPIN|KCNMB4|PCLO|CHRDL1|GRIN3A|SNAP47|TPRG1L|SYT10,-1.6
MyList,GO Biological Processes,19,GO:0006451,translational readthrough,19_GO:0008152 metabolic process,-3,7.7,5,30293,9,1751,4,0.23,0.11,1734|6301|51714|54952,DIO2|SARS1|SELENOT|TRNAU1AP,-1.6
MyList,GO Biological Processes,19,GO:0001514,selenocysteine incorporation,19_GO:0008152 metabolic process,-3,7.7,5,30293,9,1751,4,0.23,0.11,1734|6301|51714|54952,DIO2|SARS1|SELENOT|TRNAU1AP,-1.6
MyList,GO Biological Processes,19,GO:1904667,negative regulation of ubiquitin protein ligase activity,19_GO:0048519 negative regulation of biological process,-3,7.7,5,30293,9,1751,4,0.23,0.11,6125|6135|9532|10459,RPL5|RPL11|BAG2|MAD2L2,-1.6
MyList,GO Biological Processes,19,GO:0051126,negative regulation of actin nucleation,19_GO:0048519 negative regulation of biological process,-3,7.7,5,30293,9,1751,4,0.23,0.11,1496|2764|9535|11151,CTNNA2|GMFB|GMFG|CORO1A,-1.6
MyList,GO Biological Processes,19,GO:0048713,regulation of oligodendrocyte differentiation,19_GO:0032502 developmental process,-3,3.4,4,30293,46,1751,9,0.51,0.17,1605|1746|5764|5803|6009|7097|10419|90865|146433,DAG1|DLX2|PTN|PTPRZ1|RHEB|TLR2|PRMT5|IL33|IL34,-1.6
MyList,GO Biological Processes,19,GO:0043524,negative regulation of neuron apoptotic process,19_GO:0048519 negative regulation of biological process,-3,2.1,3.6,30293,162,1751,20,1.1,0.25,598|1191|1524|2821|3265|3845|5641|5803|5885|6505|6622|7043|8321|9244|10752|11151|51643|54463|57215|58533,BCL2L1|CLU|CX3CR1|GPI|HRAS|KRAS|LGMN|PTPRZ1|RAD21|SLC1A1|SNCA|TGFB3|FZD1|CRLF1|CHL1|CORO1A|TMBIM4|RETREG1|THAP11|SNX6,-1.6
MyList,GO Biological Processes,19,GO:0034765,regulation of monoatomic ion transmembrane transport,19_GO:0051179 localization,-2.9,1.7,3.4,30293,349,1751,35,2,0.33,88|493|801|967|2280|2281|2783|2922|3208|3755|3762|3768|3784|4067|4878|4923|5026|5170|5532|5621|5999|6622|6786|7114|7533|8787|9446|11151|23327|53826|55800|57338|57628|63928|84502,ACTN2|ATP2B4|CALM1|CD63|FKBP1A|FKBP1B|GNB2|GRP|HPCA|KCNG1|KCNJ5|KCNJ12|KCNQ1|LYN|NPPA|NTSR1|P2RX5|PDPK1|PPP3CB|PRNP|RGS4|SNCA|STIM1|TMSB4X|YWHAH|RGS9|GSTO1|CORO1A|NEDD4L|FXYD6|SCN3B|JPH3|DPP10|CHP2|JPH4,-1.6
MyList,GO Biological Processes,19,GO:0048284,organelle fusion,19_GO:0009987 cellular process,-2.9,2.3,3.6,30293,128,1751,17,0.97,0.23,597|6622|6810|8673|10490|11151|23557|23673|27243|29082|30968|51510|55486|80183|81624|116841|128866,BCL2A1|SNCA|STX4|VAMP8|VTI1B|CORO1A|SNAPIN|STX12|CHMP2A|CHMP4A|STOML2|CHMP5|PARL|RUBCNL|DIAPH3|SNAP47|CHMP4B,-1.6
MyList,GO Biological Processes,19,GO:0006405,RNA export from nucleus,19_GO:0051179 localization,-2.9,2.6,3.8,30293,85,1751,13,0.74,0.21,3178|3181|3267|7248|7514|9939|23049|26097|29118|55746|55795|79902|84324,HNRNPA1|HNRNPA2B1|AGFG1|TSC1|XPO1|RBM8A|SMG1|CHTOP|DDX25|NUP133|PCID2|NUP85|SARNP,-1.6
MyList,GO Biological Processes,19,GO:0002366,leukocyte activation involved in immune response,19_GO:0002376 immune system process,-2.9,2,3.5,30293,198,1751,23,1.3,0.27,136|430|613|972|1524|2214|2922|3146|3566|3936|4067|4292|4602|6850|7248|8013|9111|11151|54518|54542|64218|84868|90865,ADORA2B|ASCL2|BCR|CD74|CX3CR1|FCGR3A|GRP|HMGB1|IL4R|LCP1|LYN|MLH1|MYB|SYK|TSC1|NR4A3|NMI|CORO1A|APBB1IP|RC3H2|SEMA4A|HAVCR2|IL33,-1.6
MyList,GO Biological Processes,19,GO:0070936,protein K48-linked ubiquitination,19_GO:0008152 metabolic process,-2.9,2.8,3.8,30293,75,1751,12,0.69,0.2,3093|6047|6048|6500|7319|7320|7322|7337|8945|9111|23327|51283,UBE2K|RNF4|RNF5|SKP1|UBE2A|UBE2B|UBE2D2|UBE3A|BTRC|NMI|NEDD4L|BFAR,-1.6
MyList,GO Biological Processes,19,GO:0032091,negative regulation of protein binding,19_GO:0065007 biological regulation,-2.9,2.8,3.8,30293,75,1751,12,0.69,0.2,1400|2801|3300|5580|5792|9270|9532|24144|51339|56998|129531|151651,CRMP1|GOLGA2|DNAJB2|PRKCD|PTPRF|ITGB1BP1|BAG2|TFIP11|DACT1|CTNNBIP1|MITD1|EFHB,-1.6
MyList,GO Biological Processes,19,GO:0031280,negative regulation of cyclase activity,19_GO:0065007 biological regulation,-2.9,5.8,4.6,30293,15,1751,5,0.29,0.13,1910|2771|2913|5064|84059,EDNRB|GNAI2|GRM3|PALM|ADGRV1,-1.6
MyList,GO Biological Processes,19,GO:0060347,heart trabecula formation,19_GO:0032502 developmental process,-2.9,5.8,4.6,30293,15,1751,5,0.29,0.13,2280|5950|7010|54583|58495,FKBP1A|RBP4|TEK|EGLN1|OVOL2,-1.6
MyList,GO Biological Processes,19,GO:1902806,regulation of cell cycle G1/S phase transition,19_GO:0050789 regulation of biological process,-2.9,2,3.5,30293,211,1751,24,1.4,0.28,199|493|902|2735|3275|3741|5356|5720|5721|5925|6118|6154|6598|8193|8451|10197|10217|11170|29117|51339|56257|56892|65992|219736,AIF1|ATP2B4|CCNH|GLI1|PRMT2|KCNA5|PLRG1|PSME1|PSME2|RB1|RPA2|RPL26|SMARCB1|DPF1|CUL4A|PSME3|CTDSPL|FAM107A|BRD7|DACT1|MEPCE|TCIM|DDRGK1|STOX1,-1.6
MyList,GO Biological Processes,19,GO:0023019,signal transduction involved in regulation of gene expression,19_GO:0050896 response to stimulus,-2.9,4.7,4.3,30293,22,1751,6,0.34,0.14,142|4087|4088|5080|5156|10758,PARP1|SMAD2|SMAD3|PAX6|PDGFRA|TRAF3IP2,-1.6
MyList,GO Biological Processes,19,GO:1902473,regulation of protein localization to synapse,19_GO:0051179 localization,-2.9,4.7,4.3,30293,22,1751,6,0.34,0.14,1605|1855|2239|3265|5906|10082,DAG1|DVL1|GPC4|HRAS|RAP1A|GPC6,-1.6
MyList,GO Biological Processes,19,GO:0043087,regulation of GTPase activity,19_GO:0065007 biological regulation,-2.9,1.8,3.4,30293,299,1751,31,1.8,0.32,613|1398|3265|3925|4594|5747|5906|5996|6001|6422|7248|7409|7410|8787|9270|9750|9905|9938|22930|23161|23179|23526|26086|51291|55854|57326|57533|81704|89846|128272|255426,BCR|CRK|HRAS|STMN1|MMUT|PTK2|RAP1A|RGS1|RGS10|SFRP1|TSC1|VAV1|VAV2|RGS9|ITGB1BP1|RIPOR2|SGSM2|ARHGAP25|RAB3GAP1|SNX13|RGL1|ARHGAP45|GPSM1|GMIP|ZC3H15|PBXIP1|TBC1D14|DOCK8|FGD3|ARHGEF19|RASGEF1C,-1.6
MyList,GO Biological Processes,19,GO:0007187,"G protein-coupled receptor signaling pathway, coupled to cyclic nucleotide second messenger",19_GO:0050896 response to stimulus,-2.9,3.1,3.9,30293,56,1751,10,0.57,0.18,301|1129|1230|1268|3269|3350|3363|4852|4886|6751,ANXA1|CHRM2|CCR1|CNR1|HRH1|HTR1A|HTR7|NPY|NPY1R|SSTR1,-1.6
MyList,GO Biological Processes,19,GO:0000184,"nuclear-transcribed mRNA catabolic process, nonsense-mediated decay",19_GO:0048519 negative regulation of biological process,-2.9,3.6,4,30293,38,1751,8,0.46,0.16,2107|3646|9652|9939|23049|65109|80349|167227,ETF1|EIF3E|SKIC3|RBM8A|SMG1|UPF3B|SKIC8|DCP2,-1.6
MyList,GO Biological Processes,19,GO:1902229,regulation of intrinsic apoptotic signaling pathway in response to DNA damage,19_GO:0050896 response to stimulus,-2.9,3.6,4,30293,38,1751,8,0.46,0.16,598|972|1191|6154|6188|6880|57007|80237,BCL2L1|CD74|CLU|RPL26|RPS3|TAF9|ACKR3|ELL3,-1.6
MyList,GO Biological Processes,19,GO:0045738,negative regulation of DNA repair,19_GO:0048519 negative regulation of biological process,-2.9,3.6,4,30293,38,1751,8,0.46,0.16,4968|6188|10459|24144|55086|64110|84309|116028,OGG1|RPS3|MAD2L2|TFIP11|RADX|MAGEF1|NUDT16L1|RMI2,-1.6
MyList,GO Biological Processes,19,GO:0051438,regulation of ubiquitin-protein transferase activity,19_GO:0065007 biological regulation,-2.9,3.6,4,30293,38,1751,8,0.46,0.16,6125|6135|6187|6500|8945|9532|10459|27338,RPL5|RPL11|RPS2|SKP1|BTRC|BAG2|MAD2L2|UBE2S,-1.6
MyList,GO Biological Processes,19,GO:0032024,positive regulation of insulin secretion,19_GO:0051179 localization,-2.9,2.6,3.7,30293,86,1751,13,0.74,0.21,572|2850|5532|5715|5950|6810|7200|8111|8655|8938|9501|23410|27230,BAD|GPR27|PPP3CB|PSMD9|RBP4|STX4|TRH|GPR68|DYNLL1|BAIAP3|RPH3AL|SIRT3|SERP1,-1.6
MyList,GO Biological Processes,19,GO:0006446,regulation of translational initiation,19_GO:0008152 metabolic process,-2.9,2.6,3.7,30293,86,1751,13,0.74,0.21,1965|2235|3646|5436|5936|7458|8667|8872|10209|10657|51441|55364|127933,EIF2S1|FECH|EIF3E|POLR2G|RBM4|EIF4H|EIF3H|CDC123|EIF1|KHDRBS1|YTHDF2|IMPACT|UHMK1,-1.6
MyList,GO Biological Processes,19,GO:0021954,central nervous system neuron development,19_GO:0032502 developmental process,-2.9,2.6,3.7,30293,86,1751,13,0.74,0.21,1009|2290|4852|5048|7101|7314|22911|23287|25987|26468|57178|57282|64283,CDH11|FOXG1|NPY|PAFAH1B1|NR2E1|UBB|WDR47|AGTPBP1|TSKU|LHX6|ZMIZ1|SLC4A10|ARHGEF28,-1.6
MyList,GO Biological Processes,19,GO:0070665,positive regulation of leukocyte proliferation,19_GO:0048518 positive regulation of biological process,-2.9,2.1,3.5,30293,164,1751,20,1.1,0.25,199|301|598|923|972|2214|3109|3146|4067|4352|4860|5747|6188|6480|6850|7037|11151|84868|146433|100133941,AIF1|ANXA1|BCL2L1|CD6|CD74|FCGR3A|HLA-DMB|HMGB1|LYN|MPL|PNP|PTK2|RPS3|ST6GAL1|SYK|TFRC|CORO1A|HAVCR2|IL34|CD24,-1.6
MyList,GO Biological Processes,19,GO:0008089,anterograde axonal transport,19_GO:0051179 localization,-2.9,3.3,3.9,30293,47,1751,9,0.51,0.17,1176|1740|9371|10947|23095|23287|23557|84062|282991,AP3S1|DLG2|KIF3B|AP3M2|KIF1B|AGTPBP1|SNAPIN|DTNBP1|BLOC1S2,-1.6
MyList,GO Biological Processes,19,GO:0071985,multivesicular body sorting pathway,19_GO:0051179 localization,-2.9,3.3,3.9,30293,47,1751,9,0.51,0.17,7251|9711|11267|27243|29082|51510|55048|128866|155382,TSG101|RUBCN|SNF8|CHMP2A|CHMP4A|CHMP5|VPS37C|CHMP4B|VPS37D,-1.6
MyList,GO Biological Processes,19,GO:0042594,response to starvation,19_GO:0050896 response to stimulus,-2.9,2,3.5,30293,212,1751,24,1.4,0.28,38|123|158|1965|2752|3178|3312|5563|6422|6751|7071|7248|7532|8644|8678|8792|9706|11345|26608|51100|55364|56270|58528|92196,ACAT1|PLIN2|ADSL|EIF2S1|GLUL|HNRNPA1|HSPA8|PRKAA2|SFRP1|SSTR1|KLF10|TSC1|YWHAG|AKR1C3|BECN1|TNFRSF11A|ULK2|GABARAPL2|TBL2|SH3GLB1|IMPACT|WDR45B|RRAGD|DAPL1,-1.6
MyList,GO Biological Processes,19,GO:0036293,response to decreased oxygen levels,19_GO:0050896 response to stimulus,-2.9,1.8,3.4,30293,313,1751,32,1.8,0.32,158|317|358|430|572|677|1735|3741|4088|4352|4602|5034|5885|6422|6505|7010|7037|7043|7097|7248|8678|9520|9915|10449|25828|26608|54471|54583|114990|126374|221074|100133941,ADSL|APAF1|AQP1|ASCL2|BAD|ZFP36L1|DIO3|KCNA5|SMAD3|MPL|MYB|P4HB|RAD21|SFRP1|SLC1A1|TEK|TFRC|TGFB3|TLR2|TSC1|BECN1|NPEPPS|ARNT2|ACAA2|TXN2|TBL2|MIEF1|EGLN1|VASN|WTIP|SLC39A12|CD24,-1.6
MyList,GO Biological Processes,19,GO:0006406,mRNA export from nucleus,19_GO:0051179 localization,-2.9,2.9,3.8,30293,66,1751,11,0.63,0.19,3181|3267|7514|9939|23049|26097|29118|55746|55795|79902|84324,HNRNPA2B1|AGFG1|XPO1|RBM8A|SMG1|CHTOP|DDX25|NUP133|PCID2|NUP85|SARNP,-1.6
MyList,GO Biological Processes,19,GO:0042391,regulation of membrane potential,19_GO:0065007 biological regulation,-2.9,1.6,3.3,30293,446,1751,42,2.4,0.37,88|142|572|598|801|1268|1525|1738|1855|2281|2550|2558|2776|2895|2899|2900|3741|3762|3775|3784|3988|4878|4897|4923|5026|5999|6511|6622|7314|7533|8655|10242|22930|23327|27345|54112|55012|55022|55800|57465|116443|219736,ACTN2|PARP1|BAD|BCL2L1|CALM1|CNR1|CXADR|DLD|DVL1|FKBP1B|GABBR1|GABRA5|GNAQ|GRID2|GRIK3|GRIK4|KCNA5|KCNJ5|KCNK1|KCNQ1|LIPA|NPPA|NRCAM|NTSR1|P2RX5|RGS4|SLC1A6|SNCA|UBB|YWHAH|DYNLL1|KCNMB2|RAB3GAP1|NEDD4L|KCNMB4|GPR88|PPP2R3C|PID1|SCN3B|TBC1D24|GRIN3A|STOX1,-1.6
MyList,GO Biological Processes,19,GO:0071383,cellular response to steroid hormone stimulus,19_GO:0050896 response to stimulus,-2.9,2.1,3.5,30293,153,1751,19,1.1,0.25,301|358|498|677|2235|3301|3312|5245|7101|7337|7533|8013|8644|10521|11170|23558|55625|57178|84830,ANXA1|AQP1|ATP5F1A|ZFP36L1|FECH|DNAJA1|HSPA8|PHB1|NR2E1|UBE3A|YWHAH|NR4A3|AKR1C3|DDX17|FAM107A|WBP2|ZDHHC7|ZMIZ1|ADTRP,-1.6
MyList,GO Biological Processes,19,GO:0044782,cilium organization,19_GO:0009987 cellular process,-2.9,1.7,3.3,30293,366,1751,36,2.1,0.34,403|1767|3784|5991|7320|7802|8655|9114|9371|11020|11188|22920|27077|27285|29105|51364|51668|55717|63917|64792|79645|79969|84058|84314|90355|90416|92344|118491|127254|146754|161582|196383|200728|221421|255758|283232,ARL3|DNAH5|KCNQ1|RFX3|UBE2B|DNALI1|DYNLL1|ATP6V0D1|KIF3B|IFT27|NISCH|KIFAP3|B9D1|TEKT2|CFAP20|ZMYND10|IFT25|WDR11|GALNT11|IFT22|CLXN|ATAT1|WDR54|TMEM107|MACIR|CCDC32|GORAB|CFAP70|ERICH3|DNAH2|DNAAF4|RILPL2|TMEM17|RSPH9|DYNLT2B|TMEM80,-1.6
MyList,GO Biological Processes,19,GO:0009314,response to radiation,19_GO:0050896 response to stimulus,-2.8,1.6,3.3,30293,420,1751,40,2.3,0.36,142|358|598|1642|1965|2235|2547|2776|3156|3265|3269|3845|4968|5580|5936|6154|6422|6609|7295|7319|7320|7507|7846|8451|8704|8787|9577|10715|23418|27087|29086|54112|57282|60626|63979|65123|79184|120227|121457|404672,PARP1|AQP1|BCL2L1|DDB1|EIF2S1|FECH|XRCC6|GNAQ|HMGCR|HRAS|HRH1|KRAS|OGG1|PRKCD|RBM4|RPL26|SFRP1|SMPD1|TXN|UBE2A|UBE2B|XPA|TUBA1A|CUL4A|B4GALT2|RGS9|BABAM2|CERS1|CRB1|B3GAT1|BABAM1|GPR88|SLC4A10|RIC8A|FIGNL1|INTS3|BRCC3|CYP2R1|IKBIP|GTF2H5,-1.5
MyList,GO Biological Processes,19,GO:0030323,respiratory tube development,19_GO:0032502 developmental process,-2.8,2,3.5,30293,189,1751,22,1.3,0.27,1050|1385|1605|2735|3488|3845|3988|4087|5125|5156|5604|5950|6441|7043|7067|7477|7965|51668|54542|84695|147372|284217,CEBPA|CREB1|DAG1|GLI1|IGFBP5|KRAS|LIPA|SMAD2|PCSK5|PDGFRA|MAP2K1|RBP4|SFTPD|TGFB3|THRA|WNT7B|AIMP2|IFT25|RC3H2|LOXL3|CCBE1|LAMA1,-1.5
MyList,GO Biological Processes,19,GO:0031333,negative regulation of protein-containing complex assembly,19_GO:0048519 negative regulation of biological process,-2.8,2.2,3.5,30293,142,1751,18,1,0.24,120|1191|3146|3312|3925|5217|5580|6622|7067|7114|9168|24144|51339|51451|56998|80206|91663|152485,ADD3|CLU|HMGB1|HSPA8|STMN1|PFN2|PRKCD|SNCA|THRA|TMSB4X|TMSB10|TFIP11|DACT1|LCMT1|CTNNBIP1|FHOD3|MYADM|ZNF827,-1.5
MyList,GO Biological Processes,19,GO:0050921,positive regulation of chemotaxis,19_GO:0040011 locomotion,-2.8,2.2,3.5,30293,142,1751,18,1,0.24,199|972|1012|1230|1524|3146|4088|5156|5641|5747|5764|5879|6810|7114|7941|9750|146433|158747,AIF1|CD74|CDH13|CCR1|CX3CR1|HMGB1|SMAD3|PDGFRA|LGMN|PTK2|PTN|RAC1|STX4|TMSB4X|PLA2G7|RIPOR2|IL34|MOSPD2,-1.5
MyList,GO Biological Processes,19,GO:0032103,positive regulation of response to external stimulus,19_GO:0048518 positive regulation of biological process,-2.8,1.6,3.3,30293,557,1751,50,2.9,0.4,136|199|718|972|1012|1050|1230|1268|1524|2281|2547|3093|3146|3821|3822|4067|4088|4852|5063|5138|5156|5245|5641|5650|5733|5747|5764|5879|6223|6622|6810|6850|7097|7114|7409|7941|8673|8792|9111|9698|9750|10623|55577|79184|79969|84233|84868|90865|146433|158747,ADORA2B|AIF1|C3|CD74|CDH13|CEBPA|CCR1|CNR1|CX3CR1|FKBP1B|XRCC6|UBE2K|HMGB1|KLRC1|KLRC2|LYN|SMAD3|NPY|PAK3|PDE2A|PDGFRA|PHB1|LGMN|KLK7|PTGER3|PTK2|PTN|RAC1|RPS19|SNCA|STX4|SYK|TLR2|TMSB4X|VAV1|PLA2G7|VAMP8|TNFRSF11A|NMI|PUM1|RIPOR2|POLR3C|NAGK|BRCC3|ATAT1|TMEM126A|HAVCR2|IL33|IL34|MOSPD2,-1.5
MyList,GO Biological Processes,19,GO:2000146,negative regulation of cell motility,19_GO:0040011 locomotion,-2.8,1.7,3.3,30293,394,1751,38,2.2,0.35,199|393|397|493|613|727|972|1009|1398|1524|1605|1809|3146|3488|4856|5217|5801|5879|5912|5931|6422|8819|9104|9270|9289|9750|9863|11188|23213|23309|23560|56999|79595|79772|84312|84830|90355|90865,AIF1|ARHGAP4|ARHGDIB|ATP2B4|BCR|C5|CD74|CDH11|CRK|CX3CR1|DAG1|DPYSL3|HMGB1|IGFBP5|CCN3|PFN2|PTPRR|RAC1|RAP2B|RBBP7|SFRP1|SAP30|RGN|ITGB1BP1|ADGRG1|RIPOR2|MAGI2|NISCH|SULF1|SIN3B|GTPBP4|ADAMTS9|SAP130|MCTP1|BRMS1L|ADTRP|MACIR|IL33,-1.5
MyList,GO Biological Processes,19,GO:0032890,regulation of organic acid transport,19_GO:0051179 localization,-2.8,2.7,3.7,30293,77,1751,12,0.69,0.2,2058|2550|4923|5999|6622|6850|7200|8792|9536|22930|84062|151176,EPRS1|GABBR1|NTSR1|RGS4|SNCA|SYK|TRH|TNFRSF11A|PTGES|RAB3GAP1|DTNBP1|ERFE,-1.5
MyList,GO Biological Processes,19,GO:0045732,positive regulation of protein catabolic process,19_GO:0048518 positive regulation of biological process,-2.8,2,3.4,30293,202,1751,23,1.3,0.27,1050|1191|1642|1855|3300|4898|4946|4947|5702|5706|8078|8451|9532|11267|23327|25898|26234|28951|29116|51339|57630|65992|90865,CEBPA|CLU|DDB1|DVL1|DNAJB2|NRDC|OAZ1|OAZ2|PSMC3|PSMC6|USP5|CUL4A|BAG2|SNF8|NEDD4L|RCHY1|FBXL5|TRIB2|MYLIP|DACT1|SH3RF1|DDRGK1|IL33,-1.5
MyList,GO Biological Processes,19,GO:0018208,peptidyl-proline modification,19_GO:0008152 metabolic process,-2.8,3.5,3.9,30293,39,1751,8,0.46,0.16,2280|2281|5034|5478|10465|51645|54583|653505,FKBP1A|FKBP1B|P4HB|PPIA|PPIH|PPIL1|EGLN1|PPIAL4A,-1.5
MyList,GO Biological Processes,19,GO:0021795,cerebral cortex cell migration,19_GO:0032502 developmental process,-2.8,3.2,3.9,30293,48,1751,9,0.51,0.17,2290|5048|7101|9289|22911|26468|57178|84750|114327,FOXG1|PAFAH1B1|NR2E1|ADGRG1|WDR47|LHX6|ZMIZ1|FUT10|EFHC1,-1.5
MyList,GO Biological Processes,19,GO:0051056,regulation of small GTPase mediated signal transduction,19_GO:0050896 response to stimulus,-2.8,1.8,3.3,30293,303,1751,31,1.8,0.32,392|393|395|397|613|1398|3845|3925|5879|6014|7010|7409|7410|8437|9289|9750|9938|10161|23362|23526|27128|51291|56990|57221|57514|57706|64283|79822|81704|89846|128272,ARHGAP1|ARHGAP4|ARHGAP6|ARHGDIB|BCR|CRK|KRAS|STMN1|RAC1|RIT2|TEK|VAV1|VAV2|RASAL1|ADGRG1|RIPOR2|ARHGAP25|LPAR6|PSD3|ARHGAP45|CYTH4|GMIP|CDC42SE2|ARFGEF3|ARHGAP31|DENND1A|ARHGEF28|ARHGAP28|DOCK8|FGD3|ARHGEF19,-1.5
MyList,GO Biological Processes,19,GO:0042110,T cell activation,19_GO:0002376 immune system process,-2.8,1.8,3.3,30293,316,1751,32,1.8,0.32,301|430|677|972|1525|2280|2281|3146|3566|3821|3936|3988|4088|4602|5532|6146|6850|7248|7409|7480|8325|8451|10758|11151|30968|54518|54542|57705|64218|79626|81704|339390,ANXA1|ASCL2|ZFP36L1|CD74|CXADR|FKBP1A|FKBP1B|HMGB1|IL4R|KLRC1|LCP1|LIPA|SMAD3|MYB|PPP3CB|RPL22|SYK|TSC1|VAV1|WNT10B|FZD8|CUL4A|TRAF3IP2|CORO1A|STOML2|APBB1IP|RC3H2|WDFY4|SEMA4A|TNFAIP8L2|DOCK8|CLEC4G,-1.5
MyList,GO Biological Processes,19,GO:0051896,regulation of phosphatidylinositol 3-kinase/protein kinase B signal transduction,19_GO:0050896 response to stimulus,-2.8,1.9,3.4,30293,252,1751,27,1.5,0.29,1524|1605|3059|3082|3488|5156|5170|5245|5747|7010|7295|7337|7410|8644|8678|9270|9711|9863|10016|10019|10456|10519|55615|56917|151176|219736|642273,CX3CR1|DAG1|HCLS1|HGF|IGFBP5|PDGFRA|PDPK1|PHB1|PTK2|TEK|TXN|UBE3A|VAV2|AKR1C3|BECN1|ITGB1BP1|RUBCN|MAGI2|PDCD6|SH2B3|HAX1|CIB1|PRR5|MEIS3|ERFE|STOX1|FAM110C,-1.5
MyList,GO Biological Processes,19,GO:1903900,regulation of viral life cycle,19_GO:0016032 viral process,-2.8,2.2,3.5,30293,143,1751,18,1,0.24,103|972|1642|3146|3838|5034|5478|6609|6780|7155|7251|8724|9023|10346|10465|29883|55128|339390,ADAR|CD74|DDB1|HMGB1|KPNA2|P4HB|PPIA|SMPD1|STAU1|TOP2B|TSG101|SNX3|CH25H|TRIM22|PPIH|CNOT7|TRIM68|CLEC4G,-1.5
MyList,GO Biological Processes,19,GO:1900180,regulation of protein localization to nucleus,19_GO:0051179 localization,-2.8,2.2,3.5,30293,143,1751,18,1,0.24,142|2752|3059|4088|5532|5569|5580|6950|7037|7203|9500|10574|10576|11143|22948|55612|56257|63928,PARP1|GLUL|HCLS1|SMAD3|PPP3CB|PKIA|PRKCD|TCP1|TFRC|CCT3|MAGED1|CCT7|CCT2|KAT7|CCT5|FERMT1|MEPCE|CHP2,-1.5
MyList,GO Biological Processes,19,GO:0099504,synaptic vesicle cycle,19_GO:0051179 localization,-2.8,2.2,3.5,30293,143,1751,18,1,0.24,528|529|537|821|1176|1855|5906|6457|6622|8448|9114|10947|23557|27445|29993|57465|116841|127262,ATP6V1C1|ATP6V1E1|ATP6AP1|CANX|AP3S1|DVL1|RAP1A|SH3GL3|SNCA|DOC2A|ATP6V0D1|AP3M2|SNAPIN|PCLO|PACSIN1|TBC1D24|SNAP47|TPRG1L,-1.5
MyList,GO Biological Processes,19,GO:1901888,regulation of cell junction assembly,19_GO:0050789 regulation of biological process,-2.8,1.9,3.4,30293,215,1751,24,1.4,0.28,71|395|577|1307|1949|2239|2824|2895|4088|5747|5786|5879|5906|6422|6585|6622|7010|7087|7097|7248|8321|9270|11170|64218,ACTG1|ARHGAP6|ADGRB3|COL16A1|EFNB3|GPC4|GPM6B|GRID2|SMAD3|PTK2|PTPRA|RAC1|RAP1A|SFRP1|SLIT1|SNCA|TEK|ICAM5|TLR2|TSC1|FZD1|ITGB1BP1|FAM107A|SEMA4A,-1.5
MyList,GO Biological Processes,19,GO:0018193,peptidyl-amino acid modification,19_GO:0008152 metabolic process,-2.8,1.6,3.2,30293,532,1751,48,2.7,0.39,1491|2280|2281|3094|4067|4706|4836|5034|5156|5170|5478|5580|5747|5987|6300|6789|6850|8444|8445|8550|9070|9706|9734|10152|10419|10465|11143|23031|23049|23287|23410|23515|29105|51645|54583|55146|55625|57178|59343|63917|79969|84695|115426|127933|139728|154807|254887|653505,CTH|FKBP1A|FKBP1B|HINT1|LYN|NDUFAB1|NMT1|P4HB|PDGFRA|PDPK1|PPIA|PRKCD|PTK2|TRIM27|MAPK12|STK4|SYK|DYRK3|DYRK2|MAPKAPK5|ASH2L|ULK2|HDAC9|ABI2|PRMT5|PPIH|KAT7|MAST3|SMG1|AGTPBP1|SIRT3|MORC3|CFAP20|PPIL1|EGLN1|ZDHHC4|ZDHHC7|ZMIZ1|SENP2|GALNT11|ATAT1|LOXL3|UHRF2|UHMK1|PNCK|VKORC1L1|ZDHHC23|PPIAL4A,-1.5
MyList,GO Biological Processes,19,GO:0002503,peptide antigen assembly with MHC class II protein complex,19_GO:0002376 immune system process,-2.8,5.4,4.4,30293,16,1751,5,0.29,0.13,3109|3111|3119|3122|3127,HLA-DMB|HLA-DOA|HLA-DQB1|HLA-DRA|HLA-DRB5,-1.5
MyList,GO Biological Processes,19,GO:0002399,MHC class II protein complex assembly,19_GO:0009987 cellular process,-2.8,5.4,4.4,30293,16,1751,5,0.29,0.13,3109|3111|3119|3122|3127,HLA-DMB|HLA-DOA|HLA-DQB1|HLA-DRA|HLA-DRB5,-1.5
MyList,GO Biological Processes,19,GO:0099517,synaptic vesicle transport along microtubule,19_GO:0051179 localization,-2.8,5.4,4.4,30293,16,1751,5,0.29,0.13,1176|10947|23557|84062|282991,AP3S1|AP3M2|SNAPIN|DTNBP1|BLOC1S2,-1.5
MyList,GO Biological Processes,19,GO:0048490,anterograde synaptic vesicle transport,19_GO:0051179 localization,-2.8,5.4,4.4,30293,16,1751,5,0.29,0.13,1176|10947|23557|84062|282991,AP3S1|AP3M2|SNAPIN|DTNBP1|BLOC1S2,-1.5
MyList,GO Biological Processes,19,GO:0001780,neutrophil homeostasis,19_GO:0042592 homeostatic process,-2.8,5.4,4.4,30293,16,1751,5,0.29,0.13,301|3146|4352|4522|10019,ANXA1|HMGB1|MPL|MTHFD1|SH2B3,-1.5
MyList,GO Biological Processes,19,GO:0099514,synaptic vesicle cytoskeletal transport,19_GO:0051179 localization,-2.8,5.4,4.4,30293,16,1751,5,0.29,0.13,1176|10947|23557|84062|282991,AP3S1|AP3M2|SNAPIN|DTNBP1|BLOC1S2,-1.5
MyList,GO Biological Processes,19,GO:0000463,"maturation of LSU-rRNA from tricistronic rRNA transcript (SSU-rRNA, 5.8S rRNA, LSU-rRNA)",19_GO:0008152 metabolic process,-2.8,5.4,4.4,30293,16,1751,5,0.29,0.13,6129|9326|11224|23560|79707,RPL7|ZNHIT3|RPL35|GTPBP4|NOL9,-1.5
MyList,GO Biological Processes,19,GO:0150117,positive regulation of cell-substrate junction organization,19_GO:0048518 positive regulation of biological process,-2.8,3.9,4,30293,31,1751,7,0.4,0.15,1307|4088|5879|6422|7010|7248|9270,COL16A1|SMAD3|RAC1|SFRP1|TEK|TSC1|ITGB1BP1,-1.5
MyList,GO Biological Processes,19,GO:0090151,establishment of protein localization to mitochondrial membrane,19_GO:0051179 localization,-2.8,3.9,4,30293,31,1751,7,0.4,0.15,9804|23787|25813|26519|26521|54543|401505,TOMM20|MTCH1|SAMM50|TIMM10|TIMM8B|TOMM7|TOMM5,-1.5
MyList,GO Biological Processes,19,GO:0045070,positive regulation of viral genome replication,19_GO:0016032 viral process,-2.8,3.9,4,30293,31,1751,7,0.4,0.15,103|1642|5478|6780|7155|10465|29883,ADAR|DDB1|PPIA|STAU1|TOP2B|PPIH|CNOT7,-1.5
MyList,GO Biological Processes,19,GO:0006367,transcription initiation at RNA polymerase II promoter,19_GO:0008152 metabolic process,-2.8,2.3,3.5,30293,121,1751,16,0.91,0.23,902|1871|5436|5438|6598|6874|6880|6921|9070|11143|23558|29117|80227|84246|404672|100129583,CCNH|E2F3|POLR2G|POLR2I|SMARCB1|TAF4|TAF9|ELOC|ASH2L|KAT7|WBP2|BRD7|PAAF1|MED10|GTF2H5|FAM47E,-1.5
MyList,GO Biological Processes,19,GO:0006493,protein O-linked glycosylation,19_GO:0008152 metabolic process,-2.8,2.4,3.6,30293,99,1751,14,0.8,0.21,2650|6480|8706|8813|10678|10690|11041|29071|56913|63917|79369|84002|84892|727936,GCNT1|ST6GAL1|B3GALNT1|DPM1|B3GNT2|FUT9|B4GAT1|C1GALT1C1|C1GALT1|GALNT11|B3GNT4|B3GNT5|POMGNT2|GXYLT2,-1.5
MyList,GO Biological Processes,19,GO:0060828,regulation of canonical Wnt signaling pathway,19_GO:0050896 response to stimulus,-2.8,1.8,3.3,30293,266,1751,28,1.6,0.3,1501|2735|2776|4088|6206|6422|6789|7090|7320|7480|8321|8945|9736|10459|22881|23399|25805|27122|51339|51527|55366|55612|55959|56998|79718|79971|147906|252839,CTNND2|GLI1|GNAQ|SMAD3|RPS12|SFRP1|STK4|TLE3|UBE2B|WNT10B|FZD1|BTRC|USP34|MAD2L2|ANKRD6|CTDNEP1|BAMBI|DKK3|DACT1|GSKIP|LGR4|FERMT1|SULF2|CTNNBIP1|TBL1XR1|WLS|DACT3|TMEM9,-1.5
MyList,GO Biological Processes,19,GO:0031397,negative regulation of protein ubiquitination,19_GO:0048519 negative regulation of biological process,-2.8,2.7,3.6,30293,78,1751,12,0.69,0.2,3301|5478|6125|6135|6188|9532|10459|23560|27018|55859|59343|84707,DNAJA1|PPIA|RPL5|RPL11|RPS3|BAG2|MAD2L2|GTPBP4|BEX3|BEX1|SENP2|BEX2,-1.5
MyList,GO Biological Processes,19,GO:0030534,adult behavior,19_GO:0032501 multicellular organismal process,-2.8,2.2,3.5,30293,144,1751,18,1,0.24,1393|1949|4852|4923|5048|6505|6622|7200|7248|7345|7846|9698|10752|22911|23287|27253|57626|114781,CRHBP|EFNB3|NPY|NTSR1|PAFAH1B1|SLC1A1|SNCA|TRH|TSC1|UCHL1|TUBA1A|PUM1|CHL1|WDR47|AGTPBP1|PCDH17|KLHL1|BTBD9,-1.5
MyList,GO Biological Processes,19,GO:0032944,regulation of mononuclear cell proliferation,19_GO:0050789 regulation of biological process,-2.8,1.9,3.3,30293,241,1751,26,1.5,0.29,196|199|301|598|923|972|2214|3109|3146|4067|4352|4860|5621|6188|6441|6480|6850|7037|8764|11151|11326|57630|84868|259307|339390|100133941,AHR|AIF1|ANXA1|BCL2L1|CD6|CD74|FCGR3A|HLA-DMB|HMGB1|LYN|MPL|PNP|PRNP|RPS3|SFTPD|ST6GAL1|SYK|TFRC|TNFRSF14|CORO1A|VSIG4|SH3RF1|HAVCR2|IL4I1|CLEC4G|CD24,-1.5
MyList,GO Biological Processes,19,GO:0006081,cellular aldehyde metabolic process,19_GO:0008152 metabolic process,-2.8,2.8,3.7,30293,68,1751,11,0.63,0.19,217|1910|2739|3418|7167|8574|8644|10901|22977|26007|81888,ALDH2|EDNRB|GLO1|IDH2|TPI1|AKR7A2|AKR1C3|DHRS4|AKR7A3|TKFC|HYI,-1.5
MyList,GO Biological Processes,19,GO:0031503,protein-containing complex localization,19_GO:0051179 localization,-2.8,2.1,3.4,30293,156,1751,19,1.1,0.25,403|1740|6209|6505|6780|7514|8655|8766|9371|9897|10368|11020|23557|51668|55341|55722|64792|255758|389941,ARL3|DLG2|RPS15|SLC1A1|STAU1|XPO1|DYNLL1|RAB11A|KIF3B|WASHC5|CACNG3|IFT27|SNAPIN|IFT25|LSG1|CEP72|IFT22|DYNLT2B|C1QL3,-1.5
MyList,GO Biological Processes,19,GO:0000226,microtubule cytoskeleton organization,19_GO:0009987 cellular process,-2.8,1.5,3.2,30293,548,1751,49,2.8,0.39,1069|1605|1642|1767|1855|2009|2801|3796|3925|4292|4659|5048|5080|6188|6867|6993|7280|7320|7846|8766|9371|9897|10376|10519|10671|11188|22911|23177|23291|26086|27285|51364|55012|55559|55700|55722|55968|63979|79645|79969|80323|81624|114327|137886|146754|161582|221421|260334|347733,CETN2|DAG1|DDB1|DNAH5|DVL1|EML1|GOLGA2|KIF2A|STMN1|MLH1|PPP1R12A|PAFAH1B1|PAX6|RPS3|TACC1|DYNLT1|TUBB2A|UBE2B|TUBA1A|RAB11A|KIF3B|WASHC5|TUBA1B|CIB1|DCTN6|NISCH|WDR47|CEP68|FBXW11|GPSM1|TEKT2|ZMYND10|PPP2R3C|HAUS7|MAP7D1|CEP72|NSFL1C|FIGNL1|CLXN|ATAT1|CCDC68|DIAPH3|EFHC1|UBXN2B|DNAH2|DNAAF4|RSPH9|TUBB8B|TUBB2B,-1.5
MyList,GO Biological Processes,19,GO:0071466,cellular response to xenobiotic stimulus,19_GO:0050896 response to stimulus,-2.8,2,3.4,30293,192,1751,22,1.3,0.27,196|873|1393|1592|2947|2987|3784|4659|5080|5563|5621|5925|7037|7345|7372|7409|7410|9446|10715|10858|119391|120227,AHR|CBR1|CRHBP|CYP26A1|GSTM3|GUK1|KCNQ1|PPP1R12A|PAX6|PRKAA2|PRNP|RB1|TFRC|UCHL1|UMPS|VAV1|VAV2|GSTO1|CERS1|CYP46A1|GSTO2|CYP2R1,-1.5
MyList,GO Biological Processes,19,GO:0006720,isoprenoid metabolic process,19_GO:0008152 metabolic process,-2.8,2.2,3.5,30293,133,1751,17,0.97,0.23,231|1592|2224|3156|3157|3422|3988|5950|8630|8644|8813|10170|10901|57107|57171|84649|116150,AKR1B1|CYP26A1|FDPS|HMGCR|HMGCS1|IDI1|LIPA|RBP4|HSD17B6|AKR1C3|DPM1|DHRS9|DHRS4|PDSS2|DOLPP1|DGAT2|NUS1,-1.5
MyList,GO Biological Processes,19,GO:1901334,lactone metabolic process,19_GO:0008152 metabolic process,-2.8,6.9,4.6,30293,10,1751,4,0.23,0.11,231|9104|9446|119391,AKR1B1|RGN|GSTO1|GSTO2,-1.5
MyList,GO Biological Processes,19,GO:1903649,regulation of cytoplasmic transport,19_GO:0051179 localization,-2.8,6.9,4.6,30293,10,1751,4,0.23,0.11,7260|7874|10079|27236,EIPR1|USP7|ATP9A|ARFIP1,-1.5
MyList,GO Biological Processes,19,GO:1903943,regulation of hepatocyte apoptotic process,19_GO:0050789 regulation of biological process,-2.8,6.9,4.6,30293,10,1751,4,0.23,0.11,103|5563|5925|6789,ADAR|PRKAA2|RB1|STK4,-1.5
MyList,GO Biological Processes,19,GO:2000739,regulation of mesenchymal stem cell differentiation,19_GO:0032502 developmental process,-2.8,6.9,4.6,30293,10,1751,4,0.23,0.11,5156|6660|8321|55553,PDGFRA|SOX5|FZD1|SOX6,-1.5
MyList,GO Biological Processes,19,GO:0045657,positive regulation of monocyte differentiation,19_GO:0002376 immune system process,-2.8,6.9,4.6,30293,10,1751,4,0.23,0.11,677|972|56998|146433,ZFP36L1|CD74|CTNNBIP1|IL34,-1.5
MyList,GO Biological Processes,19,GO:0019852,L-ascorbic acid metabolic process,19_GO:0008152 metabolic process,-2.8,6.9,4.6,30293,10,1751,4,0.23,0.11,231|9104|9446|119391,AKR1B1|RGN|GSTO1|GSTO2,-1.5
MyList,GO Biological Processes,19,GO:0071472,cellular response to salt stress,19_GO:0050896 response to stimulus,-2.8,6.9,4.6,30293,10,1751,4,0.23,0.11,231|358|677|2547,AKR1B1|AQP1|ZFP36L1|XRCC6,-1.5
MyList,GO Biological Processes,19,GO:0002838,negative regulation of immune response to tumor cell,19_GO:0002376 immune system process,-2.8,10,5.2,30293,5,1751,3,0.17,0.099,196|84868|259307,AHR|HAVCR2|IL4I1,-1.5
MyList,GO Biological Processes,19,GO:1901909,diadenosine hexaphosphate catabolic process,19_GO:0008152 metabolic process,-2.8,10,5.2,30293,5,1751,3,0.17,0.099,11163|55190|170685,NUDT4|NUDT11|NUDT10,-1.5
MyList,GO Biological Processes,19,GO:1901907,diadenosine pentaphosphate catabolic process,19_GO:0008152 metabolic process,-2.8,10,5.2,30293,5,1751,3,0.17,0.099,11163|55190|170685,NUDT4|NUDT11|NUDT10,-1.5
MyList,GO Biological Processes,19,GO:1902267,regulation of polyamine transmembrane transport,19_GO:0051179 localization,-2.8,10,5.2,30293,5,1751,3,0.17,0.099,4946|4947|51582,OAZ1|OAZ2|AZIN1,-1.5
MyList,GO Biological Processes,19,GO:1901911,adenosine 5'-(hexahydrogen pentaphosphate) catabolic process,19_GO:0008152 metabolic process,-2.8,10,5.2,30293,5,1751,3,0.17,0.099,11163|55190|170685,NUDT4|NUDT11|NUDT10,-1.5
MyList,GO Biological Processes,19,GO:0099624,atrial cardiac muscle cell membrane repolarization,19_GO:0065007 biological regulation,-2.8,10,5.2,30293,5,1751,3,0.17,0.099,3741|3762|3784,KCNA5|KCNJ5|KCNQ1,-1.5
MyList,GO Biological Processes,19,GO:0038163,thrombopoietin-mediated signaling pathway,19_GO:0050896 response to stimulus,-2.8,10,5.2,30293,5,1751,3,0.17,0.099,4352|10019|10519,MPL|SH2B3|CIB1,-1.5
MyList,GO Biological Processes,19,GO:0002835,negative regulation of response to tumor cell,19_GO:0048519 negative regulation of biological process,-2.8,10,5.2,30293,5,1751,3,0.17,0.099,196|84868|259307,AHR|HAVCR2|IL4I1,-1.5
MyList,GO Biological Processes,19,GO:1901910,adenosine 5'-(hexahydrogen pentaphosphate) metabolic process,19_GO:0008152 metabolic process,-2.8,10,5.2,30293,5,1751,3,0.17,0.099,11163|55190|170685,NUDT4|NUDT11|NUDT10,-1.5
MyList,GO Biological Processes,19,GO:0098914,membrane repolarization during atrial cardiac muscle cell action potential,19_GO:0032501 multicellular organismal process,-2.8,10,5.2,30293,5,1751,3,0.17,0.099,3741|3762|3784,KCNA5|KCNJ5|KCNQ1,-1.5
MyList,GO Biological Processes,19,GO:1901908,diadenosine hexaphosphate metabolic process,19_GO:0008152 metabolic process,-2.8,10,5.2,30293,5,1751,3,0.17,0.099,11163|55190|170685,NUDT4|NUDT11|NUDT10,-1.5
MyList,GO Biological Processes,19,GO:0046113,nucleobase catabolic process,19_GO:0008152 metabolic process,-2.8,10,5.2,30293,5,1751,3,0.17,0.099,1806|4329|9615,DPYD|ALDH6A1|GDA,-1.5
MyList,GO Biological Processes,19,GO:1901906,diadenosine pentaphosphate metabolic process,19_GO:0008152 metabolic process,-2.8,10,5.2,30293,5,1751,3,0.17,0.099,11163|55190|170685,NUDT4|NUDT11|NUDT10,-1.5
MyList,GO Biological Processes,19,GO:0070777,D-aspartate transport,19_GO:0051179 localization,-2.8,10,5.2,30293,5,1751,3,0.17,0.099,2670|4923|6505,GFAP|NTSR1|SLC1A1,-1.5
MyList,GO Biological Processes,19,GO:0070779,D-aspartate import across plasma membrane,19_GO:0051179 localization,-2.8,10,5.2,30293,5,1751,3,0.17,0.099,2670|4923|6505,GFAP|NTSR1|SLC1A1,-1.5
MyList,GO Biological Processes,19,GO:0071543,diphosphoinositol polyphosphate metabolic process,19_GO:0008152 metabolic process,-2.8,10,5.2,30293,5,1751,3,0.17,0.099,11163|55190|170685,NUDT4|NUDT11|NUDT10,-1.5
MyList,GO Biological Processes,19,GO:0098869,cellular oxidant detoxification,19_GO:0098754 detoxification,-2.8,2.5,3.6,30293,89,1751,13,0.74,0.21,3042|3047|4257|5052|6415|7295|9446|9536|10549|51714|55829|55937|119391,HBM|HBG1|MGST1|PRDX1|SELENOW|TXN|GSTO1|PTGES|PRDX4|SELENOT|SELENOS|APOM|GSTO2,-1.5
MyList,GO Biological Processes,19,GO:0045581,negative regulation of T cell differentiation,19_GO:0002376 immune system process,-2.8,3.2,3.8,30293,49,1751,9,0.51,0.17,301|430|865|972|3146|3566|54542|84695|339390,ANXA1|ASCL2|CBFB|CD74|HMGB1|IL4R|RC3H2|LOXL3|CLEC4G,-1.5
MyList,GO Biological Processes,19,GO:0031648,protein destabilization,19_GO:0065007 biological regulation,-2.8,3.2,3.8,30293,49,1751,9,0.51,0.17,5621|6048|6622|8945|9802|11236|23291|29116|59343,PRNP|RNF5|SNCA|BTRC|DAZAP2|RNF139|FBXW11|MYLIP|SENP2,-1.5
MyList,GO Biological Processes,19,GO:0048545,response to steroid hormone,19_GO:0050896 response to stimulus,-2.7,1.8,3.3,30293,280,1751,29,1.7,0.3,142|301|358|498|594|677|2235|2821|3301|3312|5245|5931|6155|6750|7043|7097|7101|7337|7477|7533|8013|8644|10521|11170|23558|55625|57178|57630|84830,PARP1|ANXA1|AQP1|ATP5F1A|BCKDHB|ZFP36L1|FECH|GPI|DNAJA1|HSPA8|PHB1|RBBP7|RPL27|SST|TGFB3|TLR2|NR2E1|UBE3A|WNT7B|YWHAH|NR4A3|AKR1C3|DDX17|FAM107A|WBP2|ZDHHC7|ZMIZ1|SH3RF1|ADTRP,-1.5
MyList,GO Biological Processes,19,GO:0070884,regulation of calcineurin-NFAT signaling cascade,19_GO:0050896 response to stimulus,-2.7,3.5,3.9,30293,40,1751,8,0.46,0.16,493|5532|5621|8445|10519|63928|121665|151651,ATP2B4|PPP3CB|PRNP|DYRK2|CIB1|CHP2|SPPL3|EFHB,-1.5
MyList,GO Biological Processes,19,GO:0032868,response to insulin,19_GO:0050896 response to stimulus,-2.7,1.9,3.3,30293,217,1751,24,1.4,0.28,142|677|1176|2058|2650|2888|3033|3265|3784|4067|5080|5170|5786|5925|7097|7248|7532|8792|9734|11031|28999|55625|55829|80339,PARP1|ZFP36L1|AP3S1|EPRS1|GCNT1|GRB14|HADH|HRAS|KCNQ1|LYN|PAX6|PDPK1|PTPRA|RB1|TLR2|TSC1|YWHAG|TNFRSF11A|HDAC9|RAB31|KLF15|ZDHHC7|SELENOS|PNPLA3,-1.5
MyList,GO Biological Processes,19,GO:0016311,dephosphorylation,19_GO:0008152 metabolic process,-2.7,1.9,3.3,30293,217,1751,24,1.4,0.28,4659|5475|5520|5532|5786|5792|5801|5803|8613|8945|11072|23035|23291|23399|29085|54886|64748|79178|90809|118924|132160|152926|196051|285193,PPP1R12A|PPEF1|PPP2R2A|PPP3CB|PTPRA|PTPRF|PTPRR|PTPRZ1|PLPP3|BTRC|DUSP14|PHLPP2|FBXW11|CTDNEP1|PHPT1|PLPPR1|PLPPR2|THTPA|PIP4P1|FRA10AC1|PPM1M|PPM1K|PLPP4|DUSP28,-1.5
MyList,GO Biological Processes,19,GO:0006906,vesicle fusion,19_GO:0051179 localization,-2.7,2.4,3.5,30293,100,1751,14,0.8,0.21,6622|6810|8673|10490|11151|23557|23673|27243|29082|51510|80183|81624|116841|128866,SNCA|STX4|VAMP8|VTI1B|CORO1A|SNAPIN|STX12|CHMP2A|CHMP4A|CHMP5|RUBCNL|DIAPH3|SNAP47|CHMP4B,-1.5
MyList,GO Biological Processes,19,GO:0048732,gland development,19_GO:0032502 developmental process,-2.7,1.6,3.2,30293,426,1751,40,2.3,0.36,38|50|190|1050|1385|1605|2735|3082|3488|3642|3988|4087|4088|4830|5080|5156|5604|5660|6209|6299|6422|6598|6658|7038|7043|7067|7337|7372|7477|8792|8862|8945|9104|9914|10419|27122|55959|79971|80169|284217,ACAT1|ACO2|NR0B1|CEBPA|CREB1|DAG1|GLI1|HGF|IGFBP5|INSM1|LIPA|SMAD2|SMAD3|NME1|PAX6|PDGFRA|MAP2K1|PSAP|RPS15|SALL1|SFRP1|SMARCB1|SOX3|TG|TGFB3|THRA|UBE3A|UMPS|WNT7B|TNFRSF11A|APLN|BTRC|RGN|ATP2C2|PRMT5|DKK3|SULF2|WLS|CTC1|LAMA1,-1.5
MyList,GO Biological Processes,19,GO:0045620,negative regulation of lymphocyte differentiation,19_GO:0002376 immune system process,-2.7,2.9,3.7,30293,59,1751,10,0.57,0.18,301|430|865|972|3146|3566|6422|54542|84695|339390,ANXA1|ASCL2|CBFB|CD74|HMGB1|IL4R|SFRP1|RC3H2|LOXL3|CLEC4G,-1.5
MyList,GO Biological Processes,19,GO:0002688,regulation of leukocyte chemotaxis,19_GO:0040011 locomotion,-2.7,2.3,3.4,30293,123,1751,16,0.91,0.23,199|727|972|1230|1524|3146|4067|4856|5641|5747|5764|5879|7941|9750|146433|158747,AIF1|C5|CD74|CCR1|CX3CR1|HMGB1|LYN|CCN3|LGMN|PTK2|PTN|RAC1|PLA2G7|RIPOR2|IL34|MOSPD2,-1.4
MyList,GO Biological Processes,19,GO:0007224,smoothened signaling pathway,19_GO:0050896 response to stimulus,-2.7,2.5,3.5,30293,90,1751,13,0.74,0.21,403|2735|5080|5925|7480|7846|8445|11020|27077|50814|51668|200728|221914,ARL3|GLI1|PAX6|RB1|WNT10B|TUBA1A|DYRK2|IFT27|B9D1|NSDHL|IFT25|TMEM17|GPC2,-1.4
MyList,GO Biological Processes,19,GO:0048145,regulation of fibroblast proliferation,19_GO:0050789 regulation of biological process,-2.7,2.5,3.5,30293,90,1751,13,0.74,0.21,358|972|2495|3265|4602|5156|6277|6422|23515|55845|56034|57178|80169,AQP1|CD74|FTH1|HRAS|MYB|PDGFRA|S100A6|SFRP1|MORC3|BRK1|PDGFC|ZMIZ1|CTC1,-1.4
MyList,GO Biological Processes,19,GO:0035774,positive regulation of insulin secretion involved in cellular response to glucose stimulus,19_GO:0042592 homeostatic process,-2.7,3.8,3.9,30293,32,1751,7,0.4,0.15,572|2850|5532|6810|8111|8655|8938,BAD|GPR27|PPP3CB|STX4|GPR68|DYNLL1|BAIAP3,-1.4
MyList,GO Biological Processes,19,GO:1902106,negative regulation of leukocyte differentiation,19_GO:0002376 immune system process,-2.7,2.3,3.5,30293,112,1751,15,0.86,0.22,301|430|865|972|3146|3566|4067|6422|8111|8451|10766|54542|84695|151176|339390,ANXA1|ASCL2|CBFB|CD74|HMGB1|IL4R|LYN|SFRP1|GPR68|CUL4A|TOB2|RC3H2|LOXL3|ERFE|CLEC4G,-1.4
MyList,GO Biological Processes,19,GO:0090263,positive regulation of canonical Wnt signaling pathway,19_GO:0048518 positive regulation of biological process,-2.7,2.3,3.5,30293,112,1751,15,0.86,0.22,4088|6206|6422|7320|7480|9736|23399|25805|51339|51527|55366|55959|79718|79971|252839,SMAD3|RPS12|SFRP1|UBE2B|WNT10B|USP34|CTDNEP1|BAMBI|DACT1|GSKIP|LGR4|SULF2|TBL1XR1|WLS|TMEM9,-1.4
MyList,GO Biological Processes,19,GO:2001234,negative regulation of apoptotic signaling pathway,19_GO:0048519 negative regulation of biological process,-2.7,1.8,3.3,30293,244,1751,26,1.5,0.29,598|972|1191|1491|1524|2023|2139|2771|3082|3301|5478|5925|6880|8321|8682|10197|10449|55437|55486|55829|56917|57007|57630|63979|80237|83787,BCL2L1|CD74|CLU|CTH|CX3CR1|ENO1|EYA2|GNAI2|HGF|DNAJA1|PPIA|RB1|TAF9|FZD1|PEA15|PSME3|ACAA2|STRADB|PARL|SELENOS|MEIS3|ACKR3|SH3RF1|FIGNL1|ELL3|ARMC10,-1.4
MyList,GO Biological Processes,19,GO:0150076,neuroinflammatory response,19_GO:0050896 response to stimulus,-2.7,3.1,3.7,30293,50,1751,9,0.51,0.17,199|712|1191|1524|3684|3689|6622|7097|90865,AIF1|C1QA|CLU|CX3CR1|ITGAM|ITGB2|SNCA|TLR2|IL33,-1.4
MyList,GO Biological Processes,19,GO:0071320,cellular response to cAMP,19_GO:0050896 response to stimulus,-2.7,3.1,3.7,30293,50,1751,9,0.51,0.17,196|358|677|1393|3488|3784|5138|5906|7480,AHR|AQP1|ZFP36L1|CRHBP|IGFBP5|KCNQ1|PDE2A|RAP1A|WNT10B,-1.4
MyList,GO Biological Processes,19,GO:0019884,antigen processing and presentation of exogenous antigen,19_GO:0002376 immune system process,-2.7,3.1,3.7,30293,50,1751,9,0.51,0.17,972|3109|3111|3119|3122|3127|5641|5720|8722,CD74|HLA-DMB|HLA-DOA|HLA-DQB1|HLA-DRA|HLA-DRB5|LGMN|PSME1|CTSF,-1.4
MyList,GO Biological Processes,19,GO:0006354,DNA-templated transcription elongation,19_GO:0008152 metabolic process,-2.7,3.1,3.7,30293,50,1751,9,0.51,0.17,5438|6920|9646|23168|55795|80237|80349|404672|100170841,POLR2I|TCEA3|CTR9|RTF1|PCID2|ELL3|SKIC8|GTF2H5|EPOP,-1.4
MyList,GO Biological Processes,19,GO:0019725,cellular homeostasis,19_GO:0042592 homeostatic process,-2.7,1.5,3.1,30293,680,1751,58,3.3,0.43,226|358|375|435|493|527|528|529|537|1230|1268|1353|1534|2281|2495|2512|3093|3300|3784|5052|5080|5563|5621|5936|6505|6786|7037|7295|7337|7477|9104|9114|9256|9914|10549|10590|23557|25828|26234|26504|27338|28999|30968|51714|53940|54583|55013|55277|55829|57282|63933|84649|94107|147007|151176|155066|252839|286133,ALDOA|AQP1|ARF1|ASL|ATP2B4|ATP6V0C|ATP6V1C1|ATP6V1E1|ATP6AP1|CCR1|CNR1|COX11|CYB561|FKBP1B|FTH1|FTL|UBE2K|DNAJB2|KCNQ1|PRDX1|PAX6|PRKAA2|PRNP|RBM4|SLC1A1|STIM1|TFRC|TXN|UBE3A|WNT7B|RGN|ATP6V0D1|TSPOAP1|ATP2C2|PRDX4|SCGN|SNAPIN|TXN2|FBXL5|CNNM4|UBE2S|KLF15|STOML2|SELENOT|FTHL17|EGLN1|MCUB|FGGY|SELENOS|SLC4A10|MCUR1|DGAT2|TMEM203|TMEM199|ERFE|ATP6V0E2|TMEM9|SCARA5,-1.4
MyList,GO Biological Processes,19,GO:0002478,antigen processing and presentation of exogenous peptide antigen,19_GO:0002376 immune system process,-2.7,3.4,3.8,30293,41,1751,8,0.46,0.16,972|3109|3111|3119|3122|3127|5641|8722,CD74|HLA-DMB|HLA-DOA|HLA-DQB1|HLA-DRA|HLA-DRB5|LGMN|CTSF,-1.4
MyList,GO Biological Processes,19,GO:0032509,endosome transport via multivesicular body sorting pathway,19_GO:0051179 localization,-2.7,3.4,3.8,30293,41,1751,8,0.46,0.16,7251|11267|27243|29082|51510|55048|128866|155382,TSG101|SNF8|CHMP2A|CHMP4A|CHMP5|VPS37C|CHMP4B|VPS37D,-1.4
MyList,GO Biological Processes,19,GO:0006458,'de novo' protein folding,19_GO:0008152 metabolic process,-2.7,3.4,3.8,30293,41,1751,8,0.46,0.16,972|2280|2281|3312|3313|6782|10576|27000,CD74|FKBP1A|FKBP1B|HSPA8|HSPA9|HSPA13|CCT2|DNAJC2,-1.4
MyList,GO Biological Processes,19,GO:0106056,regulation of calcineurin-mediated signaling,19_GO:0050896 response to stimulus,-2.7,3.4,3.8,30293,41,1751,8,0.46,0.16,493|5532|5621|8445|10519|63928|121665|151651,ATP2B4|PPP3CB|PRNP|DYRK2|CIB1|CHP2|SPPL3|EFHB,-1.4
MyList,GO Biological Processes,19,GO:0050900,leukocyte migration,19_GO:0002376 immune system process,-2.7,1.8,3.3,30293,245,1751,26,1.5,0.29,240|301|613|1230|1398|1524|1525|1910|2650|3146|3689|4067|5048|5478|5764|6223|6404|6441|6850|7409|8792|9023|11151|51676|79902|81704,ALOX5|ANXA1|BCR|CCR1|CRK|CX3CR1|CXADR|EDNRB|GCNT1|HMGB1|ITGB2|LYN|PAFAH1B1|PPIA|PTN|RPS19|SELPLG|SFTPD|SYK|VAV1|TNFRSF11A|CH25H|CORO1A|ASB2|NUP85|DOCK8,-1.4
MyList,GO Biological Processes,19,GO:0051494,negative regulation of cytoskeleton organization,19_GO:0048519 negative regulation of biological process,-2.7,2.1,3.3,30293,159,1751,19,1.1,0.25,120|395|1496|2764|3925|5217|5580|6622|7114|9168|9535|10519|11151|22911|79822|80206|81624|91663|130271,ADD3|ARHGAP6|CTNNA2|GMFB|STMN1|PFN2|PRKCD|SNCA|TMSB4X|TMSB10|GMFG|CIB1|CORO1A|WDR47|ARHGAP28|FHOD3|DIAPH3|MYADM|PLEKHH2,-1.4
MyList,GO Biological Processes,19,GO:0006635,fatty acid beta-oxidation,19_GO:0008152 metabolic process,-2.7,2.9,3.6,30293,60,1751,10,0.57,0.18,38|1891|1892|2109|3033|3712|5191|10449|10455|11001,ACAT1|ECH1|ECHS1|ETFB|HADH|IVD|PEX7|ACAA2|ECI2|SLC27A2,-1.4
MyList,GO Biological Processes,19,GO:0090174,organelle membrane fusion,19_GO:0009987 cellular process,-2.7,2.4,3.4,30293,102,1751,14,0.8,0.21,6622|6810|8673|10490|11151|23557|23673|27243|29082|51510|80183|81624|116841|128866,SNCA|STX4|VAMP8|VTI1B|CORO1A|SNAPIN|STX12|CHMP2A|CHMP4A|CHMP5|RUBCNL|DIAPH3|SNAP47|CHMP4B,-1.4
MyList,GO Biological Processes,19,GO:0050000,chromosome localization,19_GO:0051179 localization,-2.7,2.4,3.4,30293,102,1751,14,0.8,0.21,1063|4292|5925|7320|8678|8766|11130|11243|27243|29082|51510|79003|128866|283489,CENPF|MLH1|RB1|UBE2B|BECN1|RAB11A|ZWINT|PMF1|CHMP2A|CHMP4A|CHMP5|MIS12|CHMP4B|CHAMP1,-1.4
MyList,GO Biological Processes,19,GO:0021700,developmental maturation,19_GO:0032502 developmental process,-2.7,1.8,3.2,30293,284,1751,29,1.7,0.3,231|528|529|537|577|712|718|865|967|1050|1524|1605|1738|4897|5064|5925|5991|8938|9114|9897|10882|10981|23557|23787|26468|51441|64131|81624|91851,AKR1B1|ATP6V1C1|ATP6V1E1|ATP6AP1|ADGRB3|C1QA|C3|CBFB|CD63|CEBPA|CX3CR1|DAG1|DLD|NRCAM|PALM|RB1|RFX3|BAIAP3|ATP6V0D1|WASHC5|C1QL1|RAB32|SNAPIN|MTCH1|LHX6|YTHDF2|XYLT1|DIAPH3|CHRDL1,-1.4
MyList,GO Biological Processes,19,GO:0045623,negative regulation of T-helper cell differentiation,19_GO:0002376 immune system process,-2.7,5.1,4.2,30293,17,1751,5,0.29,0.13,301|430|3566|54542|84695,ANXA1|ASCL2|IL4R|RC3H2|LOXL3,-1.4
MyList,GO Biological Processes,19,GO:0032930,positive regulation of superoxide anion generation,19_GO:0048518 positive regulation of biological process,-2.7,5.1,4.2,30293,17,1751,5,0.29,0.13,2771|3684|3689|5580|6850,GNAI2|ITGAM|ITGB2|PRKCD|SYK,-1.4
MyList,GO Biological Processes,19,GO:0044342,type B pancreatic cell proliferation,19_GO:0009987 cellular process,-2.7,5.1,4.2,30293,17,1751,5,0.29,0.13,572|3488|4856|5604|84280,BAD|IGFBP5|CCN3|MAP2K1|BTBD10,-1.4
MyList,GO Biological Processes,19,GO:0050872,white fat cell differentiation,19_GO:0032502 developmental process,-2.7,5.1,4.2,30293,17,1751,5,0.29,0.13,1050|5156|54463|79718|80339,CEBPA|PDGFRA|RETREG1|TBL1XR1|PNPLA3,-1.4
MyList,GO Biological Processes,19,GO:0030595,leukocyte chemotaxis,19_GO:0040011 locomotion,-2.6,2.1,3.3,30293,148,1751,18,1,0.24,240|301|1230|1524|1525|1910|3146|3689|5478|5764|6223|6441|6850|7409|8792|9023|11151|79902,ALOX5|ANXA1|CCR1|CX3CR1|CXADR|EDNRB|HMGB1|ITGB2|PPIA|PTN|RPS19|SFTPD|SYK|VAV1|TNFRSF11A|CH25H|CORO1A|NUP85,-1.4
MyList,GO Biological Processes,19,GO:0031589,cell-substrate adhesion,19_GO:0009987 cellular process,-2.6,2,3.3,30293,184,1751,21,1.2,0.26,88|395|613|967|1009|1605|3682|3684|3689|5879|7010|7205|7248|8910|9270|11151|50509|55612|56999|57348|80725,ACTN2|ARHGAP6|BCR|CD63|CDH11|DAG1|ITGAE|ITGAM|ITGB2|RAC1|TEK|TRIP6|TSC1|SGCE|ITGB1BP1|CORO1A|COL5A3|FERMT1|ADAMTS9|TTYH1|SRCIN1,-1.4
MyList,GO Biological Processes,19,GO:0009267,cellular response to starvation,19_GO:0050896 response to stimulus,-2.6,2,3.3,30293,172,1751,20,1.1,0.25,123|1965|2752|3178|3312|5563|6422|7071|7248|7532|8644|8678|8792|11345|26608|51100|55364|56270|58528|92196,PLIN2|EIF2S1|GLUL|HNRNPA1|HSPA8|PRKAA2|SFRP1|KLF10|TSC1|YWHAG|AKR1C3|BECN1|TNFRSF11A|GABARAPL2|TBL2|SH3GLB1|IMPACT|WDR45B|RRAGD|DAPL1,-1.4
MyList,GO Biological Processes,19,GO:0007169,transmembrane receptor protein tyrosine kinase signaling pathway,19_GO:0050896 response to stimulus,-2.6,1.6,3.1,30293,418,1751,39,2.2,0.35,1176|1398|1464|1796|1948|1949|2888|3082|3265|3488|3925|4067|5063|5156|5170|5604|5747|5786|5801|5879|6850|7010|7409|7410|8013|9185|9788|10006|10016|10019|23213|23769|53358|55959|56034|64283|116150|284656|285016,AP3S1|CRK|CSPG4|DOK1|EFNB2|EFNB3|GRB14|HGF|HRAS|IGFBP5|STMN1|LYN|PAK3|PDGFRA|PDPK1|MAP2K1|PTK2|PTPRA|PTPRR|RAC1|SYK|TEK|VAV1|VAV2|NR4A3|REPS2|MTSS1|ABI1|PDCD6|SH2B3|SULF1|FLRT1|SHC3|SULF2|PDGFC|ARHGEF28|NUS1|EPHA10|ALKAL2,-1.4
MyList,GO Biological Processes,19,GO:0051924,regulation of calcium ion transport,19_GO:0051179 localization,-2.6,1.8,3.2,30293,247,1751,26,1.5,0.29,801|945|1230|2280|2281|2771|3208|4067|4878|4923|5026|5170|5532|5621|5987|5999|6622|6786|8787|9446|9914|11151|57338|84502|151651|196051,CALM1|CD33|CCR1|FKBP1A|FKBP1B|GNAI2|HPCA|LYN|NPPA|NTSR1|P2RX5|PDPK1|PPP3CB|PRNP|TRIM27|RGS4|SNCA|STIM1|RGS9|GSTO1|ATP2C2|CORO1A|JPH3|JPH4|EFHB|PLPP4,-1.4
MyList,GO Biological Processes,19,GO:0042147,"retrograde transport, endosome to Golgi",19_GO:0051179 localization,-2.6,2.4,3.4,30293,92,1751,13,0.74,0.21,5987|8724|8938|9043|9905|10490|27147|51560|51699|57533|58533|64145|112936,TRIM27|SNX3|BAIAP3|SPAG9|SGSM2|VTI1B|DENND2A|RAB6B|VPS29|TBC1D14|SNX6|RBSN|VPS26B,-1.4
MyList,GO Biological Processes,19,GO:0046879,hormone secretion,19_GO:0051179 localization,-2.6,2.4,3.4,30293,92,1751,13,0.74,0.21,358|1363|1385|2281|3784|4067|4087|5936|6567|8111|27230|27445|51714,AQP1|CPE|CREB1|FKBP1B|KCNQ1|LYN|SMAD2|RBM4|SLC16A2|GPR68|SERP1|PCLO|SELENOT,-1.4
MyList,GO Biological Processes,19,GO:0007160,cell-matrix adhesion,19_GO:0009987 cellular process,-2.6,2.1,3.3,30293,137,1751,17,0.97,0.23,88|395|613|967|1009|1605|3682|3684|3689|5879|7205|7248|8910|9270|50509|55612|56999,ACTN2|ARHGAP6|BCR|CD63|CDH11|DAG1|ITGAE|ITGAM|ITGB2|RAC1|TRIP6|TSC1|SGCE|ITGB1BP1|COL5A3|FERMT1|ADAMTS9,-1.4
MyList,GO Biological Processes,19,GO:2000515,"negative regulation of CD4-positive, alpha-beta T cell activation",19_GO:0002376 immune system process,-2.6,3.7,3.8,30293,33,1751,7,0.4,0.15,301|430|865|3146|3566|54542|84695,ANXA1|ASCL2|CBFB|HMGB1|IL4R|RC3H2|LOXL3,-1.4
MyList,GO Biological Processes,19,GO:0099175,regulation of postsynapse organization,19_GO:0050789 regulation of biological process,-2.6,2.4,3.4,30293,103,1751,14,0.8,0.21,1627|1855|2895|4076|4897|5048|5063|5621|7337|10152|26115|80725|84062|115703,DBN1|DVL1|GRID2|CAPRIN1|NRCAM|PAFAH1B1|PAK3|PRNP|UBE3A|ABI2|TANC2|SRCIN1|DTNBP1|ARHGAP33,-1.4
MyList,GO Biological Processes,19,GO:0071677,positive regulation of mononuclear cell migration,19_GO:0040011 locomotion,-2.6,2.7,3.5,30293,71,1751,11,0.63,0.19,199|430|1230|1524|3146|5641|7941|8764|11151|81704|158747,AIF1|ASCL2|CCR1|CX3CR1|HMGB1|LGMN|PLA2G7|TNFRSF14|CORO1A|DOCK8|MOSPD2,-1.4
MyList,GO Biological Processes,19,GO:0030198,extracellular matrix organization,19_GO:0009987 cellular process,-2.6,1.8,3.2,30293,273,1751,28,1.6,0.3,1307|1311|1605|2295|2670|2824|3936|4868|5156|5212|5650|7045|7101|10049|10549|11095|23127|23213|50509|55612|55790|55959|56999|57326|60626|64093|84695|171019,COL16A1|COMP|DAG1|FOXF2|GFAP|GPM6B|LCP1|NPHS1|PDGFRA|VIT|KLK7|TGFBI|NR2E1|DNAJB6|PRDX4|ADAMTS8|COLGALT2|SULF1|COL5A3|FERMT1|CSGALNACT1|SULF2|ADAMTS9|PBXIP1|RIC8A|SMOC1|LOXL3|ADAMTS19,-1.4
MyList,GO Biological Processes,19,GO:0030324,lung development,19_GO:0032502 developmental process,-2.6,2,3.3,30293,185,1751,21,1.2,0.26,1050|1385|1605|2735|3488|3845|3988|4087|5156|5604|5950|6441|7043|7067|7477|7965|51668|54542|84695|147372|284217,CEBPA|CREB1|DAG1|GLI1|IGFBP5|KRAS|LIPA|SMAD2|PDGFRA|MAP2K1|RBP4|SFTPD|TGFB3|THRA|WNT7B|AIMP2|IFT25|RC3H2|LOXL3|CCBE1|LAMA1,-1.4
MyList,GO Biological Processes,19,GO:0045428,regulation of nitric oxide biosynthetic process,19_GO:0008152 metabolic process,-2.6,2.8,3.6,30293,61,1751,10,0.57,0.18,435|493|1191|1524|4088|5879|8655|9104|23564|23576,ASL|ATP2B4|CLU|CX3CR1|SMAD3|RAC1|DYNLL1|RGN|DDAH2|DDAH1,-1.4
MyList,GO Biological Processes,19,GO:0000422,autophagy of mitochondrion,19_GO:0008152 metabolic process,-2.6,2.8,3.6,30293,61,1751,10,0.57,0.18,8678|9706|11345|51375|54463|56270|64422|83734|124045|132671,BECN1|ULK2|GABARAPL2|SNX7|RETREG1|WDR45B|ATG3|ATG10|SPATA33|SPATA18,-1.4
MyList,GO Biological Processes,19,GO:0006368,transcription elongation by RNA polymerase II,19_GO:0008152 metabolic process,-2.6,3.3,3.7,30293,42,1751,8,0.46,0.16,5438|6920|9646|23168|55795|80237|80349|100170841,POLR2I|TCEA3|CTR9|RTF1|PCID2|ELL3|SKIC8|EPOP,-1.4
MyList,GO Biological Processes,19,GO:0060612,adipose tissue development,19_GO:0032502 developmental process,-2.6,3.3,3.7,30293,42,1751,8,0.46,0.16,38|3265|3988|7314|25979|79718|84649|157680,ACAT1|HRAS|LIPA|UBB|DHRS7B|TBL1XR1|DGAT2|VPS13B,-1.4
MyList,GO Biological Processes,19,GO:0019320,hexose catabolic process,19_GO:0008152 metabolic process,-2.6,3.3,3.7,30293,42,1751,8,0.46,0.16,572|2023|5211|5223|7167|10690|26007|84750,BAD|ENO1|PFKL|PGAM1|TPI1|FUT9|TKFC|FUT10,-1.4
MyList,GO Biological Processes,19,GO:0009124,nucleoside monophosphate biosynthetic process,19_GO:0008152 metabolic process,-2.6,3.3,3.7,30293,42,1751,8,0.46,0.16,158|159|271|318|5471|5631|7372|221823,ADSL|ADSS2|AMPD2|NUDT2|PPAT|PRPS1|UMPS|PRPS1L1,-1.4
MyList,GO Biological Processes,19,GO:0030336,negative regulation of cell migration,19_GO:0040011 locomotion,-2.6,1.6,3.1,30293,379,1751,36,2.1,0.34,199|393|397|493|613|727|972|1009|1524|1605|1809|3146|3488|4856|5217|5801|5879|5912|5931|6422|8819|9270|9289|9750|9863|11188|23213|23309|23560|56999|79595|79772|84312|84830|90355|90865,AIF1|ARHGAP4|ARHGDIB|ATP2B4|BCR|C5|CD74|CDH11|CX3CR1|DAG1|DPYSL3|HMGB1|IGFBP5|CCN3|PFN2|PTPRR|RAC1|RAP2B|RBBP7|SFRP1|SAP30|ITGB1BP1|ADGRG1|RIPOR2|MAGI2|NISCH|SULF1|SIN3B|GTPBP4|ADAMTS9|SAP130|MCTP1|BRMS1L|ADTRP|MACIR|IL33,-1.4
MyList,GO Biological Processes,19,GO:0060314,regulation of ryanodine-sensitive calcium-release channel activity,19_GO:0042592 homeostatic process,-2.6,4.2,3.9,30293,25,1751,6,0.34,0.14,801|2280|2281|9446|57338|84502,CALM1|FKBP1A|FKBP1B|GSTO1|JPH3|JPH4,-1.4
MyList,GO Biological Processes,19,GO:0000413,protein peptidyl-prolyl isomerization,19_GO:0008152 metabolic process,-2.6,4.2,3.9,30293,25,1751,6,0.34,0.14,2280|2281|5478|10465|51645|653505,FKBP1A|FKBP1B|PPIA|PPIH|PPIL1|PPIAL4A,-1.4
MyList,GO Biological Processes,19,GO:0043062,extracellular structure organization,19_GO:0009987 cellular process,-2.6,1.8,3.2,30293,274,1751,28,1.6,0.3,1307|1311|1605|2295|2670|2824|3936|4868|5156|5212|5650|7045|7101|10049|10549|11095|23127|23213|50509|55612|55790|55959|56999|57326|60626|64093|84695|171019,COL16A1|COMP|DAG1|FOXF2|GFAP|GPM6B|LCP1|NPHS1|PDGFRA|VIT|KLK7|TGFBI|NR2E1|DNAJB6|PRDX4|ADAMTS8|COLGALT2|SULF1|COL5A3|FERMT1|CSGALNACT1|SULF2|ADAMTS9|PBXIP1|RIC8A|SMOC1|LOXL3|ADAMTS19,-1.4
MyList,GO Biological Processes,19,GO:0048709,oligodendrocyte differentiation,19_GO:0032502 developmental process,-2.6,2.5,3.4,30293,82,1751,12,0.69,0.2,1191|1272|1746|2824|4067|5080|5803|6009|7097|8890|10810|55553,CLU|CNTN1|DLX2|GPM6B|LYN|PAX6|PTPRZ1|RHEB|TLR2|EIF2B4|WASF3|SOX6,-1.4
MyList,GO Biological Processes,19,GO:0002253,activation of immune response,19_GO:0002376 immune system process,-2.6,1.6,3.1,30293,380,1751,36,2.1,0.34,712|713|715|716|718|727|1191|1675|2547|3119|3146|3265|3684|3821|3822|4067|5063|5245|5580|5747|6850|7097|7409|7410|8013|8890|9111|10657|11326|30968|54542|79969|84233|84868|121665|196051,C1QA|C1QB|C1R|C1S|C3|C5|CLU|CFD|XRCC6|HLA-DQB1|HMGB1|HRAS|ITGAM|KLRC1|KLRC2|LYN|PAK3|PHB1|PRKCD|PTK2|SYK|TLR2|VAV1|VAV2|NR4A3|EIF2B4|NMI|KHDRBS1|VSIG4|STOML2|RC3H2|ATAT1|TMEM126A|HAVCR2|SPPL3|PLPP4,-1.3
MyList,GO Biological Processes,19,GO:0061763,multivesicular body-lysosome fusion,19_GO:0051179 localization,-2.6,6.3,4.3,30293,11,1751,4,0.23,0.11,27243|29082|51510|128866,CHMP2A|CHMP4A|CHMP5|CHMP4B,-1.3
MyList,GO Biological Processes,19,GO:0014049,positive regulation of glutamate secretion,19_GO:0051179 localization,-2.6,6.3,4.3,30293,11,1751,4,0.23,0.11,2550|4923|22930|84062,GABBR1|NTSR1|RAB3GAP1|DTNBP1,-1.3
MyList,GO Biological Processes,19,GO:0060159,regulation of dopamine receptor signaling pathway,19_GO:0050896 response to stimulus,-2.6,6.3,4.3,30293,11,1751,4,0.23,0.11,5064|5999|10419|84062,PALM|RGS4|PRMT5|DTNBP1,-1.3
MyList,GO Biological Processes,19,GO:0051469,vesicle fusion with vacuole,19_GO:0051179 localization,-2.6,6.3,4.3,30293,11,1751,4,0.23,0.11,27243|29082|51510|128866,CHMP2A|CHMP4A|CHMP5|CHMP4B,-1.3
MyList,GO Biological Processes,19,GO:0070778,L-aspartate transmembrane transport,19_GO:0051179 localization,-2.6,6.3,4.3,30293,11,1751,4,0.23,0.11,6505|6511|79751|83733,SLC1A1|SLC1A6|SLC25A22|SLC25A18,-1.3
MyList,GO Biological Processes,19,GO:0009120,deoxyribonucleoside metabolic process,19_GO:0008152 metabolic process,-2.6,6.3,4.3,30293,11,1751,4,0.23,0.11,1806|1841|4860|9615,DPYD|DTYMK|PNP|GDA,-1.3
MyList,GO Biological Processes,19,GO:0044272,sulfur compound biosynthetic process,19_GO:0008152 metabolic process,-2.6,2.1,3.3,30293,150,1751,18,1,0.24,38|1491|1738|2681|4522|4594|5162|9200|10678|11001|11041|26035|51363|55790|58478|64131|79178|79369,ACAT1|CTH|DLD|GGTA1|MTHFD1|MMUT|PDHB|HACD1|B3GNT2|SLC27A2|B4GAT1|GLCE|CHST15|CSGALNACT1|ENOPH1|XYLT1|THTPA|B3GNT4,-1.3
MyList,GO Biological Processes,19,GO:0002690,positive regulation of leukocyte chemotaxis,19_GO:0040011 locomotion,-2.6,2.4,3.4,30293,93,1751,13,0.74,0.21,199|972|1230|1524|3146|5641|5747|5764|5879|7941|9750|146433|158747,AIF1|CD74|CCR1|CX3CR1|HMGB1|LGMN|PTK2|PTN|RAC1|PLA2G7|RIPOR2|IL34|MOSPD2,-1.3
MyList,GO Biological Processes,19,GO:0021549,cerebellum development,19_GO:0032502 developmental process,-2.6,2.3,3.4,30293,104,1751,14,0.8,0.21,1272|1398|2735|2895|5080|5604|6751|7846|8455|8704|23287|57107|57626|340719,CNTN1|CRK|GLI1|GRID2|PAX6|MAP2K1|SSTR1|TUBA1A|ATRN|B4GALT2|AGTPBP1|PDSS2|KLHL1|NANOS1,-1.3
MyList,GO Biological Processes,19,GO:0097193,intrinsic apoptotic signaling pathway,19_GO:0050896 response to stimulus,-2.6,2,3.3,30293,162,1751,19,1.1,0.25,317|572|597|598|3094|3265|4292|5580|8445|8451|8453|10494|51527|54205|57600|80237|84216|90441|100133941,APAF1|BAD|BCL2A1|BCL2L1|HINT1|HRAS|MLH1|PRKCD|DYRK2|CUL4A|CUL2|STK25|GSKIP|CYCS|FNIP2|ELL3|TMEM117|ZNF622|CD24,-1.3
MyList,GO Biological Processes,19,GO:0045229,external encapsulating structure organization,19_GO:0009987 cellular process,-2.6,1.8,3.1,30293,275,1751,28,1.6,0.3,1307|1311|1605|2295|2670|2824|3936|4868|5156|5212|5650|7045|7101|10049|10549|11095|23127|23213|50509|55612|55790|55959|56999|57326|60626|64093|84695|171019,COL16A1|COMP|DAG1|FOXF2|GFAP|GPM6B|LCP1|NPHS1|PDGFRA|VIT|KLK7|TGFBI|NR2E1|DNAJB6|PRDX4|ADAMTS8|COLGALT2|SULF1|COL5A3|FERMT1|CSGALNACT1|SULF2|ADAMTS9|PBXIP1|RIC8A|SMOC1|LOXL3|ADAMTS19,-1.3
MyList,GO Biological Processes,19,GO:0046637,regulation of alpha-beta T cell differentiation,19_GO:0002376 immune system process,-2.6,2.6,3.5,30293,72,1751,11,0.63,0.19,301|430|865|3122|3146|3566|4860|6850|54542|57630|84695,ANXA1|ASCL2|CBFB|HLA-DRA|HMGB1|IL4R|PNP|SYK|RC3H2|SH3RF1|LOXL3,-1.3
MyList,GO Biological Processes,19,GO:0006487,protein N-linked glycosylation,19_GO:0008152 metabolic process,-2.6,2.6,3.5,30293,72,1751,11,0.63,0.19,1603|5372|6480|7991|8813|10690|29880|57171|116150|256281|100128731,DAD1|PMM1|ST6GAL1|TUSC3|DPM1|FUT9|ALG5|DOLPP1|NUS1|NUDT14|OST4,-1.3
MyList,GO Biological Processes,19,GO:0010569,regulation of double-strand break repair via homologous recombination,19_GO:0050896 response to stimulus,-2.6,2.6,3.5,30293,72,1751,11,0.63,0.19,142|2521|6118|10459|10933|55086|57599|63979|64110|116028|158880,PARP1|FUS|RPA2|MAD2L2|MORF4L1|RADX|WDR48|FIGNL1|MAGEF1|RMI2|USP51,-1.3
MyList,GO Biological Processes,19,GO:0051865,protein autoubiquitination,19_GO:0008152 metabolic process,-2.6,2.6,3.5,30293,72,1751,11,0.63,0.19,6047|7320|7322|7337|9577|26994|51283|55128|57630|79184|115426,RNF4|UBE2B|UBE2D2|UBE3A|BABAM2|RNF11|BFAR|TRIM68|SH3RF1|BRCC3|UHRF2,-1.3
MyList,GO Biological Processes,19,GO:0038093,Fc receptor signaling pathway,19_GO:0002376 immune system process,-2.6,3,3.6,30293,52,1751,9,0.51,0.17,2214|4067|5580|5747|6850|7409|7410|8013|196051,FCGR3A|LYN|PRKCD|PTK2|SYK|VAV1|VAV2|NR4A3|PLPP4,-1.3
MyList,GO Biological Processes,19,GO:0006399,tRNA metabolic process,19_GO:0008152 metabolic process,-2.6,1.9,3.2,30293,199,1751,22,1.3,0.27,2058|2926|3376|5188|6301|11157|11180|23016|23438|51493|55699|55718|55798|57570|60528|79042|112495|124454|126789|129450|131965|142940,EPRS1|GRSF1|IARS1|GATB|SARS1|LSM6|WDR6|EXOSC7|HARS2|RTCB|IARS2|POLR3E|METTL2B|TRMT5|ELAC2|TSEN34|GTF3C6|EARS2|PUSL1|TYW5|METTL6|TRUB1,-1.3
MyList,GO Biological Processes,19,GO:0048589,developmental growth,19_GO:0040007 growth,-2.6,1.6,3.1,30293,422,1751,39,2.2,0.35,677|1311|1605|1855|3275|4086|4087|4088|4856|5532|5660|5764|6299|6422|6585|6789|7337|7458|7477|7480|8470|9355|9646|9706|9863|10371|23168|23769|25987|54542|55364|55717|57178|57282|57599|65059|79718|80169|221074,ZFP36L1|COMP|DAG1|DVL1|PRMT2|SMAD1|SMAD2|SMAD3|CCN3|PPP3CB|PSAP|PTN|SALL1|SFRP1|SLIT1|STK4|UBE3A|EIF4H|WNT7B|WNT10B|SORBS2|LHX2|CTR9|ULK2|MAGI2|SEMA3A|RTF1|FLRT1|TSKU|RC3H2|IMPACT|WDR11|ZMIZ1|SLC4A10|WDR48|RAPH1|TBL1XR1|CTC1|SLC39A12,-1.3
MyList,GO Biological Processes,19,GO:0040007,growth,19_GO:0040007 growth,-2.6,1.6,3.1,30293,422,1751,39,2.2,0.35,677|1311|1605|1855|3275|4086|4087|4088|4856|5532|5660|5764|6299|6422|6585|6789|7337|7458|7477|7480|8470|9355|9646|9706|9863|10371|23168|23769|25987|54542|55364|55717|57178|57282|57599|65059|79718|80169|221074,ZFP36L1|COMP|DAG1|DVL1|PRMT2|SMAD1|SMAD2|SMAD3|CCN3|PPP3CB|PSAP|PTN|SALL1|SFRP1|SLIT1|STK4|UBE3A|EIF4H|WNT7B|WNT10B|SORBS2|LHX2|CTR9|ULK2|MAGI2|SEMA3A|RTF1|FLRT1|TSKU|RC3H2|IMPACT|WDR11|ZMIZ1|SLC4A10|WDR48|RAPH1|TBL1XR1|CTC1|SLC39A12,-1.3
MyList,GO Biological Processes,19,GO:0008360,regulation of cell shape,19_GO:0032502 developmental process,-2.6,2.1,3.3,30293,139,1751,17,0.97,0.23,226|301|1398|1605|1690|3689|4628|5064|5747|5879|10810|11151|25805|54014|56990|64218|89846,ALDOA|ANXA1|CRK|DAG1|COCH|ITGB2|MYH10|PALM|PTK2|RAC1|WASF3|CORO1A|BAMBI|BRWD1|CDC42SE2|SEMA4A|FGD3,-1.3
MyList,GO Biological Processes,19,GO:0032102,negative regulation of response to external stimulus,19_GO:0048519 negative regulation of biological process,-2.6,1.6,3.1,30293,450,1751,41,2.3,0.36,103|142|196|199|240|613|727|1398|1496|1855|2895|3082|3821|4067|4088|4856|5156|5580|5925|6223|6480|6585|6850|7010|7114|8634|9111|10019|10371|11326|29883|51441|55829|64218|79626|79651|84830|84868|90355|90865|116443,ADAR|PARP1|AHR|AIF1|ALOX5|BCR|C5|CRK|CTNNA2|DVL1|GRID2|HGF|KLRC1|LYN|SMAD3|CCN3|PDGFRA|PRKCD|RB1|RPS19|ST6GAL1|SLIT1|SYK|TEK|TMSB4X|RTCA|NMI|SH2B3|SEMA3A|VSIG4|CNOT7|YTHDF2|SELENOS|SEMA4A|TNFAIP8L2|RHBDF2|ADTRP|HAVCR2|MACIR|IL33|GRIN3A,-1.3
MyList,GO Biological Processes,19,GO:1901654,response to ketone,19_GO:0050896 response to stimulus,-2.5,1.9,3.2,30293,212,1751,23,1.3,0.27,108|142|196|358|498|598|1385|2235|2821|3208|3684|3988|5080|5563|6155|6422|7043|7097|7337|8644|10270|23558|57630,ADCY2|PARP1|AHR|AQP1|ATP5F1A|BCL2L1|CREB1|FECH|GPI|HPCA|ITGAM|LIPA|PAX6|PRKAA2|RPL27|SFRP1|TGFB3|TLR2|UBE3A|AKR1C3|AKAP8|WBP2|SH3RF1,-1.3
MyList,GO Biological Processes,19,GO:0048259,regulation of receptor-mediated endocytosis,19_GO:0051179 localization,-2.5,2.2,3.3,30293,116,1751,15,0.86,0.22,375|718|967|1191|1948|3208|5879|6457|6850|8862|9863|54550|84058|84062|90416,ARF1|C3|CD63|CLU|EFNB2|HPCA|RAC1|SH3GL3|SYK|APLN|MAGI2|NECAB2|WDR54|DTNBP1|CCDC32,-1.3
MyList,GO Biological Processes,19,GO:1902905,positive regulation of supramolecular fiber organization,19_GO:0048518 positive regulation of biological process,-2.5,2,3.2,30293,175,1751,20,1.1,0.25,88|1191|4088|4868|5217|5879|5925|5987|6188|6422|7043|9270|9788|10152|10787|10810|11034|55604|55845|80115,ACTN2|CLU|SMAD3|NPHS1|PFN2|RAC1|RB1|TRIM27|RPS3|SFRP1|TGFB3|ITGB1BP1|MTSS1|ABI2|NCKAP1|WASF3|DSTN|CARMIL1|BRK1|BAIAP2L2,-1.3
MyList,GO Biological Processes,19,GO:0072665,protein localization to vacuole,19_GO:0051179 localization,-2.5,2.5,3.4,30293,83,1751,12,0.69,0.2,1191|3312|7251|7805|8678|10368|11267|51100|55048|55788|79158|155382,CLU|HSPA8|TSG101|LAPTM5|BECN1|CACNG3|SNF8|SH3GLB1|VPS37C|LMBRD1|GNPTAB|VPS37D,-1.3
MyList,GO Biological Processes,19,GO:0032212,positive regulation of telomere maintenance via telomerase,19_GO:0048518 positive regulation of biological process,-2.5,3.6,3.7,30293,34,1751,7,0.4,0.15,3178|6950|7203|8550|10574|10576|22948,HNRNPA1|TCP1|CCT3|MAPKAPK5|CCT7|CCT2|CCT5,-1.3
MyList,GO Biological Processes,19,GO:0019068,virion assembly,19_GO:0016032 viral process,-2.5,3.6,3.7,30293,34,1751,7,0.4,0.15,7251|27243|29082|51510|55048|128866|155382,TSG101|CHMP2A|CHMP4A|CHMP5|VPS37C|CHMP4B|VPS37D,-1.3
MyList,GO Biological Processes,19,GO:1900026,positive regulation of substrate adhesion-dependent cell spreading,19_GO:0048518 positive regulation of biological process,-2.5,3.2,3.6,30293,43,1751,8,0.46,0.16,1398|5034|5879|6239|10519|10562|55604|91663,CRK|P4HB|RAC1|RREB1|CIB1|OLFM4|CARMIL1|MYADM,-1.3
MyList,GO Biological Processes,19,GO:0043299,leukocyte degranulation,19_GO:0002376 immune system process,-2.5,3.2,3.6,30293,43,1751,8,0.46,0.16,136|613|2214|2922|4067|6850|8013|11151,ADORA2B|BCR|FCGR3A|GRP|LYN|SYK|NR4A3|CORO1A,-1.3
MyList,GO Biological Processes,19,GO:0007229,integrin-mediated signaling pathway,19_GO:0050896 response to stimulus,-2.5,2.4,3.3,30293,94,1751,13,0.74,0.21,1307|3682|3684|3689|5747|5764|5786|6850|7409|8613|9270|55612|81624,COL16A1|ITGAE|ITGAM|ITGB2|PTK2|PTN|PTPRA|SYK|VAV1|PLPP3|ITGB1BP1|FERMT1|DIAPH3,-1.3
MyList,GO Biological Processes,19,GO:0061952,midbody abscission,19_GO:0009987 cellular process,-2.5,4.8,4,30293,18,1751,5,0.29,0.13,27243|29082|51510|128866|129531,CHMP2A|CHMP4A|CHMP5|CHMP4B|MITD1,-1.3
MyList,GO Biological Processes,19,GO:0046040,IMP metabolic process,19_GO:0008152 metabolic process,-2.5,4.8,4,30293,18,1751,5,0.29,0.13,158|159|271|4860|5471,ADSL|ADSS2|AMPD2|PNP|PPAT,-1.3
MyList,GO Biological Processes,19,GO:0006595,polyamine metabolic process,19_GO:0008152 metabolic process,-2.5,4.8,4,30293,18,1751,5,0.29,0.13,4946|4947|6303|6723|51582,OAZ1|OAZ2|SAT1|SRM|AZIN1,-1.3
MyList,GO Biological Processes,19,GO:0001522,pseudouridine synthesis,19_GO:0008152 metabolic process,-2.5,4.8,4,30293,18,1751,5,0.29,0.13,54433|55651|83448|126789|142940,GAR1|NHP2|PUS7L|PUSL1|TRUB1,-1.3
MyList,GO Biological Processes,19,GO:0033143,regulation of intracellular steroid hormone receptor signaling pathway,19_GO:0050896 response to stimulus,-2.5,2.6,3.4,30293,73,1751,11,0.63,0.19,142|190|3275|4848|5245|6422|23558|55128|55885|65992|161582,PARP1|NR0B1|PRMT2|CNOT2|PHB1|SFRP1|WBP2|TRIM68|LMO3|DDRGK1|DNAAF4,-1.3
MyList,GO Biological Processes,19,GO:1901799,negative regulation of proteasomal protein catabolic process,19_GO:0048519 negative regulation of biological process,-2.5,2.9,3.5,30293,53,1751,9,0.51,0.17,6135|6880|7874|8667|9491|11345|23429|51105|65992,RPL11|TAF9|USP7|EIF3H|PSMF1|GABARAPL2|RYBP|PHF20L1|DDRGK1,-1.3
MyList,GO Biological Processes,19,GO:0050850,positive regulation of calcium-mediated signaling,19_GO:0048518 positive regulation of biological process,-2.5,2.9,3.5,30293,53,1751,9,0.51,0.17,1012|3094|5026|5156|5532|6850|10519|63928|121665,CDH13|HINT1|P2RX5|PDGFRA|PPP3CB|SYK|CIB1|CHP2|SPPL3,-1.3
MyList,GO Biological Processes,19,GO:0015740,C4-dicarboxylate transport,19_GO:0051179 localization,-2.5,4,3.8,30293,26,1751,6,0.34,0.14,2670|4923|6505|6511|79751|83733,GFAP|NTSR1|SLC1A1|SLC1A6|SLC25A22|SLC25A18,-1.3
MyList,GO Biological Processes,19,GO:0010460,positive regulation of heart rate,19_GO:0048518 positive regulation of biological process,-2.5,4,3.8,30293,26,1751,6,0.34,0.14,147|3784|4878|5999|6505|55800,ADRA1B|KCNQ1|NPPA|RGS4|SLC1A1|SCN3B,-1.3
MyList,GO Biological Processes,19,GO:0061572,actin filament bundle organization,19_GO:0009987 cellular process,-2.5,2.7,3.4,30293,63,1751,10,0.57,0.18,199|800|1809|3936|4082|5358|11170|80115|81624|359845,AIF1|CALD1|DPYSL3|LCP1|MARCKS|PLS3|FAM107A|BAIAP2L2|DIAPH3|RFLNB,-1.3
MyList,GO Biological Processes,19,GO:0002090,regulation of receptor internalization,19_GO:0051179 localization,-2.5,2.7,3.4,30293,63,1751,10,0.57,0.18,375|967|1948|3208|6850|8862|9863|54550|84058|84062,ARF1|CD63|EFNB2|HPCA|SYK|APLN|MAGI2|NECAB2|WDR54|DTNBP1,-1.3
MyList,GO Biological Processes,19,GO:1901224,positive regulation of non-canonical NF-kappaB signal transduction,19_GO:0048518 positive regulation of biological process,-2.5,2.7,3.4,30293,63,1751,10,0.57,0.18,5245|6188|7097|7205|7805|9111|54542|54976|56892|84868,PHB1|RPS3|TLR2|TRIP6|LAPTM5|NMI|RC3H2|ADISSP|TCIM|HAVCR2,-1.3
MyList,GO Biological Processes,19,GO:0021885,forebrain cell migration,19_GO:0032502 developmental process,-2.5,2.7,3.4,30293,63,1751,10,0.57,0.18,2018|2290|5048|7101|9289|22911|26468|57178|84750|114327,EMX2|FOXG1|PAFAH1B1|NR2E1|ADGRG1|WDR47|LHX6|ZMIZ1|FUT10|EFHC1,-1.3
MyList,GO Biological Processes,19,GO:0032663,regulation of interleukin-2 production,19_GO:0032501 multicellular organismal process,-2.5,2.7,3.4,30293,63,1751,10,0.57,0.18,301|4860|5621|5987|6188|6441|7805|11326|30968|84868,ANXA1|PNP|PRNP|TRIM27|RPS3|SFTPD|LAPTM5|VSIG4|STOML2|HAVCR2,-1.3
MyList,GO Biological Processes,19,GO:1902117,positive regulation of organelle assembly,19_GO:0048518 positive regulation of biological process,-2.5,2.5,3.3,30293,84,1751,12,0.69,0.2,3936|4076|4848|8655|8678|22930|51100|51364|51375|57472|202018|255967,LCP1|CAPRIN1|CNOT2|DYNLL1|BECN1|RAB3GAP1|SH3GLB1|ZMYND10|SNX7|CNOT6|TAPT1|PAN3,-1.3
MyList,GO Biological Processes,19,GO:0035270,endocrine system development,19_GO:0032502 developmental process,-2.5,2.1,3.2,30293,129,1751,16,0.91,0.23,190|1385|2735|3642|4087|4088|5080|5156|5170|5604|5991|6299|6658|7038|7067|27122,NR0B1|CREB1|GLI1|INSM1|SMAD2|SMAD3|PAX6|PDGFRA|PDPK1|MAP2K1|RFX3|SALL1|SOX3|TG|THRA|DKK3,-1.3
MyList,GO Biological Processes,19,GO:0045739,positive regulation of DNA repair,19_GO:0048518 positive regulation of biological process,-2.5,2.1,3.2,30293,129,1751,16,0.91,0.23,142|2139|2521|3146|6188|6598|7155|8193|9577|10459|10933|29086|29117|57599|79184|125476,PARP1|EYA2|FUS|HMGB1|RPS3|SMARCB1|TOP2B|DPF1|BABAM2|MAD2L2|MORF4L1|BABAM1|BRD7|WDR48|BRCC3|INO80C,-1.3
MyList,GO Biological Processes,19,GO:0016482,cytosolic transport,19_GO:0051179 localization,-2.5,2.1,3.2,30293,129,1751,16,0.91,0.23,5987|7805|8724|8938|9043|9905|10490|10772|26115|27147|51560|51699|57533|58533|64145|112936,TRIM27|LAPTM5|SNX3|BAIAP3|SPAG9|SGSM2|VTI1B|SRSF10|TANC2|DENND2A|RAB6B|VPS29|TBC1D14|SNX6|RBSN|VPS26B,-1.3
MyList,GO Biological Processes,19,GO:1902850,microtubule cytoskeleton organization involved in mitosis,19_GO:0009987 cellular process,-2.5,2.1,3.2,30293,129,1751,16,0.91,0.23,2009|2801|3796|3925|5048|5080|6867|6993|8766|9371|10671|23291|26086|55968|114327|137886,EML1|GOLGA2|KIF2A|STMN1|PAFAH1B1|PAX6|TACC1|DYNLT1|RAB11A|KIF3B|DCTN6|FBXW11|GPSM1|NSFL1C|EFHC1|UBXN2B,-1.3
MyList,GO Biological Processes,19,GO:1901874,negative regulation of post-translational protein modification,19_GO:0048519 negative regulation of biological process,-2.5,2.4,3.3,30293,95,1751,13,0.74,0.21,3301|5478|6125|6135|6188|7320|9532|10459|23560|27018|55859|59343|84707,DNAJA1|PPIA|RPL5|RPL11|RPS3|UBE2B|BAG2|MAD2L2|GTPBP4|BEX3|BEX1|SENP2|BEX2,-1.3
MyList,GO Biological Processes,19,GO:0010634,positive regulation of epithelial cell migration,19_GO:0040011 locomotion,-2.5,2,3.2,30293,177,1751,20,1.1,0.25,301|498|2821|3146|5170|5641|5747|5879|6239|7010|7114|8613|8766|9270|9734|10016|10519|54566|116150|147372,ANXA1|ATP5F1A|GPI|HMGB1|PDPK1|LGMN|PTK2|RAC1|RREB1|TEK|TMSB4X|PLPP3|RAB11A|ITGB1BP1|HDAC9|PDCD6|CIB1|EPB41L4B|NUS1|CCBE1,-1.3
MyList,GO Biological Processes,19,GO:0017015,regulation of transforming growth factor beta receptor signaling pathway,19_GO:0050896 response to stimulus,-2.5,2,3.2,30293,177,1751,20,1.1,0.25,2280|2734|4087|4088|5170|5931|7043|8819|23089|25805|27122|54976|55612|58495|58533|63976|65997|79595|84312|114990,FKBP1A|GLG1|SMAD2|SMAD3|PDPK1|RBBP7|TGFB3|SAP30|PEG10|BAMBI|DKK3|ADISSP|FERMT1|OVOL2|SNX6|PRDM16|RASL11B|SAP130|BRMS1L|VASN,-1.3
MyList,GO Biological Processes,19,GO:0071214,cellular response to abiotic stimulus,19_GO:0050896 response to stimulus,-2.5,1.7,3,30293,318,1751,31,1.8,0.32,142|159|231|358|572|598|677|1605|1642|1965|2547|3208|3265|5064|5138|5580|6154|6422|6609|7507|8111|8451|8787|9577|10715|23418|54112|63979|79184|90865|404672,PARP1|ADSS2|AKR1B1|AQP1|BAD|BCL2L1|ZFP36L1|DAG1|DDB1|EIF2S1|XRCC6|HPCA|HRAS|PALM|PDE2A|PRKCD|RPL26|SFRP1|SMPD1|XPA|GPR68|CUL4A|RGS9|BABAM2|CERS1|CRB1|GPR88|FIGNL1|BRCC3|IL33|GTF2H5,-1.3
MyList,GO Biological Processes,19,GO:0104004,cellular response to environmental stimulus,19_GO:0050896 response to stimulus,-2.5,1.7,3,30293,318,1751,31,1.8,0.32,142|159|231|358|572|598|677|1605|1642|1965|2547|3208|3265|5064|5138|5580|6154|6422|6609|7507|8111|8451|8787|9577|10715|23418|54112|63979|79184|90865|404672,PARP1|ADSS2|AKR1B1|AQP1|BAD|BCL2L1|ZFP36L1|DAG1|DDB1|EIF2S1|XRCC6|HPCA|HRAS|PALM|PDE2A|PRKCD|RPL26|SFRP1|SMPD1|XPA|GPR68|CUL4A|RGS9|BABAM2|CERS1|CRB1|GPR88|FIGNL1|BRCC3|IL33|GTF2H5,-1.3
MyList,GO Biological Processes,19,GO:0099003,vesicle-mediated transport in synapse,19_GO:0051179 localization,-2.5,2,3.2,30293,153,1751,18,1,0.24,528|529|537|821|1176|1855|5906|6457|6622|8448|9114|10947|23557|27445|29993|57465|116841|127262,ATP6V1C1|ATP6V1E1|ATP6AP1|CANX|AP3S1|DVL1|RAP1A|SH3GL3|SNCA|DOC2A|ATP6V0D1|AP3M2|SNAPIN|PCLO|PACSIN1|TBC1D24|SNAP47|TPRG1L,-1.3
MyList,GO Biological Processes,19,GO:0097237,cellular response to toxic substance,19_GO:0050896 response to stimulus,-2.5,2.2,3.2,30293,118,1751,15,0.86,0.22,2947|3042|3047|4257|5052|6415|7295|9446|9536|10549|10715|51714|55829|55937|119391,GSTM3|HBM|HBG1|MGST1|PRDX1|SELENOW|TXN|GSTO1|PTGES|PRDX4|CERS1|SELENOT|SELENOS|APOM|GSTO2,-1.3
MyList,GO Biological Processes,19,GO:0007215,glutamate receptor signaling pathway,19_GO:0050896 response to stimulus,-2.5,3.1,3.5,30293,44,1751,8,0.46,0.16,2776|2895|2899|2900|2913|6505|6751|116443,GNAQ|GRID2|GRIK3|GRIK4|GRM3|SLC1A1|SSTR1|GRIN3A,-1.3
MyList,GO Biological Processes,19,GO:0045761,regulation of adenylate cyclase activity,19_GO:0065007 biological regulation,-2.5,3.1,3.5,30293,44,1751,8,0.46,0.16,136|1910|2771|2913|5064|6786|55366|84059,ADORA2B|EDNRB|GNAI2|GRM3|PALM|STIM1|LGR4|ADGRV1,-1.3
MyList,GO Biological Processes,19,GO:0010001,glial cell differentiation,19_GO:0032502 developmental process,-2.5,1.9,3.1,30293,215,1751,23,1.3,0.27,712|1191|1272|1605|1746|2670|2824|3265|3845|4067|5080|5604|5803|6009|7097|7101|7846|8613|8890|10810|23418|28999|55553,C1QA|CLU|CNTN1|DAG1|DLX2|GFAP|GPM6B|HRAS|KRAS|LYN|PAX6|MAP2K1|PTPRZ1|RHEB|TLR2|NR2E1|TUBA1A|PLPP3|EIF2B4|WASF3|CRB1|KLF15|SOX6,-1.3
MyList,GO Biological Processes,19,GO:0033239,negative regulation of amine metabolic process,19_GO:0048519 negative regulation of biological process,-2.5,8.7,4.6,30293,6,1751,3,0.17,0.099,493|3684|3689,ATP2B4|ITGAM|ITGB2,-1.3
MyList,GO Biological Processes,19,GO:0010606,positive regulation of cytoplasmic mRNA processing body assembly,19_GO:0048518 positive regulation of biological process,-2.5,8.7,4.6,30293,6,1751,3,0.17,0.099,4848|57472|255967,CNOT2|CNOT6|PAN3,-1.3
MyList,GO Biological Processes,19,GO:0015961,diadenosine polyphosphate catabolic process,19_GO:0008152 metabolic process,-2.5,8.7,4.6,30293,6,1751,3,0.17,0.099,11163|55190|170685,NUDT4|NUDT11|NUDT10,-1.3
MyList,GO Biological Processes,19,GO:0072383,plus-end-directed vesicle transport along microtubule,19_GO:0051179 localization,-2.5,8.7,4.6,30293,6,1751,3,0.17,0.099,9371|22920|79443,KIF3B|KIFAP3|FYCO1,-1.3
MyList,GO Biological Processes,19,GO:0006552,leucine catabolic process,19_GO:0008152 metabolic process,-2.5,8.7,4.6,30293,6,1751,3,0.17,0.099,3155|3712|56922,HMGCL|IVD|MCCC1,-1.3
MyList,GO Biological Processes,19,GO:1902525,regulation of protein monoubiquitination,19_GO:0008152 metabolic process,-2.5,8.7,4.6,30293,6,1751,3,0.17,0.099,7314|10016|57599,UBB|PDCD6|WDR48,-1.3
MyList,GO Biological Processes,19,GO:0042940,D-amino acid transport,19_GO:0051179 localization,-2.5,8.7,4.6,30293,6,1751,3,0.17,0.099,2670|4923|6505,GFAP|NTSR1|SLC1A1,-1.3
MyList,GO Biological Processes,19,GO:0006572,tyrosine catabolic process,19_GO:0008152 metabolic process,-2.5,8.7,4.6,30293,6,1751,3,0.17,0.099,2184|3081|259307,FAH|HGD|IL4I1,-1.3
MyList,GO Biological Processes,19,GO:0140650,radial glia-guided pyramidal neuron migration,19_GO:0032502 developmental process,-2.5,8.7,4.6,30293,6,1751,3,0.17,0.099,2290|5048|57178,FOXG1|PAFAH1B1|ZMIZ1,-1.3
MyList,GO Biological Processes,19,GO:0046121,deoxyribonucleoside catabolic process,19_GO:0008152 metabolic process,-2.5,8.7,4.6,30293,6,1751,3,0.17,0.099,1806|4860|9615,DPYD|PNP|GDA,-1.3
MyList,GO Biological Processes,19,GO:0035196,miRNA processing,19_GO:0048519 negative regulation of biological process,-2.5,3.5,3.6,30293,35,1751,7,0.4,0.15,103|3181|4086|4087|4088|8575|9698,ADAR|HNRNPA2B1|SMAD1|SMAD2|SMAD3|PRKRA|PUM1,-1.3
MyList,GO Biological Processes,19,GO:0042401,biogenic amine biosynthetic process,19_GO:0008152 metabolic process,-2.5,3.5,3.6,30293,35,1751,7,0.4,0.15,3642|4946|4947|6303|6622|6723|51582,INSM1|OAZ1|OAZ2|SAT1|SNCA|SRM|AZIN1,-1.3
MyList,GO Biological Processes,19,GO:0021772,olfactory bulb development,19_GO:0032502 developmental process,-2.5,3.5,3.6,30293,35,1751,7,0.4,0.15,1746|5080|6299|7101|9355|10371|23287,DLX2|PAX6|SALL1|NR2E1|LHX2|SEMA3A|AGTPBP1,-1.3
MyList,GO Biological Processes,19,GO:0000132,establishment of mitotic spindle orientation,19_GO:0051179 localization,-2.5,3.5,3.6,30293,35,1751,7,0.4,0.15,5048|5080|6993|23291|26086|55968|137886,PAFAH1B1|PAX6|DYNLT1|FBXW11|GPSM1|NSFL1C|UBXN2B,-1.3
MyList,GO Biological Processes,19,GO:1902253,regulation of intrinsic apoptotic signaling pathway by p53 class mediator,19_GO:0050896 response to stimulus,-2.5,3.5,3.6,30293,35,1751,7,0.4,0.15,972|6135|6154|6880|7314|80237|83787,CD74|RPL11|RPL26|TAF9|UBB|ELL3|ARMC10,-1.3
MyList,GO Biological Processes,19,GO:0045577,regulation of B cell differentiation,19_GO:0002376 immune system process,-2.5,3.5,3.6,30293,35,1751,7,0.4,0.15,572|677|6422|6850|55012|55795|259307,BAD|ZFP36L1|SFRP1|SYK|PPP2R3C|PCID2|IL4I1,-1.3
MyList,GO Biological Processes,19,GO:1903034,regulation of response to wounding,19_GO:0050896 response to stimulus,-2.5,1.9,3.1,30293,178,1751,20,1.1,0.25,71|240|301|1398|2281|3265|4088|5156|5580|5604|5747|5764|5792|6239|8634|10019|22875|55612|84830|90865,ACTG1|ALOX5|ANXA1|CRK|FKBP1B|HRAS|SMAD3|PDGFRA|PRKCD|MAP2K1|PTK2|PTN|PTPRF|RREB1|RTCA|SH2B3|ENPP4|FERMT1|ADTRP|IL33,-1.3
MyList,GO Biological Processes,19,GO:1903322,positive regulation of protein modification by small protein conjugation or removal,19_GO:0048518 positive regulation of biological process,-2.5,2.1,3.2,30293,130,1751,16,0.91,0.23,330|6187|6500|7314|7337|7805|7965|8945|9111|10016|11170|25898|27338|54602|59343|378884,BIRC3|RPS2|SKP1|UBB|UBE3A|LAPTM5|AIMP2|BTRC|NMI|PDCD6|FAM107A|RCHY1|UBE2S|NDFIP2|SENP2|NHLRC1,-1.3
MyList,GO Biological Processes,19,GO:0055080,monoatomic cation homeostasis,19_GO:0042592 homeostatic process,-2.5,1.5,3,30293,497,1751,44,2.5,0.37,375|493|527|537|1230|1268|1353|1534|1910|2235|2281|2495|2512|3741|3784|5172|5621|6505|6786|7037|7337|8805|9104|9114|9256|9914|10590|23557|26234|26504|30968|51076|53940|54583|55013|57282|63933|94107|114781|147007|151176|155066|252839|286133,ARF1|ATP2B4|ATP6V0C|ATP6AP1|CCR1|CNR1|COX11|CYB561|EDNRB|FECH|FKBP1B|FTH1|FTL|KCNA5|KCNQ1|SLC26A4|PRNP|SLC1A1|STIM1|TFRC|UBE3A|TRIM24|RGN|ATP6V0D1|TSPOAP1|ATP2C2|SCGN|SNAPIN|FBXL5|CNNM4|STOML2|CUTC|FTHL17|EGLN1|MCUB|SLC4A10|MCUR1|TMEM203|BTBD9|TMEM199|ERFE|ATP6V0E2|TMEM9|SCARA5,-1.3
MyList,GO Biological Processes,19,GO:0034250,positive regulation of amide metabolic process,19_GO:0048518 positive regulation of biological process,-2.5,2,3.1,30293,166,1751,19,1.1,0.25,1191|3646|5436|5580|5936|6125|6154|6191|8664|8872|10657|23034|23410|27230|28958|51441|55364|65109|127933,CLU|EIF3E|POLR2G|PRKCD|RBM4|RPL5|RPL26|RPS4X|EIF3D|CDC123|KHDRBS1|SAMD4A|SIRT3|SERP1|COA3|YTHDF2|IMPACT|UPF3B|UHMK1,-1.3
MyList,GO Biological Processes,19,GO:0044403,biological process involved in symbiotic interaction,19_GO:0044419 biological process involved in interspecies interaction between organisms,-2.5,1.7,3,30293,267,1751,27,1.5,0.29,1524|1525|1605|1642|1915|1948|1949|5245|5297|5478|5702|6404|6598|6609|6993|7037|7251|8673|8678|8764|8819|25945|27243|29082|51510|128866|339390,CX3CR1|CXADR|DAG1|DDB1|EEF1A1|EFNB2|EFNB3|PHB1|PI4KA|PPIA|PSMC3|SELPLG|SMARCB1|SMPD1|DYNLT1|TFRC|TSG101|VAMP8|BECN1|TNFRSF14|SAP30|NECTIN3|CHMP2A|CHMP4A|CHMP5|CHMP4B|CLEC4G,-1.3
MyList,GO Biological Processes,19,GO:0070050,neuron cellular homeostasis,19_GO:0042592 homeostatic process,-2.5,2.7,3.4,30293,64,1751,10,0.57,0.18,528|529|537|1268|3300|9114|9256|10590|23557|55277,ATP6V1C1|ATP6V1E1|ATP6AP1|CNR1|DNAJB2|ATP6V0D1|TSPOAP1|SCGN|SNAPIN|FGGY,-1.3
MyList,GO Biological Processes,19,GO:0048814,regulation of dendrite morphogenesis,19_GO:0032502 developmental process,-2.5,2.7,3.4,30293,64,1751,10,0.57,0.18,577|1627|4076|5048|7101|7533|23043|23327|56896|57465,ADGRB3|DBN1|CAPRIN1|PAFAH1B1|NR2E1|YWHAH|TNIK|NEDD4L|DPYSL5|TBC1D24,-1.3
MyList,GO Biological Processes,19,GO:0043370,"regulation of CD4-positive, alpha-beta T cell differentiation",19_GO:0002376 immune system process,-2.5,2.9,3.4,30293,54,1751,9,0.51,0.17,301|430|865|3122|3146|3566|54542|57630|84695,ANXA1|ASCL2|CBFB|HLA-DRA|HMGB1|IL4R|RC3H2|SH3RF1|LOXL3,-1.3
MyList,GO Biological Processes,19,GO:0006998,nuclear envelope organization,19_GO:0009987 cellular process,-2.5,2.9,3.4,30293,54,1751,9,0.51,0.17,5048|23141|23399|27243|29082|51510|55968|128866|137886,PAFAH1B1|ANKLE2|CTDNEP1|CHMP2A|CHMP4A|CHMP5|NSFL1C|CHMP4B|UBXN2B,-1.3
MyList,GO Biological Processes,19,GO:0030217,T cell differentiation,19_GO:0002376 immune system process,-2.4,1.9,3.1,30293,179,1751,20,1.1,0.25,301|430|677|972|3146|3566|3821|3988|4602|5532|6146|6850|7248|7409|7480|8325|10758|54542|64218|339390,ANXA1|ASCL2|ZFP36L1|CD74|HMGB1|IL4R|KLRC1|LIPA|MYB|PPP3CB|RPL22|SYK|TSC1|VAV1|WNT10B|FZD8|TRAF3IP2|RC3H2|SEMA4A|CLEC4G,-1.2
MyList,GO Biological Processes,19,GO:0010595,positive regulation of endothelial cell migration,19_GO:0040011 locomotion,-2.4,2.1,3.2,30293,131,1751,16,0.91,0.23,301|498|2821|3146|5170|5641|5879|7010|7114|8613|9270|9734|10016|10519|116150|147372,ANXA1|ATP5F1A|GPI|HMGB1|PDPK1|LGMN|RAC1|TEK|TMSB4X|PLPP3|ITGB1BP1|HDAC9|PDCD6|CIB1|NUS1|CCBE1,-1.2
MyList,GO Biological Processes,19,GO:0045621,positive regulation of lymphocyte differentiation,19_GO:0002376 immune system process,-2.4,2.1,3.2,30293,131,1751,16,0.91,0.23,301|572|865|972|2547|3122|3566|4860|6598|6850|7480|29117|55012|55795|57178|259307,ANXA1|BAD|CBFB|CD74|XRCC6|HLA-DRA|IL4R|PNP|SMARCB1|SYK|WNT10B|BRD7|PPP2R3C|PCID2|ZMIZ1|IL4I1,-1.2
MyList,GO Biological Processes,19,GO:0045806,negative regulation of endocytosis,19_GO:0051179 localization,-2.4,2.5,3.3,30293,75,1751,11,0.63,0.19,3146|5879|6457|7097|8724|9711|29993|54550|64422|79772|84058,HMGB1|RAC1|SH3GL3|TLR2|SNX3|RUBCN|PACSIN1|NECAB2|ATG3|MCTP1|WDR54,-1.2
MyList,GO Biological Processes,19,GO:0002281,macrophage activation involved in immune response,19_GO:0002376 immune system process,-2.4,4.6,3.8,30293,19,1751,5,0.29,0.13,1524|6850|9111|84868|90865,CX3CR1|SYK|NMI|HAVCR2|IL33,-1.2
MyList,GO Biological Processes,19,GO:0009168,purine ribonucleoside monophosphate biosynthetic process,19_GO:0008152 metabolic process,-2.4,4.6,3.8,30293,19,1751,5,0.29,0.13,158|159|271|318|5471,ADSL|ADSS2|AMPD2|NUDT2|PPAT,-1.2
MyList,GO Biological Processes,19,GO:0030902,hindbrain development,19_GO:0032502 developmental process,-2.4,2,3.1,30293,155,1751,18,1,0.24,1272|1398|1496|2735|2895|4086|5080|5604|6751|7846|8455|8624|8704|23287|57107|57626|79971|340719,CNTN1|CRK|CTNNA2|GLI1|GRID2|SMAD1|PAX6|MAP2K1|SSTR1|TUBA1A|ATRN|PSMG1|B4GALT2|AGTPBP1|PDSS2|KLHL1|WLS|NANOS1,-1.2
MyList,GO Biological Processes,19,GO:0021670,lateral ventricle development,19_GO:0032502 developmental process,-2.4,5.8,4.1,30293,12,1751,4,0.23,0.11,358|1767|25911|25987,AQP1|DNAH5|DPCD|TSKU,-1.2
MyList,GO Biological Processes,19,GO:1904779,regulation of protein localization to centrosome,19_GO:0051179 localization,-2.4,5.8,4.1,30293,12,1751,4,0.23,0.11,8766|55722|55968|137886,RAB11A|CEP72|NSFL1C|UBXN2B,-1.2
MyList,GO Biological Processes,19,GO:0050847,progesterone receptor signaling pathway,19_GO:0050896 response to stimulus,-2.4,5.8,4.1,30293,12,1751,4,0.23,0.11,5245|7337|23558|55625,PHB1|UBE3A|WBP2|ZDHHC7,-1.2
MyList,GO Biological Processes,19,GO:0097576,vacuole fusion,19_GO:0009987 cellular process,-2.4,5.8,4.1,30293,12,1751,4,0.23,0.11,27243|29082|51510|128866,CHMP2A|CHMP4A|CHMP5|CHMP4B,-1.2
MyList,GO Biological Processes,19,GO:1904357,negative regulation of telomere maintenance via telomere lengthening,19_GO:0048519 negative regulation of biological process,-2.4,3.8,3.7,30293,27,1751,6,0.34,0.14,142|3178|3183|64282|80169|167227,PARP1|HNRNPA1|HNRNPC|TENT4B|CTC1|DCP2,-1.2
MyList,GO Biological Processes,19,GO:0022030,telencephalon glial cell migration,19_GO:0032502 developmental process,-2.4,3.8,3.7,30293,27,1751,6,0.34,0.14,2290|5048|7101|9289|22911|57178,FOXG1|PAFAH1B1|NR2E1|ADGRG1|WDR47|ZMIZ1,-1.2
MyList,GO Biological Processes,19,GO:0021801,cerebral cortex radial glia-guided migration,19_GO:0032502 developmental process,-2.4,3.8,3.7,30293,27,1751,6,0.34,0.14,2290|5048|7101|9289|22911|57178,FOXG1|PAFAH1B1|NR2E1|ADGRG1|WDR47|ZMIZ1,-1.2
MyList,GO Biological Processes,19,GO:0097581,lamellipodium organization,19_GO:0009987 cellular process,-2.4,3.1,3.5,30293,45,1751,8,0.46,0.16,1012|5879|7410|10006|10810|29085|55604|79902,CDH13|RAC1|VAV2|ABI1|WASF3|PHPT1|CARMIL1|NUP85,-1.2
MyList,GO Biological Processes,19,GO:1903844,regulation of cellular response to transforming growth factor beta stimulus,19_GO:0050896 response to stimulus,-2.4,1.9,3.1,30293,180,1751,20,1.1,0.25,2280|2734|4087|4088|5170|5931|7043|8819|23089|25805|27122|54976|55612|58495|58533|63976|65997|79595|84312|114990,FKBP1A|GLG1|SMAD2|SMAD3|PDPK1|RBBP7|TGFB3|SAP30|PEG10|BAMBI|DKK3|ADISSP|FERMT1|OVOL2|SNX6|PRDM16|RASL11B|SAP130|BRMS1L|VASN,-1.2
MyList,GO Biological Processes,19,GO:0042445,hormone metabolic process,19_GO:0008152 metabolic process,-2.4,1.9,3,30293,205,1751,22,1.3,0.27,231|1363|1428|1592|1734|1735|1910|5034|5125|5156|5950|6567|7038|7941|8630|8644|10170|10858|10901|51478|84649|259307,AKR1B1|CPE|CRYM|CYP26A1|DIO2|DIO3|EDNRB|P4HB|PCSK5|PDGFRA|RBP4|SLC16A2|TG|PLA2G7|HSD17B6|AKR1C3|DHRS9|CYP46A1|DHRS4|HSD17B7|DGAT2|IL4I1,-1.2
MyList,GO Biological Processes,19,GO:0045087,innate immune response,19_GO:0044419 biological process involved in interspecies interaction between organisms,-2.4,1.4,2.9,30293,773,1751,63,3.6,0.45,71|103|142|199|301|712|713|715|716|718|727|801|923|965|972|1191|1524|1675|2058|2214|2547|3146|3684|3821|3822|4067|5052|5245|5987|6441|6609|6622|6810|6850|7097|8635|8764|8942|9023|9111|9188|9246|10219|10270|10346|10417|10623|11151|11326|23515|27297|51441|51728|55128|55366|55577|55718|79626|84868|85236|112936|146433|260434,ACTG1|ADAR|PARP1|AIF1|ANXA1|C1QA|C1QB|C1R|C1S|C3|C5|CALM1|CD6|CD58|CD74|CLU|CX3CR1|CFD|EPRS1|FCGR3A|XRCC6|HMGB1|ITGAM|KLRC1|KLRC2|LYN|PRDX1|PHB1|TRIM27|SFTPD|SMPD1|SNCA|STX4|SYK|TLR2|RNASET2|TNFRSF14|KYNU|CH25H|NMI|DDX21|UBE2L6|KLRG1|AKAP8|TRIM22|SPON2|POLR3C|CORO1A|VSIG4|MORC3|CRCP|YTHDF2|POLR3K|TRIM68|LGR4|NAGK|POLR3E|TNFAIP8L2|HAVCR2|H2BC12|VPS26B|IL34|PYDC1,-1.2
MyList,GO Biological Processes,19,GO:0048514,blood vessel morphogenesis,19_GO:0032502 developmental process,-2.4,1.6,2.9,30293,431,1751,39,2.2,0.35,71|677|800|1012|1311|1464|1605|1948|2752|4856|4897|5156|5747|6303|6505|6789|6850|7010|7045|7101|7410|7477|8325|8862|9270|9289|10016|10519|56913|56999|57007|57178|58495|64218|84830|116150|128240|147372|284217,ACTG1|ZFP36L1|CALD1|CDH13|COMP|CSPG4|DAG1|EFNB2|GLUL|CCN3|NRCAM|PDGFRA|PTK2|SAT1|SLC1A1|STK4|SYK|TEK|TGFBI|NR2E1|VAV2|WNT7B|FZD8|APLN|ITGB1BP1|ADGRG1|PDCD6|CIB1|C1GALT1|ADAMTS9|ACKR3|ZMIZ1|OVOL2|SEMA4A|ADTRP|NUS1|NAXE|CCBE1|LAMA1,-1.2
MyList,GO Biological Processes,19,GO:0002275,myeloid cell activation involved in immune response,19_GO:0002376 immune system process,-2.4,2.7,3.3,30293,65,1751,10,0.57,0.18,136|613|1524|2922|4067|6850|8013|9111|84868|90865,ADORA2B|BCR|CX3CR1|GRP|LYN|SYK|NR4A3|NMI|HAVCR2|IL33,-1.2
MyList,GO Biological Processes,19,GO:0072666,establishment of protein localization to vacuole,19_GO:0051179 localization,-2.4,2.7,3.3,30293,65,1751,10,0.57,0.18,1191|3312|7251|7805|8678|10368|11267|55048|79158|155382,CLU|HSPA8|TSG101|LAPTM5|BECN1|CACNG3|SNF8|VPS37C|GNPTAB|VPS37D,-1.2
MyList,GO Biological Processes,19,GO:0035850,epithelial cell differentiation involved in kidney development,19_GO:0032502 developmental process,-2.4,3.4,3.5,30293,36,1751,7,0.4,0.15,1910|4868|6299|9788|9863|28999|100133941,EDNRB|NPHS1|SALL1|MTSS1|MAGI2|KLF15|CD24,-1.2
MyList,GO Biological Processes,19,GO:2000780,negative regulation of double-strand break repair,19_GO:0048519 negative regulation of biological process,-2.4,3.4,3.5,30293,36,1751,7,0.4,0.15,4968|10459|24144|55086|64110|84309|116028,OGG1|MAD2L2|TFIP11|RADX|MAGEF1|NUDT16L1|RMI2,-1.2
MyList,GO Biological Processes,19,GO:0007035,vacuolar acidification,19_GO:0042592 homeostatic process,-2.4,3.4,3.5,30293,36,1751,7,0.4,0.15,527|537|9114|23557|147007|155066|252839,ATP6V0C|ATP6AP1|ATP6V0D1|SNAPIN|TMEM199|ATP6V0E2|TMEM9,-1.2
MyList,GO Biological Processes,19,GO:0009309,amine biosynthetic process,19_GO:0008152 metabolic process,-2.4,3.4,3.5,30293,36,1751,7,0.4,0.15,3642|4946|4947|6303|6622|6723|51582,INSM1|OAZ1|OAZ2|SAT1|SNCA|SRM|AZIN1,-1.2
MyList,GO Biological Processes,19,GO:1990748,cellular detoxification,19_GO:0098754 detoxification,-2.4,2.2,3.2,30293,109,1751,14,0.8,0.21,2947|3042|3047|4257|5052|6415|7295|9446|9536|10549|51714|55829|55937|119391,GSTM3|HBM|HBG1|MGST1|PRDX1|SELENOW|TXN|GSTO1|PTGES|PRDX4|SELENOT|SELENOS|APOM|GSTO2,-1.2
MyList,GO Biological Processes,19,GO:0043410,positive regulation of MAPK cascade,19_GO:0048518 positive regulation of biological process,-2.4,1.5,2.9,30293,474,1751,42,2.4,0.37,147|972|1230|1398|1464|1687|1796|2771|3082|3146|3265|5156|5245|5478|5604|5906|6014|6188|6764|6850|7010|7043|7477|7805|8649|8792|9043|10371|10494|10519|22881|23043|28956|54550|56034|57007|57630|84868|90441|146433|285016|100133941,ADRA1B|CD74|CCR1|CRK|CSPG4|GSDME|DOK1|GNAI2|HGF|HMGB1|HRAS|PDGFRA|PHB1|PPIA|MAP2K1|RAP1A|RIT2|RPS3|DENND2B|SYK|TEK|TGFB3|WNT7B|LAPTM5|LAMTOR3|TNFRSF11A|SPAG9|SEMA3A|STK25|CIB1|ANKRD6|TNIK|LAMTOR2|NECAB2|PDGFC|ACKR3|SH3RF1|HAVCR2|ZNF622|IL34|ALKAL2|CD24,-1.2
MyList,GO Biological Processes,19,GO:0002819,regulation of adaptive immune response,19_GO:0002376 immune system process,-2.4,1.8,3,30293,206,1751,22,1.3,0.27,113|196|301|430|718|3122|3146|3566|3821|4292|5532|5987|7037|7468|8764|10459|54542|84695|84868|90865|259307|339390,ADCY7|AHR|ANXA1|ASCL2|C3|HLA-DRA|HMGB1|IL4R|KLRC1|MLH1|PPP3CB|TRIM27|TFRC|NSD2|TNFRSF14|MAD2L2|RC3H2|LOXL3|HAVCR2|IL33|IL4I1|CLEC4G,-1.2
MyList,GO Biological Processes,19,GO:0045580,regulation of T cell differentiation,19_GO:0002376 immune system process,-2.4,1.9,3,30293,181,1751,20,1.1,0.25,301|430|572|865|972|3111|3122|3146|3566|4860|6598|6850|7480|29117|54542|57178|57630|84695|259307|339390,ANXA1|ASCL2|BAD|CBFB|CD74|HLA-DOA|HLA-DRA|HMGB1|IL4R|PNP|SMARCB1|SYK|WNT10B|BRD7|RC3H2|ZMIZ1|SH3RF1|LOXL3|IL4I1|CLEC4G,-1.2
MyList,GO Biological Processes,19,GO:2001251,negative regulation of chromosome organization,19_GO:0048519 negative regulation of biological process,-2.4,2.5,3.3,30293,76,1751,11,0.63,0.19,142|1063|3178|3183|5885|10459|10923|11130|64282|80169|167227,PARP1|CENPF|HNRNPA1|HNRNPC|RAD21|MAD2L2|SUB1|ZWINT|TENT4B|CTC1|DCP2,-1.2
MyList,GO Biological Processes,19,GO:0070972,protein localization to endoplasmic reticulum,19_GO:0051179 localization,-2.4,2.5,3.3,30293,76,1751,11,0.63,0.19,6726|6728|11079|11345|22930|23480|29082|51608|65992|128866|133022,SRP9|SRP19|RER1|GABARAPL2|RAB3GAP1|SEC61G|CHMP4A|GET4|DDRGK1|CHMP4B|TRAM1L1,-1.2
MyList,GO Biological Processes,19,GO:0051651,maintenance of location in cell,19_GO:0051179 localization,-2.4,2.3,3.2,30293,98,1751,13,0.74,0.21,1627|2495|2512|5048|6014|6500|7114|7295|9168|9913|11079|23515|53940,DBN1|FTH1|FTL|PAFAH1B1|RIT2|SKP1|TMSB4X|TXN|TMSB10|SUPT7L|RER1|MORC3|FTHL17,-1.2
MyList,GO Biological Processes,19,GO:0021915,neural tube development,19_GO:0032502 developmental process,-2.4,2,3.1,30293,157,1751,18,1,0.24,317|677|1855|4082|4522|5080|6422|6789|7248|7976|8321|9355|10522|51339|55746|58495|84314|221074,APAF1|ZFP36L1|DVL1|MARCKS|MTHFD1|PAX6|SFRP1|STK4|TSC1|FZD3|FZD1|LHX2|DEAF1|DACT1|NUP133|OVOL2|TMEM107|SLC39A12,-1.2
MyList,GO Biological Processes,19,GO:1904950,negative regulation of establishment of protein localization,19_GO:0051179 localization,-2.4,2.1,3.1,30293,133,1751,16,0.91,0.23,2281|3033|3156|3301|4856|5211|5569|5715|6422|7295|8724|9270|54602|55612|79651|84830,FKBP1B|HADH|HMGCR|DNAJA1|CCN3|PFKL|PKIA|PSMD9|SFRP1|TXN|SNX3|ITGB1BP1|NDFIP2|FERMT1|RHBDF2|ADTRP,-1.2
MyList,GO Biological Processes,19,GO:1901653,cellular response to peptide,19_GO:0050896 response to stimulus,-2.4,1.7,2.9,30293,311,1751,30,1.7,0.31,88|142|677|1176|1393|1398|2058|2888|3265|4067|5080|5170|5580|5621|5641|5747|5786|5925|7532|8013|9340|9734|11031|23641|28999|51510|55625|55829|58533|80339,ACTN2|PARP1|ZFP36L1|AP3S1|CRHBP|CRK|EPRS1|GRB14|HRAS|LYN|PAX6|PDPK1|PRKCD|PRNP|LGMN|PTK2|PTPRA|RB1|YWHAG|NR4A3|GLP2R|HDAC9|RAB31|LDOC1|KLF15|CHMP5|ZDHHC7|SELENOS|SNX6|PNPLA3,-1.2
MyList,GO Biological Processes,19,GO:0032006,regulation of TOR signaling,19_GO:0050896 response to stimulus,-2.4,2,3.1,30293,145,1751,17,0.97,0.23,5563|6009|6396|6850|7248|7337|7532|7874|8444|8550|8649|10016|28956|57600|58528|90809|197131,PRKAA2|RHEB|SEC13|SYK|TSC1|UBE3A|YWHAG|USP7|DYRK3|MAPKAPK5|LAMTOR3|PDCD6|LAMTOR2|FNIP2|RRAGD|PIP4P1|UBR1,-1.2
MyList,GO Biological Processes,19,GO:0001525,angiogenesis,19_GO:0032502 developmental process,-2.4,1.6,2.9,30293,338,1751,32,1.8,0.32,71|800|1012|1464|1605|1948|2752|4856|4897|5156|5747|6303|6789|6850|7010|7045|7101|7410|8325|8862|9270|9289|10016|10519|56913|57007|58495|64218|84830|116150|128240|147372,ACTG1|CALD1|CDH13|CSPG4|DAG1|EFNB2|GLUL|CCN3|NRCAM|PDGFRA|PTK2|SAT1|STK4|SYK|TEK|TGFBI|NR2E1|VAV2|FZD8|APLN|ITGB1BP1|ADGRG1|PDCD6|CIB1|C1GALT1|ACKR3|OVOL2|SEMA4A|ADTRP|NUS1|NAXE|CCBE1,-1.2
MyList,GO Biological Processes,19,GO:0010632,regulation of epithelial cell migration,19_GO:0040011 locomotion,-2.4,1.7,2.9,30293,298,1751,29,1.7,0.3,301|493|498|2752|2821|3146|5170|5217|5641|5747|5764|5801|5879|6239|7010|7101|7114|8613|8766|9270|9734|10016|10519|54566|56999|64218|90355|116150|147372,ANXA1|ATP2B4|ATP5F1A|GLUL|GPI|HMGB1|PDPK1|PFN2|LGMN|PTK2|PTN|PTPRR|RAC1|RREB1|TEK|NR2E1|TMSB4X|PLPP3|RAB11A|ITGB1BP1|HDAC9|PDCD6|CIB1|EPB41L4B|ADAMTS9|SEMA4A|MACIR|NUS1|CCBE1,-1.2
MyList,GO Biological Processes,19,GO:0002792,negative regulation of peptide secretion,19_GO:0051179 localization,-2.3,3,3.4,30293,46,1751,8,0.46,0.16,972|1393|2281|3033|4856|5211|5715|6422,CD74|CRHBP|FKBP1B|HADH|CCN3|PFKL|PSMD9|SFRP1,-1.2
MyList,GO Biological Processes,19,GO:1900271,regulation of long-term synaptic potentiation,19_GO:0048518 positive regulation of biological process,-2.3,3,3.4,30293,46,1751,8,0.46,0.16,1524|5621|5641|5764|6780|10590|10858|11170,CX3CR1|PRNP|LGMN|PTN|STAU1|SCGN|CYP46A1|FAM107A,-1.2
MyList,GO Biological Processes,19,GO:0043113,receptor clustering,19_GO:0051179 localization,-2.3,3,3.4,30293,46,1751,8,0.46,0.16,1740|1855|3689|5764|9270|9863|11079|91851,DLG2|DVL1|ITGB2|PTN|ITGB1BP1|MAGI2|RER1|CHRDL1,-1.2
MyList,GO Biological Processes,19,GO:0032892,positive regulation of organic acid transport,19_GO:0051179 localization,-2.3,3,3.4,30293,46,1751,8,0.46,0.16,2550|4923|7200|8792|9536|22930|84062|151176,GABBR1|NTSR1|TRH|TNFRSF11A|PTGES|RAB3GAP1|DTNBP1|ERFE,-1.2
MyList,GO Biological Processes,19,GO:0008347,glial cell migration,19_GO:0032502 developmental process,-2.3,3,3.4,30293,46,1751,8,0.46,0.16,1464|2290|5048|7101|9289|22800|22911|57178,CSPG4|FOXG1|PAFAH1B1|NR2E1|ADGRG1|RRAS2|WDR47|ZMIZ1,-1.2
MyList,GO Biological Processes,19,GO:0045687,positive regulation of glial cell differentiation,19_GO:0032502 developmental process,-2.3,3,3.4,30293,46,1751,8,0.46,0.16,1605|5764|5803|6009|7097|10419|90865|146433,DAG1|PTN|PTPRZ1|RHEB|TLR2|PRMT5|IL33|IL34,-1.2
MyList,GO Biological Processes,19,GO:0050769,positive regulation of neurogenesis,19_GO:0032502 developmental process,-2.3,1.8,3,30293,246,1751,25,1.4,0.28,1524|1605|1627|2290|2670|3845|4067|4076|4602|4898|5048|5080|5604|5764|5803|6009|7097|7101|7976|10419|10494|57465|80237|90865|146433,CX3CR1|DAG1|DBN1|FOXG1|GFAP|KRAS|LYN|CAPRIN1|MYB|NRDC|PAFAH1B1|PAX6|MAP2K1|PTN|PTPRZ1|RHEB|TLR2|NR2E1|FZD3|PRMT5|STK25|TBC1D24|ELL3|IL33|IL34,-1.2
MyList,GO Biological Processes,19,GO:1990778,protein localization to cell periphery,19_GO:0051179 localization,-2.3,1.8,3,30293,246,1751,25,1.4,0.28,88|403|537|5064|5906|6505|8766|9270|9914|10368|11031|23043|25945|26003|29993|55146|55625|55800|57628|79651|91663|196383|254887|340348|389941,ACTN2|ARL3|ATP6AP1|PALM|RAP1A|SLC1A1|RAB11A|ITGB1BP1|ATP2C2|CACNG3|RAB31|TNIK|NECTIN3|GORASP2|PACSIN1|ZDHHC4|ZDHHC7|SCN3B|DPP10|RHBDF2|MYADM|RILPL2|ZDHHC23|TSPAN33|C1QL3,-1.2
MyList,GO Biological Processes,19,GO:0030316,osteoclast differentiation,19_GO:0032502 developmental process,-2.3,2.8,3.3,30293,56,1751,9,0.51,0.17,537|1385|2739|5048|6422|7037|8111|8792|10766,ATP6AP1|CREB1|GLO1|PAFAH1B1|SFRP1|TFRC|GPR68|TNFRSF11A|TOB2,-1.2
MyList,GO Biological Processes,19,GO:0050773,regulation of dendrite development,19_GO:0032502 developmental process,-2.3,2.3,3.1,30293,99,1751,13,0.74,0.21,577|1398|1627|4076|5048|5764|7101|7533|23043|23327|29993|56896|57465,ADGRB3|CRK|DBN1|CAPRIN1|PAFAH1B1|PTN|NR2E1|YWHAH|TNIK|NEDD4L|PACSIN1|DPYSL5|TBC1D24,-1.2
MyList,GO Biological Processes,19,GO:0051588,regulation of neurotransmitter transport,19_GO:0051179 localization,-2.3,2.3,3.1,30293,99,1751,13,0.74,0.21,1855|2670|2824|5217|5906|6622|8938|22930|23557|27345|79772|84062|134957,DVL1|GFAP|GPM6B|PFN2|RAP1A|SNCA|BAIAP3|RAB3GAP1|SNAPIN|KCNMB4|MCTP1|DTNBP1|STXBP5,-1.2
MyList,GO Biological Processes,19,GO:0009615,response to virus,19_GO:0044419 biological process involved in interspecies interaction between organisms,-2.3,1.6,2.9,30293,380,1751,35,2,0.33,103|375|598|1129|1191|1687|2023|3925|4088|5245|5683|5987|6210|6609|7097|8575|8673|8678|9111|9188|10346|10417|10521|10623|11040|22948|23515|27297|29883|51728|55509|55718|57705|90865|220001,ADAR|ARF1|BCL2L1|CHRM2|CLU|GSDME|ENO1|STMN1|SMAD3|PHB1|PSMA2|TRIM27|RPS15A|SMPD1|TLR2|PRKRA|VAMP8|BECN1|NMI|DDX21|TRIM22|SPON2|DDX17|POLR3C|PIM2|CCT5|MORC3|CRCP|CNOT7|POLR3K|BATF3|POLR3E|WDFY4|IL33|VWCE,-1.2
MyList,GO Biological Processes,19,GO:0032703,negative regulation of interleukin-2 production,19_GO:0048519 negative regulation of biological process,-2.3,3.7,3.5,30293,28,1751,6,0.34,0.14,5621|5987|6441|7805|11326|84868,PRNP|TRIM27|SFTPD|LAPTM5|VSIG4|HAVCR2,-1.2
MyList,GO Biological Processes,19,GO:0043304,regulation of mast cell degranulation,19_GO:0002376 immune system process,-2.3,3.7,3.5,30293,28,1751,6,0.34,0.14,136|3566|4067|5170|6850|8673,ADORA2B|IL4R|LYN|PDPK1|SYK|VAMP8,-1.2
MyList,GO Biological Processes,19,GO:0045745,positive regulation of G protein-coupled receptor signaling pathway,19_GO:0048518 positive regulation of biological process,-2.3,3.7,3.5,30293,28,1751,6,0.34,0.14,718|2850|2922|5245|10419|54550,C3|GPR27|GRP|PHB1|PRMT5|NECAB2,-1.2
MyList,GO Biological Processes,19,GO:0014009,glial cell proliferation,19_GO:0032502 developmental process,-2.3,3.7,3.5,30293,28,1751,6,0.34,0.14,1191|2670|3845|5925|90865|146433,CLU|GFAP|KRAS|RB1|IL33|IL34,-1.2
MyList,GO Biological Processes,19,GO:0000018,regulation of DNA recombination,19_GO:0008152 metabolic process,-2.3,2.1,3.1,30293,134,1751,16,0.91,0.23,142|2521|3838|4292|6118|7037|7320|7468|10459|10933|55086|57599|63979|64110|116028|158880,PARP1|FUS|KPNA2|MLH1|RPA2|TFRC|UBE2B|NSD2|MAD2L2|MORF4L1|RADX|WDR48|FIGNL1|MAGEF1|RMI2|USP51,-1.2
MyList,GO Biological Processes,19,GO:0034440,lipid oxidation,19_GO:0008152 metabolic process,-2.3,2.4,3.2,30293,88,1751,12,0.69,0.2,38|240|1891|1892|2109|3033|3712|5191|7941|10449|10455|11001,ACAT1|ALOX5|ECH1|ECHS1|ETFB|HADH|IVD|PEX7|PLA2G7|ACAA2|ECI2|SLC27A2,-1.2
MyList,GO Biological Processes,19,GO:0045185,maintenance of protein location,19_GO:0051179 localization,-2.3,2.4,3.2,30293,88,1751,12,0.69,0.2,1627|4794|6014|6500|7114|7295|7529|9168|9913|11079|23515|51608,DBN1|NFKBIE|RIT2|SKP1|TMSB4X|TXN|YWHAB|TMSB10|SUPT7L|RER1|MORC3|GET4,-1.2
MyList,GO Biological Processes,19,GO:0006576,biogenic amine metabolic process,19_GO:0008152 metabolic process,-2.3,2.4,3.2,30293,88,1751,12,0.69,0.2,3642|4946|4947|6303|6505|6622|6723|7200|8942|51573|51582|259307,INSM1|OAZ1|OAZ2|SAT1|SLC1A1|SNCA|SRM|TRH|KYNU|GDE1|AZIN1|IL4I1,-1.2
MyList,GO Biological Processes,19,GO:0032946,positive regulation of mononuclear cell proliferation,19_GO:0048518 positive regulation of biological process,-2.3,2,3,30293,146,1751,17,0.97,0.23,199|301|598|923|972|2214|3109|3146|4352|4860|6188|6480|6850|7037|11151|84868|100133941,AIF1|ANXA1|BCL2L1|CD6|CD74|FCGR3A|HLA-DMB|HMGB1|MPL|PNP|RPS3|ST6GAL1|SYK|TFRC|CORO1A|HAVCR2|CD24,-1.2
MyList,GO Biological Processes,19,GO:0021988,olfactory lobe development,19_GO:0032502 developmental process,-2.3,3.3,3.4,30293,37,1751,7,0.4,0.15,1746|5080|6299|7101|9355|10371|23287,DLX2|PAX6|SALL1|NR2E1|LHX2|SEMA3A|AGTPBP1,-1.2
MyList,GO Biological Processes,19,GO:0032928,regulation of superoxide anion generation,19_GO:0008152 metabolic process,-2.3,4.3,3.7,30293,20,1751,5,0.29,0.13,2771|3684|3689|5580|6850,GNAI2|ITGAM|ITGB2|PRKCD|SYK,-1.2
MyList,GO Biological Processes,19,GO:0061709,reticulophagy,19_GO:0008152 metabolic process,-2.3,4.3,3.7,30293,20,1751,5,0.29,0.13,9706|51375|51506|54463|65992,ULK2|SNX7|UFC1|RETREG1|DDRGK1,-1.2
MyList,GO Biological Processes,19,GO:0002501,peptide antigen assembly with MHC protein complex,19_GO:0002376 immune system process,-2.3,4.3,3.7,30293,20,1751,5,0.29,0.13,3109|3111|3119|3122|3127,HLA-DMB|HLA-DOA|HLA-DQB1|HLA-DRA|HLA-DRB5,-1.2
MyList,GO Biological Processes,19,GO:0071731,response to nitric oxide,19_GO:0050896 response to stimulus,-2.3,4.3,3.7,30293,20,1751,5,0.29,0.13,358|498|1398|7295|54583,AQP1|ATP5F1A|CRK|TXN|EGLN1,-1.2
MyList,GO Biological Processes,19,GO:0002396,MHC protein complex assembly,19_GO:0009987 cellular process,-2.3,4.3,3.7,30293,20,1751,5,0.29,0.13,3109|3111|3119|3122|3127,HLA-DMB|HLA-DOA|HLA-DQB1|HLA-DRA|HLA-DRB5,-1.2
MyList,GO Biological Processes,19,GO:0032211,negative regulation of telomere maintenance via telomerase,19_GO:0048519 negative regulation of biological process,-2.3,4.3,3.7,30293,20,1751,5,0.29,0.13,3178|3183|64282|80169|167227,HNRNPA1|HNRNPC|TENT4B|CTC1|DCP2,-1.2
MyList,GO Biological Processes,19,GO:0045655,regulation of monocyte differentiation,19_GO:0002376 immune system process,-2.3,4.3,3.7,30293,20,1751,5,0.29,0.13,677|972|8111|56998|146433,ZFP36L1|CD74|GPR68|CTNNBIP1|IL34,-1.2
MyList,GO Biological Processes,19,GO:1902774,late endosome to lysosome transport,19_GO:0051179 localization,-2.3,4.3,3.7,30293,20,1751,5,0.29,0.13,23557|27243|29082|51510|128866,SNAPIN|CHMP2A|CHMP4A|CHMP5|CHMP4B,-1.2
MyList,GO Biological Processes,19,GO:0016358,dendrite development,19_GO:0032502 developmental process,-2.3,2.2,3.1,30293,111,1751,14,0.8,0.21,1398|1496|1501|1855|5063|5764|10006|10371|23769|51399|57465|57626|84062|116443,CRK|CTNNA2|CTNND2|DVL1|PAK3|PTN|ABI1|SEMA3A|FLRT1|TRAPPC4|TBC1D24|KLHL1|DTNBP1|GRIN3A,-1.2
MyList,GO Biological Processes,19,GO:0001666,response to hypoxia,19_GO:0050896 response to stimulus,-2.3,1.7,2.9,30293,300,1751,29,1.7,0.3,158|317|358|430|572|677|1735|3741|4088|4352|4602|5034|5885|6422|7010|7037|7043|7097|8678|9520|9915|10449|25828|26608|54471|54583|114990|126374|100133941,ADSL|APAF1|AQP1|ASCL2|BAD|ZFP36L1|DIO3|KCNA5|SMAD3|MPL|MYB|P4HB|RAD21|SFRP1|TEK|TFRC|TGFB3|TLR2|BECN1|NPEPPS|ARNT2|ACAA2|TXN2|TBL2|MIEF1|EGLN1|VASN|WTIP|CD24,-1.2
MyList,GO Biological Processes,19,GO:0006812,monoatomic cation transport,19_GO:0051179 localization,-2.3,1.4,2.8,30293,781,1751,63,3.6,0.45,358|392|493|498|527|528|529|537|1230|1327|1528|1910|2280|2281|2495|2512|2823|3741|3755|3762|3768|3775|3784|3785|4704|4878|5026|6505|6786|7037|7248|7386|7991|9114|9512|9914|10242|10368|10632|11151|23007|26504|27345|51076|53940|54602|54836|55013|55800|57282|57338|57348|63933|79751|83733|84502|116443|151651|155066|201266|221074|286133|343450,AQP1|ARHGAP1|ATP2B4|ATP5F1A|ATP6V0C|ATP6V1C1|ATP6V1E1|ATP6AP1|CCR1|COX4I1|CYB5A|EDNRB|FKBP1A|FKBP1B|FTH1|FTL|GPM6A|KCNA5|KCNG1|KCNJ5|KCNJ12|KCNK1|KCNQ1|KCNQ2|NDUFA9|NPPA|P2RX5|SLC1A1|STIM1|TFRC|TSC1|UQCRFS1|TUSC3|ATP6V0D1|PMPCB|ATP2C2|KCNMB2|CACNG3|ATP5MG|CORO1A|PLCH1|CNNM4|KCNMB4|CUTC|FTHL17|NDFIP2|BSPRY|MCUB|SCN3B|SLC4A10|JPH3|TTYH1|MCUR1|SLC25A22|SLC25A18|JPH4|GRIN3A|EFHB|ATP6V0E2|SLC39A11|SLC39A12|SCARA5|KCNT2,-1.1
MyList,GO Biological Processes,19,GO:0050801,monoatomic ion homeostasis,19_GO:0042592 homeostatic process,-2.3,1.5,2.8,30293,507,1751,44,2.5,0.37,375|493|527|537|1230|1268|1353|1534|1910|2235|2281|2495|2512|3741|3784|5172|5621|6505|6786|7037|7337|8805|9104|9114|9256|9914|10590|23557|26234|26504|30968|51076|53940|54583|55013|57282|63933|94107|114781|147007|151176|155066|252839|286133,ARF1|ATP2B4|ATP6V0C|ATP6AP1|CCR1|CNR1|COX11|CYB561|EDNRB|FECH|FKBP1B|FTH1|FTL|KCNA5|KCNQ1|SLC26A4|PRNP|SLC1A1|STIM1|TFRC|UBE3A|TRIM24|RGN|ATP6V0D1|TSPOAP1|ATP2C2|SCGN|SNAPIN|FBXL5|CNNM4|STOML2|CUTC|FTHL17|EGLN1|MCUB|SLC4A10|MCUR1|TMEM203|BTBD9|TMEM199|ERFE|ATP6V0E2|TMEM9|SCARA5,-1.1
MyList,GO Biological Processes,19,GO:0046394,carboxylic acid biosynthetic process,19_GO:0008152 metabolic process,-2.3,1.7,2.9,30293,274,1751,27,1.5,0.29,231|240|435|873|972|1491|1806|2681|2752|3948|3995|4522|4706|5092|5563|5565|5571|6850|8644|8942|9104|9200|9536|10170|10858|11001|58478,AKR1B1|ALOX5|ASL|CBR1|CD74|CTH|DPYD|GGTA1|GLUL|LDHC|FADS3|MTHFD1|NDUFAB1|PCBD1|PRKAA2|PRKAB2|PRKAG1|SYK|AKR1C3|KYNU|RGN|HACD1|PTGES|DHRS9|CYP46A1|SLC27A2|ENOPH1,-1.1
MyList,GO Biological Processes,19,GO:1903747,regulation of establishment of protein localization to mitochondrion,19_GO:0051179 localization,-2.3,2.9,3.3,30293,47,1751,8,0.46,0.16,3301|9520|10456|51100|54543|55486|59286|89781,DNAJA1|NPEPPS|HAX1|SH3GLB1|TOMM7|PARL|UBL5|HPS4,-1.1
MyList,GO Biological Processes,19,GO:0043666,regulation of phosphoprotein phosphatase activity,19_GO:0008152 metabolic process,-2.3,2.9,3.3,30293,47,1751,8,0.46,0.16,801|945|2280|2281|4659|7248|9863|57718,CALM1|CD33|FKBP1A|FKBP1B|PPP1R12A|TSC1|MAGI2|PPP4R4,-1.1
MyList,GO Biological Processes,19,GO:0061005,cell differentiation involved in kidney development,19_GO:0032502 developmental process,-2.3,2.9,3.3,30293,47,1751,8,0.46,0.16,1910|4868|6299|9788|9863|28999|55366|100133941,EDNRB|NPHS1|SALL1|MTSS1|MAGI2|KLF15|LGR4|CD24,-1.1
MyList,GO Biological Processes,19,GO:0060711,labyrinthine layer development,19_GO:0032502 developmental process,-2.3,2.9,3.3,30293,47,1751,8,0.46,0.16,677|5604|7477|10049|50814|54583|58495|79893,ZFP36L1|MAP2K1|WNT7B|DNAJB6|NSDHL|EGLN1|OVOL2|GGNBP2,-1.1
MyList,GO Biological Processes,19,GO:0006956,complement activation,19_GO:0002376 immune system process,-2.3,2.7,3.2,30293,57,1751,9,0.51,0.17,712|713|715|716|718|727|1191|1675|11326,C1QA|C1QB|C1R|C1S|C3|C5|CLU|CFD|VSIG4,-1.1
MyList,GO Biological Processes,19,GO:1901616,organic hydroxy compound catabolic process,19_GO:0008152 metabolic process,-2.3,2.7,3.2,30293,57,1751,9,0.51,0.17,217|1735|2184|4923|7167|8630|8644|10858|26007,ALDH2|DIO3|FAH|NTSR1|TPI1|HSD17B6|AKR1C3|CYP46A1|TKFC,-1.1
MyList,GO Biological Processes,19,GO:0006167,AMP biosynthetic process,19_GO:0008152 metabolic process,-2.3,5.3,3.9,30293,13,1751,4,0.23,0.11,158|159|318|5471,ADSL|ADSS2|NUDT2|PPAT,-1.1
MyList,GO Biological Processes,19,GO:0031053,primary miRNA processing,19_GO:0048519 negative regulation of biological process,-2.3,5.3,3.9,30293,13,1751,4,0.23,0.11,3181|4086|4087|4088,HNRNPA2B1|SMAD1|SMAD2|SMAD3,-1.1
MyList,GO Biological Processes,19,GO:0051280,negative regulation of release of sequestered calcium ion into cytosol,19_GO:0042592 homeostatic process,-2.3,5.3,3.9,30293,13,1751,4,0.23,0.11,801|2281|4923|9446,CALM1|FKBP1B|NTSR1|GSTO1,-1.1
MyList,GO Biological Processes,19,GO:0009950,dorsal/ventral axis specification,19_GO:0032502 developmental process,-2.3,5.3,3.9,30293,13,1751,4,0.23,0.11,4087|5080|6422|80319,SMAD2|PAX6|SFRP1|CXXC4,-1.1
MyList,GO Biological Processes,19,GO:0005513,detection of calcium ion,19_GO:0050896 response to stimulus,-2.3,5.3,3.9,30293,13,1751,4,0.23,0.11,801|6786|10242|27345,CALM1|STIM1|KCNMB2|KCNMB4,-1.1
MyList,GO Biological Processes,19,GO:0060134,prepulse inhibition,19_GO:0048519 negative regulation of biological process,-2.3,5.3,3.9,30293,13,1751,4,0.23,0.11,1496|1855|2895|116443,CTNNA2|DVL1|GRID2|GRIN3A,-1.1
MyList,GO Biological Processes,19,GO:0010764,negative regulation of fibroblast migration,19_GO:0040011 locomotion,-2.3,5.3,3.9,30293,13,1751,4,0.23,0.11,393|5879|9270|90355,ARHGAP4|RAC1|ITGB1BP1|MACIR,-1.1
MyList,GO Biological Processes,19,GO:1900272,negative regulation of long-term synaptic potentiation,19_GO:0048519 negative regulation of biological process,-2.3,5.3,3.9,30293,13,1751,4,0.23,0.11,1524|5621|5764|11170,CX3CR1|PRNP|PTN|FAM107A,-1.1
MyList,GO Biological Processes,19,GO:0021978,telencephalon regionalization,19_GO:0032502 developmental process,-2.3,5.3,3.9,30293,13,1751,4,0.23,0.11,2018|5080|9289|9355,EMX2|PAX6|ADGRG1|LHX2,-1.1
MyList,GO Biological Processes,19,GO:0070507,regulation of microtubule cytoskeleton organization,19_GO:0050789 regulation of biological process,-2.3,1.9,3,30293,160,1751,18,1,0.24,3925|5048|5563|5879|6047|6188|6622|10519|11170|22911|27243|29082|51510|55559|79969|81624|128866|221074,STMN1|PAFAH1B1|PRKAA2|RAC1|RNF4|RPS3|SNCA|CIB1|FAM107A|WDR47|CHMP2A|CHMP4A|CHMP5|HAUS7|ATAT1|DIAPH3|CHMP4B|SLC39A12,-1.1
MyList,GO Biological Processes,19,GO:2000045,regulation of G1/S transition of mitotic cell cycle,19_GO:0050789 regulation of biological process,-2.3,1.9,2.9,30293,185,1751,20,1.1,0.25,199|902|3275|3741|5356|5720|5721|5925|6118|6154|6598|8193|8451|10197|10217|11170|29117|51339|56257|219736,AIF1|CCNH|PRMT2|KCNA5|PLRG1|PSME1|PSME2|RB1|RPA2|RPL26|SMARCB1|DPF1|CUL4A|PSME3|CTDSPL|FAM107A|BRD7|DACT1|MEPCE|STOX1,-1.1
MyList,GO Biological Processes,19,GO:0007059,chromosome segregation,19_GO:0009987 cellular process,-2.3,1.6,2.8,30293,329,1751,31,1.8,0.32,1063|1642|2801|3796|4292|5885|5925|6188|7155|7320|8678|8766|9371|9897|10270|11130|11243|27243|29082|51510|55559|64210|79003|81624|84191|128866|148479|200942|283489|387103|401541,CENPF|DDB1|GOLGA2|KIF2A|MLH1|RAD21|RB1|RPS3|TOP2B|UBE2B|BECN1|RAB11A|KIF3B|WASHC5|AKAP8|ZWINT|PMF1|CHMP2A|CHMP4A|CHMP5|HAUS7|MMS19|MIS12|DIAPH3|CIAO2A|CHMP4B|PHF13|KLHDC8B|CHAMP1|CENPW|CENPP,-1.1
MyList,GO Biological Processes,19,GO:0043200,response to amino acid,19_GO:0050896 response to stimulus,-2.3,2.1,3,30293,124,1751,15,0.86,0.22,598|1307|1965|3208|4067|5156|6750|6880|7846|8649|28956|56034|58528|80339|197131,BCL2L1|COL16A1|EIF2S1|HPCA|LYN|PDGFRA|SST|TAF9|TUBA1A|LAMTOR3|LAMTOR2|PDGFC|RRAGD|PNPLA3|UBR1,-1.1
MyList,GO Biological Processes,19,GO:0031334,positive regulation of protein-containing complex assembly,19_GO:0048518 positive regulation of biological process,-2.3,1.8,2.9,30293,198,1751,21,1.2,0.26,1191|3936|4868|5217|5706|5879|6188|6622|6850|7037|7480|10787|23379|51100|55604|55612|55845|57600|79184|79969|80115,CLU|LCP1|NPHS1|PFN2|PSMC6|RAC1|RPS3|SNCA|SYK|TFRC|WNT10B|NCKAP1|ICE1|SH3GLB1|CARMIL1|FERMT1|BRK1|FNIP2|BRCC3|ATAT1|BAIAP2L2,-1.1
MyList,GO Biological Processes,19,GO:0042542,response to hydrogen peroxide,19_GO:0050896 response to stimulus,-2.3,2.2,3.1,30293,101,1751,13,0.74,0.21,358|1398|2281|3741|4602|5580|6188|7155|7295|7337|8678|10494|51526,AQP1|CRK|FKBP1B|KCNA5|MYB|PRKCD|RPS3|TOP2B|TXN|UBE3A|BECN1|STK25|OSER1,-1.1
MyList,GO Biological Processes,19,GO:0032438,melanosome organization,19_GO:0043473 pigmentation,-2.3,3.2,3.3,30293,38,1751,7,0.4,0.15,1176|4935|10981|23557|84062|89781|282991,AP3S1|GPR143|RAB32|SNAPIN|DTNBP1|HPS4|BLOC1S2,-1.1
MyList,GO Biological Processes,19,GO:0048144,fibroblast proliferation,19_GO:0009987 cellular process,-2.3,3.2,3.3,30293,38,1751,7,0.4,0.15,1163|3265|5052|7477|10933|55845|56034,CKS1B|HRAS|PRDX1|WNT7B|MORF4L1|BRK1|PDGFC,-1.1
MyList,GO Biological Processes,19,GO:0048854,brain morphogenesis,19_GO:0032502 developmental process,-2.3,3.2,3.3,30293,38,1751,7,0.4,0.15,1496|5048|6585|7846|7976|23291|57282,CTNNA2|PAFAH1B1|SLIT1|TUBA1A|FZD3|FBXW11|SLC4A10,-1.1
MyList,GO Biological Processes,19,GO:0045823,positive regulation of heart contraction,19_GO:0048518 positive regulation of biological process,-2.3,3.2,3.3,30293,38,1751,7,0.4,0.15,147|3784|4878|5999|6505|8862|55800,ADRA1B|KCNQ1|NPPA|RGS4|SLC1A1|APLN|SCN3B,-1.1
MyList,GO Biological Processes,19,GO:0042181,ketone biosynthetic process,19_GO:0008152 metabolic process,-2.3,3.6,3.4,30293,29,1751,6,0.34,0.14,4704|7167|8644|56997|57107|84274,NDUFA9|TPI1|AKR1C3|COQ8A|PDSS2|COQ5,-1.1
MyList,GO Biological Processes,19,GO:0045672,positive regulation of osteoclast differentiation,19_GO:0002376 immune system process,-2.3,3.6,3.4,30293,29,1751,6,0.34,0.14,1230|1385|7071|8111|8792|399665,CCR1|CREB1|KLF10|GPR68|TNFRSF11A|EEIG1,-1.1
MyList,GO Biological Processes,19,GO:0050670,regulation of lymphocyte proliferation,19_GO:0002376 immune system process,-2.3,1.8,2.9,30293,237,1751,24,1.4,0.28,196|199|301|923|972|2214|3109|3146|4067|4352|4860|5621|6188|6441|6850|7037|8764|11151|11326|57630|84868|259307|339390|100133941,AHR|AIF1|ANXA1|CD6|CD74|FCGR3A|HLA-DMB|HMGB1|LYN|MPL|PNP|PRNP|RPS3|SFTPD|SYK|TFRC|TNFRSF14|CORO1A|VSIG4|SH3RF1|HAVCR2|IL4I1|CLEC4G|CD24,-1.1
MyList,GO Biological Processes,19,GO:1903321,negative regulation of protein modification by small protein conjugation or removal,19_GO:0048519 negative regulation of biological process,-2.3,2.3,3.1,30293,90,1751,12,0.69,0.2,3301|5478|6125|6135|6188|9532|10459|23560|27018|55859|59343|84707,DNAJA1|PPIA|RPL5|RPL11|RPS3|BAG2|MAD2L2|GTPBP4|BEX3|BEX1|SENP2|BEX2,-1.1
MyList,GO Biological Processes,19,GO:0045685,regulation of glial cell differentiation,19_GO:0032502 developmental process,-2.2,2.4,3.1,30293,79,1751,11,0.63,0.19,1605|1746|4152|5764|5803|6009|7097|7101|10419|90865|146433,DAG1|DLX2|MBD1|PTN|PTPRZ1|RHEB|TLR2|NR2E1|PRMT5|IL33|IL34,-1.1
MyList,GO Biological Processes,19,GO:0046634,regulation of alpha-beta T cell activation,19_GO:0002376 immune system process,-2.2,2.1,3,30293,113,1751,14,0.8,0.21,301|430|865|3122|3146|3566|4860|6850|8764|54542|57630|84695|92196|339390,ANXA1|ASCL2|CBFB|HLA-DRA|HMGB1|IL4R|PNP|SYK|TNFRSF14|RC3H2|SH3RF1|LOXL3|DAPL1|CLEC4G,-1.1
MyList,GO Biological Processes,19,GO:0046719,regulation by virus of viral protein levels in host cell,19_GO:0016032 viral process,-2.2,7.4,4.2,30293,7,1751,3,0.17,0.099,1642|6780|6993,DDB1|STAU1|DYNLT1,-1.1
MyList,GO Biological Processes,19,GO:0006880,intracellular sequestering of iron ion,19_GO:0042592 homeostatic process,-2.2,7.4,4.2,30293,7,1751,3,0.17,0.099,2495|2512|53940,FTH1|FTL|FTHL17,-1.1
MyList,GO Biological Processes,19,GO:0021796,cerebral cortex regionalization,19_GO:0032502 developmental process,-2.2,7.4,4.2,30293,7,1751,3,0.17,0.099,2018|5080|9289,EMX2|PAX6|ADGRG1,-1.1
MyList,GO Biological Processes,19,GO:0019673,GDP-mannose metabolic process,19_GO:0008152 metabolic process,-2.2,7.4,4.2,30293,7,1751,3,0.17,0.099,4351|5372|8813,MPI|PMM1|DPM1,-1.1
MyList,GO Biological Processes,19,GO:0031622,positive regulation of fever generation,19_GO:0042592 homeostatic process,-2.2,7.4,4.2,30293,7,1751,3,0.17,0.099,1268|5733|8792,CNR1|PTGER3|TNFRSF11A,-1.1
MyList,GO Biological Processes,19,GO:0060710,chorio-allantoic fusion,19_GO:0032502 developmental process,-2.2,7.4,4.2,30293,7,1751,3,0.17,0.099,677|7477|10049,ZFP36L1|WNT7B|DNAJB6,-1.1
MyList,GO Biological Processes,19,GO:0120040,regulation of macrophage proliferation,19_GO:0050789 regulation of biological process,-2.2,7.4,4.2,30293,7,1751,3,0.17,0.099,5747|90865|146433,PTK2|IL33|IL34,-1.1
MyList,GO Biological Processes,19,GO:0072386,plus-end-directed organelle transport along microtubule,19_GO:0051179 localization,-2.2,7.4,4.2,30293,7,1751,3,0.17,0.099,9371|22920|79443,KIF3B|KIFAP3|FYCO1,-1.1
MyList,GO Biological Processes,19,GO:0021960,anterior commissure morphogenesis,19_GO:0032502 developmental process,-2.2,7.4,4.2,30293,7,1751,3,0.17,0.099,7101|22911|25987,NR2E1|WDR47|TSKU,-1.1
MyList,GO Biological Processes,19,GO:0034316,negative regulation of Arp2/3 complex-mediated actin nucleation,19_GO:0048519 negative regulation of biological process,-2.2,7.4,4.2,30293,7,1751,3,0.17,0.099,1496|2764|9535,CTNNA2|GMFB|GMFG,-1.1
MyList,GO Biological Processes,19,GO:0014831,gastro-intestinal system smooth muscle contraction,19_GO:0032501 multicellular organismal process,-2.2,7.4,4.2,30293,7,1751,3,0.17,0.099,5733|23213|55959,PTGER3|SULF1|SULF2,-1.1
MyList,GO Biological Processes,19,GO:1903944,negative regulation of hepatocyte apoptotic process,19_GO:0048519 negative regulation of biological process,-2.2,7.4,4.2,30293,7,1751,3,0.17,0.099,103|5563|5925,ADAR|PRKAA2|RB1,-1.1
MyList,GO Biological Processes,19,GO:2000377,regulation of reactive oxygen species metabolic process,19_GO:0008152 metabolic process,-2.2,2,3,30293,149,1751,17,0.97,0.23,240|613|873|2771|3684|3689|5580|5879|6622|6850|8644|8678|9263|10901|23410|55022|55486,ALOX5|BCR|CBR1|GNAI2|ITGAM|ITGB2|PRKCD|RAC1|SNCA|SYK|AKR1C3|BECN1|STK17A|DHRS4|SIRT3|PID1|PARL,-1.1
MyList,GO Biological Processes,19,GO:0002687,positive regulation of leukocyte migration,19_GO:0040011 locomotion,-2.2,2,3,30293,149,1751,17,0.97,0.23,199|430|972|1230|1524|3146|5641|5747|5764|5879|7941|8764|9750|11151|81704|146433|158747,AIF1|ASCL2|CD74|CCR1|CX3CR1|HMGB1|LGMN|PTK2|PTN|RAC1|PLA2G7|TNFRSF14|RIPOR2|CORO1A|DOCK8|IL34|MOSPD2,-1.1
MyList,GO Biological Processes,19,GO:0016053,organic acid biosynthetic process,19_GO:0008152 metabolic process,-2.2,1.7,2.8,30293,277,1751,27,1.5,0.29,231|240|435|873|972|1491|1806|2681|2752|3948|3995|4522|4706|5092|5563|5565|5571|6850|8644|8942|9104|9200|9536|10170|10858|11001|58478,AKR1B1|ALOX5|ASL|CBR1|CD74|CTH|DPYD|GGTA1|GLUL|LDHC|FADS3|MTHFD1|NDUFAB1|PCBD1|PRKAA2|PRKAB2|PRKAG1|SYK|AKR1C3|KYNU|RGN|HACD1|PTGES|DHRS9|CYP46A1|SLC27A2|ENOPH1,-1.1
MyList,GO Biological Processes,19,GO:0021761,limbic system development,19_GO:0032502 developmental process,-2.2,2.1,3,30293,125,1751,15,0.86,0.22,190|493|1398|1746|2018|5048|6658|7101|7248|7314|7846|22930|23035|25987|79969,NR0B1|ATP2B4|CRK|DLX2|EMX2|PAFAH1B1|SOX3|NR2E1|TSC1|UBB|TUBA1A|RAB3GAP1|PHLPP2|TSKU|ATAT1,-1.1
MyList,GO Biological Processes,19,GO:0048168,regulation of neuronal synaptic plasticity,19_GO:0050789 regulation of biological process,-2.2,2.7,3.2,30293,58,1751,9,0.51,0.17,1627|3265|3845|6622|22930|57282|57338|79772|729993,DBN1|HRAS|KRAS|SNCA|RAB3GAP1|SLC4A10|JPH3|MCTP1|SHISA9,-1.1
MyList,GO Biological Processes,19,GO:0051339,regulation of lyase activity,19_GO:0065007 biological regulation,-2.2,2.7,3.2,30293,58,1751,9,0.51,0.17,136|1910|2771|2913|5064|6786|29085|55366|84059,ADORA2B|EDNRB|GNAI2|GRM3|PALM|STIM1|PHPT1|LGR4|ADGRV1,-1.1
MyList,GO Biological Processes,19,GO:0006767,water-soluble vitamin metabolic process,19_GO:0008152 metabolic process,-2.2,2.7,3.2,30293,58,1751,9,0.51,0.17,231|9104|9446|27249|56922|79178|80308|119391|326625,AKR1B1|RGN|GSTO1|MMADHC|MCCC1|THTPA|FLAD1|GSTO2|MMAB,-1.1
MyList,GO Biological Processes,19,GO:1990090,cellular response to nerve growth factor stimulus,19_GO:0050896 response to stimulus,-2.2,2.9,3.2,30293,48,1751,8,0.46,0.16,142|1398|5906|7337|9863|10094|10519|11151,PARP1|CRK|RAP1A|UBE3A|MAGI2|ARPC3|CIB1|CORO1A,-1.1
MyList,GO Biological Processes,19,GO:0045744,negative regulation of G protein-coupled receptor signaling pathway,19_GO:0048519 negative regulation of biological process,-2.2,2.9,3.2,30293,48,1751,8,0.46,0.16,493|2771|3925|5999|6622|7529|9501|23295,ATP2B4|GNAI2|STMN1|RGS4|SNCA|YWHAB|RPH3AL|MGRN1,-1.1
MyList,GO Biological Processes,19,GO:0097485,neuron projection guidance,19_GO:0032502 developmental process,-2.2,1.8,2.9,30293,225,1751,23,1.3,0.27,1272|1605|1855|1948|1949|2290|3730|4897|5080|5747|5879|6585|7477|7976|9355|9637|10371|10678|10752|11041|56896|64218|284656,CNTN1|DAG1|DVL1|EFNB2|EFNB3|FOXG1|ANOS1|NRCAM|PAX6|PTK2|RAC1|SLIT1|WNT7B|FZD3|LHX2|FEZ2|SEMA3A|B3GNT2|CHL1|B4GAT1|DPYSL5|SEMA4A|EPHA10,-1.1
MyList,GO Biological Processes,19,GO:0050730,regulation of peptidyl-tyrosine phosphorylation,19_GO:0008152 metabolic process,-2.2,1.8,2.9,30293,225,1751,23,1.3,0.27,972|1464|3059|3082|3689|4067|5580|5621|5912|6422|6850|7251|8613|8764|9244|10006|10456|29883|56034|58533|79893|80725|146433,CD74|CSPG4|HCLS1|HGF|ITGB2|LYN|PRKCD|PRNP|RAP2B|SFRP1|SYK|TSG101|PLPP3|TNFRSF14|CRLF1|ABI1|HAX1|CNOT7|PDGFC|SNX6|GGNBP2|SRCIN1|IL34,-1.1
MyList,GO Biological Processes,19,GO:0007411,axon guidance,19_GO:0032502 developmental process,-2.2,1.8,2.9,30293,225,1751,23,1.3,0.27,1272|1605|1855|1948|1949|2290|3730|4897|5080|5747|5879|6585|7477|7976|9355|9637|10371|10678|10752|11041|56896|64218|284656,CNTN1|DAG1|DVL1|EFNB2|EFNB3|FOXG1|ANOS1|NRCAM|PAX6|PTK2|RAC1|SLIT1|WNT7B|FZD3|LHX2|FEZ2|SEMA3A|B3GNT2|CHL1|B4GAT1|DPYSL5|SEMA4A|EPHA10,-1.1
MyList,GO Biological Processes,19,GO:0019932,second-messenger-mediated signaling,19_GO:0050896 response to stimulus,-2.2,1.7,2.9,30293,238,1751,24,1.4,0.28,108|136|196|358|801|1230|1385|1524|1910|2214|2281|3208|4878|4935|5138|5170|5532|5621|6850|9446|11163|23576|57007|79772,ADCY2|ADORA2B|AHR|AQP1|CALM1|CCR1|CREB1|CX3CR1|EDNRB|FCGR3A|FKBP1B|HPCA|NPPA|GPR143|PDE2A|PDPK1|PPP3CB|PRNP|SYK|GSTO1|NUDT4|DDAH1|ACKR3|MCTP1,-1.1
MyList,GO Biological Processes,19,GO:0010389,regulation of G2/M transition of mitotic cell cycle,19_GO:0050789 regulation of biological process,-2.2,2.2,3,30293,102,1751,13,0.74,0.21,1063|5569|5884|5885|7480|8766|9577|29086|57504|65123|79184|80169|219736,CENPF|PKIA|RAD17|RAD21|WNT10B|RAB11A|BABAM2|BABAM1|MTA3|INTS3|BRCC3|CTC1|STOX1,-1.1
MyList,GO Biological Processes,19,GO:0071453,cellular response to oxygen levels,19_GO:0050896 response to stimulus,-2.2,1.9,2.9,30293,162,1751,18,1,0.24,358|537|572|677|4352|4720|5034|6422|7248|8678|9114|9520|10449|26608|54471|54583|114990|147007,AQP1|ATP6AP1|BAD|ZFP36L1|MPL|NDUFS2|P4HB|SFRP1|TSC1|BECN1|ATP6V0D1|NPEPPS|ACAA2|TBL2|MIEF1|EGLN1|VASN|TMEM199,-1.1
MyList,GO Biological Processes,19,GO:0009127,purine nucleoside monophosphate biosynthetic process,19_GO:0008152 metabolic process,-2.2,4.1,3.5,30293,21,1751,5,0.29,0.13,158|159|271|318|5471,ADSL|ADSS2|AMPD2|NUDT2|PPAT,-1.1
MyList,GO Biological Processes,19,GO:0072112,podocyte differentiation,19_GO:0032502 developmental process,-2.2,4.1,3.5,30293,21,1751,5,0.29,0.13,1910|4868|9863|28999|100133941,EDNRB|NPHS1|MAGI2|KLF15|CD24,-1.1
MyList,GO Biological Processes,19,GO:0002888,positive regulation of myeloid leukocyte mediated immunity,19_GO:0002376 immune system process,-2.2,4.1,3.5,30293,21,1751,5,0.29,0.13,718|3684|3689|6810|9188,C3|ITGAM|ITGB2|STX4|DDX21,-1.1
MyList,GO Biological Processes,19,GO:0061318,renal filtration cell differentiation,19_GO:0032502 developmental process,-2.2,4.1,3.5,30293,21,1751,5,0.29,0.13,1910|4868|9863|28999|100133941,EDNRB|NPHS1|MAGI2|KLF15|CD24,-1.1
MyList,GO Biological Processes,19,GO:2001135,regulation of endocytic recycling,19_GO:0051179 localization,-2.2,4.1,3.5,30293,21,1751,5,0.29,0.13,88|392|7260|8766|10079,ACTN2|ARHGAP1|EIPR1|RAB11A|ATP9A,-1.1
MyList,GO Biological Processes,19,GO:0071379,cellular response to prostaglandin stimulus,19_GO:0050896 response to stimulus,-2.2,4.1,3.5,30293,21,1751,5,0.29,0.13,5080|5563|6422|8644|10270,PAX6|PRKAA2|SFRP1|AKR1C3|AKAP8,-1.1
MyList,GO Biological Processes,19,GO:1903051,negative regulation of proteolysis involved in protein catabolic process,19_GO:0048519 negative regulation of biological process,-2.2,2.5,3.1,30293,69,1751,10,0.57,0.18,6125|6135|6880|7874|8667|9491|11345|23429|51105|65992,RPL5|RPL11|TAF9|USP7|EIF3H|PSMF1|GABARAPL2|RYBP|PHF20L1|DDRGK1,-1.1
MyList,GO Biological Processes,19,GO:0022037,metencephalon development,19_GO:0032502 developmental process,-2.2,2.1,3,30293,114,1751,14,0.8,0.21,1272|1398|2735|2895|5080|5604|6751|7846|8455|8704|23287|57107|57626|340719,CNTN1|CRK|GLI1|GRID2|PAX6|MAP2K1|SSTR1|TUBA1A|ATRN|B4GALT2|AGTPBP1|PDSS2|KLHL1|NANOS1,-1.1
MyList,GO Biological Processes,19,GO:1902749,regulation of cell cycle G2/M phase transition,19_GO:0050789 regulation of biological process,-2.2,2.1,3,30293,114,1751,14,0.8,0.21,1063|5569|5884|5885|7480|8444|8766|9577|29086|57504|65123|79184|80169|219736,CENPF|PKIA|RAD17|RAD21|WNT10B|DYRK3|RAB11A|BABAM2|BABAM1|MTA3|INTS3|BRCC3|CTC1|STOX1,-1.1
MyList,GO Biological Processes,19,GO:2001243,negative regulation of intrinsic apoptotic signaling pathway,19_GO:0048519 negative regulation of biological process,-2.2,2.1,3,30293,114,1751,14,0.8,0.21,598|972|1191|2023|3301|5478|6880|8321|55486|55829|57007|63979|80237|83787,BCL2L1|CD74|CLU|ENO1|DNAJA1|PPIA|TAF9|FZD1|PARL|SELENOS|ACKR3|FIGNL1|ELL3|ARMC10,-1.1
MyList,GO Biological Processes,19,GO:0009062,fatty acid catabolic process,19_GO:0008152 metabolic process,-2.2,2.3,3,30293,91,1751,12,0.69,0.2,38|1891|1892|2109|3033|3712|5096|5191|10449|10455|11001|84830,ACAT1|ECH1|ECHS1|ETFB|HADH|IVD|PCCB|PEX7|ACAA2|ECI2|SLC27A2|ADTRP,-1.1
MyList,GO Biological Processes,19,GO:0045727,positive regulation of translation,19_GO:0048518 positive regulation of biological process,-2.2,2,2.9,30293,138,1751,16,0.91,0.23,3646|5436|5936|6125|6154|6191|8664|8872|10657|23034|27230|28958|51441|55364|65109|127933,EIF3E|POLR2G|RBM4|RPL5|RPL26|RPS4X|EIF3D|CDC123|KHDRBS1|SAMD4A|SERP1|COA3|YTHDF2|IMPACT|UPF3B|UHMK1,-1.1
MyList,GO Biological Processes,19,GO:0030512,negative regulation of transforming growth factor beta receptor signaling pathway,19_GO:0048519 negative regulation of biological process,-2.2,2.1,3,30293,126,1751,15,0.86,0.22,2280|2734|5170|5931|7043|8819|23089|25805|58495|58533|63976|65997|79595|84312|114990,FKBP1A|GLG1|PDPK1|RBBP7|TGFB3|SAP30|PEG10|BAMBI|OVOL2|SNX6|PRDM16|RASL11B|SAP130|BRMS1L|VASN,-1.1
MyList,GO Biological Processes,19,GO:0001558,regulation of cell growth,19_GO:0040007 growth,-2.2,1.5,2.7,30293,416,1751,37,2.1,0.34,393|2023|2786|3300|3488|4088|4856|4897|5048|5245|5925|5931|5999|6422|6585|7003|7251|8437|9043|9706|10371|10459|10519|10591|10668|11143|11170|23327|23338|28956|51760|55615|57699|64218|147906|340719|440093,ARHGAP4|ENO1|GNG4|DNAJB2|IGFBP5|SMAD3|CCN3|NRCAM|PAFAH1B1|PHB1|RB1|RBBP7|RGS4|SFRP1|SLIT1|TEAD1|TSG101|RASAL1|SPAG9|ULK2|SEMA3A|MAD2L2|CIB1|DNPH1|CGRRF1|KAT7|FAM107A|NEDD4L|JADE2|LAMTOR2|SYT17|PRR5|CPNE5|SEMA4A|DACT3|NANOS1|H3-5,-1.1
MyList,GO Biological Processes,19,GO:0017158,regulation of calcium ion-dependent exocytosis,19_GO:0051179 localization,-2.2,3.1,3.3,30293,39,1751,7,0.4,0.15,2771|8448|8938|9501|22930|51760|341359,GNAI2|DOC2A|BAIAP3|RPH3AL|RAB3GAP1|SYT17|SYT10,-1.1
MyList,GO Biological Processes,19,GO:0006958,"complement activation, classical pathway",19_GO:0002376 immune system process,-2.2,3.1,3.3,30293,39,1751,7,0.4,0.15,712|713|715|716|718|727|1191,C1QA|C1QB|C1R|C1S|C3|C5|CLU,-1.1
MyList,GO Biological Processes,19,GO:1903524,positive regulation of blood circulation,19_GO:0048518 positive regulation of biological process,-2.2,3.1,3.3,30293,39,1751,7,0.4,0.15,147|3784|4878|5999|6505|8862|55800,ADRA1B|KCNQ1|NPPA|RGS4|SLC1A1|APLN|SCN3B,-1.1
MyList,GO Biological Processes,19,GO:0032435,negative regulation of proteasomal ubiquitin-dependent protein catabolic process,19_GO:0048519 negative regulation of biological process,-2.2,3.1,3.3,30293,39,1751,7,0.4,0.15,6135|6880|7874|8667|23429|51105|65992,RPL11|TAF9|USP7|EIF3H|RYBP|PHF20L1|DDRGK1,-1.1
MyList,GO Biological Processes,19,GO:0048753,pigment granule organization,19_GO:0043473 pigmentation,-2.2,3.1,3.3,30293,39,1751,7,0.4,0.15,1176|4935|10981|23557|84062|89781|282991,AP3S1|GPR143|RAB32|SNAPIN|DTNBP1|HPS4|BLOC1S2,-1.1
MyList,GO Biological Processes,19,GO:0043388,positive regulation of DNA binding,19_GO:0065007 biological regulation,-2.2,3.1,3.3,30293,39,1751,7,0.4,0.15,3146|4830|5080|5925|7295|9802|65992,HMGB1|NME1|PAX6|RB1|TXN|DAZAP2|DDRGK1,-1.1
MyList,GO Biological Processes,19,GO:0010921,regulation of phosphatase activity,19_GO:0008152 metabolic process,-2.2,2.6,3.1,30293,59,1751,9,0.51,0.17,801|945|2280|2281|4659|7248|9863|57718|63928,CALM1|CD33|FKBP1A|FKBP1B|PPP1R12A|TSC1|MAGI2|PPP4R4|CHP2,-1.1
MyList,GO Biological Processes,19,GO:0051017,actin filament bundle assembly,19_GO:0009987 cellular process,-2.2,2.6,3.1,30293,59,1751,9,0.51,0.17,199|800|1809|3936|4082|5358|11170|80115|81624,AIF1|CALD1|DPYSL3|LCP1|MARCKS|PLS3|FAM107A|BAIAP2L2|DIAPH3,-1.1
MyList,GO Biological Processes,19,GO:0034976,response to endoplasmic reticulum stress,19_GO:0050896 response to stimulus,-2.2,1.8,2.8,30293,227,1751,23,1.3,0.27,317|821|1491|1965|3300|4082|5034|5706|6048|7353|7993|11236|26003|26608|27230|51506|51528|51608|55829|65992|83734|84216|378884,APAF1|CANX|CTH|EIF2S1|DNAJB2|MARCKS|P4HB|PSMC6|RNF5|UFD1|UBXN8|RNF139|GORASP2|TBL2|SERP1|UFC1|JKAMP|GET4|SELENOS|DDRGK1|ATG10|TMEM117|NHLRC1,-1.1
MyList,GO Biological Processes,19,GO:0002573,myeloid leukocyte differentiation,19_GO:0032502 developmental process,-2.2,1.9,2.9,30293,151,1751,17,0.97,0.23,142|537|1050|1385|2739|4067|5048|6422|7037|7097|8111|8792|10766|25979|55509|81624|90865,PARP1|ATP6AP1|CEBPA|CREB1|GLO1|LYN|PAFAH1B1|SFRP1|TFRC|TLR2|GPR68|TNFRSF11A|TOB2|DHRS7B|BATF3|DIAPH3|IL33,-1.1
MyList,GO Biological Processes,19,GO:0045948,positive regulation of translational initiation,19_GO:0048518 positive regulation of biological process,-2.2,3.5,3.3,30293,30,1751,6,0.34,0.14,5436|8872|10657|51441|55364|127933,POLR2G|CDC123|KHDRBS1|YTHDF2|IMPACT|UHMK1,-1.1
MyList,GO Biological Processes,19,GO:1902230,negative regulation of intrinsic apoptotic signaling pathway in response to DNA damage,19_GO:0048519 negative regulation of biological process,-2.2,3.5,3.3,30293,30,1751,6,0.34,0.14,598|972|1191|6880|57007|80237,BCL2L1|CD74|CLU|TAF9|ACKR3|ELL3,-1.1
MyList,GO Biological Processes,19,GO:0070979,protein K11-linked ubiquitination,19_GO:0008152 metabolic process,-2.2,3.5,3.3,30293,30,1751,6,0.34,0.14,6047|7319|7320|27338|51529|246184,RNF4|UBE2A|UBE2B|UBE2S|ANAPC11|CDC26,-1.1
MyList,GO Biological Processes,19,GO:0001101,response to acid chemical,19_GO:0050896 response to stimulus,-2.2,2,2.9,30293,139,1751,16,0.91,0.23,493|598|1307|1965|3208|4067|5156|6750|6880|7846|8649|28956|56034|58528|80339|197131,ATP2B4|BCL2L1|COL16A1|EIF2S1|HPCA|LYN|PDGFRA|SST|TAF9|TUBA1A|LAMTOR3|LAMTOR2|PDGFC|RRAGD|PNPLA3|UBR1,-1.1
MyList,GO Biological Processes,19,GO:0048013,ephrin receptor signaling pathway,19_GO:0050896 response to stimulus,-2.2,2.8,3.2,30293,49,1751,8,0.46,0.16,1398|1948|1949|4067|5063|5747|64283|284656,CRK|EFNB2|EFNB3|LYN|PAK3|PTK2|ARHGEF28|EPHA10,-1.1
MyList,GO Biological Processes,19,GO:0046596,regulation of viral entry into host cell,19_GO:0016032 viral process,-2.2,2.8,3.2,30293,49,1751,8,0.46,0.16,972|3146|5034|6609|8724|9023|10346|55128,CD74|HMGB1|P4HB|SMPD1|SNX3|CH25H|TRIM22|TRIM68,-1.1
MyList,GO Biological Processes,19,GO:0006094,gluconeogenesis,19_GO:0008152 metabolic process,-2.2,2.8,3.2,30293,49,1751,8,0.46,0.16,2023|2821|4191|5223|5236|5950|7167|92579,ENO1|GPI|MDH2|PGAM1|PGM1|RBP4|TPI1|G6PC3,-1.1
MyList,GO Biological Processes,19,GO:0007389,pattern specification process,19_GO:0032502 developmental process,-2.2,1.5,2.7,30293,459,1751,40,2.3,0.36,712|718|1746|1767|1855|2018|2290|2735|2926|3684|4086|4087|4088|5080|5100|5125|5991|6422|7477|9289|9355|9371|10006|10683|11197|25911|29880|51668|51676|56917|56998|57585|58495|63917|79971|80319|84314|91851|146845|161582,C1QA|C3|DLX2|DNAH5|DVL1|EMX2|FOXG1|GLI1|GRSF1|ITGAM|SMAD1|SMAD2|SMAD3|PAX6|PCDH8|PCSK5|RFX3|SFRP1|WNT7B|ADGRG1|LHX2|KIF3B|ABI1|DLL3|WIF1|DPCD|ALG5|IFT25|ASB2|MEIS3|CTNNBIP1|CRAMP1|OVOL2|GALNT11|WLS|CXXC4|TMEM107|CHRDL1|CFAP52|DNAAF4,-1.1
MyList,GO Biological Processes,19,GO:0043627,response to estrogen,19_GO:0050896 response to stimulus,-2.2,2.5,3.1,30293,70,1751,10,0.57,0.18,1393|1841|2947|6422|7010|7043|8805|9070|23558|100133941,CRHBP|DTYMK|GSTM3|SFRP1|TEK|TGFB3|TRIM24|ASH2L|WBP2|CD24,-1
MyList,GO Biological Processes,19,GO:2000379,positive regulation of reactive oxygen species metabolic process,19_GO:0048518 positive regulation of biological process,-2.2,2.5,3.1,30293,70,1751,10,0.57,0.18,873|2771|3684|3689|5580|6622|6850|8644|10901|55022,CBR1|GNAI2|ITGAM|ITGB2|PRKCD|SNCA|SYK|AKR1C3|DHRS4|PID1,-1
MyList,GO Biological Processes,19,GO:0051962,positive regulation of nervous system development,19_GO:0032502 developmental process,-2.2,1.6,2.8,30293,294,1751,28,1.6,0.3,577|1524|1605|1627|2290|2670|2895|3845|4067|4076|4602|4898|5048|5080|5604|5764|5803|6009|7097|7101|7976|10419|10494|57465|64218|80237|90865|146433,ADGRB3|CX3CR1|DAG1|DBN1|FOXG1|GFAP|GRID2|KRAS|LYN|CAPRIN1|MYB|NRDC|PAFAH1B1|PAX6|MAP2K1|PTN|PTPRZ1|RHEB|TLR2|NR2E1|FZD3|PRMT5|STK25|TBC1D24|SEMA4A|ELL3|IL33|IL34,-1
MyList,GO Biological Processes,19,GO:0033045,regulation of sister chromatid segregation,19_GO:0050789 regulation of biological process,-2.2,2.2,2.9,30293,104,1751,13,0.74,0.21,1063|5885|5925|6598|8193|8678|10459|11130|29117|51451|51529|55795|116028,CENPF|RAD21|RB1|SMARCB1|DPF1|BECN1|MAD2L2|ZWINT|BRD7|LCMT1|ANAPC11|PCID2|RMI2,-1
MyList,GO Biological Processes,19,GO:0016322,neuron remodeling,19_GO:0032502 developmental process,-2.2,4.9,3.7,30293,14,1751,4,0.23,0.11,577|712|718|10882,ADGRB3|C1QA|C3|C1QL1,-1
MyList,GO Biological Processes,19,GO:0006465,signal peptide processing,19_GO:0008152 metabolic process,-2.2,4.9,3.7,30293,14,1751,4,0.23,0.11,5125|55486|90701|121665,PCSK5|PARL|SEC11C|SPPL3,-1
MyList,GO Biological Processes,19,GO:0086026,atrial cardiac muscle cell to AV node cell signaling,19_GO:0032501 multicellular organismal process,-2.2,4.9,3.7,30293,14,1751,4,0.23,0.11,3741|3762|3784|55800,KCNA5|KCNJ5|KCNQ1|SCN3B,-1
MyList,GO Biological Processes,19,GO:0051775,response to redox state,19_GO:0050896 response to stimulus,-2.2,4.9,3.7,30293,14,1751,4,0.23,0.11,397|2281|55829|114990,ARHGDIB|FKBP1B|SELENOS|VASN,-1
MyList,GO Biological Processes,19,GO:0075294,positive regulation by symbiont of entry into host,19_GO:0044419 biological process involved in interspecies interaction between organisms,-2.2,4.9,3.7,30293,14,1751,4,0.23,0.11,972|3146|5034|6609,CD74|HMGB1|P4HB|SMPD1,-1
MyList,GO Biological Processes,19,GO:0086014,atrial cardiac muscle cell action potential,19_GO:0032501 multicellular organismal process,-2.2,4.9,3.7,30293,14,1751,4,0.23,0.11,3741|3762|3784|55800,KCNA5|KCNJ5|KCNQ1|SCN3B,-1
MyList,GO Biological Processes,19,GO:0097284,hepatocyte apoptotic process,19_GO:0009987 cellular process,-2.2,4.9,3.7,30293,14,1751,4,0.23,0.11,103|598|5925|6789,ADAR|BCL2L1|RB1|STK4,-1
MyList,GO Biological Processes,19,GO:0043306,positive regulation of mast cell degranulation,19_GO:0002376 immune system process,-2.2,4.9,3.7,30293,14,1751,4,0.23,0.11,136|3566|6850|8673,ADORA2B|IL4R|SYK|VAMP8,-1
MyList,GO Biological Processes,19,GO:0046761,viral budding from plasma membrane,19_GO:0016032 viral process,-2.2,4.9,3.7,30293,14,1751,4,0.23,0.11,27243|29082|51510|128866,CHMP2A|CHMP4A|CHMP5|CHMP4B,-1
MyList,GO Biological Processes,19,GO:0046598,positive regulation of viral entry into host cell,19_GO:0016032 viral process,-2.2,4.9,3.7,30293,14,1751,4,0.23,0.11,972|3146|5034|6609,CD74|HMGB1|P4HB|SMPD1,-1
MyList,GO Biological Processes,19,GO:0009159,deoxyribonucleoside monophosphate catabolic process,19_GO:0008152 metabolic process,-2.2,4.9,3.7,30293,14,1751,4,0.23,0.11,1806|4860|9615|10591,DPYD|PNP|GDA|DNPH1,-1
MyList,GO Biological Processes,19,GO:0006997,nucleus organization,19_GO:0009987 cellular process,-2.1,2,2.9,30293,140,1751,16,0.91,0.23,3267|5048|6223|7536|8444|23141|23399|23760|27243|29082|51280|51510|55746|55968|128866|137886,AGFG1|PAFAH1B1|RPS19|SF1|DYRK3|ANKLE2|CTDNEP1|PITPNB|CHMP2A|CHMP4A|GOLM1|CHMP5|NUP133|NSFL1C|CHMP4B|UBXN2B,-1
MyList,GO Biological Processes,19,GO:0022029,telencephalon cell migration,19_GO:0032502 developmental process,-2.1,2.6,3.1,30293,60,1751,9,0.51,0.17,2290|5048|7101|9289|22911|26468|57178|84750|114327,FOXG1|PAFAH1B1|NR2E1|ADGRG1|WDR47|LHX6|ZMIZ1|FUT10|EFHC1,-1
MyList,GO Biological Processes,19,GO:0002837,regulation of immune response to tumor cell,19_GO:0002376 immune system process,-2.1,3.9,3.4,30293,22,1751,5,0.29,0.13,196|1687|3146|84868|259307,AHR|GSDME|HMGB1|HAVCR2|IL4I1,-1
MyList,GO Biological Processes,19,GO:0001836,release of cytochrome c from mitochondria,19_GO:0050896 response to stimulus,-2.1,3.9,3.4,30293,22,1751,5,0.29,0.13,572|597|598|1191|79017,BAD|BCL2A1|BCL2L1|CLU|GGCT,-1
MyList,GO Biological Processes,19,GO:0042403,thyroid hormone metabolic process,19_GO:0008152 metabolic process,-2.1,3.9,3.4,30293,22,1751,5,0.29,0.13,1428|1734|1735|6567|7038,CRYM|DIO2|DIO3|SLC16A2|TG,-1
MyList,GO Biological Processes,19,GO:0072311,glomerular epithelial cell differentiation,19_GO:0032502 developmental process,-2.1,3.9,3.4,30293,22,1751,5,0.29,0.13,1910|4868|9863|28999|100133941,EDNRB|NPHS1|MAGI2|KLF15|CD24,-1
MyList,GO Biological Processes,19,GO:0032506,cytokinetic process,19_GO:0009987 cellular process,-2.1,3,3.2,30293,40,1751,7,0.4,0.15,375|27243|29082|51510|128866|129531|200942,ARF1|CHMP2A|CHMP4A|CHMP5|CHMP4B|MITD1|KLHDC8B,-1
MyList,GO Biological Processes,19,GO:0040001,establishment of mitotic spindle localization,19_GO:0051179 localization,-2.1,3,3.2,30293,40,1751,7,0.4,0.15,5048|5080|6993|23291|26086|55968|137886,PAFAH1B1|PAX6|DYNLT1|FBXW11|GPSM1|NSFL1C|UBXN2B,-1
MyList,GO Biological Processes,19,GO:0017004,cytochrome complex assembly,19_GO:0009987 cellular process,-2.1,3,3.2,30293,40,1751,7,0.4,0.15,7386|28958|51204|54902|55245|55744|388753,UQCRFS1|COA3|TACO1|TTC19|UQCC1|COA1|COA6,-1
MyList,GO Biological Processes,19,GO:0021879,forebrain neuron differentiation,19_GO:0032502 developmental process,-2.1,3,3.2,30293,40,1751,7,0.4,0.15,1746|2290|5080|7314|26468|57178|57282,DLX2|FOXG1|PAX6|UBB|LHX6|ZMIZ1|SLC4A10,-1
MyList,GO Biological Processes,19,GO:0070286,axonemal dynein complex assembly,19_GO:0009987 cellular process,-2.1,3,3.2,30293,40,1751,7,0.4,0.15,1767|11188|27285|51364|79645|146754|161582,DNAH5|NISCH|TEKT2|ZMYND10|CLXN|DNAH2|DNAAF4,-1
MyList,GO Biological Processes,19,GO:0006338,chromatin remodeling,19_GO:0009987 cellular process,-2.1,1.4,2.6,30293,649,1751,53,3,0.41,1642|2139|3146|3159|3183|3275|5080|5245|5563|5925|5931|5987|6500|6598|6880|7319|7403|7468|7874|7913|8193|8545|9070|9188|9355|9646|9734|10336|10419|11143|23338|23410|23429|23558|26097|29086|29117|51773|55352|55689|55791|55795|57504|63976|79184|122402|125476|152485|158880|387103|401541|100129583|100170841,DDB1|EYA2|HMGB1|HMGA1|HNRNPC|PRMT2|PAX6|PHB1|PRKAA2|RB1|RBBP7|TRIM27|SKP1|SMARCB1|TAF9|UBE2A|KDM6A|NSD2|USP7|DEK|DPF1|CGGBP1|ASH2L|DDX21|LHX2|CTR9|HDAC9|PCGF3|PRMT5|KAT7|JADE2|SIRT3|RYBP|WBP2|CHTOP|BABAM1|BRD7|RSF1|COPRS|YEATS2|LRIF1|PCID2|MTA3|PRDM16|BRCC3|TDRD9|INO80C|ZNF827|USP51|CENPW|CENPP|FAM47E|EPOP,-1
MyList,GO Biological Processes,19,GO:0046928,regulation of neurotransmitter secretion,19_GO:0051179 localization,-2.1,2.3,3,30293,82,1751,11,0.63,0.19,1855|5217|5906|6622|8938|22930|23557|27345|79772|84062|134957,DVL1|PFN2|RAP1A|SNCA|BAIAP3|RAB3GAP1|SNAPIN|KCNMB4|MCTP1|DTNBP1|STXBP5,-1
MyList,GO Biological Processes,19,GO:0070918,regulatory ncRNA processing,19_GO:0048519 negative regulation of biological process,-2.1,2.4,3,30293,71,1751,10,0.57,0.18,103|3181|4086|4087|4088|7257|8575|9698|64282|122402,ADAR|HNRNPA2B1|SMAD1|SMAD2|SMAD3|TSNAX|PRKRA|PUM1|TENT4B|TDRD9,-1
MyList,GO Biological Processes,19,GO:0030072,peptide hormone secretion,19_GO:0051179 localization,-2.1,2.4,3,30293,71,1751,10,0.57,0.18,358|1363|2281|4087|5936|6567|8111|27230|27445|51714,AQP1|CPE|FKBP1B|SMAD2|RBM4|SLC16A2|GPR68|SERP1|PCLO|SELENOT,-1
MyList,GO Biological Processes,19,GO:0072599,establishment of protein localization to endoplasmic reticulum,19_GO:0051179 localization,-2.1,2.8,3.1,30293,50,1751,8,0.46,0.16,6726|6728|22930|23480|29082|51608|128866|133022,SRP9|SRP19|RAB3GAP1|SEC61G|CHMP4A|GET4|CHMP4B|TRAM1L1,-1
MyList,GO Biological Processes,19,GO:0046365,monosaccharide catabolic process,19_GO:0008152 metabolic process,-2.1,2.8,3.1,30293,50,1751,8,0.46,0.16,572|2023|5211|5223|7167|10690|26007|84750,BAD|ENO1|PFKL|PGAM1|TPI1|FUT9|TKFC|FUT10,-1
MyList,GO Biological Processes,19,GO:1990089,response to nerve growth factor,19_GO:0050896 response to stimulus,-2.1,2.8,3.1,30293,50,1751,8,0.46,0.16,142|1398|5906|7337|9863|10094|10519|11151,PARP1|CRK|RAP1A|UBE3A|MAGI2|ARPC3|CIB1|CORO1A,-1
MyList,GO Biological Processes,19,GO:0022898,regulation of transmembrane transporter activity,19_GO:0051179 localization,-2.1,1.7,2.8,30293,230,1751,23,1.3,0.27,88|801|1393|2280|2281|2922|3208|3755|4878|5621|6622|6786|7114|7533|9446|10368|23327|53826|55800|57338|63928|84502|729993,ACTN2|CALM1|CRHBP|FKBP1A|FKBP1B|GRP|HPCA|KCNG1|NPPA|PRNP|SNCA|STIM1|TMSB4X|YWHAH|GSTO1|CACNG3|NEDD4L|FXYD6|SCN3B|JPH3|CHP2|JPH4|SHISA9,-1
MyList,GO Biological Processes,19,GO:2000191,regulation of fatty acid transport,19_GO:0051179 localization,-2.1,3.3,3.2,30293,31,1751,6,0.34,0.14,2058|4923|6850|8792|9536|151176,EPRS1|NTSR1|SYK|TNFRSF11A|PTGES|ERFE,-0.99
MyList,GO Biological Processes,19,GO:0051654,establishment of mitochondrion localization,19_GO:0051179 localization,-2.1,3.3,3.2,30293,31,1751,6,0.34,0.14,3281|7314|7345|8655|23287|55860,HSBP1|UBB|UCHL1|DYNLL1|AGTPBP1|ACTR10,-0.99
MyList,GO Biological Processes,19,GO:0010575,positive regulation of vascular endothelial growth factor production,19_GO:0048518 positive regulation of biological process,-2.1,3.3,3.2,30293,31,1751,6,0.34,0.14,136|718|727|23213|55959|147372,ADORA2B|C3|C5|SULF1|SULF2|CCBE1,-0.99
MyList,GO Biological Processes,19,GO:0051492,regulation of stress fiber assembly,19_GO:0050789 regulation of biological process,-2.1,2.2,2.9,30293,94,1751,12,0.69,0.2,71|395|3925|4088|5217|5879|6422|7043|7248|9270|55604|79822,ACTG1|ARHGAP6|STMN1|SMAD3|PFN2|RAC1|SFRP1|TGFB3|TSC1|ITGB1BP1|CARMIL1|ARHGAP28,-0.99
MyList,GO Biological Processes,19,GO:0098813,nuclear chromosome segregation,19_GO:0009987 cellular process,-2.1,1.7,2.7,30293,231,1751,23,1.3,0.27,1063|1642|2801|3796|4292|5925|7155|7320|8678|8766|9371|9897|10270|11130|11243|27243|29082|51510|79003|128866|148479|200942|283489,CENPF|DDB1|GOLGA2|KIF2A|MLH1|RB1|TOP2B|UBE2B|BECN1|RAB11A|KIF3B|WASHC5|AKAP8|ZWINT|PMF1|CHMP2A|CHMP4A|CHMP5|MIS12|CHMP4B|PHF13|KLHDC8B|CHAMP1,-0.99
MyList,GO Biological Processes,19,GO:0033059,cellular pigmentation,19_GO:0043473 pigmentation,-2.1,2.6,3,30293,61,1751,9,0.51,0.17,967|1176|4935|8766|10981|23557|84062|89781|282991,CD63|AP3S1|GPR143|RAB11A|RAB32|SNAPIN|DTNBP1|HPS4|BLOC1S2,-0.98
MyList,GO Biological Processes,19,GO:0060972,left/right pattern formation,19_GO:0032502 developmental process,-2.1,1.9,2.8,30293,142,1751,16,0.91,0.23,1767|1855|4087|4088|5991|9371|11197|25911|29880|51668|51676|58495|63917|84314|146845|161582,DNAH5|DVL1|SMAD2|SMAD3|RFX3|KIF3B|WIF1|DPCD|ALG5|IFT25|ASB2|OVOL2|GALNT11|TMEM107|CFAP52|DNAAF4,-0.98
MyList,GO Biological Processes,19,GO:0044772,mitotic cell cycle phase transition,19_GO:0009987 cellular process,-2.1,1.9,2.8,30293,142,1751,16,0.91,0.23,801|1163|1871|7319|7480|8451|8453|10657|10776|11040|27243|27338|51451|57504|128866|143384,CALM1|CKS1B|E2F3|UBE2A|WNT10B|CUL4A|CUL2|KHDRBS1|ARPP19|PIM2|CHMP2A|UBE2S|LCMT1|MTA3|CHMP4B|CACUL1,-0.98
MyList,GO Biological Processes,19,GO:0000819,sister chromatid segregation,19_GO:0009987 cellular process,-2.1,1.9,2.8,30293,142,1751,16,0.91,0.23,2801|3796|5925|7155|8678|8766|9371|10270|11130|27243|29082|51510|79003|128866|148479|283489,GOLGA2|KIF2A|RB1|TOP2B|BECN1|RAB11A|KIF3B|AKAP8|ZWINT|CHMP2A|CHMP4A|CHMP5|MIS12|CHMP4B|PHF13|CHAMP1,-0.98
MyList,GO Biological Processes,19,GO:0051279,regulation of release of sequestered calcium ion into cytosol,19_GO:0042592 homeostatic process,-2.1,2.3,2.9,30293,83,1751,11,0.63,0.19,801|2280|2281|4067|4923|5170|6622|9446|11151|57338|84502,CALM1|FKBP1A|FKBP1B|LYN|NTSR1|PDPK1|SNCA|GSTO1|CORO1A|JPH3|JPH4,-0.98
MyList,GO Biological Processes,19,GO:0032886,regulation of microtubule-based process,19_GO:0050789 regulation of biological process,-2.1,1.7,2.7,30293,258,1751,25,1.4,0.28,3925|5048|5563|5879|6047|6188|6622|7514|9104|10519|11170|22911|27243|29082|29105|51510|55559|79645|79969|81624|118426|128866|221074|255758|441531,STMN1|PAFAH1B1|PRKAA2|RAC1|RNF4|RPS3|SNCA|XPO1|RGN|CIB1|FAM107A|WDR47|CHMP2A|CHMP4A|CFAP20|CHMP5|HAUS7|CLXN|ATAT1|DIAPH3|BORCS5|CHMP4B|SLC39A12|DYNLT2B|PGAM4,-0.98
MyList,GO Biological Processes,19,GO:1903522,regulation of blood circulation,19_GO:0032501 multicellular organismal process,-2.1,1.7,2.7,30293,258,1751,25,1.4,0.28,120|147|493|801|1129|1525|1910|2281|3269|3350|3741|3762|3768|3784|4625|4878|5999|6505|7067|8862|9446|10242|27345|55800|157378,ADD3|ADRA1B|ATP2B4|CALM1|CHRM2|CXADR|EDNRB|FKBP1B|HRH1|HTR1A|KCNA5|KCNJ5|KCNJ12|KCNQ1|MYH7|NPPA|RGS4|SLC1A1|THRA|APLN|GSTO1|KCNMB2|KCNMB4|SCN3B|TMEM65,-0.98
MyList,GO Biological Processes,19,GO:0051224,negative regulation of protein transport,19_GO:0051179 localization,-2.1,2.1,2.8,30293,118,1751,14,0.8,0.21,2281|3033|3156|4856|5211|5569|5715|6422|7295|8724|54602|55612|79651|84830,FKBP1B|HADH|HMGCR|CCN3|PFKL|PKIA|PSMD9|SFRP1|TXN|SNX3|NDFIP2|FERMT1|RHBDF2|ADTRP,-0.98
MyList,GO Biological Processes,19,GO:0060260,regulation of transcription initiation by RNA polymerase II,19_GO:0008152 metabolic process,-2.1,2.4,3,30293,72,1751,10,0.57,0.18,3146|5706|6874|6880|7067|7480|10923|55795|56998|84246,HMGB1|PSMC6|TAF4|TAF9|THRA|WNT10B|SUB1|PCID2|CTNNBIP1|MED10,-0.98
MyList,GO Biological Processes,19,GO:0032722,positive regulation of chemokine production,19_GO:0048518 positive regulation of biological process,-2.1,2.4,3,30293,72,1751,10,0.57,0.18,136|199|727|972|3146|3566|6850|7097|84868|90865,ADORA2B|AIF1|C5|CD74|HMGB1|IL4R|SYK|TLR2|HAVCR2|IL33,-0.98
MyList,GO Biological Processes,19,GO:0044770,cell cycle phase transition,19_GO:0009987 cellular process,-2.1,1.9,2.8,30293,155,1751,17,0.97,0.23,801|1163|1871|7319|7480|8451|8453|10270|10657|10776|11040|27243|27338|51451|57504|128866|143384,CALM1|CKS1B|E2F3|UBE2A|WNT10B|CUL4A|CUL2|AKAP8|KHDRBS1|ARPP19|PIM2|CHMP2A|UBE2S|LCMT1|MTA3|CHMP4B|CACUL1,-0.97
MyList,GO Biological Processes,19,GO:0009394,2'-deoxyribonucleotide metabolic process,19_GO:0008152 metabolic process,-2.1,3,3.1,30293,41,1751,7,0.4,0.15,1806|1841|2987|4860|4968|9615|79077,DPYD|DTYMK|GUK1|PNP|OGG1|GDA|DCTPP1,-0.97
MyList,GO Biological Processes,19,GO:0090114,COPII-coated vesicle budding,19_GO:0051179 localization,-2.1,3,3.1,30293,41,1751,7,0.4,0.15,6396|6399|9871|10016|10483|51399|79090,SEC13|TRAPPC2|SEC24D|PDCD6|SEC23B|TRAPPC4|TRAPPC6A,-0.97
MyList,GO Biological Processes,19,GO:0050805,negative regulation of synaptic transmission,19_GO:0048519 negative regulation of biological process,-2.1,3,3.1,30293,41,1751,7,0.4,0.15,375|2550|2771|2899|27253|57537|127262,ARF1|GABBR1|GNAI2|GRIK3|PCDH17|SORCS2|TPRG1L,-0.97
MyList,GO Biological Processes,19,GO:0060395,SMAD protein signal transduction,19_GO:0050896 response to stimulus,-2.1,3,3.1,30293,41,1751,7,0.4,0.15,4086|4087|4088|8678|9863|10923|57178,SMAD1|SMAD2|SMAD3|BECN1|MAGI2|SUB1|ZMIZ1,-0.97
MyList,GO Biological Processes,19,GO:0001776,leukocyte homeostasis,19_GO:0042592 homeostatic process,-2.1,2.2,2.9,30293,95,1751,12,0.69,0.2,301|3146|3988|4067|4352|4522|5532|10019|10758|11151|54542|55012,ANXA1|HMGB1|LIPA|LYN|MPL|MTHFD1|PPP3CB|SH2B3|TRAF3IP2|CORO1A|RC3H2|PPP2R3C,-0.97
MyList,GO Biological Processes,19,GO:0035966,response to topologically incorrect protein,19_GO:0050896 response to stimulus,-2.1,1.9,2.8,30293,143,1751,16,0.91,0.23,1191|1311|1491|1965|3300|3301|3312|6048|7353|8988|23456|26608|27230|51528|55829|135138,CLU|COMP|CTH|EIF2S1|DNAJB2|DNAJA1|HSPA8|RNF5|UFD1|HSPB3|ABCB10|TBL2|SERP1|JKAMP|SELENOS|PACRG,-0.97
MyList,GO Biological Processes,19,GO:0030258,lipid modification,19_GO:0008152 metabolic process,-2.1,1.9,2.7,30293,168,1751,18,1,0.24,38|240|1607|1891|1892|2109|3033|3712|5191|7941|8613|10449|10455|11001|54886|64748|90809|196051,ACAT1|ALOX5|DGKB|ECH1|ECHS1|ETFB|HADH|IVD|PEX7|PLA2G7|PLPP3|ACAA2|ECI2|SLC27A2|PLPPR1|PLPPR2|PIP4P1|PLPP4,-0.97
MyList,GO Biological Processes,19,GO:1903169,regulation of calcium ion transmembrane transport,19_GO:0051179 localization,-2.1,1.9,2.7,30293,168,1751,18,1,0.24,801|2280|2281|3208|4067|4878|4923|5026|5170|5532|5621|6622|6786|8787|9446|11151|57338|84502,CALM1|FKBP1A|FKBP1B|HPCA|LYN|NPPA|NTSR1|P2RX5|PDPK1|PPP3CB|PRNP|SNCA|STIM1|RGS9|GSTO1|CORO1A|JPH3|JPH4,-0.97
MyList,GO Biological Processes,19,GO:0010952,positive regulation of peptidase activity,19_GO:0048518 positive regulation of biological process,-2.1,1.9,2.7,30293,168,1751,18,1,0.24,317|572|3146|4067|4088|5641|5720|5721|6188|6300|6622|6850|7805|10016|10197|23787|54205|65992,APAF1|BAD|HMGB1|LYN|SMAD3|LGMN|PSME1|PSME2|RPS3|MAPK12|SNCA|SYK|LAPTM5|PDCD6|PSME3|MTCH1|CYCS|DDRGK1,-0.97
MyList,GO Biological Processes,19,GO:1902255,positive regulation of intrinsic apoptotic signaling pathway by p53 class mediator,19_GO:0048518 positive regulation of biological process,-2.1,6.5,3.8,30293,8,1751,3,0.17,0.099,6135|6154|7314,RPL11|RPL26|UBB,-0.97
MyList,GO Biological Processes,19,GO:0006152,purine nucleoside catabolic process,19_GO:0008152 metabolic process,-2.1,6.5,3.8,30293,8,1751,3,0.17,0.099,4860|9615|22875,PNP|GDA|ENPP4,-0.97
MyList,GO Biological Processes,19,GO:1902222,erythrose 4-phosphate/phosphoenolpyruvate family amino acid catabolic process,19_GO:0008152 metabolic process,-2.1,6.5,3.8,30293,8,1751,3,0.17,0.099,2184|3081|259307,FAH|HGD|IL4I1,-0.97
MyList,GO Biological Processes,19,GO:0006551,leucine metabolic process,19_GO:0008152 metabolic process,-2.1,6.5,3.8,30293,8,1751,3,0.17,0.099,3155|3712|56922,HMGCL|IVD|MCCC1,-0.97
MyList,GO Biological Processes,19,GO:0097577,sequestering of iron ion,19_GO:0042592 homeostatic process,-2.1,6.5,3.8,30293,8,1751,3,0.17,0.099,2495|2512|53940,FTH1|FTL|FTHL17,-0.97
MyList,GO Biological Processes,19,GO:0048012,hepatocyte growth factor receptor signaling pathway,19_GO:0050896 response to stimulus,-2.1,6.5,3.8,30293,8,1751,3,0.17,0.099,3082|3925|5879,HGF|STMN1|RAC1,-0.97
MyList,GO Biological Processes,19,GO:0006559,L-phenylalanine catabolic process,19_GO:0008152 metabolic process,-2.1,6.5,3.8,30293,8,1751,3,0.17,0.099,2184|3081|259307,FAH|HGD|IL4I1,-0.97
MyList,GO Biological Processes,19,GO:0015959,diadenosine polyphosphate metabolic process,19_GO:0008152 metabolic process,-2.1,6.5,3.8,30293,8,1751,3,0.17,0.099,11163|55190|170685,NUDT4|NUDT11|NUDT10,-0.97
MyList,GO Biological Processes,19,GO:0060509,type I pneumocyte differentiation,19_GO:0032502 developmental process,-2.1,6.5,3.8,30293,8,1751,3,0.17,0.099,1385|3845|7067,CREB1|KRAS|THRA,-0.97
MyList,GO Biological Processes,19,GO:1902221,erythrose 4-phosphate/phosphoenolpyruvate family amino acid metabolic process,19_GO:0008152 metabolic process,-2.1,6.5,3.8,30293,8,1751,3,0.17,0.099,2184|3081|259307,FAH|HGD|IL4I1,-0.97
MyList,GO Biological Processes,19,GO:0044208,'de novo' AMP biosynthetic process,19_GO:0008152 metabolic process,-2.1,6.5,3.8,30293,8,1751,3,0.17,0.099,158|159|5471,ADSL|ADSS2|PPAT,-0.97
MyList,GO Biological Processes,19,GO:0046950,cellular ketone body metabolic process,19_GO:0008152 metabolic process,-2.1,6.5,3.8,30293,8,1751,3,0.17,0.099,38|3155|5019,ACAT1|HMGCL|OXCT1,-0.97
MyList,GO Biological Processes,19,GO:0070070,proton-transporting V-type ATPase complex assembly,19_GO:0009987 cellular process,-2.1,6.5,3.8,30293,8,1751,3,0.17,0.099,90809|147007|252839,PIP4P1|TMEM199|TMEM9,-0.97
MyList,GO Biological Processes,19,GO:0031652,positive regulation of heat generation,19_GO:0042592 homeostatic process,-2.1,6.5,3.8,30293,8,1751,3,0.17,0.099,1268|5733|8792,CNR1|PTGER3|TNFRSF11A,-0.97
MyList,GO Biological Processes,19,GO:0014052,regulation of gamma-aminobutyric acid secretion,19_GO:0051179 localization,-2.1,6.5,3.8,30293,8,1751,3,0.17,0.099,2550|4923|7200,GABBR1|NTSR1|TRH,-0.97
MyList,GO Biological Processes,19,GO:0032071,regulation of endodeoxyribonuclease activity,19_GO:0008152 metabolic process,-2.1,6.5,3.8,30293,8,1751,3,0.17,0.099,3146|5580|6188,HMGB1|PRKCD|RPS3,-0.97
MyList,GO Biological Processes,19,GO:0006558,L-phenylalanine metabolic process,19_GO:0008152 metabolic process,-2.1,6.5,3.8,30293,8,1751,3,0.17,0.099,2184|3081|259307,FAH|HGD|IL4I1,-0.97
MyList,GO Biological Processes,19,GO:0060372,regulation of atrial cardiac muscle cell membrane repolarization,19_GO:0050789 regulation of biological process,-2.1,6.5,3.8,30293,8,1751,3,0.17,0.099,3741|3784|4878,KCNA5|KCNQ1|NPPA,-0.97
MyList,GO Biological Processes,19,GO:0022417,protein maturation by protein folding,19_GO:0008152 metabolic process,-2.1,6.5,3.8,30293,8,1751,3,0.17,0.099,2280|2281|10549,FKBP1A|FKBP1B|PRDX4,-0.97
MyList,GO Biological Processes,19,GO:0010603,regulation of cytoplasmic mRNA processing body assembly,19_GO:0050789 regulation of biological process,-2.1,6.5,3.8,30293,8,1751,3,0.17,0.099,4848|57472|255967,CNOT2|CNOT6|PAN3,-0.97
MyList,GO Biological Processes,19,GO:1904714,regulation of chaperone-mediated autophagy,19_GO:0008152 metabolic process,-2.1,6.5,3.8,30293,8,1751,3,0.17,0.099,1915|2670|6622,EEF1A1|GFAP|SNCA,-0.97
MyList,GO Biological Processes,19,GO:0031340,positive regulation of vesicle fusion,19_GO:0051179 localization,-2.1,6.5,3.8,30293,8,1751,3,0.17,0.099,301|6622|8448,ANXA1|SNCA|DOC2A,-0.97
MyList,GO Biological Processes,19,GO:0071375,cellular response to peptide hormone stimulus,19_GO:0050896 response to stimulus,-2.1,1.7,2.7,30293,246,1751,24,1.4,0.28,88|142|677|1176|1393|1398|2058|2888|3265|4067|5080|5170|5580|5747|5786|5925|7532|8013|9340|9734|11031|55625|55829|80339,ACTN2|PARP1|ZFP36L1|AP3S1|CRHBP|CRK|EPRS1|GRB14|HRAS|LYN|PAX6|PDPK1|PRKCD|PTK2|PTPRA|RB1|YWHAG|NR4A3|GLP2R|HDAC9|RAB31|ZDHHC7|SELENOS|PNPLA3,-0.96
MyList,GO Biological Processes,19,GO:0050864,regulation of B cell activation,19_GO:0002376 immune system process,-2.1,2,2.8,30293,131,1751,15,0.86,0.22,196|572|677|972|4067|4292|6422|6850|7037|7468|7805|10459|55012|55795|259307,AHR|BAD|ZFP36L1|CD74|LYN|MLH1|SFRP1|SYK|TFRC|NSD2|LAPTM5|MAD2L2|PPP2R3C|PCID2|IL4I1,-0.96
MyList,GO Biological Processes,19,GO:0032231,regulation of actin filament bundle assembly,19_GO:0050789 regulation of biological process,-2.1,2.1,2.8,30293,107,1751,13,0.74,0.21,71|395|3925|4088|5217|5879|6422|7043|7248|9270|9788|55604|79822,ACTG1|ARHGAP6|STMN1|SMAD3|PFN2|RAC1|SFRP1|TGFB3|TSC1|ITGB1BP1|MTSS1|CARMIL1|ARHGAP28,-0.96
MyList,GO Biological Processes,19,GO:0042129,regulation of T cell proliferation,19_GO:0002376 immune system process,-2.1,1.8,2.7,30293,181,1751,19,1.1,0.25,199|301|923|3109|3146|4860|5621|6188|6441|6850|7037|8764|11151|11326|57630|84868|259307|339390|100133941,AIF1|ANXA1|CD6|HLA-DMB|HMGB1|PNP|PRNP|RPS3|SFTPD|SYK|TFRC|TNFRSF14|CORO1A|VSIG4|SH3RF1|HAVCR2|IL4I1|CLEC4G|CD24,-0.96
MyList,GO Biological Processes,19,GO:0006626,protein targeting to mitochondrion,19_GO:0051179 localization,-2,2.5,3,30293,62,1751,9,0.51,0.17,9512|9804|23787|25813|26519|26521|54543|131118|401505,PMPCB|TOMM20|MTCH1|SAMM50|TIMM10|TIMM8B|TOMM7|DNAJC19|TOMM5,-0.95
MyList,GO Biological Processes,19,GO:0019674,NAD metabolic process,19_GO:0008152 metabolic process,-2,2.5,3,30293,62,1751,9,0.51,0.17,2023|4191|4199|5211|5223|7167|8942|133686|349565,ENO1|MDH2|ME1|PFKL|PGAM1|TPI1|KYNU|NADK2|NMNAT3,-0.95
MyList,GO Biological Processes,19,GO:0002834,regulation of response to tumor cell,19_GO:0050896 response to stimulus,-2,3.8,3.3,30293,23,1751,5,0.29,0.13,196|1687|3146|84868|259307,AHR|GSDME|HMGB1|HAVCR2|IL4I1,-0.95
MyList,GO Biological Processes,19,GO:1990858,cellular response to lectin,19_GO:0050896 response to stimulus,-2,3.8,3.3,30293,23,1751,5,0.29,0.13,3821|3822|4067|5063|6850,KLRC1|KLRC2|LYN|PAK3|SYK,-0.95
MyList,GO Biological Processes,19,GO:1990840,response to lectin,19_GO:0050896 response to stimulus,-2,3.8,3.3,30293,23,1751,5,0.29,0.13,3821|3822|4067|5063|6850,KLRC1|KLRC2|LYN|PAK3|SYK,-0.95
MyList,GO Biological Processes,19,GO:0061744,motor behavior,19_GO:0032501 multicellular organismal process,-2,3.8,3.3,30293,23,1751,5,0.29,0.13,2922|6448|6505|7846|22911,GRP|SGSH|SLC1A1|TUBA1A|WDR47,-0.95
MyList,GO Biological Processes,19,GO:0006972,hyperosmotic response,19_GO:0050896 response to stimulus,-2,3.8,3.3,30293,23,1751,5,0.29,0.13,231|358|2547|5170|6750,AKR1B1|AQP1|XRCC6|PDPK1|SST,-0.95
MyList,GO Biological Processes,19,GO:0046033,AMP metabolic process,19_GO:0008152 metabolic process,-2,3.8,3.3,30293,23,1751,5,0.29,0.13,158|159|271|318|5471,ADSL|ADSS2|AMPD2|NUDT2|PPAT,-0.95
MyList,GO Biological Processes,19,GO:0002223,stimulatory C-type lectin receptor signaling pathway,19_GO:0044419 biological process involved in interspecies interaction between organisms,-2,3.8,3.3,30293,23,1751,5,0.29,0.13,3821|3822|4067|5063|6850,KLRC1|KLRC2|LYN|PAK3|SYK,-0.95
MyList,GO Biological Processes,19,GO:0046753,non-lytic viral release,19_GO:0016032 viral process,-2,4.6,3.5,30293,15,1751,4,0.23,0.11,27243|29082|51510|128866,CHMP2A|CHMP4A|CHMP5|CHMP4B,-0.95
MyList,GO Biological Processes,19,GO:0021859,pyramidal neuron differentiation,19_GO:0032502 developmental process,-2,4.6,3.5,30293,15,1751,4,0.23,0.11,2290|7846|57178|57282,FOXG1|TUBA1A|ZMIZ1|SLC4A10,-0.95
MyList,GO Biological Processes,19,GO:0043328,protein transport to vacuole involved in ubiquitin-dependent protein catabolic process via the multivesicular body sorting pathway,19_GO:0051179 localization,-2,4.6,3.5,30293,15,1751,4,0.23,0.11,7251|11267|55048|155382,TSG101|SNF8|VPS37C|VPS37D,-0.95
MyList,GO Biological Processes,19,GO:0006620,post-translational protein targeting to endoplasmic reticulum membrane,19_GO:0051179 localization,-2,4.6,3.5,30293,15,1751,4,0.23,0.11,23480|29082|51608|128866,SEC61G|CHMP4A|GET4|CHMP4B,-0.95
MyList,GO Biological Processes,19,GO:0051444,negative regulation of ubiquitin-protein transferase activity,19_GO:0048519 negative regulation of biological process,-2,4.6,3.5,30293,15,1751,4,0.23,0.11,6125|6135|9532|10459,RPL5|RPL11|BAG2|MAD2L2,-0.95
MyList,GO Biological Processes,19,GO:0006957,"complement activation, alternative pathway",19_GO:0044419 biological process involved in interspecies interaction between organisms,-2,4.6,3.5,30293,15,1751,4,0.23,0.11,718|727|1675|11326,C3|C5|CFD|VSIG4,-0.95
MyList,GO Biological Processes,19,GO:0051220,cytoplasmic sequestering of protein,19_GO:0051179 localization,-2,4.6,3.5,30293,15,1751,4,0.23,0.11,1627|4794|7529|51608,DBN1|NFKBIE|YWHAB|GET4,-0.95
MyList,GO Biological Processes,19,GO:0086066,atrial cardiac muscle cell to AV node cell communication,19_GO:0032501 multicellular organismal process,-2,4.6,3.5,30293,15,1751,4,0.23,0.11,3741|3762|3784|55800,KCNA5|KCNJ5|KCNQ1|SCN3B,-0.95
MyList,GO Biological Processes,19,GO:0042092,type 2 immune response,19_GO:0002376 immune system process,-2,4.6,3.5,30293,15,1751,4,0.23,0.11,3566|4602|10758|90865,IL4R|MYB|TRAF3IP2|IL33,-0.95
MyList,GO Biological Processes,19,GO:0051284,positive regulation of sequestering of calcium ion,19_GO:0042592 homeostatic process,-2,4.6,3.5,30293,15,1751,4,0.23,0.11,801|2281|4923|9446,CALM1|FKBP1B|NTSR1|GSTO1,-0.95
MyList,GO Biological Processes,19,GO:0002448,mast cell mediated immunity,19_GO:0002376 immune system process,-2,3.2,3.1,30293,32,1751,6,0.34,0.14,136|2922|4067|6850|8013|10417,ADORA2B|GRP|LYN|SYK|NR4A3|SPON2,-0.95
MyList,GO Biological Processes,19,GO:0046685,response to arsenic-containing substance,19_GO:0050896 response to stimulus,-2,3.2,3.1,30293,32,1751,6,0.34,0.14,2235|3178|5936|6047|9446|119391,FECH|HNRNPA1|RBM4|RNF4|GSTO1|GSTO2,-0.95
MyList,GO Biological Processes,19,GO:0097061,dendritic spine organization,19_GO:0009987 cellular process,-2,3.2,3.1,30293,32,1751,6,0.34,0.14,375|1501|1855|5063|5621|5641,ARF1|CTNND2|DVL1|PAK3|PRNP|LGMN,-0.95
MyList,GO Biological Processes,19,GO:0007565,female pregnancy,19_GO:0022414 reproductive process,-2,1.8,2.7,30293,169,1751,18,1,0.24,113|142|1268|1307|1393|3488|4878|5125|5368|5764|6159|7043|7216|7372|8909|23641|53405|84868,ADCY7|PARP1|CNR1|COL16A1|CRHBP|IGFBP5|NPPA|PCSK5|PNOC|PTN|RPL29|TGFB3|TRO|UMPS|ENDOU|LDOC1|CLIC5|HAVCR2,-0.95
MyList,GO Biological Processes,19,GO:0003002,regionalization,19_GO:0032502 developmental process,-2,1.5,2.6,30293,412,1751,36,2.1,0.34,712|718|1746|1767|1855|2018|2290|2735|2926|3684|4087|4088|5080|5100|5125|5991|6422|7477|9289|9355|9371|10006|10683|11197|25911|29880|51668|51676|56998|58495|63917|79971|80319|84314|146845|161582,C1QA|C3|DLX2|DNAH5|DVL1|EMX2|FOXG1|GLI1|GRSF1|ITGAM|SMAD2|SMAD3|PAX6|PCDH8|PCSK5|RFX3|SFRP1|WNT7B|ADGRG1|LHX2|KIF3B|ABI1|DLL3|WIF1|DPCD|ALG5|IFT25|ASB2|CTNNBIP1|OVOL2|GALNT11|WLS|CXXC4|TMEM107|CFAP52|DNAAF4,-0.95
MyList,GO Biological Processes,19,GO:0010594,regulation of endothelial cell migration,19_GO:0040011 locomotion,-2,1.7,2.7,30293,234,1751,23,1.3,0.27,301|493|498|2752|2821|3146|5170|5641|5747|5764|5879|7010|7101|7114|8613|9270|9734|10016|10519|56999|64218|116150|147372,ANXA1|ATP2B4|ATP5F1A|GLUL|GPI|HMGB1|PDPK1|LGMN|PTK2|PTN|RAC1|TEK|NR2E1|TMSB4X|PLPP3|ITGB1BP1|HDAC9|PDCD6|CIB1|ADAMTS9|SEMA4A|NUS1|CCBE1,-0.95
MyList,GO Biological Processes,19,GO:0034308,primary alcohol metabolic process,19_GO:0008152 metabolic process,-2,2.2,2.8,30293,96,1751,12,0.69,0.2,217|231|1910|5950|8574|8630|8644|10170|10901|51573|79178|84649,ALDH2|AKR1B1|EDNRB|RBP4|AKR7A2|HSD17B6|AKR1C3|DHRS9|DHRS4|GDE1|THTPA|DGAT2,-0.95
MyList,GO Biological Processes,19,GO:0031330,negative regulation of cellular catabolic process,19_GO:0048519 negative regulation of biological process,-2,1.7,2.7,30293,221,1751,22,1.3,0.27,493|1268|2521|2801|3082|3183|5987|6048|6622|7248|8678|9104|9637|9711|10758|11180|57533|58528|64282|81892|92196|151176,ATP2B4|CNR1|FUS|GOLGA2|HGF|HNRNPC|TRIM27|RNF5|SNCA|TSC1|BECN1|RGN|FEZ2|RUBCN|TRAF3IP2|WDR6|TBC1D14|RRAGD|TENT4B|SLIRP|DAPL1|ERFE,-0.94
MyList,GO Biological Processes,19,GO:0009755,hormone-mediated signaling pathway,19_GO:0050896 response to stimulus,-2,2,2.8,30293,132,1751,15,0.86,0.22,1393|3301|5245|6750|6751|7067|7101|7200|7337|7533|8013|10521|23558|55625|57178,CRHBP|DNAJA1|PHB1|SST|SSTR1|THRA|NR2E1|TRH|UBE3A|YWHAH|NR4A3|DDX17|WBP2|ZDHHC7|ZMIZ1,-0.94
MyList,GO Biological Processes,19,GO:1903076,regulation of protein localization to plasma membrane,19_GO:0051179 localization,-2,2.1,2.8,30293,108,1751,13,0.74,0.21,493|598|5170|5621|6810|8673|10490|10519|11079|55022|55625|57628|378884,ATP2B4|BCL2L1|PDPK1|PRNP|STX4|VAMP8|VTI1B|CIB1|RER1|PID1|ZDHHC7|DPP10|NHLRC1,-0.94
MyList,GO Biological Processes,19,GO:1901989,positive regulation of cell cycle phase transition,19_GO:0048518 positive regulation of biological process,-2,2,2.8,30293,120,1751,14,0.8,0.21,199|2735|3741|5356|5925|7480|8444|8451|8766|51529|56257|57504|65992|219736,AIF1|GLI1|KCNA5|PLRG1|RB1|WNT10B|DYRK3|CUL4A|RAB11A|ANAPC11|MEPCE|MTA3|DDRGK1|STOX1,-0.94
MyList,GO Biological Processes,19,GO:0021872,forebrain generation of neurons,19_GO:0032502 developmental process,-2,2.7,3,30293,52,1751,8,0.46,0.16,1746|2290|5080|7101|7314|26468|57178|57282,DLX2|FOXG1|PAX6|NR2E1|UBB|LHX6|ZMIZ1|SLC4A10,-0.94
MyList,GO Biological Processes,19,GO:1904263,positive regulation of TORC1 signaling,19_GO:0048518 positive regulation of biological process,-2,2.7,3,30293,52,1751,8,0.46,0.16,6009|6396|6850|8649|28956|57600|58528|90809,RHEB|SEC13|SYK|LAMTOR3|LAMTOR2|FNIP2|RRAGD|PIP4P1,-0.94
MyList,GO Biological Processes,19,GO:0009262,deoxyribonucleotide metabolic process,19_GO:0008152 metabolic process,-2,2.9,3,30293,42,1751,7,0.4,0.15,1806|1841|2987|4860|4968|9615|79077,DPYD|DTYMK|GUK1|PNP|OGG1|GDA|DCTPP1,-0.93
MyList,GO Biological Processes,19,GO:0051294,establishment of spindle orientation,19_GO:0051179 localization,-2,2.9,3,30293,42,1751,7,0.4,0.15,5048|5080|6993|23291|26086|55968|137886,PAFAH1B1|PAX6|DYNLT1|FBXW11|GPSM1|NSFL1C|UBXN2B,-0.93
MyList,GO Biological Processes,19,GO:0019692,deoxyribose phosphate metabolic process,19_GO:0008152 metabolic process,-2,2.9,3,30293,42,1751,7,0.4,0.15,1806|1841|2987|4860|4968|9615|79077,DPYD|DTYMK|GUK1|PNP|OGG1|GDA|DCTPP1,-0.93
MyList,GO Biological Processes,19,GO:0051591,response to cAMP,19_GO:0050896 response to stimulus,-2,2.2,2.8,30293,85,1751,11,0.63,0.19,196|358|594|677|1393|3488|3784|5138|5906|7010|7480,AHR|AQP1|BCKDHB|ZFP36L1|CRHBP|IGFBP5|KCNQ1|PDE2A|RAP1A|TEK|WNT10B,-0.93
MyList,GO Biological Processes,19,GO:0032412,regulation of monoatomic ion transmembrane transporter activity,19_GO:0051179 localization,-2,1.7,2.6,30293,222,1751,22,1.3,0.27,88|801|1393|2280|2281|2922|3208|3755|4878|5621|6786|7114|7533|9446|10368|23327|53826|55800|57338|63928|84502|729993,ACTN2|CALM1|CRHBP|FKBP1A|FKBP1B|GRP|HPCA|KCNG1|NPPA|PRNP|STIM1|TMSB4X|YWHAH|GSTO1|CACNG3|NEDD4L|FXYD6|SCN3B|JPH3|CHP2|JPH4|SHISA9,-0.93
MyList,GO Biological Processes,19,GO:0031348,negative regulation of defense response,19_GO:0048519 negative regulation of biological process,-2,1.6,2.6,30293,289,1751,27,1.5,0.29,103|142|196|240|613|1398|3082|3821|4067|4088|4856|5580|5925|6223|6850|7010|7114|9111|11326|29883|51441|55829|79626|79651|84868|90355|90865,ADAR|PARP1|AHR|ALOX5|BCR|CRK|HGF|KLRC1|LYN|SMAD3|CCN3|PRKCD|RB1|RPS19|SYK|TEK|TMSB4X|NMI|VSIG4|CNOT7|YTHDF2|SELENOS|TNFAIP8L2|RHBDF2|HAVCR2|MACIR|IL33,-0.92
MyList,GO Biological Processes,19,GO:0032409,regulation of transporter activity,19_GO:0065007 biological regulation,-2,1.7,2.6,30293,262,1751,25,1.4,0.28,88|801|1393|2280|2281|2922|3208|3755|4878|5580|5621|6622|6786|7114|7533|9446|10368|23327|53826|54602|55800|57338|63928|84502|729993,ACTN2|CALM1|CRHBP|FKBP1A|FKBP1B|GRP|HPCA|KCNG1|NPPA|PRKCD|PRNP|SNCA|STIM1|TMSB4X|YWHAH|GSTO1|CACNG3|NEDD4L|FXYD6|NDFIP2|SCN3B|JPH3|CHP2|JPH4|SHISA9,-0.92
MyList,GO Biological Processes,19,GO:0051276,chromosome organization,19_GO:0009987 cellular process,-2,1.5,2.5,30293,485,1751,41,2.3,0.36,142|1063|2547|2801|3146|3159|3181|3796|4175|4292|5885|5925|6118|7155|7320|7507|8678|8766|9371|10270|10459|11130|24144|27243|29082|51510|51659|54433|55651|55746|55795|79003|80169|116028|125476|128866|148479|152485|283489|387103|401541,PARP1|CENPF|XRCC6|GOLGA2|HMGB1|HMGA1|HNRNPA2B1|KIF2A|MCM6|MLH1|RAD21|RB1|RPA2|TOP2B|UBE2B|XPA|BECN1|RAB11A|KIF3B|AKAP8|MAD2L2|ZWINT|TFIP11|CHMP2A|CHMP4A|CHMP5|GINS2|GAR1|NHP2|NUP133|PCID2|MIS12|CTC1|RMI2|INO80C|CHMP4B|PHF13|ZNF827|CHAMP1|CENPW|CENPP,-0.92
MyList,GO Biological Processes,19,GO:0002790,peptide secretion,19_GO:0051179 localization,-2,2.3,2.9,30293,74,1751,10,0.57,0.18,358|1363|2281|4087|5936|6567|8111|27230|27445|51714,AQP1|CPE|FKBP1B|SMAD2|RBM4|SLC16A2|GPR68|SERP1|PCLO|SELENOT,-0.92
MyList,GO Biological Processes,19,GO:0051090,regulation of DNA-binding transcription factor activity,19_GO:0008152 metabolic process,-2,1.5,2.6,30293,386,1751,34,1.9,0.33,190|307|1191|3275|4088|4794|5478|5621|5687|5925|5987|6188|6598|6850|7037|7097|7874|8321|8613|8792|8945|10346|10459|10519|54583|55128|55859|56998|65992|84868|149951|170622|260434|284434,NR0B1|ANXA4|CLU|PRMT2|SMAD3|NFKBIE|PPIA|PRNP|PSMA6|RB1|TRIM27|RPS3|SMARCB1|SYK|TFRC|TLR2|USP7|FZD1|PLPP3|TNFRSF11A|BTRC|TRIM22|MAD2L2|CIB1|EGLN1|TRIM68|BEX1|CTNNBIP1|DDRGK1|HAVCR2|COMMD7|COMMD6|PYDC1|NWD1,-0.92
