Name,Category,CategoryID,GO,Description,PARENT_GO,LogP,Enrichment,Z-score,#TotalGeneInLibrary,#GeneInGO,#GeneInHitList,#GeneInGOAndHitList,%InGO,STDV %InGO,GeneID,Hits,Log(q-value)
MyList,GO Biological Processes,19,GO:0006897,endocytosis,19_GO:0051179 localization,-12,3.4,8.8,30293,522,728,43,5.9,0.87,157|929|998|1601|1793|2060|4035|4041|4430|4615|4689|5290|5322|6453|6642|7099|7525|8867|8871|9322|9873|10059|10451|11031|22848|22876|23221|23301|26052|26130|27102|27131|51435|54453|54734|55707|57381|57403|57534|57720|80230|85377|201176,GRK3|CD14|CDC42|DAB2|DOCK1|EPS15|LRP1|LRP5|MYO1B|MYD88|NCF4|PIK3CA|PLA2G5|ITSN1|SNX1|TLR4|YES1|SYNJ1|SYNJ2|TRIP10|FCHSD2|DNM1L|VAV3|RAB31|AAK1|INPP5F|RHOBTB2|EHBP1|DNM3|GAPVD1|EIF2AK1|SNX5|SCARA3|RIN2|RAB39A|NECAP2|RHOJ|RAB22A|MIB1|GPR107|RUFY1|MICALL1|ARHGAP27,-7.4
MyList,GO Biological Processes,19,GO:0098657,import into cell,19_GO:0051179 localization,-9.8,2.8,7.7,30293,708,728,48,6.6,0.92,157|929|998|1601|1793|2060|3770|4035|4041|4430|4615|4689|5290|5322|6453|6539|6546|6573|6642|7099|7525|8867|8871|9322|9873|10059|10451|11031|22848|22876|23221|23301|26052|26130|27102|27131|51435|54453|54734|55707|57381|57403|57534|57720|80230|81031|85377|201176,GRK3|CD14|CDC42|DAB2|DOCK1|EPS15|KCNJ14|LRP1|LRP5|MYO1B|MYD88|NCF4|PIK3CA|PLA2G5|ITSN1|SLC6A12|SLC8A1|SLC19A1|SNX1|TLR4|YES1|SYNJ1|SYNJ2|TRIP10|FCHSD2|DNM1L|VAV3|RAB31|AAK1|INPP5F|RHOBTB2|EHBP1|DNM3|GAPVD1|EIF2AK1|SNX5|SCARA3|RIN2|RAB39A|NECAP2|RHOJ|RAB22A|MIB1|GPR107|RUFY1|SLC2A10|MICALL1|ARHGAP27,-5.9
MyList,GO Biological Processes,19,GO:0051223,regulation of protein transport,19_GO:0051179 localization,-8.6,3.2,7.4,30293,438,728,34,4.7,0.78,18|998|1445|2029|3059|3091|3123|3170|3625|4041|5208|5566|5573|5587|5781|5978|7043|7099|7175|7327|7341|7351|8660|9024|9695|10059|10434|10541|10956|26130|51128|51277|51738|163882,ABAT|CDC42|CSK|ENSA|HCLS1|HIF1A|HLA-DRB1|FOXA2|INHBB|LRP5|PFKFB2|PRKACA|PRKAR1A|PRKD1|PTPN11|REST|TGFB3|TLR4|TPR|UBE2G2|SUMO1|UCP2|IRS2|BRSK2|EDEM1|DNM1L|LYPLA1|ANP32B|OS9|GAPVD1|SAR1B|DNAJC27|GHRL|CNST,-4.9
MyList,GO Biological Processes,19,GO:0007264,small GTPase mediated signal transduction,19_GO:0050896 response to stimulus,-8.2,4,7.6,30293,262,728,25,3.4,0.67,390|394|998|1793|2059|2909|5906|5923|8844|9101|9826|10287|10451|10630|10750|23191|23221|27314|29899|54453|54734|55333|57381|80230|93663,RND3|ARHGAP5|CDC42|DOCK1|EPS8|ARHGAP35|RAP1A|RASGRF1|KSR1|USP8|ARHGEF11|RGS19|VAV3|PDPN|GRAP|CYFIP1|RHOBTB2|RAB30|GPSM2|RIN2|RAB39A|SYNJ2BP|RHOJ|RUFY1|ARHGAP18,-4.7
MyList,GO Biological Processes,19,GO:0009725,response to hormone,19_GO:0050896 response to stimulus,-8,2.5,6.7,30293,780,728,47,6.5,0.91,2|178|183|324|594|595|1109|1407|1445|1520|1583|1601|1616|1645|1728|1909|1979|2155|2688|3059|3625|3716|4041|4303|5290|5467|5566|5573|5587|5781|5978|6294|7043|7351|7538|8644|8660|8891|9101|9882|10768|11031|23191|23543|26060|51094|51738,A2M|AGL|AGT|APC|BCKDHB|CCND1|AKR1C4|CRY1|CSK|CTSS|CYP11A1|DAB2|DAXX|AKR1C1|NQO1|EDNRA|EIF4EBP2|F7|GH1|HCLS1|INHBB|JAK1|LRP5|FOXO4|PIK3CA|PPARD|PRKACA|PRKAR1A|PRKD1|PTPN11|REST|SAFB|TGFB3|UCP2|ZFP36|AKR1C3|IRS2|EIF2B3|USP8|TBC1D4|AHCYL1|RAB31|CYFIP1|RBFOX2|APPL1|ADIPOR1|GHRL,-4.6
MyList,GO Biological Processes,19,GO:0005975,carbohydrate metabolic process,19_GO:0008152 metabolic process,-8,3.1,7,30293,441,728,33,4.5,0.77,178|219|669|1407|2023|2582|2585|2632|3572|4041|4668|4938|5208|5209|5290|5467|5501|5509|7351|7903|8277|8660|8707|9695|10993|27235|51738|54187|57103|80146|83931|84750|129807,AGL|ALDH1B1|BPGM|CRY1|ENO1|GALE|GALK2|GBE1|IL6ST|LRP5|NAGA|OAS1|PFKFB2|PFKFB3|PIK3CA|PPARD|PPP1CC|PPP1R3D|UCP2|ST8SIA4|TKTL1|IRS2|B3GALT2|EDEM1|SDS|COQ2|GHRL|NANS|TIGAR|UXS1|STK40|FUT10|NEU4,-4.6
MyList,GO Biological Processes,19,GO:0032870,cellular response to hormone stimulus,19_GO:0050896 response to stimulus,-7.6,2.9,6.8,30293,501,728,35,4.8,0.79,183|324|1109|1445|1520|1583|1616|1645|1909|1979|2688|3625|3716|4303|5290|5467|5566|5573|5587|5781|5978|6294|7351|7538|8644|8660|9101|9882|10768|11031|23191|23543|26060|51094|51738,AGT|APC|AKR1C4|CSK|CTSS|CYP11A1|DAXX|AKR1C1|EDNRA|EIF4EBP2|GH1|INHBB|JAK1|FOXO4|PIK3CA|PPARD|PRKACA|PRKAR1A|PRKD1|PTPN11|REST|SAFB|UCP2|ZFP36|AKR1C3|IRS2|USP8|TBC1D4|AHCYL1|RAB31|CYFIP1|RBFOX2|APPL1|ADIPOR1|GHRL,-4.3
MyList,GO Biological Processes,19,GO:0009991,response to extracellular stimulus,19_GO:0050896 response to stimulus,-7.6,2.9,6.7,30293,505,728,35,4.8,0.79,2|178|429|594|1649|1728|2029|2074|2155|2688|2909|3170|3625|4049|4303|5467|5587|5723|5828|6935|7351|7482|7538|8644|9213|23367|27102|27327|29103|51738|55270|55863|79718|220441|643246,A2M|AGL|ASCL1|BCKDHB|DDIT3|NQO1|ENSA|ERCC6|F7|GH1|ARHGAP35|FOXA2|INHBB|LTA|FOXO4|PPARD|PRKD1|PSPH|PEX2|ZEB1|UCP2|WNT2B|ZFP36|AKR1C3|XPR1|LARP1|EIF2AK1|TNRC6A|DNAJC15|GHRL|NUDT15|TMEM126B|TBL1XR1|RNF152|MAP1LC3B2,-4.3
MyList,GO Biological Processes,19,GO:0000447,"endonucleolytic cleavage in ITS1 to separate SSU-rRNA from 5.8S rRNA and LSU-rRNA from tricistronic rRNA transcript (SSU-rRNA, 5.8S rRNA, LSU-rRNA)",19_GO:0008152 metabolic process,-7.4,25,12,30293,10,728,6,0.82,0.34,8602|10171|23212|29777|51077|161424,NOP14|RCL1|RRS1|ABT1|FCF1|NOP9,-4.2
MyList,GO Biological Processes,19,GO:0030490,maturation of SSU-rRNA,19_GO:0008152 metabolic process,-7.4,8.6,8.7,30293,53,728,11,1.5,0.45,6234|8602|9790|10171|10199|23212|28987|29777|51077|57050|161424,RPS28|NOP14|BMS1|RCL1|MPHOSPH10|RRS1|NOB1|ABT1|FCF1|UTP3|NOP9,-4.2
MyList,GO Biological Processes,19,GO:0000479,"endonucleolytic cleavage of tricistronic rRNA transcript (SSU-rRNA, 5.8S rRNA, LSU-rRNA)",19_GO:0008152 metabolic process,-7.1,17,10,30293,17,728,7,0.96,0.36,8602|9790|10171|23212|29777|51077|161424,NOP14|BMS1|RCL1|RRS1|ABT1|FCF1|NOP9,-4
MyList,GO Biological Processes,19,GO:0070201,regulation of establishment of protein localization,19_GO:0051179 localization,-6.9,2.7,6.3,30293,535,728,35,4.8,0.79,18|998|1445|2029|3059|3091|3123|3170|3625|4041|5208|5566|5573|5587|5781|5978|7043|7099|7175|7327|7341|7351|8660|8851|9024|9695|10059|10434|10541|10956|26130|51128|51277|51738|163882,ABAT|CDC42|CSK|ENSA|HCLS1|HIF1A|HLA-DRB1|FOXA2|INHBB|LRP5|PFKFB2|PRKACA|PRKAR1A|PRKD1|PTPN11|REST|TGFB3|TLR4|TPR|UBE2G2|SUMO1|UCP2|IRS2|CDK5R1|BRSK2|EDEM1|DNM1L|LYPLA1|ANP32B|OS9|GAPVD1|SAR1B|DNAJC27|GHRL|CNST,-3.8
MyList,GO Biological Processes,19,GO:0031667,response to nutrient levels,19_GO:0050896 response to stimulus,-6.7,2.8,6.2,30293,476,728,32,4.4,0.76,2|178|429|594|1649|1728|2029|2155|2688|3170|3625|4049|4303|5467|5587|5723|5828|6935|7351|7482|7538|8644|9213|23367|27102|27327|29103|51738|55863|79718|220441|643246,A2M|AGL|ASCL1|BCKDHB|DDIT3|NQO1|ENSA|F7|GH1|FOXA2|INHBB|LTA|FOXO4|PPARD|PRKD1|PSPH|PEX2|ZEB1|UCP2|WNT2B|ZFP36|AKR1C3|XPR1|LARP1|EIF2AK1|TNRC6A|DNAJC15|GHRL|TMEM126B|TBL1XR1|RNF152|MAP1LC3B2,-3.6
MyList,GO Biological Processes,19,GO:0000480,"endonucleolytic cleavage in 5'-ETS of tricistronic rRNA transcript (SSU-rRNA, 5.8S rRNA, LSU-rRNA)",19_GO:0008152 metabolic process,-6.4,26,11,30293,8,728,5,0.69,0.31,8602|10171|29777|51077|161424,NOP14|RCL1|ABT1|FCF1|NOP9,-3.3
MyList,GO Biological Processes,19,GO:0071375,cellular response to peptide hormone stimulus,19_GO:0050896 response to stimulus,-6.2,3.6,6.3,30293,246,728,21,2.9,0.62,183|324|1445|1583|1909|1979|2688|3625|3716|4303|5290|5566|5573|5587|7351|8660|9882|10768|11031|23191|26060,AGT|APC|CSK|CYP11A1|EDNRA|EIF4EBP2|GH1|INHBB|JAK1|FOXO4|PIK3CA|PRKACA|PRKAR1A|PRKD1|UCP2|IRS2|TBC1D4|AHCYL1|RAB31|CYFIP1|APPL1,-3.2
MyList,GO Biological Processes,19,GO:0030099,myeloid cell differentiation,19_GO:0032502 developmental process,-6.2,3.3,6.2,30293,289,728,23,3.2,0.65,669|998|1880|2313|3059|3123|4090|4615|5781|7099|7351|7538|9258|9644|9846|22985|23218|23376|27102|51522|54790|55904|94081,BPGM|CDC42|GPR183|FLI1|HCLS1|HLA-DRB1|SMAD5|MYD88|PTPN11|TLR4|UCP2|ZFP36|MFHAS1|SH3PXD2A|GAB2|ACIN1|NBEAL2|UFL1|EIF2AK1|TMEM14C|TET2|KMT2E|SFXN1,-3.2
MyList,GO Biological Processes,19,GO:1901653,cellular response to peptide,19_GO:0050896 response to stimulus,-6.2,3.2,6.2,30293,311,728,24,3.3,0.66,183|324|1445|1583|1909|1979|2688|3625|3716|4035|4303|5290|5566|5573|5587|7099|7351|8660|9882|10768|11031|23191|26060|90933,AGT|APC|CSK|CYP11A1|EDNRA|EIF4EBP2|GH1|INHBB|JAK1|LRP1|FOXO4|PIK3CA|PRKACA|PRKAR1A|PRKD1|TLR4|UCP2|IRS2|TBC1D4|AHCYL1|RAB31|CYFIP1|APPL1|TRIM41,-3.2
MyList,GO Biological Processes,19,GO:1903829,positive regulation of protein localization,19_GO:0051179 localization,-6.1,2.7,5.8,30293,481,728,31,4.3,0.75,18|324|636|998|3059|3091|3123|3716|3799|4035|5208|5290|5566|5573|5587|7043|7099|7175|8660|8851|9695|10059|10541|10542|29899|51068|51128|51574|51738|83666|163882,ABAT|APC|BICD1|CDC42|HCLS1|HIF1A|HLA-DRB1|JAK1|KIF5B|LRP1|PFKFB2|PIK3CA|PRKACA|PRKAR1A|PRKD1|TGFB3|TLR4|TPR|IRS2|CDK5R1|EDEM1|DNM1L|ANP32B|LAMTOR5|GPSM2|NMD3|SAR1B|LARP7|GHRL|PARP9|CNST,-3.2
MyList,GO Biological Processes,19,GO:0032103,positive regulation of response to external stimulus,19_GO:0048518 positive regulation of biological process,-6.1,2.5,5.8,30293,557,728,34,4.7,0.78,183|929|1520|1826|2155|2828|3430|3570|3572|3656|4049|4332|4615|4814|4938|5322|5587|7060|7099|7423|8737|9258|9447|9865|9958|10059|23075|51738|83666|90268|90933|118788|196527|340061,AGT|CD14|CTSS|DSCAM|F7|GPR4|IFI35|IL6R|IL6ST|IRAK2|LTA|MNDA|MYD88|NINJ1|OAS1|PLA2G5|PRKD1|THBS4|TLR4|VEGFB|RIPK1|MFHAS1|AIM2|TRIL|USP15|DNM1L|SWAP70|GHRL|PARP9|OTULIN|TRIM41|PIK3AP1|ANO6|STING1,-3.2
MyList,GO Biological Processes,19,GO:0007265,Ras protein signal transduction,19_GO:0050896 response to stimulus,-6,3.9,6.4,30293,191,728,18,2.5,0.58,394|998|2059|2909|5906|5923|8844|9101|9826|10630|10750|23191|23221|27314|29899|54734|55333|57381,ARHGAP5|CDC42|EPS8|ARHGAP35|RAP1A|RASGRF1|KSR1|USP8|ARHGEF11|PDPN|GRAP|CYFIP1|RHOBTB2|RAB30|GPSM2|RAB39A|SYNJ2BP|RHOJ,-3.1
MyList,GO Biological Processes,19,GO:0046883,regulation of hormone secretion,19_GO:0051179 localization,-6,3.4,6.1,30293,254,728,21,2.9,0.62,18|183|1407|1601|2029|3091|3123|3170|3625|4041|5208|5566|5573|5587|5781|5978|7351|8660|9024|51738|91608,ABAT|AGT|CRY1|DAB2|ENSA|HIF1A|HLA-DRB1|FOXA2|INHBB|LRP5|PFKFB2|PRKACA|PRKAR1A|PRKD1|PTPN11|REST|UCP2|IRS2|BRSK2|GHRL|RASL10B,-3.1
MyList,GO Biological Processes,19,GO:0002831,regulation of response to biotic stimulus,19_GO:0050896 response to stimulus,-6,2.6,5.7,30293,513,728,32,4.4,0.76,2|329|929|1520|3123|3430|3656|4332|4615|4814|4938|5322|5587|5781|7099|9258|9447|9865|9958|10758|22978|26060|55366|55914|57103|80212|80254|83666|90268|90933|118788|340061,A2M|BIRC2|CD14|CTSS|HLA-DRB1|IFI35|IRAK2|MNDA|MYD88|NINJ1|OAS1|PLA2G5|PRKD1|PTPN11|TLR4|MFHAS1|AIM2|TRIL|USP15|TRAF3IP2|NT5C2|APPL1|LGR4|ERBIN|TIGAR|CCDC92|CEP63|PARP9|OTULIN|TRIM41|PIK3AP1|STING1,-3.1
MyList,GO Biological Processes,19,GO:0032787,monocarboxylic acid metabolic process,19_GO:0008152 metabolic process,-5.9,2.6,5.7,30293,516,728,32,4.4,0.76,18|47|216|225|669|1066|1109|1645|1666|2023|3091|5208|5322|5467|5828|6785|7351|8644|8824|10434|10993|23305|26031|50640|51094|54898|55268|57103|79966|80025|114880|123876,ABAT|ACLY|ALDH1A1|ABCD2|BPGM|CES1|AKR1C4|AKR1C1|DECR1|ENO1|HIF1A|PFKFB2|PLA2G5|PPARD|PEX2|ELOVL4|UCP2|AKR1C3|CES2|LYPLA1|SDS|ACSL6|OSBPL3|PNPLA8|ADIPOR1|ELOVL2|ECHDC2|TIGAR|SCD5|PANK2|OSBPL6|ACSM2A,-3.1
MyList,GO Biological Processes,19,GO:0051056,regulation of small GTPase mediated signal transduction,19_GO:0050896 response to stimulus,-5.8,3.2,5.9,30293,303,728,23,3.2,0.65,394|2059|2828|2909|4168|5923|6453|9826|10451|10565|10617|23075|57568|80243|84249|84952|93663|121512|152273|153478|201176|202243|440730,ARHGAP5|EPS8|GPR4|ARHGAP35|MCF2|RASGRF1|ITSN1|ARHGEF11|VAV3|ARFGEF1|STAMBP|SWAP70|SIPA1L2|PREX2|PSD2|CGNL1|ARHGAP18|FGD4|FGD5|PLEKHG4B|ARHGAP27|CCDC125|TRIM67,-3.1
MyList,GO Biological Processes,19,GO:0090276,regulation of peptide hormone secretion,19_GO:0051179 localization,-5.8,3.8,6.2,30293,197,728,18,2.5,0.58,18|2029|3091|3123|3170|3625|4041|5208|5566|5573|5587|5781|5978|7351|8660|9024|51738|91608,ABAT|ENSA|HIF1A|HLA-DRB1|FOXA2|INHBB|LRP5|PFKFB2|PRKACA|PRKAR1A|PRKD1|PTPN11|REST|UCP2|IRS2|BRSK2|GHRL|RASL10B,-3.1
MyList,GO Biological Processes,19,GO:0000466,"maturation of 5.8S rRNA from tricistronic rRNA transcript (SSU-rRNA, 5.8S rRNA, LSU-rRNA)",19_GO:0008152 metabolic process,-5.8,12,8.4,30293,25,728,7,0.96,0.36,8602|10171|23212|29777|51077|90459|161424,NOP14|RCL1|RRS1|ABT1|FCF1|ERI1|NOP9,-3.1
MyList,GO Biological Processes,19,GO:0048871,multicellular organismal-level homeostasis,19_GO:0042592 homeostatic process,-5.8,2.4,5.5,30293,601,728,35,4.8,0.79,54|216|323|669|1880|2074|3059|3091|3575|4090|4938|5290|5467|5547|5566|5745|5781|6662|7099|9258|9447|9898|10758|22985|23371|23376|27102|51522|51599|55366|55904|79718|83690|85015|94081,ACP5|ALDH1A1|APBB2|BPGM|GPR183|ERCC6|HCLS1|HIF1A|IL7R|SMAD5|OAS1|PIK3CA|PPARD|PRCP|PRKACA|PTH1R|PTPN11|SOX9|TLR4|MFHAS1|AIM2|UBAP2L|TRAF3IP2|ACIN1|TNS2|UFL1|EIF2AK1|TMEM14C|LSR|LGR4|KMT2E|TBL1XR1|CRISPLD1|USP45|SFXN1,-3
MyList,GO Biological Processes,19,GO:0071345,cellular response to cytokine stimulus,19_GO:0050896 response to stimulus,-5.8,2.3,5.4,30293,736,728,40,5.5,0.84,329|998|2059|2688|3059|3091|3570|3572|3575|3625|3656|3716|3799|4168|4332|4615|4656|4938|5355|5566|5781|6662|6932|7099|7175|7188|7327|7538|8737|9447|9482|10492|10755|10758|26060|51094|54469|55914|64388|340061,BIRC2|CDC42|EPS8|GH1|HCLS1|HIF1A|IL6R|IL6ST|IL7R|INHBB|IRAK2|JAK1|KIF5B|MCF2|MNDA|MYD88|MYOG|OAS1|PLP2|PRKACA|PTPN11|SOX9|TCF7|TLR4|TPR|TRAF5|UBE2G2|ZFP36|RIPK1|AIM2|STX8|SYNCRIP|GIPC1|TRAF3IP2|APPL1|ADIPOR1|ZFAND6|ERBIN|GREM2|STING1,-3
MyList,GO Biological Processes,19,GO:0000462,"maturation of SSU-rRNA from tricistronic rRNA transcript (SSU-rRNA, 5.8S rRNA, LSU-rRNA)",19_GO:0008152 metabolic process,-5.7,9.2,7.8,30293,36,728,8,1.1,0.39,8602|9790|10171|23212|29777|51077|57050|161424,NOP14|BMS1|RCL1|RRS1|ABT1|FCF1|UTP3|NOP9,-3
MyList,GO Biological Processes,19,GO:0002791,regulation of peptide secretion,19_GO:0051179 localization,-5.7,3.7,6.1,30293,200,728,18,2.5,0.58,18|2029|3091|3123|3170|3625|4041|5208|5566|5573|5587|5781|5978|7351|8660|9024|51738|91608,ABAT|ENSA|HIF1A|HLA-DRB1|FOXA2|INHBB|LRP5|PFKFB2|PRKACA|PRKAR1A|PRKD1|PTPN11|REST|UCP2|IRS2|BRSK2|GHRL|RASL10B,-3
MyList,GO Biological Processes,19,GO:0019318,hexose metabolic process,19_GO:0008152 metabolic process,-5.7,4.1,6.3,30293,161,728,16,2.2,0.54,1407|2023|2582|2585|4041|4938|5208|5209|5290|5467|8277|8660|10993|51738|57103|84750,CRY1|ENO1|GALE|GALK2|LRP5|OAS1|PFKFB2|PFKFB3|PIK3CA|PPARD|TKTL1|IRS2|SDS|GHRL|TIGAR|FUT10,-3
MyList,GO Biological Processes,19,GO:0090087,regulation of peptide transport,19_GO:0051179 localization,-5.7,3.7,6.1,30293,202,728,18,2.5,0.58,18|2029|3091|3123|3170|3625|4041|5208|5566|5573|5587|5781|5978|7351|8660|9024|51738|91608,ABAT|ENSA|HIF1A|HLA-DRB1|FOXA2|INHBB|LRP5|PFKFB2|PRKACA|PRKAR1A|PRKD1|PTPN11|REST|UCP2|IRS2|BRSK2|GHRL|RASL10B,-3
MyList,GO Biological Processes,19,GO:0002757,immune response-activating signaling pathway,19_GO:0002376 immune system process,-5.6,3,5.7,30293,314,728,23,3.2,0.65,929|930|1445|1520|3119|3123|3635|3656|4332|4615|4938|5290|7099|7525|8891|9447|9865|10384|10451|54923|90268|118788|340061,CD14|CD19|CSK|CTSS|HLA-DQB1|HLA-DRB1|INPP5D|IRAK2|MNDA|MYD88|OAS1|PIK3CA|TLR4|YES1|EIF2B3|AIM2|TRIL|BTN3A3|VAV3|LIME1|OTULIN|PIK3AP1|STING1,-2.9
MyList,GO Biological Processes,19,GO:0006351,DNA-templated transcription,19_GO:0008152 metabolic process,-5.6,2.5,5.5,30293,535,728,32,4.4,0.76,607|904|2074|2967|5433|6598|6619|6660|6662|6829|6882|6883|8939|9150|9318|9958|22828|29072|29117|29777|55133|55145|55421|55588|55840|64425|83860|123169|169792|170082|171568|400569,BCL9|CCNT1|ERCC6|GTF2H3|POLR2D|SMARCB1|SNAPC3|SOX5|SOX9|SUPT5H|TAF11|TAF12|FUBP3|CTDP1|COPS2|USP15|SCAF8|SETD2|BRD7|ABT1|SRBD1|THAP1|NCBP3|MED29|EAF2|POLR1E|TAF3|LEO1|GLIS3|TCEANC|POLR3H|MED11,-2.9
MyList,GO Biological Processes,19,GO:0050796,regulation of insulin secretion,19_GO:0051179 localization,-5.5,4,6.1,30293,167,728,16,2.2,0.54,18|2029|3091|3123|3170|3625|4041|5208|5566|5573|5781|5978|7351|8660|9024|51738,ABAT|ENSA|HIF1A|HLA-DRB1|FOXA2|INHBB|LRP5|PFKFB2|PRKACA|PRKAR1A|PTPN11|REST|UCP2|IRS2|BRSK2|GHRL,-2.9
MyList,GO Biological Processes,19,GO:0034142,toll-like receptor 4 signaling pathway,19_GO:0044419 biological process involved in interspecies interaction between organisms,-5.5,10,7.8,30293,28,728,7,0.96,0.36,929|3656|4615|4938|7099|9865|118788,CD14|IRAK2|MYD88|OAS1|TLR4|TRIL|PIK3AP1,-2.9
MyList,GO Biological Processes,19,GO:1901652,response to peptide,19_GO:0050896 response to stimulus,-5.4,2.6,5.4,30293,465,728,29,4,0.72,183|324|1407|1445|1583|1909|1979|2155|2688|3625|3716|4035|4041|4303|5290|5566|5573|5587|7099|7351|8660|8891|9882|10768|11031|23191|26060|55914|90933,AGT|APC|CRY1|CSK|CYP11A1|EDNRA|EIF4EBP2|F7|GH1|INHBB|JAK1|LRP1|LRP5|FOXO4|PIK3CA|PRKACA|PRKAR1A|PRKD1|TLR4|UCP2|IRS2|EIF2B3|TBC1D4|AHCYL1|RAB31|CYFIP1|APPL1|ERBIN|TRIM41,-2.9
MyList,GO Biological Processes,19,GO:0050778,positive regulation of immune response,19_GO:0002376 immune system process,-5.4,2.3,5.3,30293,648,728,36,4.9,0.8,929|930|1445|1520|3112|3119|3123|3126|3127|3430|3572|3635|3656|4049|4332|4615|4814|4938|5290|5322|5587|7099|7525|8891|9258|9447|9865|9958|10384|10451|54923|83666|90268|90933|118788|340061,CD14|CD19|CSK|CTSS|HLA-DOB|HLA-DQB1|HLA-DRB1|HLA-DRB4|HLA-DRB5|IFI35|IL6ST|INPP5D|IRAK2|LTA|MNDA|MYD88|NINJ1|OAS1|PIK3CA|PLA2G5|PRKD1|TLR4|YES1|EIF2B3|MFHAS1|AIM2|TRIL|USP15|BTN3A3|VAV3|LIME1|PARP9|OTULIN|TRIM41|PIK3AP1|STING1,-2.9
MyList,GO Biological Processes,19,GO:0007167,enzyme-linked receptor protein signaling pathway,19_GO:0050896 response to stimulus,-5.4,2.3,5.3,30293,622,728,35,4.8,0.79,324|1317|1601|1979|2264|2324|2331|2688|3084|3572|3625|3716|4012|4035|4090|4303|5290|5587|5781|5921|6662|6760|7043|7423|7525|8660|8851|9404|9846|9958|26060|55273|55914|57154|145957,APC|SLC31A1|DAB2|EIF4EBP2|FGFR4|FLT4|FMOD|GH1|NRG1|IL6ST|INHBB|JAK1|LNPEP|LRP1|SMAD5|FOXO4|PIK3CA|PRKD1|PTPN11|RASA1|SOX9|SS18|TGFB3|VEGFB|YES1|IRS2|CDK5R1|LPXN|GAB2|USP15|APPL1|TMEM100|ERBIN|SMURF1|NRG4,-2.8
MyList,GO Biological Processes,19,GO:0006886,intracellular protein transport,19_GO:0051179 localization,-5.4,2.5,5.4,30293,519,728,31,4.3,0.75,379|3799|4591|5566|5828|6642|7175|9276|9482|10254|10526|10758|10768|10956|11031|11260|22820|22895|25782|26060|26225|27131|29103|51128|51277|55014|55750|57154|57403|81609|134266,ARL4D|KIF5B|TRIM37|PRKACA|PEX2|SNX1|TPR|COPB2|STX8|STAM2|IPO8|TRAF3IP2|AHCYL1|OS9|RAB31|XPOT|COPG1|RPH3A|RAB3GAP2|APPL1|ARL5A|SNX5|DNAJC15|SAR1B|DNAJC27|STX17|AGK|SMURF1|RAB22A|SNX27|GRPEL2,-2.8
MyList,GO Biological Processes,19,GO:0070848,response to growth factor,19_GO:0050896 response to stimulus,-5.4,2.5,5.4,30293,519,728,31,4.3,0.75,429|1601|1649|1783|2264|2324|2331|4090|4656|5290|5587|5781|5906|6660|6662|6935|7043|7099|7175|7423|7525|7538|8737|9101|9404|9958|26060|51741|55273|55553|57154,ASCL1|DAB2|DDIT3|DYNC1LI2|FGFR4|FLT4|FMOD|SMAD5|MYOG|PIK3CA|PRKD1|PTPN11|RAP1A|SOX5|SOX9|ZEB1|TGFB3|TLR4|TPR|VEGFB|YES1|ZFP36|RIPK1|USP8|LPXN|USP15|APPL1|WWOX|TMEM100|SOX6|SMURF1,-2.8
MyList,GO Biological Processes,19,GO:0005996,monosaccharide metabolic process,19_GO:0008152 metabolic process,-5.4,3.7,5.9,30293,191,728,17,2.3,0.56,1407|2023|2582|2585|4041|4938|5208|5209|5290|5467|8277|8660|10993|51738|57103|80146|84750,CRY1|ENO1|GALE|GALK2|LRP5|OAS1|PFKFB2|PFKFB3|PIK3CA|PPARD|TKTL1|IRS2|SDS|GHRL|TIGAR|UXS1|FUT10,-2.8
MyList,GO Biological Processes,19,GO:0006366,transcription by RNA polymerase II,19_GO:0008152 metabolic process,-5.4,2.7,5.5,30293,395,728,26,3.6,0.69,607|904|2074|2967|5433|6598|6619|6660|6662|6829|6882|6883|9150|9318|9958|22828|29072|29117|29777|55421|55588|55840|83860|123169|169792|400569,BCL9|CCNT1|ERCC6|GTF2H3|POLR2D|SMARCB1|SNAPC3|SOX5|SOX9|SUPT5H|TAF11|TAF12|CTDP1|COPS2|USP15|SCAF8|SETD2|BRD7|ABT1|NCBP3|MED29|EAF2|TAF3|LEO1|GLIS3|MED11,-2.8
MyList,GO Biological Processes,19,GO:0032774,RNA biosynthetic process,19_GO:0008152 metabolic process,-5.3,2.4,5.3,30293,548,728,32,4.4,0.76,607|904|2074|2967|5433|6598|6619|6660|6662|6829|6882|6883|8939|9150|9318|9958|22828|29072|29117|29777|55133|55145|55421|55588|55840|64425|83860|123169|169792|170082|171568|400569,BCL9|CCNT1|ERCC6|GTF2H3|POLR2D|SMARCB1|SNAPC3|SOX5|SOX9|SUPT5H|TAF11|TAF12|FUBP3|CTDP1|COPS2|USP15|SCAF8|SETD2|BRD7|ABT1|SRBD1|THAP1|NCBP3|MED29|EAF2|POLR1E|TAF3|LEO1|GLIS3|TCEANC|POLR3H|MED11,-2.8
MyList,GO Biological Processes,19,GO:0044282,small molecule catabolic process,19_GO:0008152 metabolic process,-5.3,2.8,5.4,30293,352,728,24,3.3,0.66,18|219|225|594|1666|2023|2582|4041|5208|5467|5828|8277|8644|9583|10993|11112|23464|23475|51268|55268|57103|64087|80150|84750,ABAT|ALDH1B1|ABCD2|BCKDHB|DECR1|ENO1|GALE|LRP5|PFKFB2|PPARD|PEX2|TKTL1|AKR1C3|ENTPD4|SDS|HIBADH|GCAT|QPRT|PIPOX|ECHDC2|TIGAR|MCCC2|ASRGL1|FUT10,-2.7
MyList,GO Biological Processes,19,GO:0043434,response to peptide hormone,19_GO:0050896 response to stimulus,-5.2,2.8,5.4,30293,377,728,25,3.4,0.67,183|324|1407|1445|1583|1909|1979|2155|2688|3625|3716|4041|4303|5290|5566|5573|5587|7351|8660|8891|9882|10768|11031|23191|26060,AGT|APC|CRY1|CSK|CYP11A1|EDNRA|EIF4EBP2|F7|GH1|INHBB|JAK1|LRP5|FOXO4|PIK3CA|PRKACA|PRKAR1A|PRKD1|UCP2|IRS2|EIF2B3|TBC1D4|AHCYL1|RAB31|CYFIP1|APPL1,-2.7
MyList,GO Biological Processes,19,GO:0045088,regulation of innate immune response,19_GO:0044419 biological process involved in interspecies interaction between organisms,-5.2,2.6,5.3,30293,428,728,27,3.7,0.7,2|329|929|1520|3430|3656|4332|4615|4814|4938|5322|5587|5781|7099|9258|9447|9865|9958|26060|55366|55914|80254|83666|90268|90933|118788|340061,A2M|BIRC2|CD14|CTSS|IFI35|IRAK2|MNDA|MYD88|NINJ1|OAS1|PLA2G5|PRKD1|PTPN11|TLR4|MFHAS1|AIM2|TRIL|USP15|APPL1|LGR4|ERBIN|CEP63|PARP9|OTULIN|TRIM41|PIK3AP1|STING1,-2.7
MyList,GO Biological Processes,19,GO:0042274,ribosomal small subunit biogenesis,19_GO:0009987 cellular process,-5.2,4.8,6.1,30293,103,728,12,1.6,0.47,6234|8602|9790|10171|10199|23212|28987|29777|30836|51077|57050|161424,RPS28|NOP14|BMS1|RCL1|MPHOSPH10|RRS1|NOB1|ABT1|DNTTIP2|FCF1|UTP3|NOP9,-2.7
MyList,GO Biological Processes,19,GO:0032386,regulation of intracellular transport,19_GO:0051179 localization,-5.1,3.1,5.5,30293,265,728,20,2.7,0.61,998|1601|3059|4607|5501|5566|5587|5781|7175|7327|7341|9024|9230|9695|10541|10956|22876|29072|51128|51277,CDC42|DAB2|HCLS1|MYBPC3|PPP1CC|PRKACA|PRKD1|PTPN11|TPR|UBE2G2|SUMO1|BRSK2|RAB11B|EDEM1|ANP32B|OS9|INPP5F|SETD2|SAR1B|DNAJC27,-2.6
MyList,GO Biological Processes,19,GO:0002429,immune response-activating cell surface receptor signaling pathway,19_GO:0002376 immune system process,-5.1,3.3,5.5,30293,243,728,19,2.6,0.59,929|930|1445|3119|3123|3635|3656|4332|4615|4938|5290|7099|7525|8891|9865|10384|10451|54923|118788,CD14|CD19|CSK|HLA-DQB1|HLA-DRB1|INPP5D|IRAK2|MNDA|MYD88|OAS1|PIK3CA|TLR4|YES1|EIF2B3|TRIL|BTN3A3|VAV3|LIME1|PIK3AP1,-2.6
MyList,GO Biological Processes,19,GO:0051090,regulation of DNA-binding transcription factor activity,19_GO:0008152 metabolic process,-5.1,2.7,5.3,30293,386,728,25,3.4,0.67,183|307|1649|1896|3170|3656|4591|4615|5587|6598|7099|7188|7341|8553|8737|9447|9830|10542|23376|55914|56849|83860|90268|338699|340061,AGT|ANXA4|DDIT3|EDA|FOXA2|IRAK2|TRIM37|MYD88|PRKD1|SMARCB1|TLR4|TRAF5|SUMO1|BHLHE40|RIPK1|AIM2|TRIM14|LAMTOR5|UFL1|ERBIN|TCEAL7|TAF3|OTULIN|ANKRD42|STING1,-2.6
MyList,GO Biological Processes,19,GO:0140895,cell surface toll-like receptor signaling pathway,19_GO:0044419 biological process involved in interspecies interaction between organisms,-5,9.1,7.2,30293,32,728,7,0.96,0.36,929|3656|4615|4938|7099|9865|118788,CD14|IRAK2|MYD88|OAS1|TLR4|TRIL|PIK3AP1,-2.6
MyList,GO Biological Processes,19,GO:1903530,regulation of secretion by cell,19_GO:0051179 localization,-5,2.3,5.1,30293,567,728,32,4.4,0.76,18|183|1407|1601|2029|3091|3123|3170|3625|4041|5208|5566|5573|5587|5781|5906|5978|6392|7043|7099|7351|7779|8660|9024|9498|9846|10059|10814|22895|51738|91608|200933,ABAT|AGT|CRY1|DAB2|ENSA|HIF1A|HLA-DRB1|FOXA2|INHBB|LRP5|PFKFB2|PRKACA|PRKAR1A|PRKD1|PTPN11|RAP1A|REST|SDHD|TGFB3|TLR4|UCP2|SLC30A1|IRS2|BRSK2|SLC4A8|GAB2|DNM1L|CPLX2|RPH3A|GHRL|RASL10B|FBXO45,-2.6
MyList,GO Biological Processes,19,GO:0051046,regulation of secretion,19_GO:0051179 localization,-5,2.3,5.1,30293,621,728,34,4.7,0.78,18|183|1066|1407|1601|2029|3084|3091|3123|3170|3625|4041|5208|5566|5573|5587|5781|5906|5978|6392|7043|7099|7351|7779|8660|9024|9498|9846|10059|10814|22895|51738|91608|200933,ABAT|AGT|CES1|CRY1|DAB2|ENSA|NRG1|HIF1A|HLA-DRB1|FOXA2|INHBB|LRP5|PFKFB2|PRKACA|PRKAR1A|PRKD1|PTPN11|RAP1A|REST|SDHD|TGFB3|TLR4|UCP2|SLC30A1|IRS2|BRSK2|SLC4A8|GAB2|DNM1L|CPLX2|RPH3A|GHRL|RASL10B|FBXO45,-2.6
MyList,GO Biological Processes,19,GO:0006163,purine nucleotide metabolic process,19_GO:0008152 metabolic process,-5,2.5,5.2,30293,463,728,28,3.8,0.71,47|203|509|526|669|1728|2023|4711|5208|6392|6785|7351|9583|22978|23305|23475|23597|51268|54898|55270|57103|64087|79877|80025|83666|123876|260425|554235,ACLY|AK1|ATP5F1C|ATP6V1B2|BPGM|NQO1|ENO1|NDUFB5|PFKFB2|SDHD|ELOVL4|UCP2|ENTPD4|NT5C2|ACSL6|QPRT|ACOT9|PIPOX|ELOVL2|NUDT15|TIGAR|MCCC2|DCAKD|PANK2|PARP9|ACSM2A|MAGI3|ASPDH,-2.6
MyList,GO Biological Processes,19,GO:0051301,cell division,19_GO:0009987 cellular process,-5,2.4,5.1,30293,516,728,30,4.1,0.74,324|595|904|2029|2258|4134|4750|5454|5501|5921|6660|6795|7175|8658|9024|9101|9150|10388|10592|10617|29899|79884|80254|84750|91768|91782|129563|286053|348235|644186,APC|CCND1|CCNT1|ENSA|FGF13|MAP4|NEK1|POU3F2|PPP1CC|RASA1|SOX5|AURKC|TPR|TNKS|BRSK2|USP8|CTDP1|SYCP2|SMC2|STAMBP|GPSM2|MAP9|CEP63|FUT10|CABLES1|CHMP7|DIS3L2|NSMCE2|SKA2|SYCE3,-2.6
MyList,GO Biological Processes,19,GO:0072521,purine-containing compound metabolic process,19_GO:0008152 metabolic process,-5,2.5,5.1,30293,492,728,29,4,0.72,47|203|509|526|669|1728|2023|4711|5208|6392|6785|7351|9583|22978|23305|23475|23597|51268|54898|55270|57103|64087|79877|80025|83666|123876|221443|260425|554235,ACLY|AK1|ATP5F1C|ATP6V1B2|BPGM|NQO1|ENO1|NDUFB5|PFKFB2|SDHD|ELOVL4|UCP2|ENTPD4|NT5C2|ACSL6|QPRT|ACOT9|PIPOX|ELOVL2|NUDT15|TIGAR|MCCC2|DCAKD|PANK2|PARP9|ACSM2A|OARD1|MAGI3|ASPDH,-2.6
MyList,GO Biological Processes,19,GO:0055086,nucleobase-containing small molecule metabolic process,19_GO:0008152 metabolic process,-5,2.3,5,30293,599,728,33,4.5,0.77,47|203|509|526|669|957|1728|2023|4711|5208|6392|6785|7351|9583|22978|23305|23475|23597|50484|51268|54187|54898|55270|57103|64087|79877|80025|80146|83666|123876|221443|260425|554235,ACLY|AK1|ATP5F1C|ATP6V1B2|BPGM|ENTPD5|NQO1|ENO1|NDUFB5|PFKFB2|SDHD|ELOVL4|UCP2|ENTPD4|NT5C2|ACSL6|QPRT|ACOT9|RRM2B|PIPOX|NANS|ELOVL2|NUDT15|TIGAR|MCCC2|DCAKD|PANK2|UXS1|PARP9|ACSM2A|OARD1|MAGI3|ASPDH,-2.6
MyList,GO Biological Processes,19,GO:0051222,positive regulation of protein transport,19_GO:0051179 localization,-5,3.2,5.4,30293,249,728,19,2.6,0.59,18|998|3059|3091|3123|5208|5566|5573|5587|7043|7099|7175|8660|9695|10059|10541|51128|51738|163882,ABAT|CDC42|HCLS1|HIF1A|HLA-DRB1|PFKFB2|PRKACA|PRKAR1A|PRKD1|TGFB3|TLR4|TPR|IRS2|EDEM1|DNM1L|ANP32B|SAR1B|GHRL|CNST,-2.6
MyList,GO Biological Processes,19,GO:0009185,ribonucleoside diphosphate metabolic process,19_GO:0008152 metabolic process,-4.9,5.5,6.2,30293,75,728,10,1.4,0.43,203|669|957|2023|5208|7351|9583|50484|57103|260425,AK1|BPGM|ENTPD5|ENO1|PFKFB2|UCP2|ENTPD4|RRM2B|TIGAR|MAGI3,-2.5
MyList,GO Biological Processes,19,GO:0051896,regulation of phosphatidylinositol 3-kinase/protein kinase B signal transduction,19_GO:0050896 response to stimulus,-4.9,3.1,5.3,30293,252,728,19,2.6,0.59,183|930|998|1649|2688|3059|5290|5467|5587|6662|8644|8660|9258|9447|10451|10617|22876|54923|118788,AGT|CD19|CDC42|DDIT3|GH1|HCLS1|PIK3CA|PPARD|PRKD1|SOX9|AKR1C3|IRS2|MFHAS1|AIM2|VAV3|STAMBP|INPP5F|LIME1|PIK3AP1,-2.5
MyList,GO Biological Processes,19,GO:0009117,nucleotide metabolic process,19_GO:0008152 metabolic process,-4.9,2.4,5,30293,524,728,30,4.1,0.74,47|203|509|526|669|957|1728|2023|4711|5208|6392|6785|7351|9583|22978|23305|23475|23597|50484|51268|54898|55270|57103|64087|79877|80025|83666|123876|260425|554235,ACLY|AK1|ATP5F1C|ATP6V1B2|BPGM|ENTPD5|NQO1|ENO1|NDUFB5|PFKFB2|SDHD|ELOVL4|UCP2|ENTPD4|NT5C2|ACSL6|QPRT|ACOT9|RRM2B|PIPOX|ELOVL2|NUDT15|TIGAR|MCCC2|DCAKD|PANK2|PARP9|ACSM2A|MAGI3|ASPDH,-2.5
MyList,GO Biological Processes,19,GO:1901699,cellular response to nitrogen compound,19_GO:0050896 response to stimulus,-4.9,2.2,4.9,30293,632,728,34,4.7,0.78,183|324|1445|1583|1616|1909|1979|2688|3625|3709|3716|4035|4303|5290|5566|5573|5587|5906|6546|6662|6935|7099|7351|8660|8851|9882|10542|10768|11031|23191|23367|26060|90933|340061,AGT|APC|CSK|CYP11A1|DAXX|EDNRA|EIF4EBP2|GH1|INHBB|ITPR2|JAK1|LRP1|FOXO4|PIK3CA|PRKACA|PRKAR1A|PRKD1|RAP1A|SLC8A1|SOX9|ZEB1|TLR4|UCP2|IRS2|CDK5R1|TBC1D4|LAMTOR5|AHCYL1|RAB31|CYFIP1|LARP1|APPL1|TRIM41|STING1,-2.5
MyList,GO Biological Processes,19,GO:0002764,immune response-regulating signaling pathway,19_GO:0002376 immune system process,-4.9,2.8,5.2,30293,347,728,23,3.2,0.65,929|930|1445|1520|3119|3123|3635|3656|4332|4615|4938|5290|7099|7525|8891|9447|9865|10384|10451|54923|90268|118788|340061,CD14|CD19|CSK|CTSS|HLA-DQB1|HLA-DRB1|INPP5D|IRAK2|MNDA|MYD88|OAS1|PIK3CA|TLR4|YES1|EIF2B3|AIM2|TRIL|BTN3A3|VAV3|LIME1|OTULIN|PIK3AP1|STING1,-2.5
MyList,GO Biological Processes,19,GO:0016052,carbohydrate catabolic process,19_GO:0008152 metabolic process,-4.9,4.5,5.8,30293,110,728,12,1.6,0.47,178|669|2023|2582|4041|4668|5208|7351|8277|57103|84750|129807,AGL|BPGM|ENO1|GALE|LRP5|NAGA|PFKFB2|UCP2|TKTL1|TIGAR|FUT10|NEU4,-2.5
MyList,GO Biological Processes,19,GO:0045089,positive regulation of innate immune response,19_GO:0044419 biological process involved in interspecies interaction between organisms,-4.8,3,5.3,30293,277,728,20,2.7,0.61,929|1520|3430|3656|4332|4615|4814|4938|5322|5587|7099|9258|9447|9865|9958|83666|90268|90933|118788|340061,CD14|CTSS|IFI35|IRAK2|MNDA|MYD88|NINJ1|OAS1|PLA2G5|PRKD1|TLR4|MFHAS1|AIM2|TRIL|USP15|PARP9|OTULIN|TRIM41|PIK3AP1|STING1,-2.5
MyList,GO Biological Processes,19,GO:2000377,regulation of reactive oxygen species metabolic process,19_GO:0008152 metabolic process,-4.8,3.9,5.6,30293,149,728,14,1.9,0.51,54|183|225|329|1645|1647|1719|3091|5547|7099|8644|8737|10901|57103,ACP5|AGT|ABCD2|BIRC2|AKR1C1|GADD45A|DHFR|HIF1A|PRCP|TLR4|AKR1C3|RIPK1|DHRS4|TIGAR,-2.5
MyList,GO Biological Processes,19,GO:0033157,regulation of intracellular protein transport,19_GO:0051179 localization,-4.8,3.9,5.6,30293,149,728,14,1.9,0.51,998|3059|5566|5587|5781|7175|7327|7341|9024|9695|10541|10956|51128|51277,CDC42|HCLS1|PRKACA|PRKD1|PTPN11|TPR|UBE2G2|SUMO1|BRSK2|EDEM1|ANP32B|OS9|SAR1B|DNAJC27,-2.5
MyList,GO Biological Processes,19,GO:0006753,nucleoside phosphate metabolic process,19_GO:0008152 metabolic process,-4.8,2.3,4.9,30293,532,728,30,4.1,0.74,47|203|509|526|669|957|1728|2023|4711|5208|6392|6785|7351|9583|22978|23305|23475|23597|50484|51268|54898|55270|57103|64087|79877|80025|83666|123876|260425|554235,ACLY|AK1|ATP5F1C|ATP6V1B2|BPGM|ENTPD5|NQO1|ENO1|NDUFB5|PFKFB2|SDHD|ELOVL4|UCP2|ENTPD4|NT5C2|ACSL6|QPRT|ACOT9|RRM2B|PIPOX|ELOVL2|NUDT15|TIGAR|MCCC2|DCAKD|PANK2|PARP9|ACSM2A|MAGI3|ASPDH,-2.4
MyList,GO Biological Processes,19,GO:0002833,positive regulation of response to biotic stimulus,19_GO:0048518 positive regulation of biological process,-4.8,2.9,5.2,30293,304,728,21,2.9,0.62,929|1520|3123|3430|3656|4332|4615|4814|4938|5322|5587|7099|9258|9447|9865|9958|83666|90268|90933|118788|340061,CD14|CTSS|HLA-DRB1|IFI35|IRAK2|MNDA|MYD88|NINJ1|OAS1|PLA2G5|PRKD1|TLR4|MFHAS1|AIM2|TRIL|USP15|PARP9|OTULIN|TRIM41|PIK3AP1|STING1,-2.4
MyList,GO Biological Processes,19,GO:0198738,cell-cell signaling by wnt,19_GO:0050789 regulation of biological process,-4.8,3,5.2,30293,281,728,20,2.7,0.61,324|595|607|998|1601|1649|1896|1909|4041|6662|6932|7482|8658|23499|29117|51741|55366|57154|90268|123169,APC|CCND1|BCL9|CDC42|DAB2|DDIT3|EDA|EDNRA|LRP5|SOX9|TCF7|WNT2B|TNKS|MACF1|BRD7|WWOX|LGR4|SMURF1|OTULIN|LEO1,-2.4
MyList,GO Biological Processes,19,GO:0016055,Wnt signaling pathway,19_GO:0050896 response to stimulus,-4.8,3,5.2,30293,281,728,20,2.7,0.61,324|595|607|998|1601|1649|1896|1909|4041|6662|6932|7482|8658|23499|29117|51741|55366|57154|90268|123169,APC|CCND1|BCL9|CDC42|DAB2|DDIT3|EDA|EDNRA|LRP5|SOX9|TCF7|WNT2B|TNKS|MACF1|BRD7|WWOX|LGR4|SMURF1|OTULIN|LEO1,-2.4
MyList,GO Biological Processes,19,GO:0045165,cell fate commitment,19_GO:0032502 developmental process,-4.7,3.1,5.2,30293,258,728,19,2.6,0.59,324|429|998|1909|2258|3170|3570|3716|4090|4656|5454|6660|6662|7482|10630|26011|55553|123169|344167,APC|ASCL1|CDC42|EDNRA|FGF13|FOXA2|IL6R|JAK1|SMAD5|MYOG|POU3F2|SOX5|SOX9|WNT2B|PDPN|TENM4|SOX6|LEO1|FOXI3,-2.4
MyList,GO Biological Processes,19,GO:1901615,organic hydroxy compound metabolic process,19_GO:0008152 metabolic process,-4.7,2.4,4.9,30293,482,728,28,3.8,0.71,47|216|219|1066|1109|1583|1645|1719|1728|1909|3091|3613|4041|5208|5467|8277|8644|8867|10901|11160|11161|23780|26031|27235|54884|57103|79087|114880,ACLY|ALDH1A1|ALDH1B1|CES1|AKR1C4|CYP11A1|AKR1C1|DHFR|NQO1|EDNRA|HIF1A|IMPA2|LRP5|PFKFB2|PPARD|TKTL1|AKR1C3|SYNJ1|DHRS4|ERLIN2|ERG28|APOL2|OSBPL3|COQ2|RETSAT|TIGAR|ALG12|OSBPL6,-2.4
MyList,GO Biological Processes,19,GO:0000460,maturation of 5.8S rRNA,19_GO:0008152 metabolic process,-4.7,8.1,6.7,30293,36,728,7,0.96,0.36,8602|10171|23212|29777|51077|90459|161424,NOP14|RCL1|RRS1|ABT1|FCF1|ERI1|NOP9,-2.4
MyList,GO Biological Processes,19,GO:0071417,cellular response to organonitrogen compound,19_GO:0050896 response to stimulus,-4.6,2.2,4.8,30293,595,728,32,4.4,0.76,183|324|1445|1583|1909|1979|2688|3625|3709|3716|4035|4303|5290|5566|5573|5587|5906|6546|6662|6935|7099|7351|8660|8851|9882|10542|10768|11031|23191|23367|26060|90933,AGT|APC|CSK|CYP11A1|EDNRA|EIF4EBP2|GH1|INHBB|ITPR2|JAK1|LRP1|FOXO4|PIK3CA|PRKACA|PRKAR1A|PRKD1|RAP1A|SLC8A1|SOX9|ZEB1|TLR4|UCP2|IRS2|CDK5R1|TBC1D4|LAMTOR5|AHCYL1|RAB31|CYFIP1|LARP1|APPL1|TRIM41,-2.3
MyList,GO Biological Processes,19,GO:0006354,DNA-templated transcription elongation,19_GO:0008152 metabolic process,-4.6,6.7,6.3,30293,50,728,8,1.1,0.39,2074|6829|9150|9958|29072|55840|64425|123169,ERCC6|SUPT5H|CTDP1|USP15|SETD2|EAF2|POLR1E|LEO1,-2.3
MyList,GO Biological Processes,19,GO:0071363,cellular response to growth factor stimulus,19_GO:0050896 response to stimulus,-4.6,2.4,4.8,30293,488,728,28,3.8,0.71,1601|1783|2264|2324|2331|4090|4656|5290|5587|5781|5906|6660|6662|6935|7043|7099|7423|7525|7538|8737|9101|9404|9958|26060|51741|55273|55553|57154,DAB2|DYNC1LI2|FGFR4|FLT4|FMOD|SMAD5|MYOG|PIK3CA|PRKD1|PTPN11|RAP1A|SOX5|SOX9|ZEB1|TGFB3|TLR4|VEGFB|YES1|ZFP36|RIPK1|USP8|LPXN|USP15|APPL1|WWOX|TMEM100|SOX6|SMURF1,-2.3
MyList,GO Biological Processes,19,GO:0030097,hemopoiesis,19_GO:0032502 developmental process,-4.6,2.1,4.7,30293,680,728,35,4.8,0.79,669|930|998|1880|2313|3059|3091|3123|3570|3575|3716|4090|4615|5781|5978|6932|7099|7351|7482|7538|9258|9644|9846|10758|22985|23212|23218|23376|27102|51522|54790|55326|55904|84750|94081,BPGM|CD19|CDC42|GPR183|FLI1|HCLS1|HIF1A|HLA-DRB1|IL6R|IL7R|JAK1|SMAD5|MYD88|PTPN11|REST|TCF7|TLR4|UCP2|WNT2B|ZFP36|MFHAS1|SH3PXD2A|GAB2|TRAF3IP2|ACIN1|RRS1|NBEAL2|UFL1|EIF2AK1|TMEM14C|TET2|AGPAT5|KMT2E|FUT10|SFXN1,-2.3
MyList,GO Biological Processes,19,GO:0090066,regulation of anatomical structure size,19_GO:0065007 biological regulation,-4.6,2.3,4.8,30293,516,728,29,4,0.72,146|183|394|1826|1909|2059|2258|2909|3059|3575|3680|5290|5587|5921|6049|6546|6640|9821|9873|10451|10542|10565|23075|23191|23499|57154|57403|93663|196527,ADRA1D|AGT|ARHGAP5|DSCAM|EDNRA|EPS8|FGF13|ARHGAP35|HCLS1|IL7R|ITGA9|PIK3CA|PRKD1|RASA1|RNF6|SLC8A1|SNTA1|RB1CC1|FCHSD2|VAV3|LAMTOR5|ARFGEF1|SWAP70|CYFIP1|MACF1|SMURF1|RAB22A|ARHGAP18|ANO6,-2.3
MyList,GO Biological Processes,19,GO:0032446,protein modification by small protein conjugation,19_GO:0008152 metabolic process,-4.6,2.1,4.7,30293,711,728,36,4.9,0.8,329|1728|4012|4591|5828|6049|7188|7327|7341|8658|9318|9830|10758|10956|22978|23376|51667|55148|55284|57154|57161|57534|64207|64400|80067|80829|84901|90268|90933|122809|142684|200933|220441|255488|286053|400569,BIRC2|NQO1|LNPEP|TRIM37|PEX2|RNF6|TRAF5|UBE2G2|SUMO1|TNKS|COPS2|TRIM14|TRAF3IP2|OS9|NT5C2|UFL1|NUB1|UBR7|UBE2W|SMURF1|PELI2|MIB1|IRF2BPL|AKTIP|DCAF17|ZFP91|NFATC2IP|OTULIN|TRIM41|SOCS4|RAB40A|FBXO45|RNF152|RNF144B|NSMCE2|MED11,-2.3
MyList,GO Biological Processes,19,GO:0009132,nucleoside diphosphate metabolic process,19_GO:0008152 metabolic process,-4.6,5.1,5.8,30293,82,728,10,1.4,0.43,203|669|957|2023|5208|7351|9583|50484|57103|260425,AK1|BPGM|ENTPD5|ENO1|PFKFB2|UCP2|ENTPD4|RRM2B|TIGAR|MAGI3,-2.3
MyList,GO Biological Processes,19,GO:0002503,peptide antigen assembly with MHC class II protein complex,19_GO:0002376 immune system process,-4.6,13,7.5,30293,16,728,5,0.69,0.31,3112|3119|3123|3126|3127,HLA-DOB|HLA-DQB1|HLA-DRB1|HLA-DRB4|HLA-DRB5,-2.3
MyList,GO Biological Processes,19,GO:2000846,regulation of corticosteroid hormone secretion,19_GO:0051179 localization,-4.6,13,7.5,30293,16,728,5,0.69,0.31,183|1407|1601|5781|51738,AGT|CRY1|DAB2|PTPN11|GHRL,-2.3
MyList,GO Biological Processes,19,GO:0002399,MHC class II protein complex assembly,19_GO:0009987 cellular process,-4.6,13,7.5,30293,16,728,5,0.69,0.31,3112|3119|3123|3126|3127,HLA-DOB|HLA-DQB1|HLA-DRB1|HLA-DRB4|HLA-DRB5,-2.3
MyList,GO Biological Processes,19,GO:0022613,ribonucleoprotein complex biogenesis,19_GO:0009987 cellular process,-4.6,2.4,4.8,30293,492,728,28,3.8,0.71,1968|5433|6234|8602|8683|9169|9790|10171|10199|10659|10946|23212|28987|29777|29889|29960|30836|51068|51077|51187|51335|54955|57050|63899|83640|90459|161424|196074,EIF2S3|POLR2D|RPS28|NOP14|SRSF9|SCAF11|BMS1|RCL1|MPHOSPH10|CELF2|SF3A3|RRS1|NOB1|ABT1|GNL2|MRM2|DNTTIP2|NMD3|FCF1|RSL24D1|NGRN|AIRIM|UTP3|NSUN3|RAMAC|ERI1|NOP9|METTL15,-2.3
MyList,GO Biological Processes,19,GO:0042254,ribosome biogenesis,19_GO:0009987 cellular process,-4.6,2.8,5,30293,314,728,21,2.9,0.62,6234|8602|9790|10171|10199|23212|28987|29777|29889|29960|30836|51068|51077|51187|51335|54955|57050|63899|90459|161424|196074,RPS28|NOP14|BMS1|RCL1|MPHOSPH10|RRS1|NOB1|ABT1|GNL2|MRM2|DNTTIP2|NMD3|FCF1|RSL24D1|NGRN|AIRIM|UTP3|NSUN3|ERI1|NOP9|METTL15,-2.3
MyList,GO Biological Processes,19,GO:0051493,regulation of cytoskeleton organization,19_GO:0050789 regulation of biological process,-4.5,2.3,4.7,30293,522,728,29,4,0.72,324|390|636|998|2059|2258|2909|3059|4035|4591|5290|5587|5921|7043|7175|8851|9873|10565|23075|23191|23271|29899|79884|80321|84952|91782|93663|146057|348235,APC|RND3|BICD1|CDC42|EPS8|FGF13|ARHGAP35|HCLS1|LRP1|TRIM37|PIK3CA|PRKD1|RASA1|TGFB3|TPR|CDK5R1|FCHSD2|ARFGEF1|SWAP70|CYFIP1|CAMSAP2|GPSM2|MAP9|CEP70|CGNL1|CHMP7|ARHGAP18|TTBK2|SKA2,-2.3
MyList,GO Biological Processes,19,GO:0050708,regulation of protein secretion,19_GO:0051179 localization,-4.5,2.9,5,30293,269,728,19,2.6,0.59,18|2029|3091|3123|3170|3625|4041|5208|5566|5573|5781|5978|7043|7099|7351|8660|9024|10059|51738,ABAT|ENSA|HIF1A|HLA-DRB1|FOXA2|INHBB|LRP5|PFKFB2|PRKACA|PRKAR1A|PTPN11|REST|TGFB3|TLR4|UCP2|IRS2|BRSK2|DNM1L|GHRL,-2.3
MyList,GO Biological Processes,19,GO:0031349,positive regulation of defense response,19_GO:0048518 positive regulation of biological process,-4.5,2.5,4.8,30293,418,728,25,3.4,0.67,183|929|1520|2828|3430|3572|3656|4049|4332|4615|4814|4938|5322|5587|7099|8737|9258|9447|9865|9958|83666|90268|90933|118788|340061,AGT|CD14|CTSS|GPR4|IFI35|IL6ST|IRAK2|LTA|MNDA|MYD88|NINJ1|OAS1|PLA2G5|PRKD1|TLR4|RIPK1|MFHAS1|AIM2|TRIL|USP15|PARP9|OTULIN|TRIM41|PIK3AP1|STING1,-2.3
MyList,GO Biological Processes,19,GO:0007266,Rho protein signal transduction,19_GO:0050896 response to stimulus,-4.5,5.5,5.8,30293,68,728,9,1.2,0.41,394|998|2059|2909|9826|10630|23221|55333|57381,ARHGAP5|CDC42|EPS8|ARHGAP35|ARHGEF11|PDPN|RHOBTB2|SYNJ2BP|RHOJ,-2.2
MyList,GO Biological Processes,19,GO:0006006,glucose metabolic process,19_GO:0008152 metabolic process,-4.4,4.1,5.4,30293,121,728,12,1.6,0.47,1407|2023|4041|4938|5208|5290|5467|8277|8660|10993|51738|57103,CRY1|ENO1|LRP5|OAS1|PFKFB2|PIK3CA|PPARD|TKTL1|IRS2|SDS|GHRL|TIGAR,-2.2
MyList,GO Biological Processes,19,GO:0032535,regulation of cellular component size,19_GO:0065007 biological regulation,-4.4,2.6,4.8,30293,370,728,23,3.2,0.65,394|1826|2059|2258|2909|3059|3575|5290|5587|5921|6049|9821|9873|10451|10542|10565|23075|23191|23499|57154|57403|93663|196527,ARHGAP5|DSCAM|EPS8|FGF13|ARHGAP35|HCLS1|IL7R|PIK3CA|PRKD1|RASA1|RNF6|RB1CC1|FCHSD2|VAV3|LAMTOR5|ARFGEF1|SWAP70|CYFIP1|MACF1|SMURF1|RAB22A|ARHGAP18|ANO6,-2.2
MyList,GO Biological Processes,19,GO:0051092,positive regulation of NF-kappaB transcription factor activity,19_GO:0008152 metabolic process,-4.4,3.8,5.3,30293,141,728,13,1.8,0.49,183|1896|3656|4591|4615|5587|7099|7188|8737|9447|9830|10542|338699,AGT|EDA|IRAK2|TRIM37|MYD88|PRKD1|TLR4|TRAF5|RIPK1|AIM2|TRIM14|LAMTOR5|ANKRD42,-2.2
MyList,GO Biological Processes,19,GO:0008283,cell population proliferation,19_GO:0009987 cellular process,-4.4,2.1,4.6,30293,696,728,35,4.8,0.79,429|444|595|930|1649|1909|2258|3091|3575|4041|5243|5454|5467|5573|5745|5923|6660|6662|6935|7099|7482|8660|9318|23305|23367|26011|54890|55145|55366|55840|60495|65108|79728|93627|147912,ASCL1|ASPH|CCND1|CD19|DDIT3|EDNRA|FGF13|HIF1A|IL7R|LRP5|ABCB1|POU3F2|PPARD|PRKAR1A|PTH1R|RASGRF1|SOX5|SOX9|ZEB1|TLR4|WNT2B|IRS2|COPS2|ACSL6|LARP1|TENM4|ALKBH5|THAP1|LGR4|EAF2|HPSE2|MARCKSL1|PALB2|TBCK|SIX5,-2.2
MyList,GO Biological Processes,19,GO:0060627,regulation of vesicle-mediated transport,19_GO:0051179 localization,-4.4,2.3,4.7,30293,529,728,29,4,0.72,636|929|998|1445|1601|4035|4289|5322|5587|5906|5978|8851|9230|9498|9846|9882|10434|10814|11031|22848|22876|22895|26060|55333|57534|80230|163882|196527|200933,BICD1|CD14|CDC42|CSK|DAB2|LRP1|MKLN1|PLA2G5|PRKD1|RAP1A|REST|CDK5R1|RAB11B|SLC4A8|GAB2|TBC1D4|LYPLA1|CPLX2|RAB31|AAK1|INPP5F|RPH3A|APPL1|SYNJ2BP|MIB1|RUFY1|CNST|ANO6|FBXO45,-2.2
MyList,GO Biological Processes,19,GO:0002768,immune response-regulating cell surface receptor signaling pathway,19_GO:0002376 immune system process,-4.4,2.9,4.9,30293,274,728,19,2.6,0.59,929|930|1445|3119|3123|3635|3656|4332|4615|4938|5290|7099|7525|8891|9865|10384|10451|54923|118788,CD14|CD19|CSK|HLA-DQB1|HLA-DRB1|INPP5D|IRAK2|MNDA|MYD88|OAS1|PIK3CA|TLR4|YES1|EIF2B3|TRIL|BTN3A3|VAV3|LIME1|PIK3AP1,-2.2
MyList,GO Biological Processes,19,GO:0002752,cell surface pattern recognition receptor signaling pathway,19_GO:0044419 biological process involved in interspecies interaction between organisms,-4.4,7.3,6.2,30293,40,728,7,0.96,0.36,929|3656|4615|4938|7099|9865|118788,CD14|IRAK2|MYD88|OAS1|TLR4|TRIL|PIK3AP1,-2.2
MyList,GO Biological Processes,19,GO:0006898,receptor-mediated endocytosis,19_GO:0051179 localization,-4.4,3.6,5.2,30293,163,728,14,1.9,0.51,157|929|1601|2060|4035|6453|6642|9873|11031|22876|26052|57720|85377|201176,GRK3|CD14|DAB2|EPS15|LRP1|ITSN1|SNX1|FCHSD2|RAB31|INPP5F|DNM3|GPR107|MICALL1|ARHGAP27,-2.2
MyList,GO Biological Processes,19,GO:0016072,rRNA metabolic process,19_GO:0008152 metabolic process,-4.4,3,4.9,30293,252,728,18,2.5,0.58,2074|6234|8602|9790|10171|10199|23212|28987|29777|29960|51077|57050|63899|64425|84186|90459|161424|196074,ERCC6|RPS28|NOP14|BMS1|RCL1|MPHOSPH10|RRS1|NOB1|ABT1|MRM2|FCF1|UTP3|NSUN3|POLR1E|ZCCHC7|ERI1|NOP9|METTL15,-2.2
MyList,GO Biological Processes,19,GO:0048872,homeostasis of number of cells,19_GO:0042592 homeostatic process,-4.3,2.9,4.9,30293,276,728,19,2.6,0.59,669|1880|3059|3091|3575|4090|5781|6662|9258|9447|9898|10758|22985|23376|51522|55366|55904|83690|94081,BPGM|GPR183|HCLS1|HIF1A|IL7R|SMAD5|PTPN11|SOX9|MFHAS1|AIM2|UBAP2L|TRAF3IP2|ACIN1|UFL1|TMEM14C|LGR4|KMT2E|CRISPLD1|SFXN1,-2.2
MyList,GO Biological Processes,19,GO:0046887,positive regulation of hormone secretion,19_GO:0051179 localization,-4.3,3.8,5.2,30293,144,728,13,1.8,0.49,18|1601|3091|3123|3625|5208|5566|5573|5587|5781|8660|51738|91608,ABAT|DAB2|HIF1A|HLA-DRB1|INHBB|PFKFB2|PRKACA|PRKAR1A|PRKD1|PTPN11|IRS2|GHRL|RASL10B,-2.2
MyList,GO Biological Processes,19,GO:0009259,ribonucleotide metabolic process,19_GO:0008152 metabolic process,-4.3,2.5,4.7,30293,402,728,24,3.3,0.66,47|203|509|526|669|957|2023|4711|5208|6392|6785|7351|9583|22978|23305|23597|51268|54898|57103|64087|79877|80025|123876|260425,ACLY|AK1|ATP5F1C|ATP6V1B2|BPGM|ENTPD5|ENO1|NDUFB5|PFKFB2|SDHD|ELOVL4|UCP2|ENTPD4|NT5C2|ACSL6|ACOT9|PIPOX|ELOVL2|TIGAR|MCCC2|DCAKD|PANK2|ACSM2A|MAGI3,-2.2
MyList,GO Biological Processes,19,GO:0002478,antigen processing and presentation of exogenous peptide antigen,19_GO:0002376 immune system process,-4.3,7.1,6.1,30293,41,728,7,0.96,0.36,1520|3112|3119|3123|3126|3127|4012,CTSS|HLA-DOB|HLA-DQB1|HLA-DRB1|HLA-DRB4|HLA-DRB5|LNPEP,-2.1
MyList,GO Biological Processes,19,GO:0071395,cellular response to jasmonic acid stimulus,19_GO:0050896 response to stimulus,-4.3,31,9.5,30293,4,728,3,0.41,0.24,1109|1645|8644,AKR1C4|AKR1C1|AKR1C3,-2.1
MyList,GO Biological Processes,19,GO:2000741,positive regulation of mesenchymal stem cell differentiation,19_GO:0032502 developmental process,-4.3,31,9.5,30293,4,728,3,0.41,0.24,6660|6662|55553,SOX5|SOX9|SOX6,-2.1
MyList,GO Biological Processes,19,GO:0009753,response to jasmonic acid,19_GO:0050896 response to stimulus,-4.3,31,9.5,30293,4,728,3,0.41,0.24,1109|1645|8644,AKR1C4|AKR1C1|AKR1C3,-2.1
MyList,GO Biological Processes,19,GO:0010817,regulation of hormone levels,19_GO:0065007 biological regulation,-4.3,2.2,4.6,30293,539,728,29,4,0.72,18|183|216|1109|1407|1583|1601|1645|2029|3091|3123|3170|3625|4041|5208|5566|5573|5587|5781|5978|7351|8644|8660|9024|9230|10901|51738|54884|91608,ABAT|AGT|ALDH1A1|AKR1C4|CRY1|CYP11A1|DAB2|AKR1C1|ENSA|HIF1A|HLA-DRB1|FOXA2|INHBB|LRP5|PFKFB2|PRKACA|PRKAR1A|PRKD1|PTPN11|REST|UCP2|AKR1C3|IRS2|BRSK2|RAB11B|DHRS4|GHRL|RETSAT|RASL10B,-2.1
MyList,GO Biological Processes,19,GO:0002253,activation of immune response,19_GO:0002376 immune system process,-4.3,2.5,4.7,30293,380,728,23,3.2,0.65,929|930|1445|1520|3119|3123|3635|3656|4332|4615|4938|5290|7099|7525|8891|9447|9865|10384|10451|54923|90268|118788|340061,CD14|CD19|CSK|CTSS|HLA-DQB1|HLA-DRB1|INPP5D|IRAK2|MNDA|MYD88|OAS1|PIK3CA|TLR4|YES1|EIF2B3|AIM2|TRIL|BTN3A3|VAV3|LIME1|OTULIN|PIK3AP1|STING1,-2.1
MyList,GO Biological Processes,19,GO:0010506,regulation of autophagy,19_GO:0008152 metabolic process,-4.2,2.6,4.7,30293,355,728,22,3,0.63,526|1649|3091|5290|5566|5587|6829|8851|9554|9821|10059|23367|23376|25782|27131|29072|57103|220441|257397|340061|387104|493856,ATP6V1B2|DDIT3|HIF1A|PIK3CA|PRKACA|PRKD1|SUPT5H|CDK5R1|SEC22B|RB1CC1|DNM1L|LARP1|UFL1|RAB3GAP2|SNX5|SETD2|TIGAR|RNF152|TAB3|STING1|MTCL3|CISD2,-2.1
MyList,GO Biological Processes,19,GO:0019320,hexose catabolic process,19_GO:0008152 metabolic process,-4.2,6.9,6,30293,42,728,7,0.96,0.36,2023|2582|4041|5208|8277|57103|84750,ENO1|GALE|LRP5|PFKFB2|TKTL1|TIGAR|FUT10,-2.1
MyList,GO Biological Processes,19,GO:0009150,purine ribonucleotide metabolic process,19_GO:0008152 metabolic process,-4.2,2.5,4.6,30293,382,728,23,3.2,0.65,47|203|509|526|669|2023|4711|5208|6392|6785|7351|9583|22978|23305|23597|51268|54898|57103|64087|79877|80025|123876|260425,ACLY|AK1|ATP5F1C|ATP6V1B2|BPGM|ENO1|NDUFB5|PFKFB2|SDHD|ELOVL4|UCP2|ENTPD4|NT5C2|ACSL6|ACOT9|PIPOX|ELOVL2|TIGAR|MCCC2|DCAKD|PANK2|ACSM2A|MAGI3,-2.1
MyList,GO Biological Processes,19,GO:2000739,regulation of mesenchymal stem cell differentiation,19_GO:0032502 developmental process,-4.2,17,7.8,30293,10,728,4,0.55,0.27,5978|6660|6662|55553,REST|SOX5|SOX9|SOX6,-2.1
MyList,GO Biological Processes,19,GO:0062012,regulation of small molecule metabolic process,19_GO:0008152 metabolic process,-4.2,2.6,4.7,30293,332,728,21,2.9,0.62,225|1066|1407|1601|2023|2264|3091|3170|5467|5566|5745|5978|6662|8644|8660|10059|11160|51094|57103|80025|160760,ABCD2|CES1|CRY1|DAB2|ENO1|FGFR4|HIF1A|FOXA2|PPARD|PRKACA|PTH1R|REST|SOX9|AKR1C3|IRS2|DNM1L|ERLIN2|ADIPOR1|TIGAR|PANK2|PPTC7,-2.1
MyList,GO Biological Processes,19,GO:1902373,negative regulation of mRNA catabolic process,19_GO:0048519 negative regulation of biological process,-4.2,5.1,5.5,30293,73,728,9,1.2,0.41,4615|7188|7538|7812|9704|10492|10758|23367|55132,MYD88|TRAF5|ZFP36|CSDE1|DHX34|SYNCRIP|TRAF3IP2|LARP1|LARP1B,-2.1
MyList,GO Biological Processes,19,GO:0001944,vasculature development,19_GO:0032502 developmental process,-4.2,2.2,4.5,30293,546,728,29,4,0.72,998|1317|1649|1909|2324|2828|3091|4035|4041|4814|5290|5547|5587|5921|7423|7541|7798|10451|10541|10630|29072|55273|57381|57534|79031|80025|81031|84168|90268,CDC42|SLC31A1|DDIT3|EDNRA|FLT4|GPR4|HIF1A|LRP1|LRP5|NINJ1|PIK3CA|PRCP|PRKD1|RASA1|VEGFB|ZBTB14|LUZP1|VAV3|ANP32B|PDPN|SETD2|TMEM100|RHOJ|MIB1|PDCL3|PANK2|SLC2A10|ANTXR1|OTULIN,-2
MyList,GO Biological Processes,19,GO:0051897,positive regulation of phosphatidylinositol 3-kinase/protein kinase B signal transduction,19_GO:0048518 positive regulation of biological process,-4.1,3.4,4.9,30293,172,728,14,1.9,0.51,183|930|998|2688|3059|5290|5467|5587|6662|8644|8660|9258|10451|118788,AGT|CD19|CDC42|GH1|HCLS1|PIK3CA|PPARD|PRKD1|SOX9|AKR1C3|IRS2|MFHAS1|VAV3|PIK3AP1,-2
MyList,GO Biological Processes,19,GO:0016311,dephosphorylation,19_GO:0008152 metabolic process,-4.1,3.1,4.8,30293,217,728,16,2.2,0.54,53|54|250|3635|5501|5723|5781|8867|8871|9150|22876|23371|54949|57546|84064|160760,ACP2|ACP5|ALPP|INPP5D|PPP1CC|PSPH|PTPN11|SYNJ1|SYNJ2|CTDP1|INPP5F|TNS2|SDHAF2|PDP2|HDHD2|PPTC7,-2
MyList,GO Biological Processes,19,GO:0019693,ribose phosphate metabolic process,19_GO:0008152 metabolic process,-4.1,2.4,4.5,30293,416,728,24,3.3,0.66,47|203|509|526|669|957|2023|4711|5208|6392|6785|7351|9583|22978|23305|23597|51268|54898|57103|64087|79877|80025|123876|260425,ACLY|AK1|ATP5F1C|ATP6V1B2|BPGM|ENTPD5|ENO1|NDUFB5|PFKFB2|SDHD|ELOVL4|UCP2|ENTPD4|NT5C2|ACSL6|ACOT9|PIPOX|ELOVL2|TIGAR|MCCC2|DCAKD|PANK2|ACSM2A|MAGI3,-2
MyList,GO Biological Processes,19,GO:0019886,antigen processing and presentation of exogenous peptide antigen via MHC class II,19_GO:0002376 immune system process,-4.1,8.1,6.2,30293,31,728,6,0.82,0.34,1520|3112|3119|3123|3126|3127,CTSS|HLA-DOB|HLA-DQB1|HLA-DRB1|HLA-DRB4|HLA-DRB5,-2
MyList,GO Biological Processes,19,GO:0043242,negative regulation of protein-containing complex disassembly,19_GO:0048519 negative regulation of biological process,-4.1,4.9,5.4,30293,76,728,9,1.2,0.41,324|2059|2258|5290|22828|23075|23271|57466|146057,APC|EPS8|FGF13|PIK3CA|SCAF8|SWAP70|CAMSAP2|SCAF4|TTBK2,-2
MyList,GO Biological Processes,19,GO:0002396,MHC protein complex assembly,19_GO:0009987 cellular process,-4,10,6.6,30293,20,728,5,0.69,0.31,3112|3119|3123|3126|3127,HLA-DOB|HLA-DQB1|HLA-DRB1|HLA-DRB4|HLA-DRB5,-2
MyList,GO Biological Processes,19,GO:0002501,peptide antigen assembly with MHC protein complex,19_GO:0002376 immune system process,-4,10,6.6,30293,20,728,5,0.69,0.31,3112|3119|3123|3126|3127,HLA-DOB|HLA-DQB1|HLA-DRB1|HLA-DRB4|HLA-DRB5,-2
MyList,GO Biological Processes,19,GO:0048255,mRNA stabilization,19_GO:0048519 negative regulation of biological process,-4,5.5,5.5,30293,61,728,8,1.1,0.39,4615|7188|7538|7812|10492|10758|23367|55132,MYD88|TRAF5|ZFP36|CSDE1|SYNCRIP|TRAF3IP2|LARP1|LARP1B,-1.9
MyList,GO Biological Processes,19,GO:0015711,organic anion transport,19_GO:0051179 localization,-4,2.4,4.5,30293,396,728,23,3.2,0.65,225|1109|1645|4041|4547|5243|5322|5375|5467|6539|6573|7351|9120|9498|10166|10434|10755|50640|57084|81031|83697|94081|133418,ABCD2|AKR1C4|AKR1C1|LRP5|MTTP|ABCB1|PLA2G5|PMP2|PPARD|SLC6A12|SLC19A1|UCP2|SLC16A6|SLC4A8|SLC25A15|LYPLA1|GIPC1|PNPLA8|SLC17A6|SLC2A10|SLC4A9|SFXN1|EMB,-1.9
MyList,GO Biological Processes,19,GO:0044092,negative regulation of molecular function,19_GO:0065007 biological regulation,-4,2,4.2,30293,762,728,36,4.9,0.8,183|307|324|636|1601|1647|1649|2537|3170|3656|4035|4041|4591|5265|5573|6546|7341|7538|8553|8658|8660|9447|10542|10565|11284|23376|28951|55914|56849|64793|79886|83666|83860|90268|122809|146057,AGT|ANXA4|APC|BICD1|DAB2|GADD45A|DDIT3|IFI6|FOXA2|IRAK2|LRP1|LRP5|TRIM37|SERPINA1|PRKAR1A|SLC8A1|SUMO1|ZFP36|BHLHE40|TNKS|IRS2|AIM2|LAMTOR5|ARFGEF1|PNKP|UFL1|TRIB2|ERBIN|TCEAL7|CEP85|CAAP1|PARP9|TAF3|OTULIN|SOCS4|TTBK2,-1.9
MyList,GO Biological Processes,19,GO:1903312,negative regulation of mRNA metabolic process,19_GO:0048519 negative regulation of biological process,-3.9,4.3,5.1,30293,97,728,10,1.4,0.43,4615|7188|7538|7812|8683|9704|10492|10758|23367|55132,MYD88|TRAF5|ZFP36|CSDE1|SRSF9|DHX34|SYNCRIP|TRAF3IP2|LARP1|LARP1B,-1.9
MyList,GO Biological Processes,19,GO:0003013,circulatory system process,19_GO:0032501 multicellular organismal process,-3.9,2.2,4.3,30293,507,728,27,3.7,0.7,18|146|183|998|1909|2313|2828|2909|3680|4012|4035|4041|4090|4607|5243|5290|5547|6323|6546|6573|6640|7423|7525|9498|10059|81031|91608,ABAT|ADRA1D|AGT|CDC42|EDNRA|FLI1|GPR4|ARHGAP35|ITGA9|LNPEP|LRP1|LRP5|SMAD5|MYBPC3|ABCB1|PIK3CA|PRCP|SCN1A|SLC8A1|SLC19A1|SNTA1|VEGFB|YES1|SLC4A8|DNM1L|SLC2A10|RASL10B,-1.9
MyList,GO Biological Processes,19,GO:0002495,antigen processing and presentation of peptide antigen via MHC class II,19_GO:0002376 immune system process,-3.9,7.6,5.9,30293,33,728,6,0.82,0.34,1520|3112|3119|3123|3126|3127,CTSS|HLA-DOB|HLA-DQB1|HLA-DRB1|HLA-DRB4|HLA-DRB5,-1.9
MyList,GO Biological Processes,19,GO:0043433,negative regulation of DNA-binding transcription factor activity,19_GO:0008152 metabolic process,-3.9,3.4,4.8,30293,158,728,13,1.8,0.49,307|1649|3170|3656|4591|7341|8553|9447|23376|55914|56849|83860|90268,ANXA4|DDIT3|FOXA2|IRAK2|TRIM37|SUMO1|BHLHE40|AIM2|UFL1|ERBIN|TCEAL7|TAF3|OTULIN,-1.9
MyList,GO Biological Processes,19,GO:0006631,fatty acid metabolic process,19_GO:0008152 metabolic process,-3.9,2.6,4.5,30293,323,728,20,2.7,0.61,47|225|1066|1109|1645|1666|5322|5467|5828|6785|8644|8824|10434|23305|50640|51094|54898|55268|79966|123876,ACLY|ABCD2|CES1|AKR1C4|AKR1C1|DECR1|PLA2G5|PPARD|PEX2|ELOVL4|AKR1C3|CES2|LYPLA1|ACSL6|PNPLA8|ADIPOR1|ELOVL2|ECHDC2|SCD5|ACSM2A,-1.9
MyList,GO Biological Processes,19,GO:0002221,pattern recognition receptor signaling pathway,19_GO:0044419 biological process involved in interspecies interaction between organisms,-3.9,3.9,5,30293,117,728,11,1.5,0.45,929|1520|3656|4615|4938|7099|9447|9865|90268|118788|340061,CD14|CTSS|IRAK2|MYD88|OAS1|TLR4|AIM2|TRIL|OTULIN|PIK3AP1|STING1,-1.9
MyList,GO Biological Processes,19,GO:0008610,lipid biosynthetic process,19_GO:0008152 metabolic process,-3.9,2.1,4.3,30293,594,728,30,4.1,0.74,47|1066|1109|1583|3613|3635|5130|5290|5587|6785|7903|8644|8707|8867|8871|11161|22876|23305|26031|27235|50640|54898|54928|55326|55750|79966|84803|114880|122809|123876,ACLY|CES1|AKR1C4|CYP11A1|IMPA2|INPP5D|PCYT1A|PIK3CA|PRKD1|ELOVL4|ST8SIA4|AKR1C3|B3GALT2|SYNJ1|SYNJ2|ERG28|INPP5F|ACSL6|OSBPL3|COQ2|PNPLA8|ELOVL2|BPNT2|AGPAT5|AGK|SCD5|GPAT3|OSBPL6|SOCS4|ACSM2A,-1.8
MyList,GO Biological Processes,19,GO:0046394,carboxylic acid biosynthetic process,19_GO:0008152 metabolic process,-3.9,2.7,4.5,30293,274,728,18,2.5,0.58,18|47|216|1109|1719|5322|5352|5723|6785|8644|10993|23743|26031|50640|54898|79966|114880|123876,ABAT|ACLY|ALDH1A1|AKR1C4|DHFR|PLA2G5|PLOD2|PSPH|ELOVL4|AKR1C3|SDS|BHMT2|OSBPL3|PNPLA8|ELOVL2|SCD5|OSBPL6|ACSM2A,-1.8
MyList,GO Biological Processes,19,GO:1904951,positive regulation of establishment of protein localization,19_GO:0051179 localization,-3.9,2.6,4.5,30293,324,728,20,2.7,0.61,18|998|3059|3091|3123|5208|5566|5573|5587|7043|7099|7175|8660|8851|9695|10059|10541|51128|51738|163882,ABAT|CDC42|HCLS1|HIF1A|HLA-DRB1|PFKFB2|PRKACA|PRKAR1A|PRKD1|TGFB3|TLR4|TPR|IRS2|CDK5R1|EDEM1|DNM1L|ANP32B|SAR1B|GHRL|CNST,-1.8
MyList,GO Biological Processes,19,GO:0006909,phagocytosis,19_GO:0051179 localization,-3.9,3.4,4.8,30293,159,728,13,1.8,0.49,929|998|1793|4035|4615|4689|5290|5322|7099|7525|10451|27102|54734,CD14|CDC42|DOCK1|LRP1|MYD88|NCF4|PIK3CA|PLA2G5|TLR4|YES1|VAV3|EIF2AK1|RAB39A,-1.8
MyList,GO Biological Processes,19,GO:0000472,"endonucleolytic cleavage to generate mature 5'-end of SSU-rRNA from (SSU-rRNA, 5.8S rRNA, LSU-rRNA)",19_GO:0008152 metabolic process,-3.9,25,8.4,30293,5,728,3,0.41,0.24,8602|29777|161424,NOP14|ABT1|NOP9,-1.8
MyList,GO Biological Processes,19,GO:0000967,rRNA 5'-end processing,19_GO:0008152 metabolic process,-3.9,25,8.4,30293,5,728,3,0.41,0.24,8602|29777|161424,NOP14|ABT1|NOP9,-1.8
MyList,GO Biological Processes,19,GO:0006003,"fructose 2,6-bisphosphate metabolic process",19_GO:0008152 metabolic process,-3.9,25,8.4,30293,5,728,3,0.41,0.24,5208|5209|57103,PFKFB2|PFKFB3|TIGAR,-1.8
MyList,GO Biological Processes,19,GO:0071496,cellular response to external stimulus,19_GO:0050896 response to stimulus,-3.9,2.6,4.4,30293,326,728,20,2.7,0.61,1647|2074|2909|3170|3625|4615|5467|5587|6662|7099|7351|7482|8644|9213|9780|27327|29103|55270|220441|643246,GADD45A|ERCC6|ARHGAP35|FOXA2|INHBB|MYD88|PPARD|PRKD1|SOX9|TLR4|UCP2|WNT2B|AKR1C3|XPR1|PIEZO1|TNRC6A|DNAJC15|NUDT15|RNF152|MAP1LC3B2,-1.8
MyList,GO Biological Processes,19,GO:0006066,alcohol metabolic process,19_GO:0008152 metabolic process,-3.9,2.6,4.4,30293,326,728,20,2.7,0.61,47|216|219|1066|1109|1583|1645|1719|3613|4041|5467|8277|8644|8867|10901|11160|23780|27235|54884|79087,ACLY|ALDH1A1|ALDH1B1|CES1|AKR1C4|CYP11A1|AKR1C1|DHFR|IMPA2|LRP5|PPARD|TKTL1|AKR1C3|SYNJ1|DHRS4|ERLIN2|APOL2|COQ2|RETSAT|ALG12,-1.8
MyList,GO Biological Processes,19,GO:0002504,antigen processing and presentation of peptide or polysaccharide antigen via MHC class II,19_GO:0002376 immune system process,-3.8,7.3,5.8,30293,34,728,6,0.82,0.34,1520|3112|3119|3123|3126|3127,CTSS|HLA-DOB|HLA-DQB1|HLA-DRB1|HLA-DRB4|HLA-DRB5,-1.8
MyList,GO Biological Processes,19,GO:0035456,response to interferon-beta,19_GO:0050896 response to stimulus,-3.8,7.3,5.8,30293,34,728,6,0.82,0.34,4332|4938|7327|9447|54739|340061,MNDA|OAS1|UBE2G2|AIM2|XAF1|STING1,-1.8
MyList,GO Biological Processes,19,GO:0062208,positive regulation of pattern recognition receptor signaling pathway,19_GO:0044419 biological process involved in interspecies interaction between organisms,-3.8,5.2,5.3,30293,64,728,8,1.1,0.39,929|3430|4615|4814|5587|7099|9258|9958,CD14|IFI35|MYD88|NINJ1|PRKD1|TLR4|MFHAS1|USP15,-1.8
MyList,GO Biological Processes,19,GO:0016053,organic acid biosynthetic process,19_GO:0008152 metabolic process,-3.8,2.7,4.5,30293,277,728,18,2.5,0.58,18|47|216|1109|1719|5322|5352|5723|6785|8644|10993|23743|26031|50640|54898|79966|114880|123876,ABAT|ACLY|ALDH1A1|AKR1C4|DHFR|PLA2G5|PLOD2|PSPH|ELOVL4|AKR1C3|SDS|BHMT2|OSBPL3|PNPLA8|ELOVL2|SCD5|OSBPL6|ACSM2A,-1.8
MyList,GO Biological Processes,19,GO:2000831,regulation of steroid hormone secretion,19_GO:0051179 localization,-3.8,9.5,6.2,30293,22,728,5,0.69,0.31,183|1407|1601|5781|51738,AGT|CRY1|DAB2|PTPN11|GHRL,-1.8
MyList,GO Biological Processes,19,GO:0032088,negative regulation of NF-kappaB transcription factor activity,19_GO:0008152 metabolic process,-3.8,4.6,5.1,30293,82,728,9,1.2,0.41,307|1649|3656|4591|9447|23376|55914|56849|90268,ANXA4|DDIT3|IRAK2|TRIM37|AIM2|UFL1|ERBIN|TCEAL7|OTULIN,-1.8
MyList,GO Biological Processes,19,GO:0071560,cellular response to transforming growth factor beta stimulus,19_GO:0050896 response to stimulus,-3.8,3.3,4.7,30293,162,728,13,1.8,0.49,1601|2331|4090|6660|6662|6935|7043|7525|9404|9958|26060|51741|55553,DAB2|FMOD|SMAD5|SOX5|SOX9|ZEB1|TGFB3|YES1|LPXN|USP15|APPL1|WWOX|SOX6,-1.8
MyList,GO Biological Processes,19,GO:0046942,carboxylic acid transport,19_GO:0051179 localization,-3.8,2.6,4.4,30293,304,728,19,2.6,0.59,225|1109|1645|4041|5243|5322|5375|5467|6539|6573|7351|9120|10166|10434|10755|50640|57084|94081|133418,ABCD2|AKR1C4|AKR1C1|LRP5|ABCB1|PLA2G5|PMP2|PPARD|SLC6A12|SLC19A1|UCP2|SLC16A6|SLC25A15|LYPLA1|GIPC1|PNPLA8|SLC17A6|SFXN1|EMB,-1.8
MyList,GO Biological Processes,19,GO:0009135,purine nucleoside diphosphate metabolic process,19_GO:0008152 metabolic process,-3.8,5.1,5.2,30293,65,728,8,1.1,0.39,203|669|2023|5208|7351|9583|57103|260425,AK1|BPGM|ENO1|PFKFB2|UCP2|ENTPD4|TIGAR|MAGI3,-1.8
MyList,GO Biological Processes,19,GO:0009179,purine ribonucleoside diphosphate metabolic process,19_GO:0008152 metabolic process,-3.8,5.1,5.2,30293,65,728,8,1.1,0.39,203|669|2023|5208|7351|9583|57103|260425,AK1|BPGM|ENO1|PFKFB2|UCP2|ENTPD4|TIGAR|MAGI3,-1.8
MyList,GO Biological Processes,19,GO:0015849,organic acid transport,19_GO:0051179 localization,-3.8,2.6,4.4,30293,305,728,19,2.6,0.59,225|1109|1645|4041|5243|5322|5375|5467|6539|6573|7351|9120|10166|10434|10755|50640|57084|94081|133418,ABCD2|AKR1C4|AKR1C1|LRP5|ABCB1|PLA2G5|PMP2|PPARD|SLC6A12|SLC19A1|UCP2|SLC16A6|SLC25A15|LYPLA1|GIPC1|PNPLA8|SLC17A6|SFXN1|EMB,-1.8
MyList,GO Biological Processes,19,GO:0046825,regulation of protein export from nucleus,19_GO:0051179 localization,-3.8,7.1,5.7,30293,35,728,6,0.82,0.34,5566|5587|5781|7175|10541|51277,PRKACA|PRKD1|PTPN11|TPR|ANP32B|DNAJC27,-1.8
MyList,GO Biological Processes,19,GO:0051091,positive regulation of DNA-binding transcription factor activity,19_GO:0008152 metabolic process,-3.7,2.9,4.5,30293,233,728,16,2.2,0.54,183|1649|1896|3656|4591|4615|5587|6598|7099|7188|8737|9447|9830|10542|338699|340061,AGT|DDIT3|EDA|IRAK2|TRIM37|MYD88|PRKD1|SMARCB1|TLR4|TRAF5|RIPK1|AIM2|TRIM14|LAMTOR5|ANKRD42|STING1,-1.8
MyList,GO Biological Processes,19,GO:0046365,monosaccharide catabolic process,19_GO:0008152 metabolic process,-3.7,5.8,5.4,30293,50,728,7,0.96,0.36,2023|2582|4041|5208|8277|57103|84750,ENO1|GALE|LRP5|PFKFB2|TKTL1|TIGAR|FUT10,-1.8
MyList,GO Biological Processes,19,GO:0019884,antigen processing and presentation of exogenous antigen,19_GO:0002376 immune system process,-3.7,5.8,5.4,30293,50,728,7,0.96,0.36,1520|3112|3119|3123|3126|3127|4012,CTSS|HLA-DOB|HLA-DQB1|HLA-DRB1|HLA-DRB4|HLA-DRB5|LNPEP,-1.8
MyList,GO Biological Processes,19,GO:0031329,regulation of cellular catabolic process,19_GO:0008152 metabolic process,-3.7,1.9,4.1,30293,783,728,36,4.9,0.8,225|526|1649|3091|4615|5290|5566|5587|6829|7188|7538|7812|8660|8851|9554|9704|9821|10059|10492|10758|23367|23376|25782|27131|27327|29072|54890|55132|57103|79675|129563|220441|257397|340061|387104|493856,ABCD2|ATP6V1B2|DDIT3|HIF1A|MYD88|PIK3CA|PRKACA|PRKD1|SUPT5H|TRAF5|ZFP36|CSDE1|IRS2|CDK5R1|SEC22B|DHX34|RB1CC1|DNM1L|SYNCRIP|TRAF3IP2|LARP1|UFL1|RAB3GAP2|SNX5|TNRC6A|SETD2|ALKBH5|LARP1B|TIGAR|FASTKD1|DIS3L2|RNF152|TAB3|STING1|MTCL3|CISD2,-1.8
MyList,GO Biological Processes,19,GO:0008361,regulation of cell size,19_GO:0065007 biological regulation,-3.7,3.1,4.6,30293,187,728,14,1.9,0.51,394|1826|2258|2909|3575|5587|6049|9821|10451|10542|23191|23499|57154|196527,ARHGAP5|DSCAM|FGF13|ARHGAP35|IL7R|PRKD1|RNF6|RB1CC1|VAV3|LAMTOR5|CYFIP1|MACF1|SMURF1|ANO6,-1.8
MyList,GO Biological Processes,19,GO:0010565,regulation of cellular ketone metabolic process,19_GO:0008152 metabolic process,-3.7,3.5,4.7,30293,144,728,12,1.6,0.47,225|1066|1601|2264|5467|5978|6662|8644|8660|11160|80025|160760,ABCD2|CES1|DAB2|FGFR4|PPARD|REST|SOX9|AKR1C3|IRS2|ERLIN2|PANK2|PPTC7,-1.7
MyList,GO Biological Processes,19,GO:0051129,negative regulation of cellular component organization,19_GO:0048519 negative regulation of biological process,-3.7,1.9,4.1,30293,726,728,34,4.7,0.78,324|329|998|1445|1601|2059|2258|3196|4134|4168|4591|5290|5587|6049|6662|7175|8658|9554|9882|10565|22828|22876|23075|23271|26052|26060|29103|57103|57466|79991|84168|84952|129807|146057,APC|BIRC2|CDC42|CSK|DAB2|EPS8|FGF13|TLX2|MAP4|MCF2|TRIM37|PIK3CA|PRKD1|RNF6|SOX9|TPR|TNKS|SEC22B|TBC1D4|ARFGEF1|SCAF8|INPP5F|SWAP70|CAMSAP2|DNM3|APPL1|DNAJC15|TIGAR|SCAF4|STN1|ANTXR1|CGNL1|NEU4|TTBK2,-1.7
MyList,GO Biological Processes,19,GO:0042594,response to starvation,19_GO:0050896 response to stimulus,-3.7,2.9,4.5,30293,212,728,15,2.1,0.53,1649|3625|5587|5828|7351|7482|7538|8644|9213|23367|27102|27327|29103|220441|643246,DDIT3|INHBB|PRKD1|PEX2|UCP2|WNT2B|ZFP36|AKR1C3|XPR1|LARP1|EIF2AK1|TNRC6A|DNAJC15|RNF152|MAP1LC3B2,-1.7
MyList,GO Biological Processes,19,GO:1902369,negative regulation of RNA catabolic process,19_GO:0048519 negative regulation of biological process,-3.7,4.4,4.9,30293,85,728,9,1.2,0.41,4615|7188|7538|7812|9704|10492|10758|23367|55132,MYD88|TRAF5|ZFP36|CSDE1|DHX34|SYNCRIP|TRAF3IP2|LARP1|LARP1B,-1.7
MyList,GO Biological Processes,19,GO:0032784,regulation of DNA-templated transcription elongation,19_GO:0008152 metabolic process,-3.7,4,4.8,30293,104,728,10,1.4,0.43,904|2074|6829|22828|51574|55588|55840|81556|123169|400569,CCNT1|ERCC6|SUPT5H|SCAF8|LARP7|MED29|EAF2|INTS14|LEO1|MED11,-1.7
MyList,GO Biological Processes,19,GO:0001568,blood vessel development,19_GO:0032502 developmental process,-3.7,2.1,4.1,30293,526,728,27,3.7,0.7,998|1317|1649|1909|2324|2828|3091|4035|4041|4814|5290|5547|5587|5921|7423|7541|7798|10451|29072|55273|57381|57534|79031|80025|81031|84168|90268,CDC42|SLC31A1|DDIT3|EDNRA|FLT4|GPR4|HIF1A|LRP1|LRP5|NINJ1|PIK3CA|PRCP|PRKD1|RASA1|VEGFB|ZBTB14|LUZP1|VAV3|SETD2|TMEM100|RHOJ|MIB1|PDCL3|PANK2|SLC2A10|ANTXR1|OTULIN,-1.7
MyList,GO Biological Processes,19,GO:0061919,process utilizing autophagic mechanism,19_GO:0009987 cellular process,-3.7,2.5,4.3,30293,311,728,19,2.6,0.59,4077|5828|9821|10254|10287|10548|23001|23376|54734|55014|57103|57154|65991|91782|139341|285636|340061|493856|643246,NBR1|PEX2|RB1CC1|STAM2|RGS19|TM9SF1|WDFY3|UFL1|RAB39A|STX17|TIGAR|SMURF1|FUNDC2|CHMP7|FUNDC1|RIMOC1|STING1|CISD2|MAP1LC3B2,-1.7
MyList,GO Biological Processes,19,GO:0006914,autophagy,19_GO:0008152 metabolic process,-3.7,2.5,4.3,30293,311,728,19,2.6,0.59,4077|5828|9821|10254|10287|10548|23001|23376|54734|55014|57103|57154|65991|91782|139341|285636|340061|493856|643246,NBR1|PEX2|RB1CC1|STAM2|RGS19|TM9SF1|WDFY3|UFL1|RAB39A|STX17|TIGAR|SMURF1|FUNDC2|CHMP7|FUNDC1|RIMOC1|STING1|CISD2|MAP1LC3B2,-1.7
MyList,GO Biological Processes,19,GO:0006974,DNA damage response,19_GO:0050896 response to stimulus,-3.7,1.9,4,30293,761,728,35,4.8,0.79,324|571|595|1407|1647|1649|2074|2967|4303|4332|5781|7341|7518|9447|10451|11284|23198|23376|29072|29935|50484|54799|55284|57103|58493|64858|79624|79728|80254|80854|83666|85015|200933|221443|286053,APC|BACH1|CCND1|CRY1|GADD45A|DDIT3|ERCC6|GTF2H3|FOXO4|MNDA|PTPN11|SUMO1|XRCC4|AIM2|VAV3|PNKP|PSME4|UFL1|SETD2|RPA4|RRM2B|MBTD1|UBE2W|TIGAR|INIP|DCLRE1B|ARMT1|PALB2|CEP63|SETD7|PARP9|USP45|FBXO45|OARD1|NSMCE2,-1.7
MyList,GO Biological Processes,19,GO:0071559,response to transforming growth factor beta,19_GO:0050896 response to stimulus,-3.6,3.2,4.5,30293,168,728,13,1.8,0.49,1601|2331|4090|6660|6662|6935|7043|7525|9404|9958|26060|51741|55553,DAB2|FMOD|SMAD5|SOX5|SOX9|ZEB1|TGFB3|YES1|LPXN|USP15|APPL1|WWOX|SOX6,-1.7
MyList,GO Biological Processes,19,GO:0034243,regulation of transcription elongation by RNA polymerase II,19_GO:0008152 metabolic process,-3.6,4.4,4.9,30293,86,728,9,1.2,0.41,904|2074|6829|51574|55588|55840|81556|123169|400569,CCNT1|ERCC6|SUPT5H|LARP7|MED29|EAF2|INTS14|LEO1|MED11,-1.7
MyList,GO Biological Processes,19,GO:0007169,transmembrane receptor protein tyrosine kinase signaling pathway,19_GO:0050896 response to stimulus,-3.6,2.3,4.2,30293,418,728,23,3.2,0.65,324|1317|1979|2264|2324|2688|3084|3716|4303|5290|5587|5781|5921|6662|6760|7423|7525|8660|8851|9846|26060|55914|145957,APC|SLC31A1|EIF4EBP2|FGFR4|FLT4|GH1|NRG1|JAK1|FOXO4|PIK3CA|PRKD1|PTPN11|RASA1|SOX9|SS18|VEGFB|YES1|IRS2|CDK5R1|GAB2|APPL1|ERBIN|NRG4,-1.7
MyList,GO Biological Processes,19,GO:0034660,ncRNA metabolic process,19_GO:0008152 metabolic process,-3.6,2.1,4.1,30293,532,728,27,3.7,0.7,2074|4677|6234|6619|8602|9790|10171|10199|23212|25821|25917|28987|29777|29960|51077|51574|57050|63899|64425|79731|81556|84186|90459|92675|129563|161424|196074,ERCC6|NARS1|RPS28|SNAPC3|NOP14|BMS1|RCL1|MPHOSPH10|RRS1|MTO1|THUMPD3|NOB1|ABT1|MRM2|FCF1|LARP7|UTP3|NSUN3|POLR1E|NARS2|INTS14|ZCCHC7|ERI1|DTD1|DIS3L2|NOP9|METTL15,-1.7
MyList,GO Biological Processes,19,GO:1903532,positive regulation of secretion by cell,19_GO:0051179 localization,-3.6,2.6,4.2,30293,290,728,18,2.5,0.58,18|1601|3091|3123|3625|5208|5566|5573|5587|5781|7043|7099|8660|9498|9846|10059|51738|91608,ABAT|DAB2|HIF1A|HLA-DRB1|INHBB|PFKFB2|PRKACA|PRKAR1A|PRKD1|PTPN11|TGFB3|TLR4|IRS2|SLC4A8|GAB2|DNM1L|GHRL|RASL10B,-1.6
MyList,GO Biological Processes,19,GO:0038154,interleukin-11-mediated signaling pathway,19_GO:0050896 response to stimulus,-3.6,21,7.6,30293,6,728,3,0.41,0.24,3570|3572|3716,IL6R|IL6ST|JAK1,-1.6
MyList,GO Biological Processes,19,GO:0009191,ribonucleoside diphosphate catabolic process,19_GO:0008152 metabolic process,-3.6,5.5,5.1,30293,53,728,7,0.96,0.36,669|957|2023|5208|7351|9583|57103,BPGM|ENTPD5|ENO1|PFKFB2|UCP2|ENTPD4|TIGAR,-1.6
MyList,GO Biological Processes,19,GO:0048002,antigen processing and presentation of peptide antigen,19_GO:0002376 immune system process,-3.6,4.8,4.9,30293,70,728,8,1.1,0.39,1520|3112|3119|3123|3126|3127|4012|51128,CTSS|HLA-DOB|HLA-DQB1|HLA-DRB1|HLA-DRB4|HLA-DRB5|LNPEP|SAR1B,-1.6
MyList,GO Biological Processes,19,GO:0043489,RNA stabilization,19_GO:0048519 negative regulation of biological process,-3.6,4.8,4.9,30293,70,728,8,1.1,0.39,4615|7188|7538|7812|10492|10758|23367|55132,MYD88|TRAF5|ZFP36|CSDE1|SYNCRIP|TRAF3IP2|LARP1|LARP1B,-1.6
MyList,GO Biological Processes,19,GO:1904152,"regulation of retrograde protein transport, ER to cytosol",19_GO:0051179 localization,-3.6,12,6.4,30293,14,728,4,0.55,0.27,7327|9024|9695|10956,UBE2G2|BRSK2|EDEM1|OS9,-1.6
MyList,GO Biological Processes,19,GO:0043523,regulation of neuron apoptotic process,19_GO:0050789 regulation of biological process,-3.6,2.8,4.3,30293,242,728,16,2.2,0.54,429|595|998|1649|1728|2632|3091|3572|5290|5921|6418|7043|7351|8737|8851|10617,ASCL1|CCND1|CDC42|DDIT3|NQO1|GBE1|HIF1A|IL6ST|PIK3CA|RASA1|SET|TGFB3|UCP2|RIPK1|CDK5R1|STAMBP,-1.6
MyList,GO Biological Processes,19,GO:0006364,rRNA processing,19_GO:0008152 metabolic process,-3.6,2.9,4.3,30293,218,728,15,2.1,0.53,6234|8602|9790|10171|10199|23212|28987|29777|29960|51077|57050|63899|90459|161424|196074,RPS28|NOP14|BMS1|RCL1|MPHOSPH10|RRS1|NOB1|ABT1|MRM2|FCF1|UTP3|NSUN3|ERI1|NOP9|METTL15,-1.6
MyList,GO Biological Processes,19,GO:0006007,glucose catabolic process,19_GO:0008152 metabolic process,-3.6,8.3,5.7,30293,25,728,5,0.69,0.31,2023|4041|5208|8277|57103,ENO1|LRP5|PFKFB2|TKTL1|TIGAR,-1.6
MyList,GO Biological Processes,19,GO:1903311,regulation of mRNA metabolic process,19_GO:0008152 metabolic process,-3.5,2.3,4.1,30293,399,728,22,3,0.63,4615|5978|6294|7188|7538|7812|8683|9704|10492|10659|10758|10768|23367|23543|27327|51574|54890|55132|79675|84081|123169|129563,MYD88|REST|SAFB|TRAF5|ZFP36|CSDE1|SRSF9|DHX34|SYNCRIP|CELF2|TRAF3IP2|AHCYL1|LARP1|RBFOX2|TNRC6A|LARP7|ALKBH5|LARP1B|FASTKD1|NSRP1|LEO1|DIS3L2,-1.6
MyList,GO Biological Processes,19,GO:0000209,protein polyubiquitination,19_GO:0008152 metabolic process,-3.5,2.7,4.2,30293,245,728,16,2.2,0.54,329|1728|4012|6049|7188|7327|8658|10758|22978|55284|57154|57161|80829|200933|220441|255488,BIRC2|NQO1|LNPEP|RNF6|TRAF5|UBE2G2|TNKS|TRAF3IP2|NT5C2|UBE2W|SMURF1|PELI2|ZFP91|FBXO45|RNF152|RNF144B,-1.6
MyList,GO Biological Processes,19,GO:0042327,positive regulation of phosphorylation,19_GO:0048518 positive regulation of biological process,-3.5,2,3.9,30293,627,728,30,4.1,0.74,183|595|1601|1616|1826|2264|2324|2688|3059|3084|3123|3570|3572|5587|5781|5906|6662|7060|7099|7423|7525|8737|9704|9821|57103|57161|64400|80829|83666|148932,AGT|CCND1|DAB2|DAXX|DSCAM|FGFR4|FLT4|GH1|HCLS1|NRG1|HLA-DRB1|IL6R|IL6ST|PRKD1|PTPN11|RAP1A|SOX9|THBS4|TLR4|VEGFB|YES1|RIPK1|DHX34|RB1CC1|TIGAR|PELI2|AKTIP|ZFP91|PARP9|MOB3C,-1.6
MyList,GO Biological Processes,19,GO:0010564,regulation of cell cycle process,19_GO:0050789 regulation of biological process,-3.5,1.9,3.9,30293,747,728,34,4.7,0.78,323|324|595|998|1407|2074|4041|4303|4591|5781|6598|6662|6795|7175|8658|10592|10755|23376|26060|29072|29117|29899|29935|50484|55904|57099|58493|64793|79884|80254|83666|91782|134353|286053,APBB2|APC|CCND1|CDC42|CRY1|ERCC6|LRP5|FOXO4|TRIM37|PTPN11|SMARCB1|SOX9|AURKC|TPR|TNKS|SMC2|GIPC1|UFL1|APPL1|SETD2|BRD7|GPSM2|RPA4|RRM2B|KMT2E|AVEN|INIP|CEP85|MAP9|CEP63|PARP9|CHMP7|LSM11|NSMCE2,-1.6
MyList,GO Biological Processes,19,GO:0007005,mitochondrion organization,19_GO:0009987 cellular process,-3.5,2.2,4,30293,430,728,23,3.2,0.65,1909|2537|2553|3799|4711|7351|9821|10059|50484|54949|55471|55750|55863|57103|64756|65991|66008|80025|139322|139341|285636|493856|643246,EDNRA|IFI6|GABPB1|KIF5B|NDUFB5|UCP2|RB1CC1|DNM1L|RRM2B|SDHAF2|NDUFAF7|AGK|TMEM126B|TIGAR|ATPAF1|FUNDC2|TRAK2|PANK2|APOOL|FUNDC1|RIMOC1|CISD2|MAP1LC3B2,-1.6
MyList,GO Biological Processes,19,GO:0060575,intestinal epithelial cell differentiation,19_GO:0032502 developmental process,-3.5,8,5.6,30293,26,728,5,0.69,0.31,3091|3572|6662|57103|286451,HIF1A|IL6ST|SOX9|TIGAR|YIPF6,-1.6
MyList,GO Biological Processes,19,GO:0090277,positive regulation of peptide hormone secretion,19_GO:0051179 localization,-3.5,3.7,4.6,30293,111,728,10,1.4,0.43,18|3091|3123|5208|5566|5573|5587|8660|51738|91608,ABAT|HIF1A|HLA-DRB1|PFKFB2|PRKACA|PRKAR1A|PRKD1|IRS2|GHRL|RASL10B,-1.5
MyList,GO Biological Processes,19,GO:0044060,regulation of endocrine process,19_GO:0032501 multicellular organismal process,-3.4,6.2,5.2,30293,40,728,6,0.82,0.34,183|1407|1601|3625|5781|51738,AGT|CRY1|DAB2|INHBB|PTPN11|GHRL,-1.5
MyList,GO Biological Processes,19,GO:1902644,tertiary alcohol metabolic process,19_GO:0008152 metabolic process,-3.4,11,6.1,30293,15,728,4,0.55,0.27,1109|1583|1645|8644,AKR1C4|CYP11A1|AKR1C1|AKR1C3,-1.5
MyList,GO Biological Processes,19,GO:0016567,protein ubiquitination,19_GO:0008152 metabolic process,-3.4,2,3.9,30293,633,728,30,4.1,0.74,329|1728|4012|4591|5828|6049|7188|7327|8658|9830|10758|10956|22978|51667|55148|55284|57154|57161|57534|64207|80067|80829|90268|90933|122809|142684|200933|220441|255488|400569,BIRC2|NQO1|LNPEP|TRIM37|PEX2|RNF6|TRAF5|UBE2G2|TNKS|TRIM14|TRAF3IP2|OS9|NT5C2|NUB1|UBR7|UBE2W|SMURF1|PELI2|MIB1|IRF2BPL|DCAF17|ZFP91|OTULIN|TRIM41|SOCS4|RAB40A|FBXO45|RNF152|RNF144B|MED11,-1.5
MyList,GO Biological Processes,19,GO:0061178,regulation of insulin secretion involved in cellular response to glucose stimulus,19_GO:0042592 homeostatic process,-3.4,5.2,4.9,30293,56,728,7,0.96,0.36,3091|3123|3170|4041|7351|9024|51738,HIF1A|HLA-DRB1|FOXA2|LRP5|UCP2|BRSK2|GHRL,-1.5
MyList,GO Biological Processes,19,GO:0046822,regulation of nucleocytoplasmic transport,19_GO:0051179 localization,-3.4,3.7,4.5,30293,112,728,10,1.4,0.43,3059|5501|5566|5587|5781|7175|7341|10541|29072|51277,HCLS1|PPP1CC|PRKACA|PRKD1|PTPN11|TPR|SUMO1|ANP32B|SETD2|DNAJC27,-1.5
MyList,GO Biological Processes,19,GO:0051251,positive regulation of lymphocyte activation,19_GO:0002376 immune system process,-3.4,2.4,4.1,30293,326,728,19,2.6,0.59,1445|1880|3112|3119|3123|3126|3127|3572|3575|3635|4615|5290|5781|6598|7099|7525|8660|10451|29117,CSK|GPR183|HLA-DOB|HLA-DQB1|HLA-DRB1|HLA-DRB4|HLA-DRB5|IL6ST|IL7R|INPP5D|MYD88|PIK3CA|PTPN11|SMARCB1|TLR4|YES1|IRS2|VAV3|BRD7,-1.5
MyList,GO Biological Processes,19,GO:0008285,negative regulation of cell population proliferation,19_GO:0048519 negative regulation of biological process,-3.4,1.9,3.8,30293,785,728,35,4.8,0.79,324|444|1445|1601|3123|3430|3437|3635|4049|4303|4332|4656|5322|5467|5573|5745|5828|5978|6598|6662|6935|7043|9821|10630|23371|27102|51286|51738|55333|55840|65268|84897|129563|147912|166793,APC|ASPH|CSK|DAB2|HLA-DRB1|IFI35|IFIT3|INPP5D|LTA|FOXO4|MNDA|MYOG|PLA2G5|PPARD|PRKAR1A|PTH1R|PEX2|REST|SMARCB1|SOX9|ZEB1|TGFB3|RB1CC1|PDPN|TNS2|EIF2AK1|CEND1|GHRL|SYNJ2BP|EAF2|WNK2|TBRG1|DIS3L2|SIX5|ZBTB49,-1.5
MyList,GO Biological Processes,19,GO:0002793,positive regulation of peptide secretion,19_GO:0051179 localization,-3.4,3.7,4.5,30293,113,728,10,1.4,0.43,18|3091|3123|5208|5566|5573|5587|8660|51738|91608,ABAT|HIF1A|HLA-DRB1|PFKFB2|PRKACA|PRKAR1A|PRKD1|IRS2|GHRL|RASL10B,-1.5
MyList,GO Biological Processes,19,GO:0070861,regulation of protein exit from endoplasmic reticulum,19_GO:0051179 localization,-3.4,7.7,5.5,30293,27,728,5,0.69,0.31,7327|9024|9695|10956|51128,UBE2G2|BRSK2|EDEM1|OS9|SAR1B,-1.5
MyList,GO Biological Processes,19,GO:0035458,cellular response to interferon-beta,19_GO:0050896 response to stimulus,-3.4,7.7,5.5,30293,27,728,5,0.69,0.31,4332|4938|7327|9447|340061,MNDA|OAS1|UBE2G2|AIM2|STING1,-1.5
MyList,GO Biological Processes,19,GO:0009134,nucleoside diphosphate catabolic process,19_GO:0008152 metabolic process,-3.4,5.1,4.9,30293,57,728,7,0.96,0.36,669|957|2023|5208|7351|9583|57103,BPGM|ENTPD5|ENO1|PFKFB2|UCP2|ENTPD4|TIGAR,-1.5
MyList,GO Biological Processes,19,GO:1903008,organelle disassembly,19_GO:0009987 cellular process,-3.4,3.4,4.4,30293,135,728,11,1.5,0.45,3799|4134|9821|23376|57103|65991|139341|285636|340061|493856|643246,KIF5B|MAP4|RB1CC1|UFL1|TIGAR|FUNDC2|FUNDC1|RIMOC1|STING1|CISD2|MAP1LC3B2,-1.5
MyList,GO Biological Processes,19,GO:0003015,heart process,19_GO:0032501 multicellular organismal process,-3.4,3.7,4.4,30293,114,728,10,1.4,0.43,998|1909|4090|4607|5290|6323|6546|6640|7423|10059,CDC42|EDNRA|SMAD5|MYBPC3|PIK3CA|SCN1A|SLC8A1|SNTA1|VEGFB|DNM1L,-1.5
MyList,GO Biological Processes,19,GO:1903050,regulation of proteolysis involved in protein catabolic process,19_GO:0008152 metabolic process,-3.3,2.7,4.1,30293,228,728,15,2.1,0.53,1601|5566|5705|7341|9097|10755|23376|28951|51667|55270|57154|79031|84900|122809|440730,DAB2|PRKACA|PSMC5|SUMO1|USP14|GIPC1|UFL1|TRIB2|NUB1|NUDT15|SMURF1|PDCL3|RNFT2|SOCS4|TRIM67,-1.5
MyList,GO Biological Processes,19,GO:0010536,positive regulation of activation of Janus kinase activity,19_GO:0048518 positive regulation of biological process,-3.3,18,7,30293,7,728,3,0.41,0.24,183|2688|3570,AGT|GH1|IL6R,-1.5
MyList,GO Biological Processes,19,GO:0062207,regulation of pattern recognition receptor signaling pathway,19_GO:0044419 biological process involved in interspecies interaction between organisms,-3.3,3.2,4.3,30293,158,728,12,1.6,0.47,329|929|3430|4615|4814|5587|7099|9258|9958|26060|55366|55914,BIRC2|CD14|IFI35|MYD88|NINJ1|PRKD1|TLR4|MFHAS1|USP15|APPL1|LGR4|ERBIN,-1.5
MyList,GO Biological Processes,19,GO:0030029,actin filament-based process,19_GO:0009987 cellular process,-3.3,2,3.8,30293,612,728,29,4,0.72,390|998|2059|2620|2909|3059|4289|4430|4607|5290|5573|6323|6640|9024|9322|9826|10630|23075|23221|51738|55740|57381|65108|79031|84168|84952|93627|121512|152273,RND3|CDC42|EPS8|GAS2|ARHGAP35|HCLS1|MKLN1|MYO1B|MYBPC3|PIK3CA|PRKAR1A|SCN1A|SNTA1|BRSK2|TRIP10|ARHGEF11|PDPN|SWAP70|RHOBTB2|GHRL|ENAH|RHOJ|MARCKSL1|PDCL3|ANTXR1|CGNL1|TBCK|FGD4|FGD5,-1.5
MyList,GO Biological Processes,19,GO:0032970,regulation of actin filament-based process,19_GO:0050789 regulation of biological process,-3.3,2.3,3.9,30293,385,728,21,2.9,0.62,390|998|2059|2258|2909|3059|4035|4607|5290|5587|5921|7043|8851|9873|10565|10630|23075|23191|29119|84952|93663,RND3|CDC42|EPS8|FGF13|ARHGAP35|HCLS1|LRP1|MYBPC3|PIK3CA|PRKD1|RASA1|TGFB3|CDK5R1|FCHSD2|ARFGEF1|PDPN|SWAP70|CYFIP1|CTNNA3|CGNL1|ARHGAP18,-1.5
MyList,GO Biological Processes,19,GO:0006368,transcription elongation by RNA polymerase II,19_GO:0008152 metabolic process,-3.3,5.9,5,30293,42,728,6,0.82,0.34,6829|9150|9958|29072|55840|123169,SUPT5H|CTDP1|USP15|SETD2|EAF2|LEO1,-1.5
MyList,GO Biological Processes,19,GO:0060576,intestinal epithelial cell development,19_GO:0032502 developmental process,-3.3,10,5.9,30293,16,728,4,0.55,0.27,3091|3572|57103|286451,HIF1A|IL6ST|TIGAR|YIPF6,-1.5
MyList,GO Biological Processes,19,GO:0009068,aspartate family amino acid catabolic process,19_GO:0008152 metabolic process,-3.3,10,5.9,30293,16,728,4,0.55,0.27,10993|23464|51268|80150,SDS|GCAT|PIPOX|ASRGL1,-1.5
MyList,GO Biological Processes,19,GO:0016241,regulation of macroautophagy,19_GO:0008152 metabolic process,-3.3,3.1,4.2,30293,159,728,12,1.6,0.47,526|3091|5290|5566|6829|8851|9554|23367|25782|27131|57103|340061,ATP6V1B2|HIF1A|PIK3CA|PRKACA|SUPT5H|CDK5R1|SEC22B|LARP1|RAB3GAP2|SNX5|TIGAR|STING1,-1.5
MyList,GO Biological Processes,19,GO:0061448,connective tissue development,19_GO:0032502 developmental process,-3.3,2.7,4.1,30293,230,728,15,2.1,0.53,2828|3091|4041|4090|5290|5467|5745|6660|6662|6935|7482|51738|54928|55553|79718,GPR4|HIF1A|LRP5|SMAD5|PIK3CA|PPARD|PTH1R|SOX5|SOX9|ZEB1|WNT2B|GHRL|BPNT2|SOX6|TBL1XR1,-1.5
MyList,GO Biological Processes,19,GO:0051338,regulation of transferase activity,19_GO:0065007 biological regulation,-3.3,1.9,3.8,30293,644,728,30,4.1,0.74,183|324|595|904|1616|1647|2264|2324|2688|3084|3123|3170|3570|4041|5573|5906|6546|7099|7538|8658|8660|8844|8851|9933|11284|28951|57103|64793|80829|122809,AGT|APC|CCND1|CCNT1|DAXX|GADD45A|FGFR4|FLT4|GH1|NRG1|HLA-DRB1|FOXA2|IL6R|LRP5|PRKAR1A|RAP1A|SLC8A1|TLR4|ZFP36|TNKS|IRS2|KSR1|CDK5R1|PUM3|PNKP|TRIB2|TIGAR|CEP85|ZFP91|SOCS4,-1.5
MyList,GO Biological Processes,19,GO:0010562,positive regulation of phosphorus metabolic process,19_GO:0048518 positive regulation of biological process,-3.3,1.9,3.8,30293,704,728,32,4.4,0.76,183|595|1601|1616|1826|2023|2264|2324|2688|3059|3084|3123|3570|3572|5587|5745|5781|5906|6662|7060|7099|7423|7525|8737|9704|9821|57103|57161|64400|80829|83666|148932,AGT|CCND1|DAB2|DAXX|DSCAM|ENO1|FGFR4|FLT4|GH1|HCLS1|NRG1|HLA-DRB1|IL6R|IL6ST|PRKD1|PTH1R|PTPN11|RAP1A|SOX9|THBS4|TLR4|VEGFB|YES1|RIPK1|DHX34|RB1CC1|TIGAR|PELI2|AKTIP|ZFP91|PARP9|MOB3C,-1.5
MyList,GO Biological Processes,19,GO:0045937,positive regulation of phosphate metabolic process,19_GO:0048518 positive regulation of biological process,-3.3,1.9,3.8,30293,704,728,32,4.4,0.76,183|595|1601|1616|1826|2023|2264|2324|2688|3059|3084|3123|3570|3572|5587|5745|5781|5906|6662|7060|7099|7423|7525|8737|9704|9821|57103|57161|64400|80829|83666|148932,AGT|CCND1|DAB2|DAXX|DSCAM|ENO1|FGFR4|FLT4|GH1|HCLS1|NRG1|HLA-DRB1|IL6R|IL6ST|PRKD1|PTH1R|PTPN11|RAP1A|SOX9|THBS4|TLR4|VEGFB|YES1|RIPK1|DHX34|RB1CC1|TIGAR|PELI2|AKTIP|ZFP91|PARP9|MOB3C,-1.5
MyList,GO Biological Processes,19,GO:0034308,primary alcohol metabolic process,19_GO:0008152 metabolic process,-3.3,3.9,4.5,30293,96,728,9,1.2,0.41,216|219|1109|1583|1645|8277|8644|10901|54884,ALDH1A1|ALDH1B1|AKR1C4|CYP11A1|AKR1C1|TKTL1|AKR1C3|DHRS4|RETSAT,-1.4
MyList,GO Biological Processes,19,GO:0070507,regulation of microtubule cytoskeleton organization,19_GO:0050789 regulation of biological process,-3.3,3.1,4.2,30293,160,728,12,1.6,0.47,324|636|2258|7175|8851|23271|29899|79884|80321|91782|146057|348235,APC|BICD1|FGF13|TPR|CDK5R1|CAMSAP2|GPSM2|MAP9|CEP70|CHMP7|TTBK2|SKA2,-1.4
MyList,GO Biological Processes,19,GO:0043123,positive regulation of canonical NF-kappaB signal transduction,19_GO:0048518 positive regulation of biological process,-3.3,2.8,4.1,30293,207,728,14,1.9,0.51,329|1896|3123|4615|5587|7099|7188|8737|10542|10758|24138|57161|57708|257397,BIRC2|EDA|HLA-DRB1|MYD88|PRKD1|TLR4|TRAF5|RIPK1|LAMTOR5|TRAF3IP2|IFIT5|PELI2|MIER1|TAB3,-1.4
MyList,GO Biological Processes,19,GO:0002758,innate immune response-activating signaling pathway,19_GO:0044419 biological process involved in interspecies interaction between organisms,-3.3,3.3,4.3,30293,138,728,11,1.5,0.45,929|1520|3656|4615|4938|7099|9447|9865|90268|118788|340061,CD14|CTSS|IRAK2|MYD88|OAS1|TLR4|AIM2|TRIL|OTULIN|PIK3AP1|STING1,-1.4
MyList,GO Biological Processes,19,GO:0043122,regulation of canonical NF-kappaB signal transduction,19_GO:0050896 response to stimulus,-3.3,2.5,4,30293,282,728,17,2.3,0.56,329|1896|3123|4615|5587|7099|7188|8737|10542|10758|23376|24138|54469|54923|57161|57708|257397,BIRC2|EDA|HLA-DRB1|MYD88|PRKD1|TLR4|TRAF5|RIPK1|LAMTOR5|TRAF3IP2|UFL1|IFIT5|ZFAND6|LIME1|PELI2|MIER1|TAB3,-1.4
MyList,GO Biological Processes,19,GO:0009896,positive regulation of catabolic process,19_GO:0048518 positive regulation of biological process,-3.3,2,3.8,30293,617,728,29,4,0.72,225|324|1601|3091|4035|5587|5705|6662|6829|7341|7538|8660|9554|9821|23367|23376|25782|27327|28951|29072|51667|54890|57154|84900|122809|129563|220441|340061|440730,ABCD2|APC|DAB2|HIF1A|LRP1|PRKD1|PSMC5|SOX9|SUPT5H|SUMO1|ZFP36|IRS2|SEC22B|RB1CC1|LARP1|UFL1|RAB3GAP2|TNRC6A|TRIB2|SETD2|NUB1|ALKBH5|SMURF1|RNFT2|SOCS4|DIS3L2|RNF152|STING1|TRIM67,-1.4
MyList,GO Biological Processes,19,GO:0097305,response to alcohol,19_GO:0050896 response to stimulus,-3.3,2.6,4,30293,257,728,16,2.2,0.54,2|18|329|929|1066|1728|2059|2155|3625|3709|4615|5587|8644|10287|23367|80854,A2M|ABAT|BIRC2|CD14|CES1|NQO1|EPS8|F7|INHBB|ITPR2|MYD88|PRKD1|AKR1C3|RGS19|LARP1|SETD7,-1.4
MyList,GO Biological Processes,19,GO:0008015,blood circulation,19_GO:0032501 multicellular organismal process,-3.3,2.2,3.9,30293,417,728,22,3,0.63,18|146|183|998|1909|2313|2828|2909|3680|4012|4041|4090|4607|5290|5547|6323|6546|6640|7423|7525|10059|91608,ABAT|ADRA1D|AGT|CDC42|EDNRA|FLI1|GPR4|ARHGAP35|ITGA9|LNPEP|LRP5|SMAD5|MYBPC3|PIK3CA|PRCP|SCN1A|SLC8A1|SNTA1|VEGFB|YES1|DNM1L|RASL10B,-1.4
MyList,GO Biological Processes,19,GO:0016071,mRNA metabolic process,19_GO:0008152 metabolic process,-3.3,1.9,3.7,30293,648,728,30,4.1,0.74,5433|5566|6882|6883|7538|7812|8683|9169|9704|10465|10492|10659|10768|10898|10946|22828|22985|23091|23543|51319|51574|54890|55421|83640|83860|84081|84186|123169|129563|134353,POLR2D|PRKACA|TAF11|TAF12|ZFP36|CSDE1|SRSF9|SCAF11|DHX34|PPIH|SYNCRIP|CELF2|AHCYL1|CPSF4|SF3A3|SCAF8|ACIN1|ZC3H13|RBFOX2|RSRC1|LARP7|ALKBH5|NCBP3|RAMAC|TAF3|NSRP1|ZCCHC7|LEO1|DIS3L2|LSM11,-1.4
MyList,GO Biological Processes,19,GO:0008360,regulation of cell shape,19_GO:0032502 developmental process,-3.3,3.3,4.3,30293,139,728,11,1.5,0.45,2059|2620|2909|4289|5921|10630|23191|57381|93663|121512|152273,EPS8|GAS2|ARHGAP35|MKLN1|RASA1|PDPN|CYFIP1|RHOJ|ARHGAP18|FGD4|FGD5,-1.4
MyList,GO Biological Processes,19,GO:0051224,negative regulation of protein transport,19_GO:0051179 localization,-3.2,3.5,4.3,30293,118,728,10,1.4,0.43,1445|3625|5781|5978|7327|7341|7351|10434|10956|51738,CSK|INHBB|PTPN11|REST|UBE2G2|SUMO1|UCP2|LYPLA1|OS9|GHRL,-1.4
MyList,GO Biological Processes,19,GO:0051249,regulation of lymphocyte activation,19_GO:0002376 immune system process,-3.2,2.1,3.8,30293,505,728,25,3.4,0.67,930|1445|1880|3112|3119|3123|3126|3127|3572|3575|3635|4332|4615|5290|5322|5573|5781|6598|6932|6935|7099|7525|8660|10451|29117,CD19|CSK|GPR183|HLA-DOB|HLA-DQB1|HLA-DRB1|HLA-DRB4|HLA-DRB5|IL6ST|IL7R|INPP5D|MNDA|MYD88|PIK3CA|PLA2G5|PRKAR1A|PTPN11|SMARCB1|TCF7|ZEB1|TLR4|YES1|IRS2|VAV3|BRD7,-1.4
MyList,GO Biological Processes,19,GO:0002218,activation of innate immune response,19_GO:0044419 biological process involved in interspecies interaction between organisms,-3.2,3.1,4.1,30293,163,728,12,1.6,0.47,929|1520|3656|4332|4615|4938|7099|9447|9865|90268|118788|340061,CD14|CTSS|IRAK2|MNDA|MYD88|OAS1|TLR4|AIM2|TRIL|OTULIN|PIK3AP1|STING1,-1.4
MyList,GO Biological Processes,19,GO:0030225,macrophage differentiation,19_GO:0032502 developmental process,-3.2,5.7,4.9,30293,44,728,6,0.82,0.34,998|3123|4615|7099|7351|27102,CDC42|HLA-DRB1|MYD88|TLR4|UCP2|EIF2AK1,-1.4
MyList,GO Biological Processes,19,GO:0051602,response to electrical stimulus,19_GO:0050896 response to stimulus,-3.2,5.7,4.9,30293,44,728,6,0.82,0.34,929|1728|4656|5978|23191|51738,CD14|NQO1|MYOG|REST|CYFIP1|GHRL,-1.4
MyList,GO Biological Processes,19,GO:0051047,positive regulation of secretion,19_GO:0051179 localization,-3.2,2.4,3.9,30293,312,728,18,2.5,0.58,18|1601|3091|3123|3625|5208|5566|5573|5587|5781|7043|7099|8660|9498|9846|10059|51738|91608,ABAT|DAB2|HIF1A|HLA-DRB1|INHBB|PFKFB2|PRKACA|PRKAR1A|PRKD1|PTPN11|TGFB3|TLR4|IRS2|SLC4A8|GAB2|DNM1L|GHRL|RASL10B,-1.4
MyList,GO Biological Processes,19,GO:0043923,positive regulation by host of viral transcription,19_GO:0016032 viral process,-3.2,9.8,5.7,30293,17,728,4,0.55,0.27,904|6598|6882|9150,CCNT1|SMARCB1|TAF11|CTDP1,-1.4
MyList,GO Biological Processes,19,GO:0032786,"positive regulation of DNA-templated transcription, elongation",19_GO:0048518 positive regulation of biological process,-3.2,4.8,4.6,30293,61,728,7,0.96,0.36,904|2074|6829|22828|55588|123169|400569,CCNT1|ERCC6|SUPT5H|SCAF8|MED29|LEO1|MED11,-1.4
MyList,GO Biological Processes,19,GO:0000422,autophagy of mitochondrion,19_GO:0008152 metabolic process,-3.2,4.8,4.6,30293,61,728,7,0.96,0.36,9821|57103|65991|139341|285636|493856|643246,RB1CC1|TIGAR|FUNDC2|FUNDC1|RIMOC1|CISD2|MAP1LC3B2,-1.4
MyList,GO Biological Processes,19,GO:0043549,regulation of kinase activity,19_GO:0008152 metabolic process,-3.2,2,3.7,30293,536,728,26,3.6,0.69,183|324|595|904|1616|1647|2264|2324|2688|3084|3123|3170|3570|4041|5573|5906|6546|7099|8660|8844|8851|28951|57103|64793|80829|122809,AGT|APC|CCND1|CCNT1|DAXX|GADD45A|FGFR4|FLT4|GH1|NRG1|HLA-DRB1|FOXA2|IL6R|LRP5|PRKAR1A|RAP1A|SLC8A1|TLR4|IRS2|KSR1|CDK5R1|TRIB2|TIGAR|CEP85|ZFP91|SOCS4,-1.4
MyList,GO Biological Processes,19,GO:0009611,response to wounding,19_GO:0050896 response to stimulus,-3.2,2.2,3.8,30293,422,728,22,3,0.63,1649|1719|1909|2155|2828|2909|3084|3091|3625|5051|5265|5290|5467|5547|7099|7538|10451|10630|23499|84750|91782|196527,DDIT3|DHFR|EDNRA|F7|GPR4|ARHGAP35|NRG1|HIF1A|INHBB|PAFAH2|SERPINA1|PIK3CA|PPARD|PRCP|TLR4|ZFP36|VAV3|PDPN|MACF1|FUT10|CHMP7|ANO6,-1.4
MyList,GO Biological Processes,19,GO:0033865,nucleoside bisphosphate metabolic process,19_GO:0008152 metabolic process,-3.2,3.5,4.3,30293,120,728,10,1.4,0.43,47|6785|23305|23597|51268|54898|64087|79877|80025|123876,ACLY|ELOVL4|ACSL6|ACOT9|PIPOX|ELOVL2|MCCC2|DCAKD|PANK2|ACSM2A,-1.4
MyList,GO Biological Processes,19,GO:0033875,ribonucleoside bisphosphate metabolic process,19_GO:0008152 metabolic process,-3.2,3.5,4.3,30293,120,728,10,1.4,0.43,47|6785|23305|23597|51268|54898|64087|79877|80025|123876,ACLY|ELOVL4|ACSL6|ACOT9|PIPOX|ELOVL2|MCCC2|DCAKD|PANK2|ACSM2A,-1.4
MyList,GO Biological Processes,19,GO:0034032,purine nucleoside bisphosphate metabolic process,19_GO:0008152 metabolic process,-3.2,3.5,4.3,30293,120,728,10,1.4,0.43,47|6785|23305|23597|51268|54898|64087|79877|80025|123876,ACLY|ELOVL4|ACSL6|ACOT9|PIPOX|ELOVL2|MCCC2|DCAKD|PANK2|ACSM2A,-1.4
MyList,GO Biological Processes,19,GO:0060047,heart contraction,19_GO:0032501 multicellular organismal process,-3.2,3.7,4.3,30293,100,728,9,1.2,0.41,998|4090|4607|5290|6323|6546|6640|7423|10059,CDC42|SMAD5|MYBPC3|PIK3CA|SCN1A|SLC8A1|SNTA1|VEGFB|DNM1L,-1.4
MyList,GO Biological Processes,19,GO:0030218,erythrocyte differentiation,19_GO:0042592 homeostatic process,-3.2,3.7,4.3,30293,100,728,9,1.2,0.41,669|3059|4090|9258|22985|23376|51522|55904|94081,BPGM|HCLS1|SMAD5|MFHAS1|ACIN1|UFL1|TMEM14C|KMT2E|SFXN1,-1.4
MyList,GO Biological Processes,19,GO:0002220,innate immune response activating cell surface receptor signaling pathway,19_GO:0044419 biological process involved in interspecies interaction between organisms,-3.2,4.7,4.6,30293,62,728,7,0.96,0.36,929|3656|4615|4938|7099|9865|118788,CD14|IRAK2|MYD88|OAS1|TLR4|TRIL|PIK3AP1,-1.4
MyList,GO Biological Processes,19,GO:0035966,response to topologically incorrect protein,19_GO:0050896 response to stimulus,-3.2,3.2,4.1,30293,143,728,11,1.5,0.45,595|1616|1649|3338|7060|9695|10956|22824|23071|55284|55768,CCND1|DAXX|DDIT3|DNAJC4|THBS4|EDEM1|OS9|HSPA4L|ERP44|UBE2W|NGLY1,-1.4
MyList,GO Biological Processes,19,GO:0050727,regulation of inflammatory response,19_GO:0050896 response to stimulus,-3.2,2.2,3.8,30293,425,728,22,3,0.63,54|183|329|2828|3123|3430|3572|4049|4615|4814|5467|7099|7525|7538|8737|9258|9447|23376|51738|90268|118788|340061,ACP5|AGT|BIRC2|GPR4|HLA-DRB1|IFI35|IL6ST|LTA|MYD88|NINJ1|PPARD|TLR4|YES1|ZFP36|RIPK1|MFHAS1|AIM2|UFL1|GHRL|OTULIN|PIK3AP1|STING1,-1.4
MyList,GO Biological Processes,19,GO:0010533,regulation of activation of Janus kinase activity,19_GO:0048518 positive regulation of biological process,-3.2,16,6.5,30293,8,728,3,0.41,0.24,183|2688|3570,AGT|GH1|IL6R,-1.4
MyList,GO Biological Processes,19,GO:0006520,amino acid metabolic process,19_GO:0008152 metabolic process,-3.1,2.4,3.9,30293,290,728,17,2.3,0.56,18|216|594|1719|4677|5033|5352|5723|7351|10993|11112|23464|23743|51268|64087|79731|80150,ABAT|ALDH1A1|BCKDHB|DHFR|NARS1|P4HA1|PLOD2|PSPH|UCP2|SDS|HIBADH|GCAT|BHMT2|PIPOX|MCCC2|NARS2|ASRGL1,-1.4
MyList,GO Biological Processes,19,GO:0048732,gland development,19_GO:0032502 developmental process,-3.1,2.1,3.7,30293,426,728,22,3,0.63,394|429|595|998|1896|1909|2909|3084|3091|3625|4041|5290|5454|6598|6662|7043|7351|8660|9821|51599|55840|344167,ARHGAP5|ASCL1|CCND1|CDC42|EDA|EDNRA|ARHGAP35|NRG1|HIF1A|INHBB|LRP5|PIK3CA|POU3F2|SMARCB1|SOX9|TGFB3|UCP2|IRS2|RB1CC1|LSR|EAF2|FOXI3,-1.4
MyList,GO Biological Processes,19,GO:0030036,actin cytoskeleton organization,19_GO:0009987 cellular process,-3.1,2,3.7,30293,542,728,26,3.6,0.69,390|998|2059|2620|2909|3059|4289|4430|4607|5290|5573|9024|9322|9826|23075|23221|51738|55740|57381|65108|79031|84168|84952|93627|121512|152273,RND3|CDC42|EPS8|GAS2|ARHGAP35|HCLS1|MKLN1|MYO1B|MYBPC3|PIK3CA|PRKAR1A|BRSK2|TRIP10|ARHGEF11|SWAP70|RHOBTB2|GHRL|ENAH|RHOJ|MARCKSL1|PDCL3|ANTXR1|CGNL1|TBCK|FGD4|FGD5,-1.3
MyList,GO Biological Processes,19,GO:0030162,regulation of proteolysis,19_GO:0008152 metabolic process,-3.1,1.9,3.6,30293,602,728,28,3.8,0.71,329|444|1520|1601|2023|2264|2537|4035|5265|5566|5705|5978|7341|9097|9447|10541|10542|10755|23376|28951|51667|55270|57154|79031|79886|84900|122809|440730,BIRC2|ASPH|CTSS|DAB2|ENO1|FGFR4|IFI6|LRP1|SERPINA1|PRKACA|PSMC5|REST|SUMO1|USP14|AIM2|ANP32B|LAMTOR5|GIPC1|UFL1|TRIB2|NUB1|NUDT15|SMURF1|PDCL3|CAAP1|RNFT2|SOCS4|TRIM67,-1.3
MyList,GO Biological Processes,19,GO:0090190,positive regulation of branching involved in ureteric bud morphogenesis,19_GO:0032502 developmental process,-3.1,9.2,5.5,30293,18,728,4,0.55,0.27,183|6662|7482|55366,AGT|SOX9|WNT2B|LGR4,-1.3
MyList,GO Biological Processes,19,GO:0048535,lymph node development,19_GO:0002376 immune system process,-3.1,9.2,5.5,30293,18,728,4,0.55,0.27,3575|4049|10630|10758,IL7R|LTA|PDPN|TRAF3IP2,-1.3
MyList,GO Biological Processes,19,GO:0044070,regulation of monoatomic anion transport,19_GO:0051179 localization,-3.1,9.2,5.5,30293,18,728,4,0.55,0.27,5243|8737|9230|10768,ABCB1|RIPK1|RAB11B|AHCYL1,-1.3
MyList,GO Biological Processes,19,GO:0070849,response to epidermal growth factor,19_GO:0050896 response to stimulus,-3.1,5.4,4.7,30293,46,728,6,0.82,0.34,429|1601|5781|6662|7175|7538,ASCL1|DAB2|PTPN11|SOX9|TPR|ZFP36,-1.3
MyList,GO Biological Processes,19,GO:1903828,negative regulation of protein localization,19_GO:0051179 localization,-3.1,2.7,3.9,30293,217,728,14,1.9,0.51,689|1445|1601|3625|5781|5978|7327|7341|7351|9258|10434|10956|51738|146057,BTF3|CSK|DAB2|INHBB|PTPN11|REST|UBE2G2|SUMO1|UCP2|MFHAS1|LYPLA1|OS9|GHRL|TTBK2,-1.3
MyList,GO Biological Processes,19,GO:1901136,carbohydrate derivative catabolic process,19_GO:0008152 metabolic process,-3.1,2.7,3.9,30293,217,728,14,1.9,0.51,216|669|957|2023|4668|5208|7351|9583|9695|22978|55270|55768|57103|129807,ALDH1A1|BPGM|ENTPD5|ENO1|NAGA|PFKFB2|UCP2|ENTPD4|EDEM1|NT5C2|NUDT15|NGLY1|TIGAR|NEU4,-1.3
MyList,GO Biological Processes,19,GO:0043244,regulation of protein-containing complex disassembly,19_GO:0050789 regulation of biological process,-3.1,3.4,4.1,30293,124,728,10,1.4,0.43,324|444|2059|2258|5290|22828|23075|23271|57466|146057,APC|ASPH|EPS8|FGF13|PIK3CA|SCAF8|SWAP70|CAMSAP2|SCAF4|TTBK2,-1.3
MyList,GO Biological Processes,19,GO:0009895,negative regulation of catabolic process,19_GO:0048519 negative regulation of biological process,-3.1,2.3,3.7,30293,348,728,19,2.6,0.59,1728|4615|5290|5566|7188|7538|7812|9097|9101|9554|9704|10492|10755|10758|23367|55132|57103|79031|257397,NQO1|MYD88|PIK3CA|PRKACA|TRAF5|ZFP36|CSDE1|USP14|USP8|SEC22B|DHX34|SYNCRIP|GIPC1|TRAF3IP2|LARP1|LARP1B|TIGAR|PDCL3|TAB3,-1.3
MyList,GO Biological Processes,19,GO:0034762,regulation of transmembrane transport,19_GO:0051179 localization,-3.1,2,3.6,30293,489,728,24,3.3,0.66,930|1520|1909|2258|2688|3770|5243|5566|5587|5781|6546|6640|7341|7525|7779|8660|8737|10768|26060|54923|57620|65268|91404|196527,CD19|CTSS|EDNRA|FGF13|GH1|KCNJ14|ABCB1|PRKACA|PRKD1|PTPN11|SLC8A1|SNTA1|SUMO1|YES1|SLC30A1|IRS2|RIPK1|AHCYL1|APPL1|LIME1|STIM2|WNK2|SESTD1|ANO6,-1.3
MyList,GO Biological Processes,19,GO:0050714,positive regulation of protein secretion,19_GO:0051179 localization,-3.1,3.1,4,30293,147,728,11,1.5,0.45,18|3091|3123|5208|5566|5573|7043|7099|8660|10059|51738,ABAT|HIF1A|HLA-DRB1|PFKFB2|PRKACA|PRKAR1A|TGFB3|TLR4|IRS2|DNM1L|GHRL,-1.3
MyList,GO Biological Processes,19,GO:0006325,chromatin organization,19_GO:0009987 cellular process,-3,1.8,3.5,30293,791,728,34,4.7,0.78,1616|2074|3170|4591|4615|4673|5290|5978|6294|6418|6598|6662|6760|6829|9324|9958|10541|23198|23234|29072|29117|51317|54790|54799|55806|55869|55904|57050|57708|58499|64431|79718|80854|286053,DAXX|ERCC6|FOXA2|TRIM37|MYD88|NAP1L1|PIK3CA|REST|SAFB|SET|SMARCB1|SOX9|SS18|SUPT5H|HMGN3|USP15|ANP32B|PSME4|DNAJC9|SETD2|BRD7|PHF21A|TET2|MBTD1|HR|HDAC8|KMT2E|UTP3|MIER1|ZNF462|ACTR6|TBL1XR1|SETD7|NSMCE2,-1.3
MyList,GO Biological Processes,19,GO:0009792,embryo development ending in birth or egg hatching,19_GO:0032502 developmental process,-3,1.9,3.6,30293,669,728,30,4.1,0.74,689|1909|2909|3091|5501|5566|5723|5745|6598|6662|6935|7043|7779|7798|8851|9318|9644|27022|29072|54799|55273|57534|79682|79718|79728|81031|84081|92129|145873|344167,BTF3|EDNRA|ARHGAP35|HIF1A|PPP1CC|PRKACA|PSPH|PTH1R|SMARCB1|SOX9|ZEB1|TGFB3|SLC30A1|LUZP1|CDK5R1|COPS2|SH3PXD2A|FOXD3|SETD2|MBTD1|TMEM100|MIB1|CENPU|TBL1XR1|PALB2|SLC2A10|NSRP1|RIPPLY1|MESP2|FOXI3,-1.3
MyList,GO Biological Processes,19,GO:0016236,macroautophagy,19_GO:0008152 metabolic process,-3,2.8,3.9,30293,195,728,13,1.8,0.49,4077|5828|9821|10254|23001|23376|55014|57103|57154|91782|285636|340061|643246,NBR1|PEX2|RB1CC1|STAM2|WDFY3|UFL1|STX17|TIGAR|SMURF1|CHMP7|RIMOC1|STING1|MAP1LC3B2,-1.3
MyList,GO Biological Processes,19,GO:0044283,small molecule biosynthetic process,19_GO:0008152 metabolic process,-3,2.1,3.6,30293,463,728,23,3.2,0.65,18|47|216|1066|1109|1407|1719|2023|3613|5322|5352|5723|6785|8644|10993|23743|26031|27235|50640|54898|79966|114880|123876,ABAT|ACLY|ALDH1A1|CES1|AKR1C4|CRY1|DHFR|ENO1|IMPA2|PLA2G5|PLOD2|PSPH|ELOVL4|AKR1C3|SDS|BHMT2|OSBPL3|COQ2|PNPLA8|ELOVL2|SCD5|OSBPL6|ACSM2A,-1.3
MyList,GO Biological Processes,19,GO:0022411,cellular component disassembly,19_GO:0009987 cellular process,-3,2.3,3.7,30293,351,728,19,2.6,0.59,1520|3799|4134|5828|6418|6598|8867|9821|22985|23376|55014|57103|65991|91782|139341|285636|340061|493856|643246,CTSS|KIF5B|MAP4|PEX2|SET|SMARCB1|SYNJ1|RB1CC1|ACIN1|UFL1|STX17|TIGAR|FUNDC2|CHMP7|FUNDC1|RIMOC1|STING1|CISD2|MAP1LC3B2,-1.3
MyList,GO Biological Processes,19,GO:0015936,coenzyme A metabolic process,19_GO:0008152 metabolic process,-3,8.8,5.3,30293,19,728,4,0.55,0.27,47|64087|79877|80025,ACLY|MCCC2|DCAKD|PANK2,-1.3
MyList,GO Biological Processes,19,GO:0046827,positive regulation of protein export from nucleus,19_GO:0051179 localization,-3,8.8,5.3,30293,19,728,4,0.55,0.27,5566|5587|7175|10541,PRKACA|PRKD1|TPR|ANP32B,-1.3
MyList,GO Biological Processes,19,GO:0120163,negative regulation of cold-induced thermogenesis,19_GO:0042592 homeostatic process,-3,5.2,4.6,30293,48,728,6,0.82,0.34,216|1649|3910|4012|7099|55366,ALDH1A1|DDIT3|LAMA4|LNPEP|TLR4|LGR4,-1.3
MyList,GO Biological Processes,19,GO:0009066,aspartate family amino acid metabolic process,19_GO:0008152 metabolic process,-3,5.2,4.6,30293,48,728,6,0.82,0.34,5352|10993|23464|23743|51268|80150,PLOD2|SDS|GCAT|BHMT2|PIPOX|ASRGL1,-1.3
MyList,GO Biological Processes,19,GO:0031330,negative regulation of cellular catabolic process,19_GO:0048519 negative regulation of biological process,-3,2.6,3.8,30293,221,728,14,1.9,0.51,4615|5290|5566|7188|7538|7812|9554|9704|10492|10758|23367|55132|57103|257397,MYD88|PIK3CA|PRKACA|TRAF5|ZFP36|CSDE1|SEC22B|DHX34|SYNCRIP|TRAF3IP2|LARP1|LARP1B|TIGAR|TAB3,-1.3
MyList,GO Biological Processes,19,GO:0032869,cellular response to insulin stimulus,19_GO:0050896 response to stimulus,-3,3.1,4,30293,149,728,11,1.5,0.45,324|1979|3625|4303|5290|7351|8660|9882|11031|23191|26060,APC|EIF4EBP2|INHBB|FOXO4|PIK3CA|UCP2|IRS2|TBC1D4|RAB31|CYFIP1|APPL1,-1.3
MyList,GO Biological Processes,19,GO:0006091,generation of precursor metabolites and energy,19_GO:0008152 metabolic process,-3,2.1,3.6,30293,408,728,21,2.9,0.62,47|178|444|509|669|1109|2023|2632|3572|4711|5208|5467|5501|5509|6392|7351|29103|54949|57103|80025|83931,ACLY|AGL|ASPH|ATP5F1C|BPGM|AKR1C4|ENO1|GBE1|IL6ST|NDUFB5|PFKFB2|PPARD|PPP1CC|PPP1R3D|SDHD|UCP2|DNAJC15|SDHAF2|TIGAR|PANK2|STK40,-1.3
MyList,GO Biological Processes,19,GO:0006259,DNA metabolic process,19_GO:0008152 metabolic process,-3,1.8,3.5,30293,766,728,33,4.5,0.77,571|1647|2074|2967|4673|6418|6598|7341|7518|11284|23075|23198|23376|29072|29893|29935|50484|54790|54799|55270|55284|55904|58493|64858|79728|79991|83666|84897|85015|92675|246243|286053|644186,BACH1|GADD45A|ERCC6|GTF2H3|NAP1L1|SET|SMARCB1|SUMO1|XRCC4|PNKP|SWAP70|PSME4|UFL1|SETD2|PSMC3IP|RPA4|RRM2B|TET2|MBTD1|NUDT15|UBE2W|KMT2E|INIP|DCLRE1B|PALB2|STN1|PARP9|TBRG1|USP45|DTD1|RNASEH1|NSMCE2|SYCE3,-1.2
MyList,GO Biological Processes,19,GO:1901880,negative regulation of protein depolymerization,19_GO:0048519 negative regulation of biological process,-3,4.4,4.4,30293,66,728,7,0.96,0.36,324|2059|2258|5290|23075|23271|146057,APC|EPS8|FGF13|PIK3CA|SWAP70|CAMSAP2|TTBK2,-1.2
MyList,GO Biological Processes,19,GO:0044597,daunorubicin metabolic process,19_GO:0008152 metabolic process,-3,14,6.1,30293,9,728,3,0.41,0.24,1109|1645|8644,AKR1C4|AKR1C1|AKR1C3,-1.2
MyList,GO Biological Processes,19,GO:0032488,Cdc42 protein signal transduction,19_GO:0050896 response to stimulus,-3,14,6.1,30293,9,728,3,0.41,0.24,998|23221|57381,CDC42|RHOBTB2|RHOJ,-1.2
MyList,GO Biological Processes,19,GO:0042996,regulation of Golgi to plasma membrane protein transport,19_GO:0051179 localization,-3,14,6.1,30293,9,728,3,0.41,0.24,1445|10434|163882,CSK|LYPLA1|CNST,-1.2
MyList,GO Biological Processes,19,GO:0001666,response to hypoxia,19_GO:0050896 response to stimulus,-3,2.4,3.7,30293,300,728,17,2.3,0.56,18|329|1909|2155|3091|3709|4049|5352|5467|5978|6392|7043|7351|7423|54890|57103|139341,ABAT|BIRC2|EDNRA|F7|HIF1A|ITPR2|LTA|PLOD2|PPARD|REST|SDHD|TGFB3|UCP2|VEGFB|ALKBH5|TIGAR|FUNDC1,-1.2
MyList,GO Biological Processes,19,GO:0001818,negative regulation of cytokine production,19_GO:0048519 negative regulation of biological process,-3,2.2,3.6,30293,382,728,20,2.7,0.61,54|225|307|1445|1649|3123|3625|3635|4938|5781|7043|7099|7538|9455|28951|51738|54739|55366|55914|81031,ACP5|ABCD2|ANXA4|CSK|DDIT3|HLA-DRB1|INHBB|INPP5D|OAS1|PTPN11|TGFB3|TLR4|ZFP36|HOMER2|TRIB2|GHRL|XAF1|LGR4|ERBIN|SLC2A10,-1.2
MyList,GO Biological Processes,19,GO:0051169,nuclear transport,19_GO:0051179 localization,-3,2.5,3.8,30293,248,728,15,2.1,0.53,3059|5566|7175|10526|10758|10768|11260|26060|51068|51319|54890|55421|55916|57154|161424,HCLS1|PRKACA|TPR|IPO8|TRAF3IP2|AHCYL1|XPOT|APPL1|NMD3|RSRC1|ALKBH5|NCBP3|NXT2|SMURF1|NOP9,-1.2
MyList,GO Biological Processes,19,GO:0000278,mitotic cell cycle,19_GO:0009987 cellular process,-3,1.9,3.5,30293,585,728,27,3.7,0.7,324|595|1909|2029|2059|4134|4303|5243|5921|6795|7175|8658|9024|9101|9150|10592|10617|23212|29072|29899|55270|56992|58493|79884|91782|129563|348235,APC|CCND1|EDNRA|ENSA|EPS8|MAP4|FOXO4|ABCB1|RASA1|AURKC|TPR|TNKS|BRSK2|USP8|CTDP1|SMC2|STAMBP|RRS1|SETD2|GPSM2|NUDT15|KIF15|INIP|MAP9|CHMP7|DIS3L2|SKA2,-1.2
MyList,GO Biological Processes,19,GO:0000038,very long-chain fatty acid metabolic process,19_GO:0008152 metabolic process,-3,6.3,4.8,30293,33,728,5,0.69,0.31,225|5828|6785|23305|54898,ABCD2|PEX2|ELOVL4|ACSL6|ELOVL2,-1.2
MyList,GO Biological Processes,19,GO:0010464,regulation of mesenchymal cell proliferation,19_GO:0050789 regulation of biological process,-3,6.3,4.8,30293,33,728,5,0.69,0.31,394|4041|6662|6935|8660,ARHGAP5|LRP5|SOX9|ZEB1|IRS2,-1.2
MyList,GO Biological Processes,19,GO:0034143,regulation of toll-like receptor 4 signaling pathway,19_GO:0044419 biological process involved in interspecies interaction between organisms,-3,6.3,4.8,30293,33,728,5,0.69,0.31,929|3430|4814|9258|26060,CD14|IFI35|NINJ1|MFHAS1|APPL1,-1.2
MyList,GO Biological Processes,19,GO:0043414,macromolecule methylation,19_GO:0008152 metabolic process,-3,2.9,3.9,30293,174,728,12,1.6,0.47,23091|25821|25917|29072|29960|51574|55471|55904|63899|80854|83640|196074,ZC3H13|MTO1|THUMPD3|SETD2|MRM2|LARP7|NDUFAF7|KMT2E|NSUN3|SETD7|RAMAC|METTL15,-1.2
MyList,GO Biological Processes,19,GO:0019221,cytokine-mediated signaling pathway,19_GO:0050896 response to stimulus,-3,2.2,3.6,30293,383,728,20,2.7,0.61,329|2688|3059|3570|3572|3575|3656|3716|4615|4938|5355|5566|5781|7188|8737|9447|10758|26060|51094|64388,BIRC2|GH1|HCLS1|IL6R|IL6ST|IL7R|IRAK2|JAK1|MYD88|OAS1|PLP2|PRKACA|PTPN11|TRAF5|RIPK1|AIM2|TRAF3IP2|APPL1|ADIPOR1|GREM2,-1.2
MyList,GO Biological Processes,19,GO:0032024,positive regulation of insulin secretion,19_GO:0051179 localization,-3,3.9,4.2,30293,86,728,8,1.1,0.39,18|3091|3123|5208|5566|5573|8660|51738,ABAT|HIF1A|HLA-DRB1|PFKFB2|PRKACA|PRKAR1A|IRS2|GHRL,-1.2
MyList,GO Biological Processes,19,GO:0120161,regulation of cold-induced thermogenesis,19_GO:0042592 homeostatic process,-3,3,3.9,30293,151,728,11,1.5,0.45,216|324|1649|1666|3910|4012|7099|7351|51094|51738|55366,ALDH1A1|APC|DDIT3|DECR1|LAMA4|LNPEP|TLR4|UCP2|ADIPOR1|GHRL|LGR4,-1.2
MyList,GO Biological Processes,19,GO:0043009,chordate embryonic development,19_GO:0032502 developmental process,-2.9,1.9,3.5,30293,648,728,29,4,0.72,689|1909|2909|3091|5501|5566|5723|5745|6598|6662|6935|7043|7779|7798|9318|9644|27022|29072|54799|55273|57534|79682|79718|79728|81031|84081|92129|145873|344167,BTF3|EDNRA|ARHGAP35|HIF1A|PPP1CC|PRKACA|PSPH|PTH1R|SMARCB1|SOX9|ZEB1|TGFB3|SLC30A1|LUZP1|COPS2|SH3PXD2A|FOXD3|SETD2|MBTD1|TMEM100|MIB1|CENPU|TBL1XR1|PALB2|SLC2A10|NSRP1|RIPPLY1|MESP2|FOXI3,-1.2
MyList,GO Biological Processes,19,GO:0015718,monocarboxylic acid transport,19_GO:0051179 localization,-2.9,3,3.9,30293,152,728,11,1.5,0.45,225|1109|1645|5322|5375|5467|6539|9120|10434|50640|133418,ABCD2|AKR1C4|AKR1C1|PLA2G5|PMP2|PPARD|SLC6A12|SLC16A6|LYPLA1|PNPLA8|EMB,-1.2
MyList,GO Biological Processes,19,GO:1901879,regulation of protein depolymerization,19_GO:0050789 regulation of biological process,-2.9,3.8,4.1,30293,87,728,8,1.1,0.39,324|444|2059|2258|5290|23075|23271|146057,APC|ASPH|EPS8|FGF13|PIK3CA|SWAP70|CAMSAP2|TTBK2,-1.2
MyList,GO Biological Processes,19,GO:0009137,purine nucleoside diphosphate catabolic process,19_GO:0008152 metabolic process,-2.9,5,4.4,30293,50,728,6,0.82,0.34,669|2023|5208|7351|9583|57103,BPGM|ENO1|PFKFB2|UCP2|ENTPD4|TIGAR,-1.2
MyList,GO Biological Processes,19,GO:0005977,glycogen metabolic process,19_GO:0008152 metabolic process,-2.9,5,4.4,30293,50,728,6,0.82,0.34,178|2632|3572|5501|5509|83931,AGL|GBE1|IL6ST|PPP1CC|PPP1R3D|STK40,-1.2
MyList,GO Biological Processes,19,GO:0009181,purine ribonucleoside diphosphate catabolic process,19_GO:0008152 metabolic process,-2.9,5,4.4,30293,50,728,6,0.82,0.34,669|2023|5208|7351|9583|57103,BPGM|ENO1|PFKFB2|UCP2|ENTPD4|TIGAR,-1.2
MyList,GO Biological Processes,19,GO:0099003,vesicle-mediated transport in synapse,19_GO:0051179 localization,-2.9,3,3.9,30293,153,728,11,1.5,0.45,526|2060|5906|6453|8867|8871|10814|22848|22895|26052|57084,ATP6V1B2|EPS15|RAP1A|ITSN1|SYNJ1|SYNJ2|CPLX2|AAK1|RPH3A|DNM3|SLC17A6,-1.2
MyList,GO Biological Processes,19,GO:0035239,tube morphogenesis,19_GO:0032502 developmental process,-2.9,1.8,3.4,30293,682,728,30,4.1,0.74,998|1317|1896|1909|2324|2828|2909|3091|4035|4041|4814|5290|5547|5566|5587|5921|6662|6935|7423|7798|10451|10806|29072|55273|55366|57381|57534|79031|80025|90268,CDC42|SLC31A1|EDA|EDNRA|FLT4|GPR4|ARHGAP35|HIF1A|LRP1|LRP5|NINJ1|PIK3CA|PRCP|PRKACA|PRKD1|RASA1|SOX9|ZEB1|VEGFB|LUZP1|VAV3|SDCCAG8|SETD2|TMEM100|LGR4|RHOJ|MIB1|PDCL3|PANK2|OTULIN,-1.2
MyList,GO Biological Processes,19,GO:1903047,mitotic cell cycle process,19_GO:0009987 cellular process,-2.9,2,3.5,30293,502,728,24,3.3,0.66,324|595|2029|2059|4134|4303|5243|5921|6795|7175|8658|9024|9101|9150|10592|10617|23212|29072|29899|58493|79884|91782|129563|348235,APC|CCND1|ENSA|EPS8|MAP4|FOXO4|ABCB1|RASA1|AURKC|TPR|TNKS|BRSK2|USP8|CTDP1|SMC2|STAMBP|RRS1|SETD2|GPSM2|INIP|MAP9|CHMP7|DIS3L2|SKA2,-1.2
MyList,GO Biological Processes,19,GO:0002696,positive regulation of leukocyte activation,19_GO:0002376 immune system process,-2.9,2.2,3.6,30293,360,728,19,2.6,0.59,1445|1880|3112|3119|3123|3126|3127|3572|3575|3635|4615|5290|5781|6598|7099|7525|8660|10451|29117,CSK|GPR183|HLA-DOB|HLA-DQB1|HLA-DRB1|HLA-DRB4|HLA-DRB5|IL6ST|IL7R|INPP5D|MYD88|PIK3CA|PTPN11|SMARCB1|TLR4|YES1|IRS2|VAV3|BRD7,-1.2
MyList,GO Biological Processes,19,GO:0034101,erythrocyte homeostasis,19_GO:0042592 homeostatic process,-2.9,3.4,4,30293,109,728,9,1.2,0.41,669|3059|4090|9258|22985|23376|51522|55904|94081,BPGM|HCLS1|SMAD5|MFHAS1|ACIN1|UFL1|TMEM14C|KMT2E|SFXN1,-1.2
MyList,GO Biological Processes,19,GO:0043254,regulation of protein-containing complex assembly,19_GO:0050789 regulation of biological process,-2.9,2.1,3.5,30293,417,728,21,2.9,0.62,329|998|2059|3059|3084|4615|5587|5781|5921|6662|7099|7341|8851|9780|9873|10565|23191|23271|29103|51128|93663,BIRC2|CDC42|EPS8|HCLS1|NRG1|MYD88|PRKD1|PTPN11|RASA1|SOX9|TLR4|SUMO1|CDK5R1|PIEZO1|FCHSD2|ARFGEF1|CYFIP1|CAMSAP2|DNAJC15|SAR1B|ARHGAP18,-1.2
MyList,GO Biological Processes,19,GO:0007163,establishment or maintenance of cell polarity,19_GO:0009987 cellular process,-2.9,2.7,3.7,30293,203,728,13,1.8,0.49,998|2258|2909|4134|9024|9826|10758|10806|23221|29899|55914|57381|81609,CDC42|FGF13|ARHGAP35|MAP4|BRSK2|ARHGEF11|TRAF3IP2|SDCCAG8|RHOBTB2|GPSM2|ERBIN|RHOJ|SNX27,-1.2
MyList,GO Biological Processes,19,GO:1902903,regulation of supramolecular fiber organization,19_GO:0050789 regulation of biological process,-2.9,2.1,3.5,30293,390,728,20,2.7,0.61,324|998|2059|2258|2909|3059|5290|5587|5921|7043|8851|9101|9873|10565|23075|23191|23271|84952|93663|146057,APC|CDC42|EPS8|FGF13|ARHGAP35|HCLS1|PIK3CA|PRKD1|RASA1|TGFB3|CDK5R1|USP8|FCHSD2|ARFGEF1|SWAP70|CYFIP1|CAMSAP2|CGNL1|ARHGAP18|TTBK2,-1.2
MyList,GO Biological Processes,19,GO:0007031,peroxisome organization,19_GO:0009987 cellular process,-2.9,5.9,4.6,30293,35,728,5,0.69,0.31,225|4591|5828|10059|54469,ABCD2|TRIM37|PEX2|DNM1L|ZFAND6,-1.2
MyList,GO Biological Processes,19,GO:0016137,glycoside metabolic process,19_GO:0008152 metabolic process,-2.8,7.9,5,30293,21,728,4,0.55,0.27,1109|1645|4668|8644,AKR1C4|AKR1C1|NAGA|AKR1C3,-1.2
MyList,GO Biological Processes,19,GO:0090189,regulation of branching involved in ureteric bud morphogenesis,19_GO:0032502 developmental process,-2.8,7.9,5,30293,21,728,4,0.55,0.27,183|6662|7482|55366,AGT|SOX9|WNT2B|LGR4,-1.2
MyList,GO Biological Processes,19,GO:0098743,cell aggregation,19_GO:0009987 cellular process,-2.8,7.9,5,30293,21,728,4,0.55,0.27,4359|6660|6662|55553,MPZ|SOX5|SOX9|SOX6,-1.2
MyList,GO Biological Processes,19,GO:0016310,phosphorylation,19_GO:0008152 metabolic process,-2.8,1.8,3.4,30293,720,728,31,4.3,0.75,157|203|1445|2264|2324|2585|3656|3716|4750|5208|5209|5290|5566|5587|6795|7099|7525|8658|8737|8844|8851|9024|9318|11284|22848|27102|55750|65268|80025|83931|146057,GRK3|AK1|CSK|FGFR4|FLT4|GALK2|IRAK2|JAK1|NEK1|PFKFB2|PFKFB3|PIK3CA|PRKACA|PRKD1|AURKC|TLR4|YES1|TNKS|RIPK1|KSR1|CDK5R1|BRSK2|COPS2|PNKP|AAK1|EIF2AK1|AGK|WNK2|PANK2|STK40|TTBK2,-1.2
MyList,GO Biological Processes,19,GO:1904950,negative regulation of establishment of protein localization,19_GO:0051179 localization,-2.8,3.1,3.9,30293,133,728,10,1.4,0.43,1445|3625|5781|5978|7327|7341|7351|10434|10956|51738,CSK|INHBB|PTPN11|REST|UBE2G2|SUMO1|UCP2|LYPLA1|OS9|GHRL,-1.2
MyList,GO Biological Processes,19,GO:0051168,nuclear export,19_GO:0051179 localization,-2.8,3.1,3.9,30293,133,728,10,1.4,0.43,5566|7175|10768|11260|51068|54890|55421|55916|57154|161424,PRKACA|TPR|AHCYL1|XPOT|NMD3|ALKBH5|NCBP3|NXT2|SMURF1|NOP9,-1.2
MyList,GO Biological Processes,19,GO:0044089,positive regulation of cellular component biogenesis,19_GO:0048518 positive regulation of biological process,-2.8,2,3.4,30293,508,728,24,3.3,0.66,183|324|998|2059|2909|3084|4615|5290|5587|6662|7043|7099|7175|7341|8851|9780|9873|9898|23075|23191|25782|26052|29899|51738,AGT|APC|CDC42|EPS8|ARHGAP35|NRG1|MYD88|PIK3CA|PRKD1|SOX9|TGFB3|TLR4|TPR|SUMO1|CDK5R1|PIEZO1|FCHSD2|UBAP2L|SWAP70|CYFIP1|RAB3GAP2|DNM3|GPSM2|GHRL,-1.2
MyList,GO Biological Processes,19,GO:0050865,regulation of cell activation,19_GO:0032501 multicellular organismal process,-2.8,1.9,3.4,30293,628,728,28,3.8,0.71,930|1445|1880|3112|3119|3123|3126|3127|3572|3575|3635|4332|4615|5290|5322|5573|5781|6598|6932|6935|7099|7525|8660|9258|10451|10630|29117|65991,CD19|CSK|GPR183|HLA-DOB|HLA-DQB1|HLA-DRB1|HLA-DRB4|HLA-DRB5|IL6ST|IL7R|INPP5D|MNDA|MYD88|PIK3CA|PLA2G5|PRKAR1A|PTPN11|SMARCB1|TCF7|ZEB1|TLR4|YES1|IRS2|MFHAS1|VAV3|PDPN|BRD7|FUNDC2,-1.2
MyList,GO Biological Processes,19,GO:1903053,regulation of extracellular matrix organization,19_GO:0050789 regulation of biological process,-2.8,4.2,4.2,30293,70,728,7,0.96,0.36,183|2264|4035|6662|10630|81031|84168,AGT|FGFR4|LRP1|SOX9|PDPN|SLC2A10|ANTXR1,-1.2
MyList,GO Biological Processes,19,GO:2000379,positive regulation of reactive oxygen species metabolic process,19_GO:0048518 positive regulation of biological process,-2.8,4.2,4.2,30293,70,728,7,0.96,0.36,183|1645|1647|7099|8644|8737|10901,AGT|AKR1C1|GADD45A|TLR4|AKR1C3|RIPK1|DHRS4,-1.2
MyList,GO Biological Processes,19,GO:0030638,polyketide metabolic process,19_GO:0008152 metabolic process,-2.8,12,5.7,30293,10,728,3,0.41,0.24,1109|1645|8644,AKR1C4|AKR1C1|AKR1C3,-1.2
MyList,GO Biological Processes,19,GO:0044598,doxorubicin metabolic process,19_GO:0008152 metabolic process,-2.8,12,5.7,30293,10,728,3,0.41,0.24,1109|1645|8644,AKR1C4|AKR1C1|AKR1C3,-1.2
MyList,GO Biological Processes,19,GO:2000849,regulation of glucocorticoid secretion,19_GO:0051179 localization,-2.8,12,5.7,30293,10,728,3,0.41,0.24,1407|5781|51738,CRY1|PTPN11|GHRL,-1.2
MyList,GO Biological Processes,19,GO:0030647,aminoglycoside antibiotic metabolic process,19_GO:0008152 metabolic process,-2.8,12,5.7,30293,10,728,3,0.41,0.24,1109|1645|8644,AKR1C4|AKR1C1|AKR1C3,-1.2
MyList,GO Biological Processes,19,GO:0009141,nucleoside triphosphate metabolic process,19_GO:0008152 metabolic process,-2.8,2.6,3.7,30293,205,728,13,1.8,0.49,203|509|526|669|2023|4711|5208|6392|7351|9583|50484|55270|57103,AK1|ATP5F1C|ATP6V1B2|BPGM|ENO1|NDUFB5|PFKFB2|SDHD|UCP2|ENTPD4|RRM2B|NUDT15|TIGAR,-1.2
MyList,GO Biological Processes,19,GO:0044042,glucan metabolic process,19_GO:0008152 metabolic process,-2.8,4.8,4.3,30293,52,728,6,0.82,0.34,178|2632|3572|5501|5509|83931,AGL|GBE1|IL6ST|PPP1CC|PPP1R3D|STK40,-1.1
MyList,GO Biological Processes,19,GO:0072526,pyridine-containing compound catabolic process,19_GO:0008152 metabolic process,-2.8,4.8,4.3,30293,52,728,6,0.82,0.34,669|2023|5208|7351|23475|57103,BPGM|ENO1|PFKFB2|UCP2|QPRT|TIGAR,-1.1
MyList,GO Biological Processes,19,GO:0001525,angiogenesis,19_GO:0032502 developmental process,-2.8,2.2,3.5,30293,338,728,18,2.5,0.58,998|1317|1909|2324|2828|3091|4814|5290|5547|5587|7423|10451|29072|55273|57381|79031|80025|90268,CDC42|SLC31A1|EDNRA|FLT4|GPR4|HIF1A|NINJ1|PIK3CA|PRCP|PRKD1|VEGFB|VAV3|SETD2|TMEM100|RHOJ|PDCL3|PANK2|OTULIN,-1.1
MyList,GO Biological Processes,19,GO:0046395,carboxylic acid catabolic process,19_GO:0008152 metabolic process,-2.8,2.5,3.6,30293,232,728,14,1.9,0.51,18|225|594|1666|5467|5828|10993|11112|23464|23475|51268|55268|64087|80150,ABAT|ABCD2|BCKDHB|DECR1|PPARD|PEX2|SDS|HIBADH|GCAT|QPRT|PIPOX|ECHDC2|MCCC2|ASRGL1,-1.1
MyList,GO Biological Processes,19,GO:0016054,organic acid catabolic process,19_GO:0008152 metabolic process,-2.8,2.5,3.6,30293,232,728,14,1.9,0.51,18|225|594|1666|5467|5828|10993|11112|23464|23475|51268|55268|64087|80150,ABAT|ABCD2|BCKDHB|DECR1|PPARD|PEX2|SDS|HIBADH|GCAT|QPRT|PIPOX|ECHDC2|MCCC2|ASRGL1,-1.1
MyList,GO Biological Processes,19,GO:0032886,regulation of microtubule-based process,19_GO:0050789 regulation of biological process,-2.8,2.4,3.6,30293,258,728,15,2.1,0.53,324|636|2258|4591|7175|8851|23271|23499|29899|79884|80321|85478|91782|146057|348235,APC|BICD1|FGF13|TRIM37|TPR|CDK5R1|CAMSAP2|MACF1|GPSM2|MAP9|CEP70|CCDC65|CHMP7|TTBK2|SKA2,-1.1
MyList,GO Biological Processes,19,GO:0002694,regulation of leukocyte activation,19_GO:0002376 immune system process,-2.8,1.9,3.4,30293,571,728,26,3.6,0.69,930|1445|1880|3112|3119|3123|3126|3127|3572|3575|3635|4332|4615|5290|5322|5573|5781|6598|6932|6935|7099|7525|8660|9258|10451|29117,CD19|CSK|GPR183|HLA-DOB|HLA-DQB1|HLA-DRB1|HLA-DRB4|HLA-DRB5|IL6ST|IL7R|INPP5D|MNDA|MYD88|PIK3CA|PLA2G5|PRKAR1A|PTPN11|SMARCB1|TCF7|ZEB1|TLR4|YES1|IRS2|MFHAS1|VAV3|BRD7,-1.1
MyList,GO Biological Processes,19,GO:0001510,RNA methylation,19_GO:0008152 metabolic process,-2.8,3.7,4,30293,91,728,8,1.1,0.39,23091|25821|25917|29960|51574|63899|83640|196074,ZC3H13|MTO1|THUMPD3|MRM2|LARP7|NSUN3|RAMAC|METTL15,-1.1
MyList,GO Biological Processes,19,GO:0002526,acute inflammatory response,19_GO:0050896 response to stimulus,-2.8,4.1,4.1,30293,71,728,7,0.96,0.36,2|3570|5265|5547|23780|27102|196527,A2M|IL6R|SERPINA1|PRCP|APOL2|EIF2AK1|ANO6,-1.1
MyList,GO Biological Processes,19,GO:0050851,antigen receptor-mediated signaling pathway,19_GO:0002376 immune system process,-2.8,2.9,3.8,30293,158,728,11,1.5,0.45,930|1445|3119|3123|3635|4332|5290|8891|10384|10451|54923,CD19|CSK|HLA-DQB1|HLA-DRB1|INPP5D|MNDA|PIK3CA|EIF2B3|BTN3A3|VAV3|LIME1,-1.1
MyList,GO Biological Processes,19,GO:0140694,non-membrane-bounded organelle assembly,19_GO:0009987 cellular process,-2.8,2.2,3.5,30293,340,728,18,2.5,0.58,636|4607|5573|6234|6795|7812|8658|9898|23212|26112|29777|29960|51335|54890|64793|79884|80254|80817,BICD1|MYBPC3|PRKAR1A|RPS28|AURKC|CSDE1|TNKS|UBAP2L|RRS1|CCDC69|ABT1|MRM2|NGRN|ALKBH5|CEP85|MAP9|CEP63|CEP44,-1.1
MyList,GO Biological Processes,19,GO:0045785,positive regulation of cell adhesion,19_GO:0048518 positive regulation of biological process,-2.8,2,3.4,30293,483,728,23,3.2,0.65,998|1445|1601|1793|3112|3119|3123|3126|3127|3170|3572|3575|3716|5290|5781|6598|7525|9780|10451|10630|29117|54453|375567,CDC42|CSK|DAB2|DOCK1|HLA-DOB|HLA-DQB1|HLA-DRB1|HLA-DRB4|HLA-DRB5|FOXA2|IL6ST|IL7R|JAK1|PIK3CA|PTPN11|SMARCB1|YES1|PIEZO1|VAV3|PDPN|BRD7|RIN2|VWC2,-1.1
MyList,GO Biological Processes,19,GO:0036293,response to decreased oxygen levels,19_GO:0050896 response to stimulus,-2.8,2.3,3.5,30293,313,728,17,2.3,0.56,18|329|1909|2155|3091|3709|4049|5352|5467|5978|6392|7043|7351|7423|54890|57103|139341,ABAT|BIRC2|EDNRA|F7|HIF1A|ITPR2|LTA|PLOD2|PPARD|REST|SDHD|TGFB3|UCP2|VEGFB|ALKBH5|TIGAR|FUNDC1,-1.1
MyList,GO Biological Processes,19,GO:0046434,organophosphate catabolic process,19_GO:0008152 metabolic process,-2.8,2.7,3.7,30293,183,728,12,1.6,0.47,669|957|2023|5208|5322|7351|9583|22876|22978|50640|55270|57103,BPGM|ENTPD5|ENO1|PFKFB2|PLA2G5|UCP2|ENTPD4|INPP5F|NT5C2|PNPLA8|NUDT15|TIGAR,-1.1
MyList,GO Biological Processes,19,GO:0034030,ribonucleoside bisphosphate biosynthetic process,19_GO:0008152 metabolic process,-2.8,4.7,4.2,30293,53,728,6,0.82,0.34,47|6785|23305|54898|79877|80025,ACLY|ELOVL4|ACSL6|ELOVL2|DCAKD|PANK2,-1.1
MyList,GO Biological Processes,19,GO:0033866,nucleoside bisphosphate biosynthetic process,19_GO:0008152 metabolic process,-2.8,4.7,4.2,30293,53,728,6,0.82,0.34,47|6785|23305|54898|79877|80025,ACLY|ELOVL4|ACSL6|ELOVL2|DCAKD|PANK2,-1.1
MyList,GO Biological Processes,19,GO:0046031,ADP metabolic process,19_GO:0008152 metabolic process,-2.8,4.7,4.2,30293,53,728,6,0.82,0.34,203|669|2023|5208|7351|57103,AK1|BPGM|ENO1|PFKFB2|UCP2|TIGAR,-1.1
MyList,GO Biological Processes,19,GO:0034033,purine nucleoside bisphosphate biosynthetic process,19_GO:0008152 metabolic process,-2.8,4.7,4.2,30293,53,728,6,0.82,0.34,47|6785|23305|54898|79877|80025,ACLY|ELOVL4|ACSL6|ELOVL2|DCAKD|PANK2,-1.1
MyList,GO Biological Processes,19,GO:0031668,cellular response to extracellular stimulus,19_GO:0050896 response to stimulus,-2.8,2.4,3.6,30293,260,728,15,2.1,0.53,2074|2909|3170|3625|5467|5587|7351|7482|8644|9213|27327|29103|55270|220441|643246,ERCC6|ARHGAP35|FOXA2|INHBB|PPARD|PRKD1|UCP2|WNT2B|AKR1C3|XPR1|TNRC6A|DNAJC15|NUDT15|RNF152|MAP1LC3B2,-1.1
MyList,GO Biological Processes,19,GO:0014823,response to activity,19_GO:0050896 response to stimulus,-2.8,4,4.1,30293,72,728,7,0.96,0.36,183|1407|3091|4656|5290|6935|23371,AGT|CRY1|HIF1A|MYOG|PIK3CA|ZEB1|TNS2,-1.1
MyList,GO Biological Processes,19,GO:0045947,negative regulation of translational initiation,19_GO:0048519 negative regulation of biological process,-2.8,7.6,4.8,30293,22,728,4,0.55,0.27,1979|7175|23367|27102,EIF4EBP2|TPR|LARP1|EIF2AK1,-1.1
MyList,GO Biological Processes,19,GO:0010566,regulation of ketone biosynthetic process,19_GO:0008152 metabolic process,-2.8,7.6,4.8,30293,22,728,4,0.55,0.27,1601|5978|8644|160760,DAB2|REST|AKR1C3|PPTC7,-1.1
MyList,GO Biological Processes,19,GO:0090407,organophosphate biosynthetic process,19_GO:0008152 metabolic process,-2.8,1.9,3.4,30293,545,728,25,3.4,0.67,47|203|509|3613|3635|4711|5130|5290|6392|6785|8867|8871|22876|23305|23475|50484|54898|54928|55326|79877|80025|83666|84803|122809|554235,ACLY|AK1|ATP5F1C|IMPA2|INPP5D|NDUFB5|PCYT1A|PIK3CA|SDHD|ELOVL4|SYNJ1|SYNJ2|INPP5F|ACSL6|QPRT|RRM2B|ELOVL2|BPNT2|AGPAT5|DCAKD|PANK2|PARP9|GPAT3|SOCS4|ASPDH,-1.1
MyList,GO Biological Processes,19,GO:0000075,cell cycle checkpoint signaling,19_GO:0048519 negative regulation of biological process,-2.8,2.9,3.7,30293,160,728,11,1.5,0.45,324|595|2074|4303|5781|7175|23376|29935|58493|80254|83666,APC|CCND1|ERCC6|FOXO4|PTPN11|TPR|UFL1|RPA4|INIP|CEP63|PARP9,-1.1
MyList,GO Biological Processes,19,GO:0016042,lipid catabolic process,19_GO:0008152 metabolic process,-2.8,2.3,3.5,30293,288,728,16,2.2,0.54,225|1066|1666|4668|5051|5322|5332|5467|5828|8644|22876|50640|55268|79718|129807|257068,ABCD2|CES1|DECR1|NAGA|PAFAH2|PLA2G5|PLCB4|PPARD|PEX2|AKR1C3|INPP5F|PNPLA8|ECHDC2|TBL1XR1|NEU4|PLCXD2,-1.1
MyList,GO Biological Processes,19,GO:1904375,regulation of protein localization to cell periphery,19_GO:0051179 localization,-2.7,3,3.8,30293,137,728,10,1.4,0.43,1445|1601|3799|4035|5906|9482|10434|26060|29899|163882,CSK|DAB2|KIF5B|LRP1|RAP1A|STX8|LYPLA1|APPL1|GPSM2|CNST,-1.1
MyList,GO Biological Processes,19,GO:0002262,myeloid cell homeostasis,19_GO:0042592 homeostatic process,-2.7,3,3.8,30293,137,728,10,1.4,0.43,669|3059|4090|9258|10758|22985|23376|51522|55904|94081,BPGM|HCLS1|SMAD5|MFHAS1|TRAF3IP2|ACIN1|UFL1|TMEM14C|KMT2E|SFXN1,-1.1
MyList,GO Biological Processes,19,GO:0042593,glucose homeostasis,19_GO:0042592 homeostatic process,-2.7,2.6,3.6,30293,210,728,13,1.8,0.49,1407|2264|3091|4938|5290|5547|5566|5781|7351|8660|9230|51094|123876,CRY1|FGFR4|HIF1A|OAS1|PIK3CA|PRCP|PRKACA|PTPN11|UCP2|IRS2|RAB11B|ADIPOR1|ACSM2A,-1.1
MyList,GO Biological Processes,19,GO:1900182,positive regulation of protein localization to nucleus,19_GO:0051179 localization,-2.7,3.6,3.9,30293,93,728,8,1.1,0.39,3059|3716|5587|7175|10542|51068|51574|83666,HCLS1|JAK1|PRKD1|TPR|LAMTOR5|NMD3|LARP7|PARP9,-1.1
MyList,GO Biological Processes,19,GO:0042060,wound healing,19_GO:0050896 response to stimulus,-2.7,2.2,3.5,30293,316,728,17,2.3,0.56,2155|2828|2909|3084|3091|5051|5265|5290|5467|5547|7099|10451|10630|23499|84750|91782|196527,F7|GPR4|ARHGAP35|NRG1|HIF1A|PAFAH2|SERPINA1|PIK3CA|PPARD|PRCP|TLR4|VAV3|PDPN|MACF1|FUT10|CHMP7|ANO6,-1.1
MyList,GO Biological Processes,19,GO:0043408,regulation of MAPK cascade,19_GO:0050896 response to stimulus,-2.7,1.8,3.3,30293,669,728,29,4,0.72,183|998|1445|1601|1647|1880|2264|2324|2688|3084|3123|4077|4615|5322|5781|5906|7043|7099|8737|8844|9258|9821|10750|51277|51738|55333|57161|65268|83931,AGT|CDC42|CSK|DAB2|GADD45A|GPR183|FGFR4|FLT4|GH1|NRG1|HLA-DRB1|NBR1|MYD88|PLA2G5|PTPN11|RAP1A|TGFB3|TLR4|RIPK1|KSR1|MFHAS1|RB1CC1|GRAP|DNAJC27|GHRL|SYNJ2BP|PELI2|WNK2|STK40,-1.1
MyList,GO Biological Processes,19,GO:0010948,negative regulation of cell cycle process,19_GO:0048519 negative regulation of biological process,-2.7,2.3,3.5,30293,289,728,16,2.2,0.54,323|324|595|2074|4303|4591|5781|7175|8658|23376|29117|29935|57099|58493|80254|83666,APBB2|APC|CCND1|ERCC6|FOXO4|TRIM37|PTPN11|TPR|TNKS|UFL1|BRD7|RPA4|AVEN|INIP|CEP63|PARP9,-1.1
MyList,GO Biological Processes,19,GO:0032481,positive regulation of type I interferon production,19_GO:0048518 positive regulation of biological process,-2.7,4,4,30293,73,728,7,0.96,0.36,929|4615|4938|5781|7099|29072|340061,CD14|MYD88|OAS1|PTPN11|TLR4|SETD2|STING1,-1.1
MyList,GO Biological Processes,19,GO:0033500,carbohydrate homeostasis,19_GO:0042592 homeostatic process,-2.7,2.6,3.6,30293,211,728,13,1.8,0.49,1407|2264|3091|4938|5290|5547|5566|5781|7351|8660|9230|51094|123876,CRY1|FGFR4|HIF1A|OAS1|PIK3CA|PRCP|PRKACA|PTPN11|UCP2|IRS2|RAB11B|ADIPOR1|ACSM2A,-1.1
MyList,GO Biological Processes,19,GO:0048514,blood vessel morphogenesis,19_GO:0032502 developmental process,-2.7,2,3.4,30293,431,728,21,2.9,0.62,998|1317|1909|2324|2828|3091|4035|4041|4814|5290|5547|5587|5921|7423|10451|29072|55273|57381|79031|80025|90268,CDC42|SLC31A1|EDNRA|FLT4|GPR4|HIF1A|LRP1|LRP5|NINJ1|PIK3CA|PRCP|PRKD1|RASA1|VEGFB|VAV3|SETD2|TMEM100|RHOJ|PDCL3|PANK2|OTULIN,-1.1
MyList,GO Biological Processes,19,GO:0045596,negative regulation of cell differentiation,19_GO:0032502 developmental process,-2.7,1.8,3.3,30293,734,728,31,4.3,0.75,429|595|1649|2258|3170|3196|3635|4041|4077|4168|4303|5467|5781|5978|6049|6662|6760|6935|7099|7538|9150|10541|28951|51094|54949|55553|55810|57534|123169|130733|283659,ASCL1|CCND1|DDIT3|FGF13|FOXA2|TLX2|INPP5D|LRP5|NBR1|MCF2|FOXO4|PPARD|PTPN11|REST|RNF6|SOX9|SS18|ZEB1|TLR4|ZFP36|CTDP1|ANP32B|TRIB2|ADIPOR1|SDHAF2|SOX6|FOXJ2|MIB1|LEO1|TMEM178A|PRTG,-1.1
MyList,GO Biological Processes,19,GO:0046330,positive regulation of JNK cascade,19_GO:0048518 positive regulation of biological process,-2.7,3.5,3.9,30293,94,728,8,1.1,0.39,998|1647|2324|4615|7099|8737|9258|9821,CDC42|GADD45A|FLT4|MYD88|TLR4|RIPK1|MFHAS1|RB1CC1,-1.1
MyList,GO Biological Processes,19,GO:0043065,positive regulation of apoptotic process,19_GO:0048518 positive regulation of biological process,-2.7,1.9,3.3,30293,550,728,25,3.4,0.67,183|323|324|429|998|1520|1647|1649|1728|3625|3635|4049|4332|5978|7043|7099|8644|8737|8851|10059|26123|51741|57103|196527|644186,AGT|APBB2|APC|ASCL1|CDC42|CTSS|GADD45A|DDIT3|NQO1|INHBB|INPP5D|LTA|MNDA|REST|TGFB3|TLR4|AKR1C3|RIPK1|CDK5R1|DNM1L|TCTN3|WWOX|TIGAR|ANO6|SYCE3,-1.1
MyList,GO Biological Processes,19,GO:2001054,negative regulation of mesenchymal cell apoptotic process,19_GO:0048519 negative regulation of biological process,-2.7,11,5.4,30293,11,728,3,0.41,0.24,3091|5456|6662,HIF1A|POU3F4|SOX9,-1.1
MyList,GO Biological Processes,19,GO:0046496,nicotinamide nucleotide metabolic process,19_GO:0008152 metabolic process,-2.7,3.2,3.8,30293,116,728,9,1.2,0.41,669|1728|2023|5208|7351|23475|57103|83666|554235,BPGM|NQO1|ENO1|PFKFB2|UCP2|QPRT|TIGAR|PARP9|ASPDH,-1.1
MyList,GO Biological Processes,19,GO:0019362,pyridine nucleotide metabolic process,19_GO:0008152 metabolic process,-2.7,3.2,3.8,30293,116,728,9,1.2,0.41,669|1728|2023|5208|7351|23475|57103|83666|554235,BPGM|NQO1|ENO1|PFKFB2|UCP2|QPRT|TIGAR|PARP9|ASPDH,-1.1
MyList,GO Biological Processes,19,GO:0008652,amino acid biosynthetic process,19_GO:0008152 metabolic process,-2.7,3.9,4,30293,74,728,7,0.96,0.36,18|216|1719|5352|5723|10993|23743,ABAT|ALDH1A1|DHFR|PLOD2|PSPH|SDS|BHMT2,-1.1
MyList,GO Biological Processes,19,GO:0051051,negative regulation of transport,19_GO:0051179 localization,-2.7,2,3.3,30293,462,728,22,3,0.63,18|1407|1445|3084|3625|5587|5781|5906|5978|7175|7327|7341|7351|7779|8660|9882|10434|10956|23191|26060|51738|91404,ABAT|CRY1|CSK|NRG1|INHBB|PRKD1|PTPN11|RAP1A|REST|TPR|UBE2G2|SUMO1|UCP2|SLC30A1|IRS2|TBC1D4|LYPLA1|OS9|CYFIP1|APPL1|GHRL|SESTD1,-1.1
MyList,GO Biological Processes,19,GO:0030100,regulation of endocytosis,19_GO:0051179 localization,-2.7,2.3,3.4,30293,292,728,16,2.2,0.54,636|929|998|1445|1601|4035|4289|5322|5587|11031|22848|26060|55333|57534|80230|196527,BICD1|CD14|CDC42|CSK|DAB2|LRP1|MKLN1|PLA2G5|PRKD1|RAB31|AAK1|APPL1|SYNJ2BP|MIB1|RUFY1|ANO6,-1.1
MyList,GO Biological Processes,19,GO:0001934,positive regulation of protein phosphorylation,19_GO:0048518 positive regulation of biological process,-2.7,1.9,3.3,30293,582,728,26,3.6,0.69,183|595|1601|1616|2324|2688|3059|3084|3123|3570|3572|5587|5781|5906|6662|7060|7099|7423|7525|8737|9821|57161|64400|80829|83666|148932,AGT|CCND1|DAB2|DAXX|FLT4|GH1|HCLS1|NRG1|HLA-DRB1|IL6R|IL6ST|PRKD1|PTPN11|RAP1A|SOX9|THBS4|TLR4|VEGFB|YES1|RIPK1|RB1CC1|PELI2|AKTIP|ZFP91|PARP9|MOB3C,-1.1
MyList,GO Biological Processes,19,GO:0090316,positive regulation of intracellular protein transport,19_GO:0051179 localization,-2.7,3.5,3.8,30293,95,728,8,1.1,0.39,998|3059|5566|5587|7175|9695|10541|51128,CDC42|HCLS1|PRKACA|PRKD1|TPR|EDEM1|ANP32B|SAR1B,-1.1
MyList,GO Biological Processes,19,GO:0034765,regulation of monoatomic ion transmembrane transport,19_GO:0051179 localization,-2.7,2.1,3.4,30293,349,728,18,2.5,0.58,930|1520|1909|2258|3770|5243|5566|5587|6546|6640|7341|7779|8737|54923|57620|65268|91404|196527,CD19|CTSS|EDNRA|FGF13|KCNJ14|ABCB1|PRKACA|PRKD1|SLC8A1|SNTA1|SUMO1|SLC30A1|RIPK1|LIME1|STIM2|WNK2|SESTD1|ANO6,-1
MyList,GO Biological Processes,19,GO:0061136,regulation of proteasomal protein catabolic process,19_GO:0008152 metabolic process,-2.7,2.6,3.6,30293,189,728,12,1.6,0.47,1601|5566|5705|7341|9097|10755|23376|28951|51667|55270|84900|122809,DAB2|PRKACA|PSMC5|SUMO1|USP14|GIPC1|UFL1|TRIB2|NUB1|NUDT15|RNFT2|SOCS4,-1
MyList,GO Biological Processes,19,GO:0070897,transcription preinitiation complex assembly,19_GO:0008152 metabolic process,-2.7,3.9,3.9,30293,75,728,7,0.96,0.36,6598|6882|6883|55588|64425|83860|400569,SMARCB1|TAF11|TAF12|MED29|POLR1E|TAF3|MED11,-1
MyList,GO Biological Processes,19,GO:0050867,positive regulation of cell activation,19_GO:0048518 positive regulation of biological process,-2.7,2.1,3.4,30293,378,728,19,2.6,0.59,1445|1880|3112|3119|3123|3126|3127|3572|3575|3635|4615|5290|5781|6598|7099|7525|8660|10451|29117,CSK|GPR183|HLA-DOB|HLA-DQB1|HLA-DRB1|HLA-DRB4|HLA-DRB5|IL6ST|IL7R|INPP5D|MYD88|PIK3CA|PTPN11|SMARCB1|TLR4|YES1|IRS2|VAV3|BRD7,-1
MyList,GO Biological Processes,19,GO:0009261,ribonucleotide catabolic process,19_GO:0008152 metabolic process,-2.7,3.5,3.8,30293,96,728,8,1.1,0.39,669|957|2023|5208|7351|9583|22978|57103,BPGM|ENTPD5|ENO1|PFKFB2|UCP2|ENTPD4|NT5C2|TIGAR,-1
MyList,GO Biological Processes,19,GO:0051348,negative regulation of transferase activity,19_GO:0065007 biological regulation,-2.7,2.5,3.5,30293,215,728,13,1.8,0.49,183|324|1647|3170|4041|5573|6546|7538|8660|11284|28951|64793|122809,AGT|APC|GADD45A|FOXA2|LRP5|PRKAR1A|SLC8A1|ZFP36|IRS2|PNKP|TRIB2|CEP85|SOCS4,-1
MyList,GO Biological Processes,19,GO:0022409,positive regulation of cell-cell adhesion,19_GO:0048518 positive regulation of biological process,-2.6,2.2,3.4,30293,323,728,17,2.3,0.56,1445|3112|3119|3123|3126|3127|3170|3572|3575|3716|5290|5781|6598|7525|9780|10630|29117,CSK|HLA-DOB|HLA-DQB1|HLA-DRB1|HLA-DRB4|HLA-DRB5|FOXA2|IL6ST|IL7R|JAK1|PIK3CA|PTPN11|SMARCB1|YES1|PIEZO1|PDPN|BRD7,-1
MyList,GO Biological Processes,19,GO:0006693,prostaglandin metabolic process,19_GO:0008152 metabolic process,-2.6,5.3,4.3,30293,39,728,5,0.69,0.31,1109|1645|8644|8824|50640,AKR1C4|AKR1C1|AKR1C3|CES2|PNPLA8,-1
MyList,GO Biological Processes,19,GO:1901661,quinone metabolic process,19_GO:0008152 metabolic process,-2.6,5.3,4.3,30293,39,728,5,0.69,0.31,1109|1645|1728|8644|27235,AKR1C4|AKR1C1|NQO1|AKR1C3|COQ2,-1
MyList,GO Biological Processes,19,GO:0006636,unsaturated fatty acid biosynthetic process,19_GO:0008152 metabolic process,-2.6,5.3,4.3,30293,39,728,5,0.69,0.31,6785|8644|50640|54898|79966,ELOVL4|AKR1C3|PNPLA8|ELOVL2|SCD5,-1
MyList,GO Biological Processes,19,GO:0043491,phosphatidylinositol 3-kinase/protein kinase B signal transduction,19_GO:0050896 response to stimulus,-2.6,3.8,3.9,30293,76,728,7,0.96,0.36,5290|5467|6662|9846|22876|55273|80243,PIK3CA|PPARD|SOX9|GAB2|INPP5F|TMEM100|PREX2,-1
MyList,GO Biological Processes,19,GO:0062013,positive regulation of small molecule metabolic process,19_GO:0048518 positive regulation of biological process,-2.6,2.9,3.6,30293,142,728,10,1.4,0.43,225|1066|1407|1601|2023|5467|5566|5745|8660|57103,ABCD2|CES1|CRY1|DAB2|ENO1|PPARD|PRKACA|PTH1R|IRS2|TIGAR,-1
MyList,GO Biological Processes,19,GO:0042770,signal transduction in response to DNA damage,19_GO:0050896 response to stimulus,-2.6,2.9,3.6,30293,142,728,10,1.4,0.43,595|1407|1647|2074|4303|5781|23376|29935|80254|83666,CCND1|CRY1|GADD45A|ERCC6|FOXO4|PTPN11|UFL1|RPA4|CEP63|PARP9,-1
MyList,GO Biological Processes,19,GO:0031123,RNA 3'-end processing,19_GO:0008152 metabolic process,-2.6,3.4,3.8,30293,97,728,8,1.1,0.39,5433|10768|22828|51574|81556|90459|123169|134353,POLR2D|AHCYL1|SCAF8|LARP7|INTS14|ERI1|LEO1|LSM11,-1
MyList,GO Biological Processes,19,GO:0140747,regulation of ncRNA transcription,19_GO:0008152 metabolic process,-2.6,3.4,3.8,30293,97,728,8,1.1,0.39,183|3091|5467|5978|6598|6662|7702|51574,AGT|HIF1A|PPARD|REST|SMARCB1|SOX9|ZNF143|LARP7,-1
MyList,GO Biological Processes,19,GO:0046847,filopodium assembly,19_GO:0009987 cellular process,-2.6,6.9,4.6,30293,24,728,4,0.55,0.27,998|26052|121512|152273,CDC42|DNM3|FGD4|FGD5,-1
MyList,GO Biological Processes,19,GO:1901988,negative regulation of cell cycle phase transition,19_GO:0048519 negative regulation of biological process,-2.6,2.4,3.4,30293,243,728,14,1.9,0.51,323|324|595|2074|4303|5781|7175|23376|29117|29935|57099|58493|80254|83666,APBB2|APC|CCND1|ERCC6|FOXO4|PTPN11|TPR|UFL1|BRD7|RPA4|AVEN|INIP|CEP63|PARP9,-1
MyList,GO Biological Processes,19,GO:0070542,response to fatty acid,19_GO:0050896 response to stimulus,-2.6,4.4,4,30293,57,728,6,0.82,0.34,1109|1645|5290|6662|7351|8644,AKR1C4|AKR1C1|PIK3CA|SOX9|UCP2|AKR1C3,-1
MyList,GO Biological Processes,19,GO:0060322,head development,19_GO:0032502 developmental process,-2.6,1.7,3.2,30293,777,728,32,4.4,0.76,18|429|444|998|1909|2258|2909|3091|3625|4677|5013|5454|5456|5781|6662|6935|7043|7482|8660|8851|9447|10541|23152|29072|51286|55553|57050|83690|84750|146057|200933|388677,ABAT|ASCL1|ASPH|CDC42|EDNRA|FGF13|ARHGAP35|HIF1A|INHBB|NARS1|OTX1|POU3F2|POU3F4|PTPN11|SOX9|ZEB1|TGFB3|WNT2B|IRS2|CDK5R1|AIM2|ANP32B|CIC|SETD2|CEND1|SOX6|UTP3|CRISPLD1|FUT10|TTBK2|FBXO45|NOTCH2NLA,-1
MyList,GO Biological Processes,19,GO:0072330,monocarboxylic acid biosynthetic process,19_GO:0008152 metabolic process,-2.6,2.7,3.5,30293,167,728,11,1.5,0.45,47|1109|6785|8644|10993|26031|50640|54898|79966|114880|123876,ACLY|AKR1C4|ELOVL4|AKR1C3|SDS|OSBPL3|PNPLA8|ELOVL2|SCD5|OSBPL6|ACSM2A,-1
MyList,GO Biological Processes,19,GO:1900180,regulation of protein localization to nucleus,19_GO:0051179 localization,-2.6,2.9,3.6,30293,143,728,10,1.4,0.43,3059|3716|5587|7175|7341|9258|10542|51068|51574|83666,HCLS1|JAK1|PRKD1|TPR|SUMO1|MFHAS1|LAMTOR5|NMD3|LARP7|PARP9,-1
MyList,GO Biological Processes,19,GO:0044057,regulation of system process,19_GO:0032501 multicellular organismal process,-2.6,1.9,3.2,30293,560,728,25,3.4,0.67,18|146|183|1407|1601|1909|2023|2258|3572|3625|3680|4607|4656|5566|5587|5781|6546|6640|9150|10659|26011|29119|51738|55273|81033,ABAT|ADRA1D|AGT|CRY1|DAB2|EDNRA|ENO1|FGF13|IL6ST|INHBB|ITGA9|MYBPC3|MYOG|PRKACA|PRKD1|PTPN11|SLC8A1|SNTA1|CTDP1|CELF2|TENM4|CTNNA3|GHRL|TMEM100|KCNH6,-1
MyList,GO Biological Processes,19,GO:0043269,regulation of monoatomic ion transport,19_GO:0051179 localization,-2.6,1.9,3.2,30293,470,728,22,3,0.63,930|1520|1909|2258|3770|3799|5243|5566|5587|6546|6640|7341|7779|8737|9230|9455|10768|54923|57620|65268|91404|196527,CD19|CTSS|EDNRA|FGF13|KCNJ14|KIF5B|ABCB1|PRKACA|PRKD1|SLC8A1|SNTA1|SUMO1|SLC30A1|RIPK1|RAB11B|HOMER2|AHCYL1|LIME1|STIM2|WNK2|SESTD1|ANO6,-1
MyList,GO Biological Processes,19,GO:0030258,lipid modification,19_GO:0008152 metabolic process,-2.6,2.7,3.5,30293,168,728,11,1.5,0.45,225|1666|3635|5467|5828|8867|8871|22876|51094|55268|55750,ABCD2|DECR1|INPP5D|PPARD|PEX2|SYNJ1|SYNJ2|INPP5F|ADIPOR1|ECHDC2|AGK,-1
MyList,GO Biological Processes,19,GO:2001214,positive regulation of vasculogenesis,19_GO:0032502 developmental process,-2.6,10,5.1,30293,12,728,3,0.41,0.24,5906|54453|55273,RAP1A|RIN2|TMEM100,-1
MyList,GO Biological Processes,19,GO:0097152,mesenchymal cell apoptotic process,19_GO:0009987 cellular process,-2.6,10,5.1,30293,12,728,3,0.41,0.24,1909|3091|6662,EDNRA|HIF1A|SOX9,-1
MyList,GO Biological Processes,19,GO:0014842,regulation of skeletal muscle satellite cell proliferation,19_GO:0050789 regulation of biological process,-2.6,10,5.1,30293,12,728,3,0.41,0.24,4656|5467|147912,MYOG|PPARD|SIX5,-1
MyList,GO Biological Processes,19,GO:0060856,establishment of blood-brain barrier,19_GO:0032502 developmental process,-2.6,10,5.1,30293,12,728,3,0.41,0.24,669|4041|51599,BPGM|LRP5|LSR,-1
MyList,GO Biological Processes,19,GO:0022604,regulation of cell morphogenesis,19_GO:0032502 developmental process,-2.6,2.4,3.4,30293,245,728,14,1.9,0.51,2059|2620|2909|4289|5921|10630|23191|23499|57154|57381|93663|113251|121512|152273,EPS8|GAS2|ARHGAP35|MKLN1|RASA1|PDPN|CYFIP1|MACF1|SMURF1|RHOJ|ARHGAP18|LARP4|FGD4|FGD5,-1
MyList,GO Biological Processes,19,GO:0046676,negative regulation of insulin secretion,19_GO:0051179 localization,-2.6,5.2,4.2,30293,40,728,5,0.69,0.31,3625|5781|5978|7351|51738,INHBB|PTPN11|REST|UCP2|GHRL,-1
MyList,GO Biological Processes,19,GO:0006692,prostanoid metabolic process,19_GO:0008152 metabolic process,-2.6,5.2,4.2,30293,40,728,5,0.69,0.31,1109|1645|8644|8824|50640,AKR1C4|AKR1C1|AKR1C3|CES2|PNPLA8,-1
MyList,GO Biological Processes,19,GO:0006986,response to unfolded protein,19_GO:0050896 response to stimulus,-2.6,3.1,3.6,30293,121,728,9,1.2,0.41,595|1616|1649|3338|7060|9695|10956|22824|23071,CCND1|DAXX|DDIT3|DNAJC4|THBS4|EDEM1|OS9|HSPA4L|ERP44,-1
MyList,GO Biological Processes,19,GO:0006195,purine nucleotide catabolic process,19_GO:0008152 metabolic process,-2.6,3.4,3.7,30293,99,728,8,1.1,0.39,669|2023|5208|7351|9583|22978|55270|57103,BPGM|ENO1|PFKFB2|UCP2|ENTPD4|NT5C2|NUDT15|TIGAR,-0.99
MyList,GO Biological Processes,19,GO:2000058,regulation of ubiquitin-dependent protein catabolic process,19_GO:0008152 metabolic process,-2.6,2.7,3.5,30293,169,728,11,1.5,0.45,1601|7341|9097|10755|23376|28951|51667|57154|79031|122809|440730,DAB2|SUMO1|USP14|GIPC1|UFL1|TRIB2|NUB1|SMURF1|PDCL3|SOCS4|TRIM67,-0.99
MyList,GO Biological Processes,19,GO:0120035,regulation of plasma membrane bounded cell projection organization,19_GO:0050789 regulation of biological process,-2.6,1.8,3.2,30293,656,728,28,3.8,0.71,324|998|1601|1826|2059|2258|2909|3196|4134|4168|5290|5454|5587|5906|6049|7043|8851|9024|10630|10806|22876|23191|23271|23499|26052|57154|129807|440730,APC|CDC42|DAB2|DSCAM|EPS8|FGF13|ARHGAP35|TLX2|MAP4|MCF2|PIK3CA|POU3F2|PRKD1|RAP1A|RNF6|TGFB3|CDK5R1|BRSK2|PDPN|SDCCAG8|INPP5F|CYFIP1|CAMSAP2|MACF1|DNM3|SMURF1|NEU4|TRIM67,-0.99
MyList,GO Biological Processes,19,GO:0140352,export from cell,19_GO:0051179 localization,-2.6,1.9,3.2,30293,474,728,22,3,0.63,379|3091|3799|4547|5243|5906|6453|7779|8867|9024|9230|9498|10059|10565|10755|10814|11031|22820|22895|51738|55014|55240,ARL4D|HIF1A|KIF5B|MTTP|ABCB1|RAP1A|ITSN1|SLC30A1|SYNJ1|BRSK2|RAB11B|SLC4A8|DNM1L|ARFGEF1|GIPC1|CPLX2|RAB31|COPG1|RPH3A|GHRL|STX17|STEAP3,-0.98
MyList,GO Biological Processes,19,GO:0006913,nucleocytoplasmic transport,19_GO:0051179 localization,-2.6,2.4,3.4,30293,247,728,14,1.9,0.51,5566|7175|10526|10758|10768|11260|26060|51068|51319|54890|55421|55916|57154|161424,PRKACA|TPR|IPO8|TRAF3IP2|AHCYL1|XPOT|APPL1|NMD3|RSRC1|ALKBH5|NCBP3|NXT2|SMURF1|NOP9,-0.98
MyList,GO Biological Processes,19,GO:0045471,response to ethanol,19_GO:0050896 response to stimulus,-2.6,3.1,3.6,30293,122,728,9,1.2,0.41,18|329|929|1728|2059|3709|4615|10287|80854,ABAT|BIRC2|CD14|NQO1|EPS8|ITPR2|MYD88|RGS19|SETD7,-0.98
MyList,GO Biological Processes,19,GO:0009166,nucleotide catabolic process,19_GO:0008152 metabolic process,-2.6,3.1,3.6,30293,122,728,9,1.2,0.41,669|957|2023|5208|7351|9583|22978|55270|57103,BPGM|ENTPD5|ENO1|PFKFB2|UCP2|ENTPD4|NT5C2|NUDT15|TIGAR,-0.98
MyList,GO Biological Processes,19,GO:0038084,vascular endothelial growth factor signaling pathway,19_GO:0050896 response to stimulus,-2.6,6.7,4.4,30293,25,728,4,0.55,0.27,2324|5290|5587|7423,FLT4|PIK3CA|PRKD1|VEGFB,-0.98
MyList,GO Biological Processes,19,GO:0006906,vesicle fusion,19_GO:0051179 localization,-2.5,3.3,3.7,30293,100,728,8,1.1,0.39,5322|9482|9554|9570|10451|54734|55014|91782,PLA2G5|STX8|SEC22B|GOSR2|VAV3|RAB39A|STX17|CHMP7,-0.97
MyList,GO Biological Processes,19,GO:0070646,protein modification by small protein removal,19_GO:0008152 metabolic process,-2.5,3,3.6,30293,123,728,9,1.2,0.41,9097|9101|9318|9958|10617|54629|57478|85015|90268,USP14|USP8|COPS2|USP15|STAMBP|MINDY2|USP31|USP45|OTULIN,-0.96
MyList,GO Biological Processes,19,GO:0072524,pyridine-containing compound metabolic process,19_GO:0008152 metabolic process,-2.5,3,3.6,30293,123,728,9,1.2,0.41,669|1728|2023|5208|7351|23475|57103|83666|554235,BPGM|NQO1|ENO1|PFKFB2|UCP2|QPRT|TIGAR|PARP9|ASPDH,-0.96
MyList,GO Biological Processes,19,GO:0042176,regulation of protein catabolic process,19_GO:0008152 metabolic process,-2.5,2.1,3.2,30293,360,728,18,2.5,0.58,324|1601|1728|4035|5566|5705|6662|7341|9097|9101|9554|10755|23376|28951|51667|55270|84900|122809,APC|DAB2|NQO1|LRP1|PRKACA|PSMC5|SOX9|SUMO1|USP14|USP8|SEC22B|GIPC1|UFL1|TRIB2|NUB1|NUDT15|RNFT2|SOCS4,-0.95
MyList,GO Biological Processes,19,GO:0010038,response to metal ion,19_GO:0050896 response to stimulus,-2.5,2.1,3.2,30293,360,728,18,2.5,0.58,18|929|1616|1728|3091|3613|3625|4547|4656|7341|7351|7518|7779|8644|10768|29072|57103|131034,ABAT|CD14|DAXX|NQO1|HIF1A|IMPA2|INHBB|MTTP|MYOG|SUMO1|UCP2|XRCC4|SLC30A1|AKR1C3|AHCYL1|SETD2|TIGAR|CPNE4,-0.95
MyList,GO Biological Processes,19,GO:0032259,methylation,19_GO:0008152 metabolic process,-2.5,2.3,3.3,30293,251,728,14,1.9,0.51,23091|23743|25821|25917|29072|29960|51574|55471|55904|63899|79624|80854|83640|196074,ZC3H13|BHMT2|MTO1|THUMPD3|SETD2|MRM2|LARP7|NDUFAF7|KMT2E|NSUN3|ARMT1|SETD7|RAMAC|METTL15,-0.92
MyList,GO Biological Processes,19,GO:0050691,regulation of defense response to virus by host,19_GO:0044419 biological process involved in interspecies interaction between organisms,-2.5,5,4,30293,42,728,5,0.69,0.31,9447|10758|22978|83666|340061,AIM2|TRAF3IP2|NT5C2|PARP9|STING1,-0.92
MyList,GO Biological Processes,19,GO:0090174,organelle membrane fusion,19_GO:0009987 cellular process,-2.5,3.3,3.6,30293,102,728,8,1.1,0.39,5322|9482|9554|9570|10451|54734|55014|91782,PLA2G5|STX8|SEC22B|GOSR2|VAV3|RAB39A|STX17|CHMP7,-0.92
MyList,GO Biological Processes,19,GO:0008207,C21-steroid hormone metabolic process,19_GO:0008152 metabolic process,-2.5,6.4,4.3,30293,26,728,4,0.55,0.27,1109|1583|1645|8644,AKR1C4|CYP11A1|AKR1C1|AKR1C3,-0.92
MyList,GO Biological Processes,19,GO:0002053,positive regulation of mesenchymal cell proliferation,19_GO:0048518 positive regulation of biological process,-2.5,6.4,4.3,30293,26,728,4,0.55,0.27,394|4041|6662|8660,ARHGAP5|LRP5|SOX9|IRS2,-0.92
MyList,GO Biological Processes,19,GO:0043068,positive regulation of programmed cell death,19_GO:0048518 positive regulation of biological process,-2.5,1.8,3.1,30293,572,728,25,3.4,0.67,183|323|324|429|998|1520|1647|1649|1728|3625|3635|4049|4332|5978|7043|7099|8644|8737|8851|10059|26123|51741|57103|196527|644186,AGT|APBB2|APC|ASCL1|CDC42|CTSS|GADD45A|DDIT3|NQO1|INHBB|INPP5D|LTA|MNDA|REST|TGFB3|TLR4|AKR1C3|RIPK1|CDK5R1|DNM1L|TCTN3|WWOX|TIGAR|ANO6|SYCE3,-0.92
MyList,GO Biological Processes,19,GO:0030879,mammary gland development,19_GO:0032502 developmental process,-2.5,3,3.5,30293,125,728,9,1.2,0.41,394|595|2909|3084|3091|4041|6662|7043|8660,ARHGAP5|CCND1|ARHGAP35|NRG1|HIF1A|LRP5|SOX9|TGFB3|IRS2,-0.92
MyList,GO Biological Processes,19,GO:0034145,positive regulation of toll-like receptor 4 signaling pathway,19_GO:0044419 biological process involved in interspecies interaction between organisms,-2.5,9.6,4.9,30293,13,728,3,0.41,0.24,929|3430|4814,CD14|IFI35|NINJ1,-0.92
MyList,GO Biological Processes,19,GO:0042448,progesterone metabolic process,19_GO:0008152 metabolic process,-2.5,9.6,4.9,30293,13,728,3,0.41,0.24,1109|1645|8644,AKR1C4|AKR1C1|AKR1C3,-0.92
MyList,GO Biological Processes,19,GO:0050767,regulation of neurogenesis,19_GO:0032502 developmental process,-2.5,2,3.2,30293,393,728,19,2.6,0.59,429|1826|2258|3091|3196|3572|4049|4168|4673|5501|5978|6049|8553|23191|23376|23499|26011|57154|283659,ASCL1|DSCAM|FGF13|HIF1A|TLX2|IL6ST|LTA|MCF2|NAP1L1|PPP1CC|REST|RNF6|BHLHE40|CYFIP1|UFL1|MACF1|TENM4|SMURF1|PRTG,-0.91
MyList,GO Biological Processes,19,GO:0010720,positive regulation of cell development,19_GO:0032502 developmental process,-2.5,1.9,3.1,30293,452,728,21,2.9,0.62,429|1826|3059|3091|3123|3572|3575|3635|4049|4656|4673|5501|6598|8737|22985|23191|23376|23499|26011|29117|57154,ASCL1|DSCAM|HCLS1|HIF1A|HLA-DRB1|IL6ST|IL7R|INPP5D|LTA|MYOG|NAP1L1|PPP1CC|SMARCB1|RIPK1|ACIN1|CYFIP1|UFL1|MACF1|TENM4|BRD7|SMURF1,-0.91
MyList,GO Biological Processes,19,GO:0033559,unsaturated fatty acid metabolic process,19_GO:0008152 metabolic process,-2.5,3.2,3.6,30293,103,728,8,1.1,0.39,1109|1645|6785|8644|8824|50640|54898|79966,AKR1C4|AKR1C1|ELOVL4|AKR1C3|CES2|PNPLA8|ELOVL2|SCD5,-0.91
MyList,GO Biological Processes,19,GO:0010508,positive regulation of autophagy,19_GO:0048518 positive regulation of biological process,-2.5,2.8,3.4,30293,150,728,10,1.4,0.43,3091|5587|6829|9821|23367|23376|25782|29072|220441|340061,HIF1A|PRKD1|SUPT5H|RB1CC1|LARP1|UFL1|RAB3GAP2|SETD2|RNF152|STING1,-0.9
MyList,GO Biological Processes,19,GO:0065004,protein-DNA complex assembly,19_GO:0009987 cellular process,-2.4,2.4,3.3,30293,227,728,13,1.8,0.49,1616|4673|6418|6598|6662|6882|6883|10541|23234|55588|64425|83860|400569,DAXX|NAP1L1|SET|SMARCB1|SOX9|TAF11|TAF12|ANP32B|DNAJC9|MED29|POLR1E|TAF3|MED11,-0.9
MyList,GO Biological Processes,19,GO:0019882,antigen processing and presentation,19_GO:0002376 immune system process,-2.4,3.2,3.5,30293,104,728,8,1.1,0.39,1520|3112|3119|3123|3126|3127|4012|51128,CTSS|HLA-DOB|HLA-DQB1|HLA-DRB1|HLA-DRB4|HLA-DRB5|LNPEP|SAR1B,-0.89
MyList,GO Biological Processes,19,GO:0016579,protein deubiquitination,19_GO:0008152 metabolic process,-2.4,3.2,3.5,30293,104,728,8,1.1,0.39,9097|9101|9958|10617|54629|57478|85015|90268,USP14|USP8|USP15|STAMBP|MINDY2|USP31|USP45|OTULIN,-0.89
MyList,GO Biological Processes,19,GO:0072523,purine-containing compound catabolic process,19_GO:0008152 metabolic process,-2.4,3.2,3.5,30293,104,728,8,1.1,0.39,669|2023|5208|7351|9583|22978|55270|57103,BPGM|ENO1|PFKFB2|UCP2|ENTPD4|NT5C2|NUDT15|TIGAR,-0.89
MyList,GO Biological Processes,19,GO:0021987,cerebral cortex development,19_GO:0032502 developmental process,-2.4,2.9,3.5,30293,127,728,9,1.2,0.41,429|2258|3091|4677|5454|8851|84750|200933|388677,ASCL1|FGF13|HIF1A|NARS1|POU3F2|CDK5R1|FUT10|FBXO45|NOTCH2NLA,-0.89
MyList,GO Biological Processes,19,GO:0006164,purine nucleotide biosynthetic process,19_GO:0008152 metabolic process,-2.4,2.4,3.3,30293,228,728,13,1.8,0.49,47|203|509|4711|6392|6785|23305|23475|54898|79877|80025|83666|554235,ACLY|AK1|ATP5F1C|NDUFB5|SDHD|ELOVL4|ACSL6|QPRT|ELOVL2|DCAKD|PANK2|PARP9|ASPDH,-0.89
MyList,GO Biological Processes,19,GO:0060261,positive regulation of transcription initiation by RNA polymerase II,19_GO:0048518 positive regulation of biological process,-2.4,4,3.7,30293,62,728,6,0.82,0.34,2074|6882|6883|55588|83860|400569,ERCC6|TAF11|TAF12|MED29|TAF3|MED11,-0.89
MyList,GO Biological Processes,19,GO:0043086,negative regulation of catalytic activity,19_GO:0065007 biological regulation,-2.4,1.9,3.1,30293,456,728,21,2.9,0.62,183|324|636|1647|2537|3170|4035|4041|5265|5573|6546|7538|8660|10542|10565|11284|28951|64793|79886|83666|122809,AGT|APC|BICD1|GADD45A|IFI6|FOXA2|LRP1|LRP5|SERPINA1|PRKAR1A|SLC8A1|ZFP36|IRS2|LAMTOR5|ARFGEF1|PNKP|TRIB2|CEP85|CAAP1|PARP9|SOCS4,-0.89
MyList,GO Biological Processes,19,GO:1901987,regulation of cell cycle phase transition,19_GO:0050789 regulation of biological process,-2.4,1.9,3.1,30293,456,728,21,2.9,0.62,323|324|595|1407|2074|4303|5781|6598|7175|23376|26060|29117|29935|50484|55904|57099|58493|80254|83666|134353|286053,APBB2|APC|CCND1|CRY1|ERCC6|FOXO4|PTPN11|SMARCB1|TPR|UFL1|APPL1|BRD7|RPA4|RRM2B|KMT2E|AVEN|INIP|CEP63|PARP9|LSM11|NSMCE2,-0.89
MyList,GO Biological Processes,19,GO:0099170,postsynaptic modulation of chemical synaptic transmission,19_GO:0050789 regulation of biological process,-2.4,6.2,4.2,30293,27,728,4,0.55,0.27,5566|9101|23191|51738,PRKACA|USP8|CYFIP1|GHRL,-0.89
MyList,GO Biological Processes,19,GO:1902894,negative regulation of miRNA transcription,19_GO:0048519 negative regulation of biological process,-2.4,6.2,4.2,30293,27,728,4,0.55,0.27,3091|5467|5978|6662,HIF1A|PPARD|REST|SOX9,-0.89
MyList,GO Biological Processes,19,GO:0007026,negative regulation of microtubule depolymerization,19_GO:0048519 negative regulation of biological process,-2.4,6.2,4.2,30293,27,728,4,0.55,0.27,324|2258|23271|146057,APC|FGF13|CAMSAP2|TTBK2,-0.89
MyList,GO Biological Processes,19,GO:0014850,response to muscle activity,19_GO:0050896 response to stimulus,-2.4,6.2,4.2,30293,27,728,4,0.55,0.27,183|3091|4656|23371,AGT|HIF1A|MYOG|TNS2,-0.89
MyList,GO Biological Processes,19,GO:0009081,branched-chain amino acid metabolic process,19_GO:0008152 metabolic process,-2.4,6.2,4.2,30293,27,728,4,0.55,0.27,594|10993|11112|64087,BCKDHB|SDS|HIBADH|MCCC2,-0.89
MyList,GO Biological Processes,19,GO:0031344,regulation of cell projection organization,19_GO:0050789 regulation of biological process,-2.4,1.7,3,30293,672,728,28,3.8,0.71,324|998|1601|1826|2059|2258|2909|3196|4134|4168|5290|5454|5587|5906|6049|7043|8851|9024|10630|10806|22876|23191|23271|23499|26052|57154|129807|440730,APC|CDC42|DAB2|DSCAM|EPS8|FGF13|ARHGAP35|TLX2|MAP4|MCF2|PIK3CA|POU3F2|PRKD1|RAP1A|RNF6|TGFB3|CDK5R1|BRSK2|PDPN|SDCCAG8|INPP5F|CYFIP1|CAMSAP2|MACF1|DNM3|SMURF1|NEU4|TRIM67,-0.88
MyList,GO Biological Processes,19,GO:0000226,microtubule cytoskeleton organization,19_GO:0009987 cellular process,-2.4,1.8,3,30293,548,728,24,3.3,0.66,636|1647|1783|2258|4134|6760|6795|8658|8851|9024|10806|23271|26112|29072|29899|54462|64793|79649|79884|80254|80817|85478|93233|146057,BICD1|GADD45A|DYNC1LI2|FGF13|MAP4|SS18|AURKC|TNKS|CDK5R1|BRSK2|SDCCAG8|CAMSAP2|CCDC69|SETD2|GPSM2|CCSER2|CEP85|MAP7D3|MAP9|CEP63|CEP44|CCDC65|ODAD1|TTBK2,-0.88
MyList,GO Biological Processes,19,GO:0045446,endothelial cell differentiation,19_GO:0032502 developmental process,-2.4,3.5,3.6,30293,83,728,7,0.96,0.36,1909|3084|4615|5906|10630|26084|55273,EDNRA|NRG1|MYD88|RAP1A|PDPN|ARHGEF26|TMEM100,-0.88
MyList,GO Biological Processes,19,GO:0060048,cardiac muscle contraction,19_GO:0032501 multicellular organismal process,-2.4,3.5,3.6,30293,83,728,7,0.96,0.36,4090|4607|5290|6323|6546|6640|7423,SMAD5|MYBPC3|PIK3CA|SCN1A|SLC8A1|SNTA1|VEGFB,-0.88
MyList,GO Biological Processes,19,GO:0001523,retinoid metabolic process,19_GO:0008152 metabolic process,-2.4,3.5,3.6,30293,83,728,7,0.96,0.36,216|1109|1645|4035|8644|10901|54884,ALDH1A1|AKR1C4|AKR1C1|LRP1|AKR1C3|DHRS4|RETSAT,-0.88
MyList,GO Biological Processes,19,GO:0070482,response to oxygen levels,19_GO:0050896 response to stimulus,-2.4,2.1,3.1,30293,340,728,17,2.3,0.56,18|329|1909|2155|3091|3709|4049|5352|5467|5978|6392|7043|7351|7423|54890|57103|139341,ABAT|BIRC2|EDNRA|F7|HIF1A|ITPR2|LTA|PLOD2|PPARD|REST|SDHD|TGFB3|UCP2|VEGFB|ALKBH5|TIGAR|FUNDC1,-0.88
MyList,GO Biological Processes,19,GO:0010171,body morphogenesis,19_GO:0032502 developmental process,-2.4,4.7,3.9,30293,44,728,5,0.69,0.31,444|5781|7043|64388|83690,ASPH|PTPN11|TGFB3|GREM2|CRISPLD1,-0.87
MyList,GO Biological Processes,19,GO:0030111,regulation of Wnt signaling pathway,19_GO:0050896 response to stimulus,-2.4,2.1,3.1,30293,341,728,17,2.3,0.56,324|1601|1649|1896|4035|6662|8658|9101|23499|27303|51741|54949|55366|65268|79718|84328|90268,APC|DAB2|DDIT3|EDA|LRP1|SOX9|TNKS|USP8|MACF1|RBMS3|WWOX|SDHAF2|LGR4|WNK2|TBL1XR1|LZIC|OTULIN,-0.87
MyList,GO Biological Processes,19,GO:0050688,regulation of defense response to virus,19_GO:0044419 biological process involved in interspecies interaction between organisms,-2.4,4,3.7,30293,63,728,6,0.82,0.34,9447|10758|22978|80212|83666|340061,AIM2|TRAF3IP2|NT5C2|CCDC92|PARP9|STING1,-0.87
MyList,GO Biological Processes,19,GO:0006112,energy reserve metabolic process,19_GO:0008152 metabolic process,-2.4,4,3.7,30293,63,728,6,0.82,0.34,178|2632|3572|5501|5509|83931,AGL|GBE1|IL6ST|PPP1CC|PPP1R3D|STK40,-0.87
MyList,GO Biological Processes,19,GO:0032757,positive regulation of interleukin-8 production,19_GO:0048518 positive regulation of biological process,-2.4,4,3.7,30293,63,728,6,0.82,0.34,929|1649|4615|7099|8737|10542,CD14|DDIT3|MYD88|TLR4|RIPK1|LAMTOR5,-0.87
MyList,GO Biological Processes,19,GO:0016050,vesicle organization,19_GO:0009987 cellular process,-2.4,2.1,3.1,30293,342,728,17,2.3,0.56,526|2060|5322|9101|9482|9554|9570|10254|10451|23023|26052|51128|54734|55014|57403|64400|91782,ATP6V1B2|EPS15|PLA2G5|USP8|STX8|SEC22B|GOSR2|STAM2|VAV3|TMCC1|DNM3|SAR1B|RAB39A|STX17|RAB22A|AKTIP|CHMP7,-0.86
MyList,GO Biological Processes,19,GO:0010639,negative regulation of organelle organization,19_GO:0048519 negative regulation of biological process,-2.4,2.1,3.1,30293,342,728,17,2.3,0.56,324|2059|2258|4134|4591|5290|7175|8658|9554|9882|10565|23075|23271|57103|79991|84952|146057,APC|EPS8|FGF13|MAP4|TRIM37|PIK3CA|TPR|TNKS|SEC22B|TBC1D4|ARFGEF1|SWAP70|CAMSAP2|TIGAR|STN1|CGNL1|TTBK2,-0.86
MyList,GO Biological Processes,19,GO:0008202,steroid metabolic process,19_GO:0008152 metabolic process,-2.4,2.3,3.2,30293,258,728,14,1.9,0.51,47|1066|1109|1583|1645|4041|5467|8644|10901|11160|11161|23780|26031|114880,ACLY|CES1|AKR1C4|CYP11A1|AKR1C1|LRP5|PPARD|AKR1C3|DHRS4|ERLIN2|ERG28|APOL2|OSBPL3|OSBPL6,-0.86
MyList,GO Biological Processes,19,GO:0002062,chondrocyte differentiation,19_GO:0032502 developmental process,-2.4,3.5,3.6,30293,84,728,7,0.96,0.36,3091|5745|6660|6662|7482|54928|55553,HIF1A|PTH1R|SOX5|SOX9|WNT2B|BPNT2|SOX6,-0.86
MyList,GO Biological Processes,19,GO:2001053,regulation of mesenchymal cell apoptotic process,19_GO:0050789 regulation of biological process,-2.4,8.9,4.6,30293,14,728,3,0.41,0.24,3091|5456|6662,HIF1A|POU3F4|SOX9,-0.86
MyList,GO Biological Processes,19,GO:0070102,interleukin-6-mediated signaling pathway,19_GO:0050896 response to stimulus,-2.4,8.9,4.6,30293,14,728,3,0.41,0.24,3570|3572|3716,IL6R|IL6ST|JAK1,-0.86
MyList,GO Biological Processes,19,GO:0046655,folic acid metabolic process,19_GO:0008152 metabolic process,-2.4,8.9,4.6,30293,14,728,3,0.41,0.24,1719|6573|10797,DHFR|SLC19A1|MTHFD2,-0.86
MyList,GO Biological Processes,19,GO:0045087,innate immune response,19_GO:0044419 biological process involved in interspecies interaction between organisms,-2.4,1.7,3,30293,773,728,31,4.3,0.75,929|998|1728|2537|3430|3437|3716|3799|4615|4938|5587|7099|7525|9097|9258|9447|9482|9830|9865|10492|24138|29072|51667|55284|55366|80212|83666|90268|171568|340061|613209,CD14|CDC42|NQO1|IFI6|IFI35|IFIT3|JAK1|KIF5B|MYD88|OAS1|PRKD1|TLR4|YES1|USP14|MFHAS1|AIM2|STX8|TRIM14|TRIL|SYNCRIP|IFIT5|SETD2|NUB1|UBE2W|LGR4|CCDC92|PARP9|OTULIN|POLR3H|STING1|DEFB135,-0.86
MyList,GO Biological Processes,19,GO:0032368,regulation of lipid transport,19_GO:0051179 localization,-2.4,2.7,3.3,30293,154,728,10,1.4,0.43,183|1066|1407|1601|4035|5781|8660|51128|51738|114880,AGT|CES1|CRY1|DAB2|LRP1|PTPN11|IRS2|SAR1B|GHRL|OSBPL6,-0.86
MyList,GO Biological Processes,19,GO:0008064,regulation of actin polymerization or depolymerization,19_GO:0050789 regulation of biological process,-2.4,2.7,3.3,30293,154,728,10,1.4,0.43,2059|2909|3059|5290|5921|9873|10565|23075|23191|93663,EPS8|ARHGAP35|HCLS1|PIK3CA|RASA1|FCHSD2|ARFGEF1|SWAP70|CYFIP1|ARHGAP18,-0.86
MyList,GO Biological Processes,19,GO:0007584,response to nutrient,19_GO:0050896 response to stimulus,-2.4,2.7,3.3,30293,154,728,10,1.4,0.43,2|178|429|594|1728|2029|2155|3170|4049|8644,A2M|AGL|ASCL1|BCKDHB|NQO1|ENSA|F7|FOXA2|LTA|AKR1C3,-0.86
MyList,GO Biological Processes,19,GO:0006352,DNA-templated transcription initiation,19_GO:0008152 metabolic process,-2.4,2.7,3.3,30293,154,728,10,1.4,0.43,5433|6598|6882|6883|29117|55588|64425|83860|171568|400569,POLR2D|SMARCB1|TAF11|TAF12|BRD7|MED29|POLR1E|TAF3|POLR3H|MED11,-0.86
MyList,GO Biological Processes,19,GO:0006397,mRNA processing,19_GO:0008152 metabolic process,-2.4,1.9,3,30293,491,728,22,3,0.63,5433|5566|8683|9169|10465|10492|10659|10768|10898|10946|22828|22985|23091|23543|51319|51574|54890|55421|83640|84081|123169|134353,POLR2D|PRKACA|SRSF9|SCAF11|PPIH|SYNCRIP|CELF2|AHCYL1|CPSF4|SF3A3|SCAF8|ACIN1|ZC3H13|RBFOX2|RSRC1|LARP7|ALKBH5|NCBP3|RAMAC|NSRP1|LEO1|LSM11,-0.86
MyList,GO Biological Processes,19,GO:0030163,protein catabolic process,19_GO:0008152 metabolic process,-2.4,1.7,3,30293,710,728,29,4,0.72,324|329|1520|1649|1728|4012|5705|6049|7327|8737|9024|9097|9695|10254|10434|10956|11160|23198|51667|55284|55768|57154|57534|79018|79718|91782|129807|200933|255488,APC|BIRC2|CTSS|DDIT3|NQO1|LNPEP|PSMC5|RNF6|UBE2G2|RIPK1|BRSK2|USP14|EDEM1|STAM2|LYPLA1|OS9|ERLIN2|PSME4|NUB1|UBE2W|NGLY1|SMURF1|MIB1|GID4|TBL1XR1|CHMP7|NEU4|FBXO45|RNF144B,-0.85
MyList,GO Biological Processes,19,GO:2000629,negative regulation of miRNA metabolic process,19_GO:0048519 negative regulation of biological process,-2.4,5.9,4.1,30293,28,728,4,0.55,0.27,3091|5467|5978|6662,HIF1A|PPARD|REST|SOX9,-0.85
MyList,GO Biological Processes,19,GO:0032956,regulation of actin cytoskeleton organization,19_GO:0050789 regulation of biological process,-2.4,2.1,3.1,30293,344,728,17,2.3,0.56,390|998|2059|2909|3059|4035|5290|5587|5921|7043|8851|9873|10565|23075|23191|84952|93663,RND3|CDC42|EPS8|ARHGAP35|HCLS1|LRP1|PIK3CA|PRKD1|RASA1|TGFB3|CDK5R1|FCHSD2|ARFGEF1|SWAP70|CYFIP1|CGNL1|ARHGAP18,-0.85
MyList,GO Biological Processes,19,GO:0048771,tissue remodeling,19_GO:0032501 multicellular organismal process,-2.4,3.1,3.4,30293,107,728,8,1.1,0.39,54|183|1909|3091|4041|5745|7060|55366,ACP5|AGT|EDNRA|HIF1A|LRP5|PTH1R|THBS4|LGR4,-0.85
MyList,GO Biological Processes,19,GO:0060070,canonical Wnt signaling pathway,19_GO:0050896 response to stimulus,-2.4,3.1,3.4,30293,107,728,8,1.1,0.39,607|1896|1909|4041|6662|6932|7482|55366,BCL9|EDA|EDNRA|LRP5|SOX9|TCF7|WNT2B|LGR4,-0.85
MyList,GO Biological Processes,19,GO:0030888,regulation of B cell proliferation,19_GO:0002376 immune system process,-2.4,3.9,3.6,30293,64,728,6,0.82,0.34,1880|3635|4332|7099|8660|10451,GPR183|INPP5D|MNDA|TLR4|IRS2|VAV3,-0.85
MyList,GO Biological Processes,19,GO:1905475,regulation of protein localization to membrane,19_GO:0051179 localization,-2.4,2.5,3.3,30293,180,728,11,1.5,0.45,1445|1601|3799|4035|5290|5906|8851|9482|10434|26060|163882,CSK|DAB2|KIF5B|LRP1|PIK3CA|RAP1A|CDK5R1|STX8|LYPLA1|APPL1|CNST,-0.85
MyList,GO Biological Processes,19,GO:0090278,negative regulation of peptide hormone secretion,19_GO:0051179 localization,-2.4,4.6,3.8,30293,45,728,5,0.69,0.31,3625|5781|5978|7351|51738,INHBB|PTPN11|REST|UCP2|GHRL,-0.85
MyList,GO Biological Processes,19,GO:0006096,glycolytic process,19_GO:0008152 metabolic process,-2.4,4.6,3.8,30293,45,728,5,0.69,0.31,669|2023|5208|7351|57103,BPGM|ENO1|PFKFB2|UCP2|TIGAR,-0.85
MyList,GO Biological Processes,19,GO:1903052,positive regulation of proteolysis involved in protein catabolic process,19_GO:0048518 positive regulation of biological process,-2.3,2.9,3.3,30293,131,728,9,1.2,0.41,1601|5705|7341|28951|51667|57154|84900|122809|440730,DAB2|PSMC5|SUMO1|TRIB2|NUB1|SMURF1|RNFT2|SOCS4|TRIM67,-0.84
MyList,GO Biological Processes,19,GO:1901292,nucleoside phosphate catabolic process,19_GO:0008152 metabolic process,-2.3,2.9,3.3,30293,131,728,9,1.2,0.41,669|957|2023|5208|7351|9583|22978|55270|57103,BPGM|ENTPD5|ENO1|PFKFB2|UCP2|ENTPD4|NT5C2|NUDT15|TIGAR,-0.84
MyList,GO Biological Processes,19,GO:1901605,alpha-amino acid metabolic process,19_GO:0008152 metabolic process,-2.3,2.4,3.2,30293,207,728,12,1.6,0.47,1719|5033|5352|5723|7351|10993|11112|23464|23743|51268|64087|80150,DHFR|P4HA1|PLOD2|PSPH|UCP2|SDS|HIBADH|GCAT|BHMT2|PIPOX|MCCC2|ASRGL1,-0.84
MyList,GO Biological Processes,19,GO:0033365,protein localization to organelle,19_GO:0051179 localization,-2.3,1.7,2.9,30293,746,728,30,4.1,0.74,636|1649|4591|5566|5828|6662|7175|7518|8658|9695|10059|10254|10526|10542|10758|10956|23212|25782|26060|26225|29103|54469|55750|57154|64747|83860|84897|85377|91782|134266,BICD1|DDIT3|TRIM37|PRKACA|PEX2|SOX9|TPR|XRCC4|TNKS|EDEM1|DNM1L|STAM2|IPO8|LAMTOR5|TRAF3IP2|OS9|RRS1|RAB3GAP2|APPL1|ARL5A|DNAJC15|ZFAND6|AGK|SMURF1|MFSD1|TAF3|TBRG1|MICALL1|CHMP7|GRPEL2,-0.84
MyList,GO Biological Processes,19,GO:1903076,regulation of protein localization to plasma membrane,19_GO:0051179 localization,-2.3,3.1,3.4,30293,108,728,8,1.1,0.39,1445|1601|3799|4035|9482|10434|26060|163882,CSK|DAB2|KIF5B|LRP1|STX8|LYPLA1|APPL1|CNST,-0.84
MyList,GO Biological Processes,19,GO:0009063,amino acid catabolic process,19_GO:0008152 metabolic process,-2.3,3.1,3.4,30293,108,728,8,1.1,0.39,18|594|10993|11112|23464|51268|64087|80150,ABAT|BCKDHB|SDS|HIBADH|GCAT|PIPOX|MCCC2|ASRGL1,-0.84
MyList,GO Biological Processes,19,GO:0050770,regulation of axonogenesis,19_GO:0032502 developmental process,-2.3,2.7,3.3,30293,156,728,10,1.4,0.43,1826|2258|2909|4168|5454|6049|9024|23191|23499|57154,DSCAM|FGF13|ARHGAP35|MCF2|POU3F2|RNF6|BRSK2|CYFIP1|MACF1|SMURF1,-0.84
MyList,GO Biological Processes,19,GO:0045807,positive regulation of endocytosis,19_GO:0051179 localization,-2.3,2.7,3.3,30293,156,728,10,1.4,0.43,636|929|998|1601|4035|5322|11031|26060|57534|196527,BICD1|CD14|CDC42|DAB2|LRP1|PLA2G5|RAB31|APPL1|MIB1|ANO6,-0.84
MyList,GO Biological Processes,19,GO:0038127,ERBB signaling pathway,19_GO:0050896 response to stimulus,-2.3,3.8,3.6,30293,65,728,6,0.82,0.34,3084|5290|5781|6662|55914|145957,NRG1|PIK3CA|PTPN11|SOX9|ERBIN|NRG4,-0.83
MyList,GO Biological Processes,19,GO:0002753,cytoplasmic pattern recognition receptor signaling pathway,19_GO:0044419 biological process involved in interspecies interaction between organisms,-2.3,3.8,3.6,30293,65,728,6,0.82,0.34,4615|4938|7099|90268|118788|340061,MYD88|OAS1|TLR4|OTULIN|PIK3AP1|STING1,-0.83
MyList,GO Biological Processes,19,GO:0042180,cellular ketone metabolic process,19_GO:0008152 metabolic process,-2.3,3.4,3.5,30293,86,728,7,0.96,0.36,1109|1583|1645|1728|8644|10901|27235,AKR1C4|CYP11A1|AKR1C1|NQO1|AKR1C3|DHRS4|COQ2,-0.83
MyList,GO Biological Processes,19,GO:0015980,energy derivation by oxidation of organic compounds,19_GO:0008152 metabolic process,-2.3,2.2,3.1,30293,262,728,14,1.9,0.51,47|178|509|2632|3572|4711|5501|5509|6392|29103|54949|57103|80025|83931,ACLY|AGL|ATP5F1C|GBE1|IL6ST|NDUFB5|PPP1CC|PPP1R3D|SDHD|DNAJC15|SDHAF2|TIGAR|PANK2|STK40,-0.83
MyList,GO Biological Processes,19,GO:0030010,establishment of cell polarity,19_GO:0009987 cellular process,-2.3,2.8,3.3,30293,132,728,9,1.2,0.41,998|2258|4134|9024|9826|10758|10806|29899|81609,CDC42|FGF13|MAP4|BRSK2|ARHGEF11|TRAF3IP2|SDCCAG8|GPSM2|SNX27,-0.83
MyList,GO Biological Processes,19,GO:0050684,regulation of mRNA processing,19_GO:0008152 metabolic process,-2.3,2.8,3.3,30293,132,728,9,1.2,0.41,5978|6294|8683|10659|10768|23543|51574|84081|123169,REST|SAFB|SRSF9|CELF2|AHCYL1|RBFOX2|LARP7|NSRP1|LEO1,-0.83
MyList,GO Biological Processes,19,GO:0006869,lipid transport,19_GO:0051179 localization,-2.3,2,3.1,30293,347,728,17,2.3,0.56,225|1066|1109|1645|4547|5243|5322|5375|5467|10434|23780|26031|26207|50640|51738|114880|196527,ABCD2|CES1|AKR1C4|AKR1C1|MTTP|ABCB1|PLA2G5|PMP2|PPARD|LYPLA1|APOL2|OSBPL3|PITPNC1|PNPLA8|GHRL|OSBPL6|ANO6,-0.83
MyList,GO Biological Processes,19,GO:0002792,negative regulation of peptide secretion,19_GO:0051179 localization,-2.3,4.5,3.8,30293,46,728,5,0.69,0.31,3625|5781|5978|7351|51738,INHBB|PTPN11|REST|UCP2|GHRL,-0.83
MyList,GO Biological Processes,19,GO:0046488,phosphatidylinositol metabolic process,19_GO:0008152 metabolic process,-2.3,2.7,3.3,30293,157,728,10,1.4,0.43,3613|3635|5290|5332|8867|8871|22876|54928|55326|122809,IMPA2|INPP5D|PIK3CA|PLCB4|SYNJ1|SYNJ2|INPP5F|BPNT2|AGPAT5|SOCS4,-0.83
MyList,GO Biological Processes,19,GO:0030832,regulation of actin filament length,19_GO:0050789 regulation of biological process,-2.3,2.7,3.3,30293,157,728,10,1.4,0.43,2059|2909|3059|5290|5921|9873|10565|23075|23191|93663,EPS8|ARHGAP35|HCLS1|PIK3CA|RASA1|FCHSD2|ARFGEF1|SWAP70|CYFIP1|ARHGAP18,-0.83
MyList,GO Biological Processes,19,GO:0000077,DNA damage checkpoint signaling,19_GO:0048519 negative regulation of biological process,-2.3,3.1,3.4,30293,109,728,8,1.1,0.39,595|2074|4303|5781|23376|29935|80254|83666,CCND1|ERCC6|FOXO4|PTPN11|UFL1|RPA4|CEP63|PARP9,-0.82
MyList,GO Biological Processes,19,GO:0046856,phosphatidylinositol dephosphorylation,19_GO:0008152 metabolic process,-2.3,5.7,4,30293,29,728,4,0.55,0.27,3635|8867|8871|22876,INPP5D|SYNJ1|SYNJ2|INPP5F,-0.82
MyList,GO Biological Processes,19,GO:0051656,establishment of organelle localization,19_GO:0051179 localization,-2.3,1.9,3,30293,407,728,19,2.6,0.59,636|998|3091|3799|4134|6795|8867|9230|10059|10814|22820|23212|26052|29899|51068|66008|91782|161424|348235,BICD1|CDC42|HIF1A|KIF5B|MAP4|AURKC|SYNJ1|RAB11B|DNM1L|CPLX2|COPG1|RRS1|DNM3|GPSM2|NMD3|TRAK2|CHMP7|NOP9|SKA2,-0.82
MyList,GO Biological Processes,19,GO:0072522,purine-containing compound biosynthetic process,19_GO:0008152 metabolic process,-2.3,2.3,3.1,30293,236,728,13,1.8,0.49,47|203|509|4711|6392|6785|23305|23475|54898|79877|80025|83666|554235,ACLY|AK1|ATP5F1C|NDUFB5|SDHD|ELOVL4|ACSL6|QPRT|ELOVL2|DCAKD|PANK2|PARP9|ASPDH,-0.82
MyList,GO Biological Processes,19,GO:0033673,negative regulation of kinase activity,19_GO:0048519 negative regulation of biological process,-2.3,2.5,3.2,30293,183,728,11,1.5,0.45,183|324|1647|3170|4041|5573|6546|8660|28951|64793|122809,AGT|APC|GADD45A|FOXA2|LRP5|PRKAR1A|SLC8A1|IRS2|TRIB2|CEP85|SOCS4,-0.82
MyList,GO Biological Processes,19,GO:0048863,stem cell differentiation,19_GO:0032502 developmental process,-2.3,2.5,3.2,30293,183,728,11,1.5,0.45,2|998|1909|3084|3091|4303|5978|6662|7538|23376|29072,A2M|CDC42|EDNRA|NRG1|HIF1A|FOXO4|REST|SOX9|ZFP36|UFL1|SETD2,-0.82
MyList,GO Biological Processes,19,GO:0006720,isoprenoid metabolic process,19_GO:0008152 metabolic process,-2.3,2.8,3.3,30293,133,728,9,1.2,0.41,216|1109|1645|4035|8644|10901|27235|54884|79087,ALDH1A1|AKR1C4|AKR1C1|LRP1|AKR1C3|DHRS4|COQ2|RETSAT|ALG12,-0.82
MyList,GO Biological Processes,19,GO:0046903,secretion,19_GO:0051179 localization,-2.3,1.8,2.9,30293,529,728,23,3.2,0.65,379|595|3091|4547|5322|5906|6453|8867|9024|9230|9498|10565|10755|10758|10814|11031|22820|22895|50640|51738|55014|55240|83697,ARL4D|CCND1|HIF1A|MTTP|PLA2G5|RAP1A|ITSN1|SYNJ1|BRSK2|RAB11B|SLC4A8|ARFGEF1|GIPC1|TRAF3IP2|CPLX2|RAB31|COPG1|RPH3A|PNPLA8|GHRL|STX17|STEAP3|SLC4A9,-0.82
MyList,GO Biological Processes,19,GO:0046854,phosphatidylinositol phosphate biosynthetic process,19_GO:0008152 metabolic process,-2.3,3.8,3.6,30293,66,728,6,0.82,0.34,3613|5290|8867|8871|54928|122809,IMPA2|PIK3CA|SYNJ1|SYNJ2|BPNT2|SOCS4,-0.81
MyList,GO Biological Processes,19,GO:0070424,regulation of nucleotide-binding oligomerization domain containing signaling pathway,19_GO:0044419 biological process involved in interspecies interaction between organisms,-2.3,8.3,4.5,30293,15,728,3,0.41,0.24,329|7099|55914,BIRC2|TLR4|ERBIN,-0.81
MyList,GO Biological Processes,19,GO:0060033,anatomical structure regression,19_GO:0032502 developmental process,-2.3,8.3,4.5,30293,15,728,3,0.41,0.24,4041|4090|57084,LRP5|SMAD5|SLC17A6,-0.81
MyList,GO Biological Processes,19,GO:1904251,regulation of bile acid metabolic process,19_GO:0008152 metabolic process,-2.3,8.3,4.5,30293,15,728,3,0.41,0.24,1066|2264|80025,CES1|FGFR4|PANK2,-0.81
MyList,GO Biological Processes,19,GO:0010458,exit from mitosis,19_GO:0009987 cellular process,-2.3,8.3,4.5,30293,15,728,3,0.41,0.24,2059|9150|91782,EPS8|CTDP1|CHMP7,-0.81
MyList,GO Biological Processes,19,GO:0032897,negative regulation of viral transcription,19_GO:0016032 viral process,-2.3,8.3,4.5,30293,15,728,3,0.41,0.24,7538|9830|51574,ZFP36|TRIM14|LARP7,-0.81
MyList,GO Biological Processes,19,GO:1905952,regulation of lipid localization,19_GO:0051179 localization,-2.3,2.5,3.2,30293,184,728,11,1.5,0.45,183|1066|1407|1601|4035|5467|5781|8660|51128|51738|114880,AGT|CES1|CRY1|DAB2|LRP1|PPARD|PTPN11|IRS2|SAR1B|GHRL|OSBPL6,-0.81
MyList,GO Biological Processes,19,GO:0009165,nucleotide biosynthetic process,19_GO:0008152 metabolic process,-2.3,2.2,3.1,30293,265,728,14,1.9,0.51,47|203|509|4711|6392|6785|23305|23475|50484|54898|79877|80025|83666|554235,ACLY|AK1|ATP5F1C|NDUFB5|SDHD|ELOVL4|ACSL6|QPRT|RRM2B|ELOVL2|DCAKD|PANK2|PARP9|ASPDH,-0.81
MyList,GO Biological Processes,19,GO:0051336,regulation of hydrolase activity,19_GO:0065007 biological regulation,-2.3,1.7,2.9,30293,753,728,30,4.1,0.74,329|444|636|1520|1909|2537|4035|4938|5265|5322|5906|5923|5978|9447|9712|9882|10451|10541|10542|10565|25782|26084|79886|80243|93627|116987|121512|152273|201176|202243,BIRC2|ASPH|BICD1|CTSS|EDNRA|IFI6|LRP1|OAS1|SERPINA1|PLA2G5|RAP1A|RASGRF1|REST|AIM2|USP6NL|TBC1D4|VAV3|ANP32B|LAMTOR5|ARFGEF1|RAB3GAP2|ARHGEF26|CAAP1|PREX2|TBCK|AGAP1|FGD4|FGD5|ARHGAP27|CCDC125,-0.81
MyList,GO Biological Processes,19,GO:1902074,response to salt,19_GO:0050896 response to stimulus,-2.3,2,3,30293,380,728,18,2.5,0.58,18|1601|1616|1719|1909|2155|3613|3625|4547|4656|5290|7518|8644|8851|9455|10768|23376|131034,ABAT|DAB2|DAXX|DHFR|EDNRA|F7|IMPA2|INHBB|MTTP|MYOG|PIK3CA|XRCC4|AKR1C3|CDK5R1|HOMER2|AHCYL1|UFL1|CPNE4,-0.81
MyList,GO Biological Processes,19,GO:0009615,response to virus,19_GO:0044419 biological process involved in interspecies interaction between organisms,-2.3,2,3,30293,380,728,18,2.5,0.58,2023|2537|3091|3437|3716|4615|4938|9213|9447|10542|24138|29072|55284|55421|83666|90933|171568|340061,ENO1|IFI6|HIF1A|IFIT3|JAK1|MYD88|OAS1|XPR1|AIM2|LAMTOR5|IFIT5|SETD2|UBE2W|NCBP3|PARP9|TRIM41|POLR3H|STING1,-0.81
MyList,GO Biological Processes,19,GO:0046034,ATP metabolic process,19_GO:0008152 metabolic process,-2.3,2.6,3.2,30293,159,728,10,1.4,0.43,203|509|526|669|2023|4711|5208|6392|7351|57103,AK1|ATP5F1C|ATP6V1B2|BPGM|ENO1|NDUFB5|PFKFB2|SDHD|UCP2|TIGAR,-0.81
MyList,GO Biological Processes,19,GO:0051494,negative regulation of cytoskeleton organization,19_GO:0048519 negative regulation of biological process,-2.3,2.6,3.2,30293,159,728,10,1.4,0.43,324|2059|2258|4591|5290|10565|23075|23271|84952|146057,APC|EPS8|FGF13|TRIM37|PIK3CA|ARFGEF1|SWAP70|CAMSAP2|CGNL1|TTBK2,-0.81
MyList,GO Biological Processes,19,GO:0006513,protein monoubiquitination,19_GO:0008152 metabolic process,-2.3,4.4,3.7,30293,47,728,5,0.69,0.31,4591|5828|55284|90933|220441,TRIM37|PEX2|UBE2W|TRIM41|RNF152,-0.81
MyList,GO Biological Processes,19,GO:0046032,ADP catabolic process,19_GO:0008152 metabolic process,-2.3,4.4,3.7,30293,47,728,5,0.69,0.31,669|2023|5208|7351|57103,BPGM|ENO1|PFKFB2|UCP2|TIGAR,-0.81
MyList,GO Biological Processes,19,GO:0016101,diterpenoid metabolic process,19_GO:0008152 metabolic process,-2.3,3.3,3.4,30293,88,728,7,0.96,0.36,216|1109|1645|4035|8644|10901|54884,ALDH1A1|AKR1C4|AKR1C1|LRP1|AKR1C3|DHRS4|RETSAT,-0.8
MyList,GO Biological Processes,19,GO:0120034,positive regulation of plasma membrane bounded cell projection assembly,19_GO:0048518 positive regulation of biological process,-2.3,3,3.3,30293,111,728,8,1.1,0.39,324|998|2059|2909|5290|7043|23191|26052,APC|CDC42|EPS8|ARHGAP35|PIK3CA|TGFB3|CYFIP1|DNM3,-0.8
MyList,GO Biological Processes,19,GO:0008286,insulin receptor signaling pathway,19_GO:0050896 response to stimulus,-2.3,3.7,3.5,30293,67,728,6,0.82,0.34,324|1979|4303|5290|8660|26060,APC|EIF4EBP2|FOXO4|PIK3CA|IRS2|APPL1,-0.8
MyList,GO Biological Processes,19,GO:0060760,positive regulation of response to cytokine stimulus,19_GO:0048518 positive regulation of biological process,-2.3,3.7,3.5,30293,67,728,6,0.82,0.34,3091|7099|8737|83666|90933|340061,HIF1A|TLR4|RIPK1|PARP9|TRIM41|STING1,-0.8
MyList,GO Biological Processes,19,GO:0043525,positive regulation of neuron apoptotic process,19_GO:0048518 positive regulation of biological process,-2.3,3.7,3.5,30293,67,728,6,0.82,0.34,429|998|1649|1728|8737|8851,ASCL1|CDC42|DDIT3|NQO1|RIPK1|CDK5R1,-0.8
MyList,GO Biological Processes,19,GO:0046888,negative regulation of hormone secretion,19_GO:0051179 localization,-2.3,3.7,3.5,30293,67,728,6,0.82,0.34,1407|3625|5781|5978|7351|51738,CRY1|INHBB|PTPN11|REST|UCP2|GHRL,-0.8
MyList,GO Biological Processes,19,GO:0002230,positive regulation of defense response to virus by host,19_GO:0044419 biological process involved in interspecies interaction between organisms,-2.3,5.5,3.9,30293,30,728,4,0.55,0.27,9447|10758|83666|340061,AIM2|TRAF3IP2|PARP9|STING1,-0.79
MyList,GO Biological Processes,19,GO:0010876,lipid localization,19_GO:0051179 localization,-2.3,2,3,30293,382,728,18,2.5,0.58,225|1066|1109|1407|1645|4547|5243|5322|5375|5467|10434|23780|26031|26207|50640|51738|114880|196527,ABCD2|CES1|AKR1C4|CRY1|AKR1C1|MTTP|ABCB1|PLA2G5|PMP2|PPARD|LYPLA1|APOL2|OSBPL3|PITPNC1|PNPLA8|GHRL|OSBPL6|ANO6,-0.79
MyList,GO Biological Processes,19,GO:1901293,nucleoside phosphate biosynthetic process,19_GO:0008152 metabolic process,-2.3,2.2,3,30293,267,728,14,1.9,0.51,47|203|509|4711|6392|6785|23305|23475|50484|54898|79877|80025|83666|554235,ACLY|AK1|ATP5F1C|NDUFB5|SDHD|ELOVL4|ACSL6|QPRT|RRM2B|ELOVL2|DCAKD|PANK2|PARP9|ASPDH,-0.79
MyList,GO Biological Processes,19,GO:0030522,intracellular receptor signaling pathway,19_GO:0050896 response to stimulus,-2.3,2.5,3.1,30293,186,728,11,1.5,0.45,1407|1616|4615|4938|5467|6294|7099|23543|90268|118788|340061,CRY1|DAXX|MYD88|OAS1|PPARD|SAFB|TLR4|RBFOX2|OTULIN|PIK3AP1|STING1,-0.79
MyList,GO Biological Processes,19,GO:0061024,membrane organization,19_GO:0009987 cellular process,-2.3,1.6,2.8,30293,757,728,30,4.1,0.74,225|998|1793|4547|5243|5322|5375|8867|8871|9482|9554|9570|9873|10059|10254|10451|22848|23023|26052|26207|51128|54734|55014|55750|57154|85377|91782|132320|139322|196527,ABCD2|CDC42|DOCK1|MTTP|ABCB1|PLA2G5|PMP2|SYNJ1|SYNJ2|STX8|SEC22B|GOSR2|FCHSD2|DNM1L|STAM2|VAV3|AAK1|TMCC1|DNM3|PITPNC1|SAR1B|RAB39A|STX17|AGK|SMURF1|MICALL1|CHMP7|SCLT1|APOOL|ANO6,-0.79
MyList,GO Biological Processes,19,GO:0034764,positive regulation of transmembrane transport,19_GO:0051179 localization,-2.2,2.3,3.1,30293,213,728,12,1.6,0.47,930|1520|1909|2258|2688|5243|5781|8660|26060|57620|65268|196527,CD19|CTSS|EDNRA|FGF13|GH1|ABCB1|PTPN11|IRS2|APPL1|STIM2|WNK2|ANO6,-0.78
MyList,GO Biological Processes,19,GO:0080135,regulation of cellular response to stress,19_GO:0050896 response to stimulus,-2.2,1.7,2.9,30293,661,728,27,3.7,0.7,998|1407|1647|1719|2023|2074|2324|4077|4615|6598|6883|7099|8737|9097|9258|9821|9958|11284|22876|23376|27102|29072|29117|50640|54799|57103|84900,CDC42|CRY1|GADD45A|DHFR|ENO1|ERCC6|FLT4|NBR1|MYD88|SMARCB1|TAF12|TLR4|RIPK1|USP14|MFHAS1|RB1CC1|USP15|PNKP|INPP5F|UFL1|EIF2AK1|SETD2|BRD7|PNPLA8|MBTD1|TIGAR|RNFT2,-0.78
MyList,GO Biological Processes,19,GO:0050852,T cell receptor signaling pathway,19_GO:0002376 immune system process,-2.2,3,3.3,30293,112,728,8,1.1,0.39,1445|3119|3123|3635|5290|8891|10384|54923,CSK|HLA-DQB1|HLA-DRB1|INPP5D|PIK3CA|EIF2B3|BTN3A3|LIME1,-0.78
MyList,GO Biological Processes,19,GO:0043410,positive regulation of MAPK cascade,19_GO:0048518 positive regulation of biological process,-2.2,1.8,2.9,30293,474,728,21,2.9,0.62,998|1647|1880|2264|2324|2688|3084|3123|4615|5322|5781|5906|7043|7099|8737|8844|9258|9821|51277|51738|57161,CDC42|GADD45A|GPR183|FGFR4|FLT4|GH1|NRG1|HLA-DRB1|MYD88|PLA2G5|PTPN11|RAP1A|TGFB3|TLR4|RIPK1|KSR1|MFHAS1|RB1CC1|DNAJC27|GHRL|PELI2,-0.78
MyList,GO Biological Processes,19,GO:0021795,cerebral cortex cell migration,19_GO:0032502 developmental process,-2.2,4.3,3.6,30293,48,728,5,0.69,0.31,2258|5454|8851|84750|200933,FGF13|POU3F2|CDK5R1|FUT10|FBXO45,-0.78
MyList,GO Biological Processes,19,GO:2000144,positive regulation of DNA-templated transcription initiation,19_GO:0048518 positive regulation of biological process,-2.2,3.7,3.5,30293,68,728,6,0.82,0.34,2074|6882|6883|55588|83860|400569,ERCC6|TAF11|TAF12|MED29|TAF3|MED11,-0.77
MyList,GO Biological Processes,19,GO:0046486,glycerolipid metabolic process,19_GO:0008152 metabolic process,-2.2,2,3,30293,355,728,17,2.3,0.56,3613|3635|4547|5130|5290|5322|5332|5781|8867|8871|22876|50640|54928|55326|55750|84803|122809,IMPA2|INPP5D|MTTP|PCYT1A|PIK3CA|PLA2G5|PLCB4|PTPN11|SYNJ1|SYNJ2|INPP5F|PNPLA8|BPNT2|AGPAT5|AGK|GPAT3|SOCS4,-0.77
MyList,GO Biological Processes,19,GO:0043524,negative regulation of neuron apoptotic process,19_GO:0048519 negative regulation of biological process,-2.2,2.6,3.1,30293,162,728,10,1.4,0.43,595|2632|3091|3572|5290|5921|6418|7043|7351|10617,CCND1|GBE1|HIF1A|IL6ST|PIK3CA|RASA1|SET|TGFB3|UCP2|STAMBP,-0.77
MyList,GO Biological Processes,19,GO:0001708,cell fate specification,19_GO:0032502 developmental process,-2.2,3.2,3.3,30293,90,728,7,0.96,0.36,324|429|3170|5454|6662|26011|344167,APC|ASCL1|FOXA2|POU3F2|SOX9|TENM4|FOXI3,-0.77
MyList,GO Biological Processes,19,GO:0009154,purine ribonucleotide catabolic process,19_GO:0008152 metabolic process,-2.2,3.2,3.3,30293,90,728,7,0.96,0.36,669|2023|5208|7351|9583|22978|57103,BPGM|ENO1|PFKFB2|UCP2|ENTPD4|NT5C2|TIGAR,-0.77
MyList,GO Biological Processes,19,GO:0010632,regulation of epithelial cell migration,19_GO:0040011 locomotion,-2.2,2.1,3,30293,298,728,15,2.1,0.53,183|394|1647|1793|2324|3091|5547|5587|6662|8660|23499|51094|54453|55333|57381,AGT|ARHGAP5|GADD45A|DOCK1|FLT4|HIF1A|PRCP|PRKD1|SOX9|IRS2|MACF1|ADIPOR1|RIN2|SYNJ2BP|RHOJ,-0.77
MyList,GO Biological Processes,19,GO:2001212,regulation of vasculogenesis,19_GO:0032502 developmental process,-2.2,7.8,4.3,30293,16,728,3,0.41,0.24,5906|54453|55273,RAP1A|RIN2|TMEM100,-0.77
MyList,GO Biological Processes,19,GO:0010226,response to lithium ion,19_GO:0050896 response to stimulus,-2.2,7.8,4.3,30293,16,728,3,0.41,0.24,3613|4656|7518,IMPA2|MYOG|XRCC4,-0.77
MyList,GO Biological Processes,19,GO:0010715,regulation of extracellular matrix disassembly,19_GO:0050789 regulation of biological process,-2.2,7.8,4.3,30293,16,728,3,0.41,0.24,2264|4035|10630,FGFR4|LRP1|PDPN,-0.77
MyList,GO Biological Processes,19,GO:0034374,low-density lipoprotein particle remodeling,19_GO:0032501 multicellular organismal process,-2.2,7.8,4.3,30293,16,728,3,0.41,0.24,183|4547|5322,AGT|MTTP|PLA2G5,-0.77
MyList,GO Biological Processes,19,GO:0034112,positive regulation of homotypic cell-cell adhesion,19_GO:0048518 positive regulation of biological process,-2.2,7.8,4.3,30293,16,728,3,0.41,0.24,3572|3716|10630,IL6ST|JAK1|PDPN,-0.77
MyList,GO Biological Processes,19,GO:0006089,lactate metabolic process,19_GO:0008152 metabolic process,-2.2,7.8,4.3,30293,16,728,3,0.41,0.24,3091|5208|57103,HIF1A|PFKFB2|TIGAR,-0.77
MyList,GO Biological Processes,19,GO:0014857,regulation of skeletal muscle cell proliferation,19_GO:0050789 regulation of biological process,-2.2,7.8,4.3,30293,16,728,3,0.41,0.24,4656|5467|147912,MYOG|PPARD|SIX5,-0.77
MyList,GO Biological Processes,19,GO:0002755,MyD88-dependent toll-like receptor signaling pathway,19_GO:0044419 biological process involved in interspecies interaction between organisms,-2.2,7.8,4.3,30293,16,728,3,0.41,0.24,3656|4615|7099,IRAK2|MYD88|TLR4,-0.77
MyList,GO Biological Processes,19,GO:0034470,ncRNA processing,19_GO:0008152 metabolic process,-2.2,1.9,2.9,30293,416,728,19,2.6,0.59,6234|8602|9790|10171|10199|23212|25821|25917|28987|29777|29960|51077|51574|57050|63899|81556|90459|161424|196074,RPS28|NOP14|BMS1|RCL1|MPHOSPH10|RRS1|MTO1|THUMPD3|NOB1|ABT1|MRM2|FCF1|LARP7|UTP3|NSUN3|INTS14|ERI1|NOP9|METTL15,-0.76
MyList,GO Biological Processes,19,GO:0043087,regulation of GTPase activity,19_GO:0065007 biological regulation,-2.2,2.1,3,30293,299,728,15,2.1,0.53,5906|5923|9712|9882|10451|10565|25782|26084|80243|93627|116987|121512|152273|201176|202243,RAP1A|RASGRF1|USP6NL|TBC1D4|VAV3|ARFGEF1|RAB3GAP2|ARHGEF26|PREX2|TBCK|AGAP1|FGD4|FGD5|ARHGAP27|CCDC125,-0.76
MyList,GO Biological Processes,19,GO:0031114,regulation of microtubule depolymerization,19_GO:0050789 regulation of biological process,-2.2,5.4,3.8,30293,31,728,4,0.55,0.27,324|2258|23271|146057,APC|FGF13|CAMSAP2|TTBK2,-0.76
MyList,GO Biological Processes,19,GO:0051654,establishment of mitochondrion localization,19_GO:0051179 localization,-2.2,5.4,3.8,30293,31,728,4,0.55,0.27,3091|3799|10059|66008,HIF1A|KIF5B|DNM1L|TRAK2,-0.76
MyList,GO Biological Processes,19,GO:0060325,face morphogenesis,19_GO:0032502 developmental process,-2.2,5.4,3.8,30293,31,728,4,0.55,0.27,444|5781|7043|83690,ASPH|PTPN11|TGFB3|CRISPLD1,-0.76
MyList,GO Biological Processes,19,GO:1900017,positive regulation of cytokine production involved in inflammatory response,19_GO:0048518 positive regulation of biological process,-2.2,5.4,3.8,30293,31,728,4,0.55,0.27,3091|4615|7099|26060,HIF1A|MYD88|TLR4|APPL1,-0.76
MyList,GO Biological Processes,19,GO:0009144,purine nucleoside triphosphate metabolic process,19_GO:0008152 metabolic process,-2.2,2.4,3.1,30293,189,728,11,1.5,0.45,203|509|526|669|2023|4711|5208|6392|7351|55270|57103,AK1|ATP5F1C|ATP6V1B2|BPGM|ENO1|NDUFB5|PFKFB2|SDHD|UCP2|NUDT15|TIGAR,-0.76
MyList,GO Biological Processes,19,GO:0005976,polysaccharide metabolic process,19_GO:0008152 metabolic process,-2.2,3.6,3.4,30293,69,728,6,0.82,0.34,178|2632|3572|5501|5509|83931,AGL|GBE1|IL6ST|PPP1CC|PPP1R3D|STK40,-0.76
MyList,GO Biological Processes,19,GO:0048013,ephrin receptor signaling pathway,19_GO:0050896 response to stimulus,-2.2,4.2,3.6,30293,49,728,5,0.69,0.31,5781|5921|6760|7525|8851,PTPN11|RASA1|SS18|YES1|CDK5R1,-0.76
MyList,GO Biological Processes,19,GO:0019364,pyridine nucleotide catabolic process,19_GO:0008152 metabolic process,-2.2,4.2,3.6,30293,49,728,5,0.69,0.31,669|2023|5208|7351|57103,BPGM|ENO1|PFKFB2|UCP2|TIGAR,-0.76
MyList,GO Biological Processes,19,GO:0006637,acyl-CoA metabolic process,19_GO:0008152 metabolic process,-2.2,3.2,3.3,30293,91,728,7,0.96,0.36,47|6785|23305|23597|51268|54898|123876,ACLY|ELOVL4|ACSL6|ACOT9|PIPOX|ELOVL2|ACSM2A,-0.76
MyList,GO Biological Processes,19,GO:0035383,thioester metabolic process,19_GO:0008152 metabolic process,-2.2,3.2,3.3,30293,91,728,7,0.96,0.36,47|6785|23305|23597|51268|54898|123876,ACLY|ELOVL4|ACSL6|ACOT9|PIPOX|ELOVL2|ACSM2A,-0.76
MyList,GO Biological Processes,19,GO:0009199,ribonucleoside triphosphate metabolic process,19_GO:0008152 metabolic process,-2.2,2.4,3.1,30293,190,728,11,1.5,0.45,203|509|526|669|2023|4711|5208|6392|7351|9583|57103,AK1|ATP5F1C|ATP6V1B2|BPGM|ENO1|NDUFB5|PFKFB2|SDHD|UCP2|ENTPD4|TIGAR,-0.75
MyList,GO Biological Processes,19,GO:0032868,response to insulin,19_GO:0050896 response to stimulus,-2.2,2.3,3,30293,217,728,12,1.6,0.47,324|1407|1979|3625|4303|5290|7351|8660|9882|11031|23191|26060,APC|CRY1|EIF4EBP2|INHBB|FOXO4|PIK3CA|UCP2|IRS2|TBC1D4|RAB31|CYFIP1|APPL1,-0.75
MyList,GO Biological Processes,19,GO:0051282,regulation of sequestering of calcium ion,19_GO:0042592 homeostatic process,-2.2,2.7,3.1,30293,139,728,9,1.2,0.41,309|930|1649|3709|5332|5566|5587|6546|54923,ANXA6|CD19|DDIT3|ITPR2|PLCB4|PRKACA|PRKD1|SLC8A1|LIME1,-0.75
MyList,GO Biological Processes,19,GO:0007219,Notch signaling pathway,19_GO:0050896 response to stimulus,-2.2,2.9,3.2,30293,115,728,8,1.1,0.39,307|429|1004|6662|55273|57534|145873|388677,ANXA4|ASCL1|CDH6|SOX9|TMEM100|MIB1|MESP2|NOTCH2NLA,-0.74
MyList,GO Biological Processes,19,GO:0006694,steroid biosynthetic process,19_GO:0008152 metabolic process,-2.2,2.9,3.2,30293,115,728,8,1.1,0.39,47|1066|1109|1583|8644|11161|26031|114880,ACLY|CES1|AKR1C4|CYP11A1|AKR1C3|ERG28|OSBPL3|OSBPL6,-0.74
MyList,GO Biological Processes,19,GO:0090257,regulation of muscle system process,19_GO:0032501 multicellular organismal process,-2.2,2.2,3,30293,245,728,13,1.8,0.49,18|183|2023|2258|3572|4607|4656|5566|5587|6546|9150|29119|51738,ABAT|AGT|ENO1|FGF13|IL6ST|MYBPC3|MYOG|PRKACA|PRKD1|SLC8A1|CTDP1|CTNNA3|GHRL,-0.74
MyList,GO Biological Processes,19,GO:0006090,pyruvate metabolic process,19_GO:0008152 metabolic process,-2.2,3.6,3.4,30293,70,728,6,0.82,0.34,669|2023|5208|7351|10993|57103,BPGM|ENO1|PFKFB2|UCP2|SDS|TIGAR,-0.74
MyList,GO Biological Processes,19,GO:0032388,positive regulation of intracellular transport,19_GO:0051179 localization,-2.2,2.7,3.1,30293,140,728,9,1.2,0.41,998|1601|3059|5566|5587|7175|9695|10541|51128,CDC42|DAB2|HCLS1|PRKACA|PRKD1|TPR|EDEM1|ANP32B|SAR1B,-0.73
MyList,GO Biological Processes,19,GO:0072583,clathrin-dependent endocytosis,19_GO:0051179 localization,-2.2,5.2,3.7,30293,32,728,4,0.55,0.27,6453|9873|22876|57720,ITSN1|FCHSD2|INPP5F|GPR107,-0.73
MyList,GO Biological Processes,19,GO:0006457,protein folding,19_GO:0008152 metabolic process,-2.2,2.3,3,30293,219,728,12,1.6,0.47,957|3338|7265|10465|22824|23071|55768|79031|79087|84750|126393|134266,ENTPD5|DNAJC4|TTC1|PPIH|HSPA4L|ERP44|NGLY1|PDCL3|ALG12|FUT10|HSPB6|GRPEL2,-0.72
MyList,GO Biological Processes,19,GO:0003018,vascular process in circulatory system,19_GO:0032501 multicellular organismal process,-2.1,2.1,2.9,30293,275,728,14,1.9,0.51,146|183|1909|2828|2909|3680|4035|5243|6546|6573|6640|7525|9498|81031,ADRA1D|AGT|EDNRA|GPR4|ARHGAP35|ITGA9|LRP1|ABCB1|SLC8A1|SLC19A1|SNTA1|YES1|SLC4A8|SLC2A10,-0.72
MyList,GO Biological Processes,19,GO:0051098,regulation of binding,19_GO:0065007 biological regulation,-2.1,2.2,2.9,30293,247,728,13,1.8,0.49,1601|1649|4035|5566|7341|8658|10542|51068|64388|64400|83666|146057|340061,DAB2|DDIT3|LRP1|PRKACA|SUMO1|TNKS|LAMTOR5|NMD3|GREM2|AKTIP|PARP9|TTBK2|STING1,-0.72
MyList,GO Biological Processes,19,GO:0002690,positive regulation of leukocyte chemotaxis,19_GO:0040011 locomotion,-2.1,3.1,3.2,30293,93,728,7,0.96,0.36,2155|3570|7060|7423|10059|23075|196527,F7|IL6R|THBS4|VEGFB|DNM1L|SWAP70|ANO6,-0.72
MyList,GO Biological Processes,19,GO:0072538,T-helper 17 type immune response,19_GO:0002376 immune system process,-2.1,7.3,4.1,30293,17,728,3,0.41,0.24,3570|3716|10758,IL6R|JAK1|TRAF3IP2,-0.71
MyList,GO Biological Processes,19,GO:0001701,in utero embryonic development,19_GO:0032502 developmental process,-2.1,1.9,2.8,30293,393,728,18,2.5,0.58,689|1909|3091|5501|5723|5745|6598|7043|7779|9318|9644|27022|29072|55273|57534|79718|79728|84081,BTF3|EDNRA|HIF1A|PPP1CC|PSPH|PTH1R|SMARCB1|TGFB3|SLC30A1|COPS2|SH3PXD2A|FOXD3|SETD2|TMEM100|MIB1|TBL1XR1|PALB2|NSRP1,-0.71
MyList,GO Biological Processes,19,GO:0019827,stem cell population maintenance,19_GO:0032502 developmental process,-2.1,2.8,3.1,30293,117,728,8,1.1,0.39,607|4041|5978|6662|6760|84750|123169|129563,BCL9|LRP5|REST|SOX9|SS18|FUT10|LEO1|DIS3L2,-0.71
MyList,GO Biological Processes,19,GO:0031124,mRNA 3'-end processing,19_GO:0008152 metabolic process,-2.1,4.1,3.5,30293,51,728,5,0.69,0.31,5433|10768|22828|123169|134353,POLR2D|AHCYL1|SCAF8|LEO1|LSM11,-0.7
MyList,GO Biological Processes,19,GO:0050921,positive regulation of chemotaxis,19_GO:0040011 locomotion,-2.1,2.6,3.1,30293,142,728,9,1.2,0.41,1826|2155|3570|5587|7060|7423|10059|23075|196527,DSCAM|F7|IL6R|PRKD1|THBS4|VEGFB|DNM1L|SWAP70|ANO6,-0.7
MyList,GO Biological Processes,19,GO:1905039,carboxylic acid transmembrane transport,19_GO:0051179 localization,-2.1,2.6,3.1,30293,142,728,9,1.2,0.41,225|5243|6539|6573|7351|10166|57084|94081|133418,ABCD2|ABCB1|SLC6A12|SLC19A1|UCP2|SLC25A15|SLC17A6|SFXN1|EMB,-0.7
MyList,GO Biological Processes,19,GO:0044242,cellular lipid catabolic process,19_GO:0008152 metabolic process,-2.1,2.4,3,30293,194,728,11,1.5,0.45,225|1666|4668|5322|5467|5828|8644|22876|50640|55268|129807,ABCD2|DECR1|NAGA|PLA2G5|PPARD|PEX2|AKR1C3|INPP5F|PNPLA8|ECHDC2|NEU4,-0.7
MyList,GO Biological Processes,19,GO:0007229,integrin-mediated signaling pathway,19_GO:0050896 response to stimulus,-2.1,3.1,3.2,30293,94,728,7,0.96,0.36,998|1793|3680|5587|5781|10451|55914,CDC42|DOCK1|ITGA9|PRKD1|PTPN11|VAV3|ERBIN,-0.7
MyList,GO Biological Processes,19,GO:0060260,regulation of transcription initiation by RNA polymerase II,19_GO:0008152 metabolic process,-2.1,3.5,3.3,30293,72,728,6,0.82,0.34,2074|6882|6883|55588|83860|400569,ERCC6|TAF11|TAF12|MED29|TAF3|MED11,-0.69
MyList,GO Biological Processes,19,GO:0031570,DNA integrity checkpoint signaling,19_GO:0048519 negative regulation of biological process,-2.1,2.8,3.1,30293,118,728,8,1.1,0.39,595|2074|4303|5781|23376|29935|80254|83666,CCND1|ERCC6|FOXO4|PTPN11|UFL1|RPA4|CEP63|PARP9,-0.69
MyList,GO Biological Processes,19,GO:0070741,response to interleukin-6,19_GO:0050896 response to stimulus,-2.1,5,3.6,30293,33,728,4,0.55,0.27,3170|3570|3572|3716,FOXA2|IL6R|IL6ST|JAK1,-0.69
MyList,GO Biological Processes,19,GO:0099504,synaptic vesicle cycle,19_GO:0051179 localization,-2.1,2.6,3,30293,143,728,9,1.2,0.41,526|5906|6453|8867|8871|10814|22895|26052|57084,ATP6V1B2|RAP1A|ITSN1|SYNJ1|SYNJ2|CPLX2|RPH3A|DNM3|SLC17A6,-0.69
MyList,GO Biological Processes,19,GO:1903825,organic acid transmembrane transport,19_GO:0051179 localization,-2.1,2.6,3,30293,143,728,9,1.2,0.41,225|5243|6539|6573|7351|10166|57084|94081|133418,ABCD2|ABCB1|SLC6A12|SLC19A1|UCP2|SLC25A15|SLC17A6|SFXN1|EMB,-0.69
MyList,GO Biological Processes,19,GO:0045862,positive regulation of proteolysis,19_GO:0048518 positive regulation of biological process,-2.1,2,2.8,30293,337,728,16,2.2,0.54,444|1520|1601|2023|2264|5705|5978|7341|9447|10541|28951|51667|57154|84900|122809|440730,ASPH|CTSS|DAB2|ENO1|FGFR4|PSMC5|REST|SUMO1|AIM2|ANP32B|TRIB2|NUB1|SMURF1|RNFT2|SOCS4|TRIM67,-0.68
MyList,GO Biological Processes,19,GO:0002683,negative regulation of immune system process,19_GO:0002376 immune system process,-2.1,1.8,2.7,30293,520,728,22,3,0.63,2|54|3112|3123|3575|3635|4332|4938|5322|5573|6662|7043|7099|7525|9258|9404|9958|26060|55366|55914|80254|130733,A2M|ACP5|HLA-DOB|HLA-DRB1|IL7R|INPP5D|MNDA|OAS1|PLA2G5|PRKAR1A|SOX9|TGFB3|TLR4|YES1|MFHAS1|LPXN|USP15|APPL1|LGR4|ERBIN|CEP63|TMEM178A,-0.68
MyList,GO Biological Processes,19,GO:0060324,face development,19_GO:0032502 developmental process,-2.1,4,3.4,30293,52,728,5,0.69,0.31,444|1909|5781|7043|83690,ASPH|EDNRA|PTPN11|TGFB3|CRISPLD1,-0.68
MyList,GO Biological Processes,19,GO:0050870,positive regulation of T cell activation,19_GO:0002376 immune system process,-2.1,2.2,2.9,30293,251,728,13,1.8,0.49,1445|3112|3119|3123|3126|3127|3572|3575|5290|5781|6598|7525|29117,CSK|HLA-DOB|HLA-DQB1|HLA-DRB1|HLA-DRB4|HLA-DRB5|IL6ST|IL7R|PIK3CA|PTPN11|SMARCB1|YES1|BRD7,-0.68
MyList,GO Biological Processes,19,GO:0001667,ameboidal-type cell migration,19_GO:0009987 cellular process,-2.1,2.3,2.9,30293,196,728,11,1.5,0.45,394|998|1909|3091|4041|5290|5467|5781|8660|9404|10755,ARHGAP5|CDC42|EDNRA|HIF1A|LRP5|PIK3CA|PPARD|PTPN11|IRS2|LPXN|GIPC1,-0.68
MyList,GO Biological Processes,19,GO:0007178,transmembrane receptor protein serine/threonine kinase signaling pathway,19_GO:0050896 response to stimulus,-2.1,2.3,2.9,30293,196,728,11,1.5,0.45,1601|2331|3625|4012|4090|7043|9404|9958|26060|55273|57154,DAB2|FMOD|INHBB|LNPEP|SMAD5|TGFB3|LPXN|USP15|APPL1|TMEM100|SMURF1,-0.68
MyList,GO Biological Processes,19,GO:0019725,cellular homeostasis,19_GO:0042592 homeostatic process,-2.1,1.7,2.7,30293,680,728,27,3.7,0.7,309|526|1317|1649|1728|1909|3091|5290|5566|5745|6546|7351|7779|8660|9213|9230|9447|9498|23071|23371|54734|57620|65991|81031|83697|130733|196527,ANXA6|ATP6V1B2|SLC31A1|DDIT3|NQO1|EDNRA|HIF1A|PIK3CA|PRKACA|PTH1R|SLC8A1|UCP2|SLC30A1|IRS2|XPR1|RAB11B|AIM2|SLC4A8|ERP44|TNS2|RAB39A|STIM2|FUNDC2|SLC2A10|SLC4A9|TMEM178A|ANO6,-0.68
MyList,GO Biological Processes,19,GO:0031400,negative regulation of protein modification process,19_GO:0048519 negative regulation of biological process,-2.1,1.8,2.8,30293,428,728,19,2.6,0.59,183|324|1407|1647|2029|4041|5573|6418|6546|6640|9258|22876|23075|23376|28951|55869|64793|80254|122809,AGT|APC|CRY1|GADD45A|ENSA|LRP5|PRKAR1A|SET|SLC8A1|SNTA1|MFHAS1|INPP5F|SWAP70|UFL1|TRIB2|HDAC8|CEP85|CEP63|SOCS4,-0.68
MyList,GO Biological Processes,19,GO:0030534,adult behavior,19_GO:0032501 multicellular organismal process,-2.1,2.6,3,30293,144,728,9,1.2,0.41,18|2059|3170|6323|9455|22876|51286|51738|80243,ABAT|EPS8|FOXA2|SCN1A|HOMER2|INPP5F|CEND1|GHRL|PREX2,-0.68
MyList,GO Biological Processes,19,GO:0035148,tube formation,19_GO:0032502 developmental process,-2.1,2.6,3,30293,144,728,9,1.2,0.41,1896|2909|3091|5566|6662|7798|10806|29072|57534,EDA|ARHGAP35|HIF1A|PRKACA|SOX9|LUZP1|SDCCAG8|SETD2|MIB1,-0.68
MyList,GO Biological Processes,19,GO:0045661,regulation of myoblast differentiation,19_GO:0032502 developmental process,-2.1,3.4,3.2,30293,73,728,6,0.82,0.34,1649|4656|5467|6598|6662|29117,DDIT3|MYOG|PPARD|SMARCB1|SOX9|BRD7,-0.68
MyList,GO Biological Processes,19,GO:0031623,receptor internalization,19_GO:0051179 localization,-2.1,3.4,3.2,30293,73,728,6,0.82,0.34,157|2060|4035|6642|11031|26052,GRK3|EPS15|LRP1|SNX1|RAB31|DNM3,-0.68
MyList,GO Biological Processes,19,GO:0010975,regulation of neuron projection development,19_GO:0032502 developmental process,-2.1,1.8,2.8,30293,459,728,20,2.7,0.61,1601|1826|2258|2909|3196|4168|5454|5587|5906|6049|8851|9024|22876|23191|23271|23499|26052|57154|129807|440730,DAB2|DSCAM|FGF13|ARHGAP35|TLX2|MCF2|POU3F2|PRKD1|RAP1A|RNF6|CDK5R1|BRSK2|INPP5F|CYFIP1|CAMSAP2|MACF1|DNM3|SMURF1|NEU4|TRIM67,-0.68
MyList,GO Biological Processes,19,GO:0006468,protein phosphorylation,19_GO:0008152 metabolic process,-2.1,1.8,2.7,30293,490,728,21,2.9,0.62,157|1445|2264|2324|3656|3716|4750|5566|5587|6795|7099|7525|8658|8737|8851|9024|9318|22848|27102|65268|146057,GRK3|CSK|FGFR4|FLT4|IRAK2|JAK1|NEK1|PRKACA|PRKD1|AURKC|TLR4|YES1|TNKS|RIPK1|CDK5R1|BRSK2|COPS2|AAK1|EIF2AK1|WNK2|TTBK2,-0.68
MyList,GO Biological Processes,19,GO:0048545,response to steroid hormone,19_GO:0050896 response to stimulus,-2.1,2.1,2.9,30293,280,728,14,1.9,0.51,2|178|594|1601|1616|5290|5467|5978|6294|7043|7538|8644|9101|23543,A2M|AGL|BCKDHB|DAB2|DAXX|PIK3CA|PPARD|REST|SAFB|TGFB3|ZFP36|AKR1C3|USP8|RBFOX2,-0.68
MyList,GO Biological Processes,19,GO:0048193,Golgi vesicle transport,19_GO:0051179 localization,-2.1,2.1,2.9,30293,280,728,14,1.9,0.51,2060|4430|5587|6642|8548|9276|9554|9570|11031|22820|23499|51128|55014|286451,EPS15|MYO1B|PRKD1|SNX1|BLZF1|COPB2|SEC22B|GOSR2|RAB31|COPG1|MACF1|SAR1B|STX17|YIPF6,-0.68
MyList,GO Biological Processes,19,GO:0044270,cellular nitrogen compound catabolic process,19_GO:0008152 metabolic process,-2.1,1.9,2.8,30293,368,728,17,2.3,0.56,669|957|2023|5208|7351|7538|7812|9583|9704|22978|23475|54790|55270|57103|84186|129563|246243,BPGM|ENTPD5|ENO1|PFKFB2|UCP2|ZFP36|CSDE1|ENTPD4|DHX34|NT5C2|QPRT|TET2|NUDT15|TIGAR|ZCCHC7|DIS3L2|RNASEH1,-0.68
MyList,GO Biological Processes,19,GO:1904062,regulation of monoatomic cation transmembrane transport,19_GO:0051179 localization,-2.1,2,2.8,30293,309,728,15,2.1,0.53,930|1520|1909|2258|5566|5587|6546|6640|7341|7779|54923|57620|65268|91404|196527,CD19|CTSS|EDNRA|FGF13|PRKACA|PRKD1|SLC8A1|SNTA1|SUMO1|SLC30A1|LIME1|STIM2|WNK2|SESTD1|ANO6,-0.68
MyList,GO Biological Processes,19,GO:0070372,regulation of ERK1 and ERK2 cascade,19_GO:0050896 response to stimulus,-2.1,2,2.8,30293,309,728,15,2.1,0.53,1445|1601|1880|2264|2324|3084|3123|5322|5781|5906|7099|9258|51277|55333|65268,CSK|DAB2|GPR183|FGFR4|FLT4|NRG1|HLA-DRB1|PLA2G5|PTPN11|RAP1A|TLR4|MFHAS1|DNAJC27|SYNJ2BP|WNK2,-0.68
MyList,GO Biological Processes,19,GO:0006605,protein targeting,19_GO:0051179 localization,-2.1,2.1,2.9,30293,252,728,13,1.8,0.49,9695|10755|10956|29103|54469|55333|55750|55914|57154|66008|84750|85377|134266,EDEM1|GIPC1|OS9|DNAJC15|ZFAND6|SYNJ2BP|AGK|ERBIN|SMURF1|TRAK2|FUT10|MICALL1|GRPEL2,-0.67
MyList,GO Biological Processes,19,GO:0046700,heterocycle catabolic process,19_GO:0008152 metabolic process,-2.1,1.9,2.8,30293,369,728,17,2.3,0.56,669|957|2023|5208|7351|7538|7812|9583|9704|22978|23475|54790|55270|57103|84186|129563|246243,BPGM|ENTPD5|ENO1|PFKFB2|UCP2|ZFP36|CSDE1|ENTPD4|DHX34|NT5C2|QPRT|TET2|NUDT15|TIGAR|ZCCHC7|DIS3L2|RNASEH1,-0.67
MyList,GO Biological Processes,19,GO:1902532,negative regulation of intracellular signal transduction,19_GO:0048519 negative regulation of biological process,-2.1,1.7,2.7,30293,586,728,24,3.3,0.66,183|1445|1601|1649|2023|2909|3091|3430|4035|5566|7099|8737|9447|9455|10617|50484|51094|55284|55333|65268|84952|202243|220441|440730,AGT|CSK|DAB2|DDIT3|ENO1|ARHGAP35|HIF1A|IFI35|LRP1|PRKACA|TLR4|RIPK1|AIM2|HOMER2|STAMBP|RRM2B|ADIPOR1|UBE2W|SYNJ2BP|WNK2|CGNL1|CCDC125|RNF152|TRIM67,-0.67
MyList,GO Biological Processes,19,GO:0006941,striated muscle contraction,19_GO:0032501 multicellular organismal process,-2.1,2.8,3.1,30293,120,728,8,1.1,0.39,4090|4607|5290|6323|6546|6640|7423|9826,SMAD5|MYBPC3|PIK3CA|SCN1A|SLC8A1|SNTA1|VEGFB|ARHGEF11,-0.67
MyList,GO Biological Processes,19,GO:0032006,regulation of TOR signaling,19_GO:0050896 response to stimulus,-2.1,2.6,3,30293,145,728,9,1.2,0.41,2155|3091|5290|5566|10542|55284|84803|93627|220441,F7|HIF1A|PIK3CA|PRKACA|LAMTOR5|UBE2W|GPAT3|TBCK|RNF152,-0.67
MyList,GO Biological Processes,19,GO:0120254,olefinic compound metabolic process,19_GO:0008152 metabolic process,-2.1,2.6,3,30293,145,728,9,1.2,0.41,216|1109|1583|1645|8644|10901|50640|54884|54898,ALDH1A1|AKR1C4|CYP11A1|AKR1C1|AKR1C3|DHRS4|PNPLA8|RETSAT|ELOVL2,-0.67
MyList,GO Biological Processes,19,GO:0050730,regulation of peptidyl-tyrosine phosphorylation,19_GO:0008152 metabolic process,-2.1,2.2,2.9,30293,225,728,12,1.6,0.47,183|2688|3059|3570|3572|5781|7060|7525|22876|79031|83666|122809,AGT|GH1|HCLS1|IL6R|IL6ST|PTPN11|THBS4|YES1|INPP5F|PDCL3|PARP9|SOCS4,-0.67
MyList,GO Biological Processes,19,GO:0042953,lipoprotein transport,19_GO:0051179 localization,-2.1,6.9,4,30293,18,728,3,0.41,0.24,4035|4547|51128,LRP1|MTTP|SAR1B,-0.67
MyList,GO Biological Processes,19,GO:0032239,regulation of nucleobase-containing compound transport,19_GO:0051179 localization,-2.1,6.9,4,30293,18,728,3,0.41,0.24,7175|8737|29072,TPR|RIPK1|SETD2,-0.67
MyList,GO Biological Processes,19,GO:0042574,retinal metabolic process,19_GO:0008152 metabolic process,-2.1,6.9,4,30293,18,728,3,0.41,0.24,1645|8644|10901,AKR1C1|AKR1C3|DHRS4,-0.67
MyList,GO Biological Processes,19,GO:0000303,response to superoxide,19_GO:0050896 response to stimulus,-2.1,6.9,4,30293,18,728,3,0.41,0.24,1728|2074|7351,NQO1|ERCC6|UCP2,-0.67
MyList,GO Biological Processes,19,GO:0048311,mitochondrion distribution,19_GO:0051179 localization,-2.1,6.9,4,30293,18,728,3,0.41,0.24,3799|10059|66008,KIF5B|DNM1L|TRAK2,-0.67
MyList,GO Biological Processes,19,GO:0090183,regulation of kidney development,19_GO:0032502 developmental process,-2.1,4.9,3.6,30293,34,728,4,0.55,0.27,183|6662|7482|55366,AGT|SOX9|WNT2B|LGR4,-0.67
MyList,GO Biological Processes,19,GO:0031663,lipopolysaccharide-mediated signaling pathway,19_GO:0044419 biological process involved in interspecies interaction between organisms,-2.1,4.9,3.6,30293,34,728,4,0.55,0.27,929|3656|4615|7099,CD14|IRAK2|MYD88|TLR4,-0.67
MyList,GO Biological Processes,19,GO:0048010,vascular endothelial growth factor receptor signaling pathway,19_GO:0050896 response to stimulus,-2.1,4.9,3.6,30293,34,728,4,0.55,0.27,1317|2324|5587|7423,SLC31A1|FLT4|PRKD1|VEGFB,-0.67
MyList,GO Biological Processes,19,GO:0032330,regulation of chondrocyte differentiation,19_GO:0032502 developmental process,-2.1,3.9,3.3,30293,53,728,5,0.69,0.31,5781|6660|6662|7227|55553,PTPN11|SOX5|SOX9|TRPS1|SOX6,-0.66
MyList,GO Biological Processes,19,GO:0009267,cellular response to starvation,19_GO:0050896 response to stimulus,-2,2.4,2.9,30293,172,728,10,1.4,0.43,3625|5587|7351|7482|8644|9213|27327|29103|220441|643246,INHBB|PRKD1|UCP2|WNT2B|AKR1C3|XPR1|TNRC6A|DNAJC15|RNF152|MAP1LC3B2,-0.66
MyList,GO Biological Processes,19,GO:0098727,maintenance of cell number,19_GO:0032502 developmental process,-2,2.8,3,30293,121,728,8,1.1,0.39,607|4041|5978|6662|6760|84750|123169|129563,BCL9|LRP5|REST|SOX9|SS18|FUT10|LEO1|DIS3L2,-0.66
MyList,GO Biological Processes,19,GO:0006367,transcription initiation at RNA polymerase II promoter,19_GO:0008152 metabolic process,-2,2.8,3,30293,121,728,8,1.1,0.39,5433|6598|6882|6883|29117|55588|83860|400569,POLR2D|SMARCB1|TAF11|TAF12|BRD7|MED29|TAF3|MED11,-0.66
MyList,GO Biological Processes,19,GO:0046474,glycerophospholipid biosynthetic process,19_GO:0008152 metabolic process,-2,2.3,2.9,30293,199,728,11,1.5,0.45,3613|3635|5130|5290|8867|8871|22876|54928|55326|84803|122809,IMPA2|INPP5D|PCYT1A|PIK3CA|SYNJ1|SYNJ2|INPP5F|BPNT2|AGPAT5|GPAT3|SOCS4,-0.65
MyList,GO Biological Processes,19,GO:0034976,response to endoplasmic reticulum stress,19_GO:0050896 response to stimulus,-2,2.2,2.8,30293,227,728,12,1.6,0.47,595|1649|5923|7060|7327|9024|9695|10956|11160|23071|23376|55768,CCND1|DDIT3|RASGRF1|THBS4|UBE2G2|BRSK2|EDEM1|OS9|ERLIN2|ERP44|UFL1|NGLY1,-0.65
MyList,GO Biological Processes,19,GO:0051048,negative regulation of secretion,19_GO:0051179 localization,-2,2.4,2.9,30293,173,728,10,1.4,0.43,18|1407|3084|3625|5781|5906|5978|7351|7779|51738,ABAT|CRY1|NRG1|INHBB|PTPN11|RAP1A|REST|UCP2|SLC30A1|GHRL,-0.64
MyList,GO Biological Processes,19,GO:0051216,cartilage development,19_GO:0032502 developmental process,-2,2.4,2.9,30293,173,728,10,1.4,0.43,3091|4090|5745|6660|6662|6935|7482|51738|54928|55553,HIF1A|SMAD5|PTH1R|SOX5|SOX9|ZEB1|WNT2B|GHRL|BPNT2|SOX6,-0.64
MyList,GO Biological Processes,19,GO:1990928,response to amino acid starvation,19_GO:0050896 response to stimulus,-2,3.9,3.3,30293,54,728,5,0.69,0.31,5587|5828|7351|23367|220441,PRKD1|PEX2|UCP2|LARP1|RNF152,-0.64
MyList,GO Biological Processes,19,GO:0031401,positive regulation of protein modification process,19_GO:0048518 positive regulation of biological process,-2,1.6,2.6,30293,788,728,30,4.1,0.74,183|329|595|1407|1601|1616|2074|2324|2688|3059|3084|3123|3570|3572|5587|5781|5906|6662|7060|7099|7423|7525|8737|9821|25782|57161|64400|80829|83666|148932,AGT|BIRC2|CCND1|CRY1|DAB2|DAXX|ERCC6|FLT4|GH1|HCLS1|NRG1|HLA-DRB1|IL6R|IL6ST|PRKD1|PTPN11|RAP1A|SOX9|THBS4|TLR4|VEGFB|YES1|RIPK1|RB1CC1|RAB3GAP2|PELI2|AKTIP|ZFP91|PARP9|MOB3C,-0.63
MyList,GO Biological Processes,19,GO:0048285,organelle fission,19_GO:0009987 cellular process,-2,1.9,2.7,30293,344,728,16,2.2,0.54,2059|6795|7351|9150|10059|10388|10592|23023|23212|29893|55810|79884|91782|129563|348235|644186,EPS8|AURKC|UCP2|CTDP1|DNM1L|SYCP2|SMC2|TMCC1|RRS1|PSMC3IP|FOXJ2|MAP9|CHMP7|DIS3L2|SKA2|SYCE3,-0.63
MyList,GO Biological Processes,19,GO:0141091,transforming growth factor beta receptor superfamily signaling pathway,19_GO:0050896 response to stimulus,-2,2.4,2.9,30293,174,728,10,1.4,0.43,1601|2331|3625|4090|7043|9404|9958|26060|55273|57154,DAB2|FMOD|INHBB|SMAD5|TGFB3|LPXN|USP15|APPL1|TMEM100|SMURF1,-0.63
MyList,GO Biological Processes,19,GO:0006954,inflammatory response,19_GO:0050896 response to stimulus,-2,1.7,2.6,30293,562,728,23,3.2,0.65,2|669|929|3091|3123|3570|3656|4035|4615|4814|5265|5547|5587|7099|8737|9258|9447|9830|9865|10758|23780|27102|196527,A2M|BPGM|CD14|HIF1A|HLA-DRB1|IL6R|IRAK2|LRP1|MYD88|NINJ1|SERPINA1|PRCP|PRKD1|TLR4|RIPK1|MFHAS1|AIM2|TRIM14|TRIL|TRAF3IP2|APOL2|EIF2AK1|ANO6,-0.62
MyList,GO Biological Processes,19,GO:0006721,terpenoid metabolic process,19_GO:0008152 metabolic process,-2,2.9,3,30293,99,728,7,0.96,0.36,216|1109|1645|4035|8644|10901|54884,ALDH1A1|AKR1C4|AKR1C1|LRP1|AKR1C3|DHRS4|RETSAT,-0.62
MyList,GO Biological Processes,19,GO:0006766,vitamin metabolic process,19_GO:0008152 metabolic process,-2,2.9,3,30293,99,728,7,0.96,0.36,1583|1719|1728|6573|8277|10797|80025,CYP11A1|DHFR|NQO1|SLC19A1|TKTL1|MTHFD2|PANK2,-0.62
