Name,Category,CategoryID,GO,Description,PARENT_GO,LogP,Enrichment,Z-score,#TotalGeneInLibrary,#GeneInGO,#GeneInHitList,#GeneInGOAndHitList,%InGO,STDV %InGO,GeneID,Hits,Log(q-value)
MyList,GO Biological Processes,19,GO:0032446,protein modification by small protein conjugation,19_GO:0008152 metabolic process,-7.6,2.9,6.7,30293,711,492,34,6.9,1.1,2176|2178|6477|7260|7325|7737|8805|8816|9520|10293|23008|23295|23411|26224|30837|51569|51667|57161|57799|64326|64708|64718|79084|79184|80263|81790|89890|90850|118424|140460|200845|205564|282808|348180,FANCC|FANCE|SIAH1|EIPR1|UBE2E2|RNF113A|TRIM24|DCAF5|NPEPPS|TRAIP|KLHDC10|MGRN1|SIRT1|FBXL3|SOCS7|UFM1|NUB1|PELI2|RAB40C|COP1|COPS7B|UNKL|WDR77|BRCC3|TRIM45|RNF170|KBTBD6|ZNF598|UBE2J2|ASB7|KCTD6|SENP5|RAB40AL|CTU2,-4.5
MyList,GO Biological Processes,19,GO:0080135,regulation of cellular response to stress,19_GO:0050896 response to stimulus,-6.8,2.9,6.3,30293,661,492,31,6.3,1.1,581|624|1540|2023|2907|4215|4968|5802|5871|5893|6118|6601|7009|8841|9016|9856|10062|10162|10494|23008|23411|51562|57707|57805|79184|84309|84501|84787|93624|116028|153090,BAX|BDKRB2|CYLD|ENO1|GRINA|MAP3K3|OGG1|PTPRS|MAP4K2|RAD52|RPA2|SMARCC2|TMBIM6|HDAC3|SLC25A14|KIAA0319|NR1H3|LPCAT3|STK25|KLHDC10|SIRT1|MBIP|MEAK7|CCAR2|BRCC3|NUDT16L1|SPIRE2|KMT5C|TADA2B|RMI2|DAB2IP,-4
MyList,GO Biological Processes,19,GO:0016567,protein ubiquitination,19_GO:0008152 metabolic process,-6.7,2.9,6.3,30293,633,492,30,6.1,1.1,2176|2178|6477|7260|7325|7737|8805|8816|9520|10293|23008|23295|23411|26224|30837|51667|57161|57799|64326|64718|79084|79184|80263|81790|89890|90850|118424|140460|200845|282808,FANCC|FANCE|SIAH1|EIPR1|UBE2E2|RNF113A|TRIM24|DCAF5|NPEPPS|TRAIP|KLHDC10|MGRN1|SIRT1|FBXL3|SOCS7|NUB1|PELI2|RAB40C|COP1|UNKL|WDR77|BRCC3|TRIM45|RNF170|KBTBD6|ZNF598|UBE2J2|ASB7|KCTD6|RAB40AL,-3.9
MyList,GO Biological Processes,19,GO:0046890,regulation of lipid biosynthetic process,19_GO:0008152 metabolic process,-6.3,4.9,6.9,30293,187,492,15,3,0.78,225|1609|5629|6721|8398|8720|8816|9619|10062|10162|11160|23399|23411|57761|64137,ABCD2|DGKQ|PROX1|SREBF2|PLA2G6|MBTPS1|DCAF5|ABCG1|NR1H3|LPCAT3|ERLIN2|CTDNEP1|SIRT1|TRIB3|ABCG4,-3.6
MyList,GO Biological Processes,19,GO:0010256,endomembrane system organization,19_GO:0009987 cellular process,-6.3,3,6.1,30293,555,492,27,5.5,1,19|225|1174|2580|3267|5819|6609|6811|6855|7357|8841|8943|9101|10162|10328|10494|11018|23399|55204|55627|55831|57198|79065|116841|162427|222068|399979,ABCA1|ABCD2|AP1S1|GAK|AGFG1|NECTIN2|SMPD1|STX5|SYP|UGCG|HDAC3|AP3D1|USP8|LPCAT3|EMC8|STK25|TMED1|CTDNEP1|GOLPH3L|SMPD4|EMC3|ATP8B2|ATG9A|SNAP47|RETREG3|TMED4|SNX19,-3.6
MyList,GO Biological Processes,19,GO:0062012,regulation of small molecule metabolic process,19_GO:0008152 metabolic process,-6.2,3.7,6.4,30293,332,492,20,4.1,0.89,225|1609|2023|5261|5566|5629|6721|8660|8671|8720|8816|9619|10062|10162|11160|23411|26330|57761|64137|90956,ABCD2|DGKQ|ENO1|PHKG2|PRKACA|PROX1|SREBF2|IRS2|SLC4A4|MBTPS1|DCAF5|ABCG1|NR1H3|LPCAT3|ERLIN2|SIRT1|GAPDHS|TRIB3|ABCG4|ADCK2,-3.5
MyList,GO Biological Processes,19,GO:0021542,dentate gyrus development,19_GO:0032502 developmental process,-5.8,16,9.3,30293,23,492,6,1.2,0.49,4760|5629|9513|29954|66000|79969,NEUROD1|PROX1|FXR2|POMT2|TMEM108|ATAT1,-3.2
MyList,GO Biological Processes,19,GO:0106118,regulation of sterol biosynthetic process,19_GO:0008152 metabolic process,-5.6,15,8.9,30293,25,492,6,1.2,0.49,6721|8720|9619|10162|11160|64137,SREBF2|MBTPS1|ABCG1|LPCAT3|ERLIN2|ABCG4,-3.1
MyList,GO Biological Processes,19,GO:0045540,regulation of cholesterol biosynthetic process,19_GO:0008152 metabolic process,-5.6,15,8.9,30293,25,492,6,1.2,0.49,6721|8720|9619|10162|11160|64137,SREBF2|MBTPS1|ABCG1|LPCAT3|ERLIN2|ABCG4,-3.1
MyList,GO Biological Processes,19,GO:0061024,membrane organization,19_GO:0009987 cellular process,-5.5,2.5,5.4,30293,757,492,31,6.3,1.1,19|225|575|581|1173|4038|5819|6609|6811|6855|7357|8841|8943|9619|10162|10328|23399|27032|29928|51272|51761|54978|55204|55831|56993|57198|79065|84501|85358|116841|375323,ABCA1|ABCD2|ADGRB1|BAX|AP2M1|LRP4|NECTIN2|SMPD1|STX5|SYP|UGCG|HDAC3|AP3D1|ABCG1|LPCAT3|EMC8|CTDNEP1|ATP2C1|TIMM22|BET1L|ATP8A2|SLC35F6|GOLPH3L|EMC3|TOMM22|ATP8B2|ATG9A|SPIRE2|SHANK3|SNAP47|LHFPL4,-3
MyList,GO Biological Processes,19,GO:0062013,positive regulation of small molecule metabolic process,19_GO:0048518 positive regulation of biological process,-5.4,5.2,6.5,30293,142,492,12,2.4,0.7,225|2023|5261|5566|6721|8660|8671|9619|10062|23411|26330|64137,ABCD2|ENO1|PHKG2|PRKACA|SREBF2|IRS2|SLC4A4|ABCG1|NR1H3|SIRT1|GAPDHS|ABCG4,-2.9
MyList,GO Biological Processes,19,GO:0090181,regulation of cholesterol metabolic process,19_GO:0008152 metabolic process,-5.4,11,7.8,30293,41,492,7,1.4,0.53,1609|6721|8720|9619|10162|11160|64137,DGKQ|SREBF2|MBTPS1|ABCG1|LPCAT3|ERLIN2|ABCG4,-2.9
MyList,GO Biological Processes,19,GO:0050810,regulation of steroid biosynthetic process,19_GO:0008152 metabolic process,-5.2,6.8,6.8,30293,81,492,9,1.8,0.6,1609|5629|6721|8720|9619|10162|11160|23411|64137,DGKQ|PROX1|SREBF2|MBTPS1|ABCG1|LPCAT3|ERLIN2|SIRT1|ABCG4,-2.7
MyList,GO Biological Processes,19,GO:0045446,endothelial cell differentiation,19_GO:0032502 developmental process,-5.1,6.7,6.7,30293,83,492,9,1.8,0.6,182|1901|1910|4089|5629|5802|7026|26084|55273,JAG1|S1PR1|EDNRB|SMAD4|PROX1|PTPRS|NR2F2|ARHGEF26|TMEM100,-2.7
MyList,GO Biological Processes,19,GO:1903008,organelle disassembly,19_GO:0009987 cellular process,-4.9,5,6,30293,135,492,11,2.2,0.67,6811|8408|23008|23710|51569|55062|79065|84557|90850|138428|162427,STX5|ULK1|KLHDC10|GABARAPL1|UFM1|WIPI1|ATG9A|MAP1LC3A|ZNF598|PTRH1|RETREG3,-2.5
MyList,GO Biological Processes,19,GO:0045936,negative regulation of phosphate metabolic process,19_GO:0048519 negative regulation of biological process,-4.8,3.1,5.2,30293,380,492,19,3.9,0.87,581|624|1609|1756|5170|5518|5566|5795|6609|7016|7026|8660|10527|10636|23411|27124|57718|57761|153090,BAX|BDKRB2|DGKQ|DMD|PDPK1|PPP2R1A|PRKACA|PTPRJ|SMPD1|TESK1|NR2F2|IRS2|IPO7|RGS14|SIRT1|INPP5J|PPP4R4|TRIB3|DAB2IP,-2.4
MyList,GO Biological Processes,19,GO:0010563,negative regulation of phosphorus metabolic process,19_GO:0048519 negative regulation of biological process,-4.7,3.1,5.2,30293,381,492,19,3.9,0.87,581|624|1609|1756|5170|5518|5566|5795|6609|7016|7026|8660|10527|10636|23411|27124|57718|57761|153090,BAX|BDKRB2|DGKQ|DMD|PDPK1|PPP2R1A|PRKACA|PTPRJ|SMPD1|TESK1|NR2F2|IRS2|IPO7|RGS14|SIRT1|INPP5J|PPP4R4|TRIB3|DAB2IP,-2.4
MyList,GO Biological Processes,19,GO:0042326,negative regulation of phosphorylation,19_GO:0048519 negative regulation of biological process,-4.7,3.3,5.3,30293,317,492,17,3.5,0.82,581|624|1609|1756|5170|5518|5795|6609|7016|7026|8660|10527|10636|23411|27124|57761|153090,BAX|BDKRB2|DGKQ|DMD|PDPK1|PPP2R1A|PTPRJ|SMPD1|TESK1|NR2F2|IRS2|IPO7|RGS14|SIRT1|INPP5J|TRIB3|DAB2IP,-2.4
MyList,GO Biological Processes,19,GO:0022411,cellular component disassembly,19_GO:0009987 cellular process,-4.7,3.2,5.2,30293,351,492,18,3.7,0.85,2580|5045|6601|6811|8408|23008|23399|23710|27443|51569|55062|79065|84305|84557|90850|138428|162427|285590,GAK|FURIN|SMARCC2|STX5|ULK1|KLHDC10|CTDNEP1|GABARAPL1|CECR2|UFM1|WIPI1|ATG9A|PYM1|MAP1LC3A|ZNF598|PTRH1|RETREG3|SH3PXD2B,-2.4
MyList,GO Biological Processes,19,GO:0019216,regulation of lipid metabolic process,19_GO:0008152 metabolic process,-4.7,3.3,5.3,30293,319,492,17,3.5,0.82,225|1609|5629|6721|8398|8660|8720|8816|9110|9619|10062|10162|11160|23399|23411|57761|64137,ABCD2|DGKQ|PROX1|SREBF2|PLA2G6|IRS2|MBTPS1|DCAF5|MTMR4|ABCG1|NR1H3|LPCAT3|ERLIN2|CTDNEP1|SIRT1|TRIB3|ABCG4,-2.4
MyList,GO Biological Processes,19,GO:1902930,regulation of alcohol biosynthetic process,19_GO:0008152 metabolic process,-4.6,8.1,6.7,30293,53,492,7,1.4,0.53,1609|6721|8720|9619|10162|11160|64137,DGKQ|SREBF2|MBTPS1|ABCG1|LPCAT3|ERLIN2|ABCG4,-2.3
MyList,GO Biological Processes,19,GO:0006974,DNA damage response,19_GO:0050896 response to stimulus,-4.6,2.3,4.8,30293,761,492,29,5.9,1.1,571|581|2176|2178|4968|5395|5892|5893|6118|7325|7737|8720|8841|9656|9739|10293|23411|23517|57523|57805|79184|80198|83943|84444|84787|85456|91419|116028|340485,BACH1|BAX|FANCC|FANCE|OGG1|PMS2|RAD51D|RAD52|RPA2|UBE2E2|RNF113A|MBTPS1|HDAC3|MDC1|SETD1A|TRAIP|SIRT1|MTREX|NYNRIN|CCAR2|BRCC3|MUS81|IMMP2L|DOT1L|KMT5C|TNKS1BP1|ATP23|RMI2|ACER2,-2.3
MyList,GO Biological Processes,19,GO:0007018,microtubule-based movement,19_GO:0009987 cellular process,-4.6,3,5.1,30293,389,492,19,3.9,0.87,320|8943|9742|10126|11189|22820|25911|26330|27285|66000|79819|84871|112752|151254|152110|154313|201625|202500|257044,APBA1|AP3D1|IFT140|DNAL4|CELF3|COPG1|DPCD|GAPDHS|TEKT2|TMEM108|DNAI4|AGBL4|IFT43|C2CD6|NEK10|CFAP206|DNAH12|TCTE1|CATSPERE,-2.3
MyList,GO Biological Processes,19,GO:0098742,cell-cell adhesion via plasma-membrane adhesion molecules,19_GO:0009987 cellular process,-4.6,3.5,5.3,30293,261,492,15,3,0.78,1006|5802|5818|5819|8641|8642|10178|23284|27032|28316|56108|57451|60437|60626|84623,CDH8|PTPRS|NECTIN1|NECTIN2|PCDHGB4|DCHS1|TENM1|ADGRL3|ATP2C1|CDH20|PCDHGA7|TENM2|CDH26|RIC8A|KIRREL3,-2.3
MyList,GO Biological Processes,19,GO:0031400,negative regulation of protein modification process,19_GO:0048519 negative regulation of biological process,-4.6,2.9,5,30293,428,492,20,4.1,0.89,575|581|624|1609|1756|5170|5518|5795|6609|7016|7026|10527|10636|23411|27124|54552|55869|57718|57761|153090,ADGRB1|BAX|BDKRB2|DGKQ|DMD|PDPK1|PPP2R1A|PTPRJ|SMPD1|TESK1|NR2F2|IPO7|RGS14|SIRT1|INPP5J|GNL3L|HDAC8|PPP4R4|TRIB3|DAB2IP,-2.3
MyList,GO Biological Processes,19,GO:0060049,regulation of protein glycosylation,19_GO:0008152 metabolic process,-4.5,21,8.7,30293,12,492,4,0.81,0.4,10585|29954|144245|340485,POMT1|POMT2|ALG10B|ACER2,-2.3
MyList,GO Biological Processes,19,GO:0120035,regulation of plasma membrane bounded cell projection organization,19_GO:0050789 regulation of biological process,-4.5,2.4,4.8,30293,656,492,26,5.3,1,160|1400|1496|1540|1627|2580|4038|5802|7016|8408|9742|9856|10178|10494|27124|51761|54664|56920|57175|57451|57715|85358|126520|153090|162427|349667,AP2A1|CRMP1|CTNNA2|CYLD|DBN1|GAK|LRP4|PTPRS|TESK1|ULK1|IFT140|KIAA0319|TENM1|STK25|INPP5J|ATP8A2|TMEM106B|SEMA3G|CORO1B|TENM2|SEMA4G|SHANK3|PLK5|DAB2IP|RETREG3|RTN4RL2,-2.2
MyList,GO Biological Processes,19,GO:0001933,negative regulation of protein phosphorylation,19_GO:0048519 negative regulation of biological process,-4.5,3.3,5.2,30293,297,492,16,3.3,0.8,581|624|1609|1756|5170|5518|5795|6609|7016|7026|10527|10636|23411|27124|57761|153090,BAX|BDKRB2|DGKQ|DMD|PDPK1|PPP2R1A|PTPRJ|SMPD1|TESK1|NR2F2|IPO7|RGS14|SIRT1|INPP5J|TRIB3|DAB2IP,-2.2
MyList,GO Biological Processes,19,GO:0032376,positive regulation of cholesterol transport,19_GO:0051179 localization,-4.4,9.5,6.8,30293,39,492,6,1.2,0.49,19|9619|10062|10162|23411|64137,ABCA1|ABCG1|NR1H3|LPCAT3|SIRT1|ABCG4,-2.2
MyList,GO Biological Processes,19,GO:0032373,positive regulation of sterol transport,19_GO:0051179 localization,-4.4,9.5,6.8,30293,39,492,6,1.2,0.49,19|9619|10062|10162|23411|64137,ABCA1|ABCG1|NR1H3|LPCAT3|SIRT1|ABCG4,-2.2
MyList,GO Biological Processes,19,GO:0003158,endothelium development,19_GO:0032502 developmental process,-4.4,5.5,5.8,30293,100,492,9,1.8,0.6,182|1901|1910|4089|5629|5802|7026|26084|55273,JAG1|S1PR1|EDNRB|SMAD4|PROX1|PTPRS|NR2F2|ARHGEF26|TMEM100,-2.2
MyList,GO Biological Processes,19,GO:0071900,regulation of protein serine/threonine kinase activity,19_GO:0008152 metabolic process,-4.4,3.4,5.1,30293,271,492,15,3,0.78,2690|5629|5795|5871|6543|6609|7016|7026|10178|10527|10636|23411|57761|152110|153090,GHR|PROX1|PTPRJ|MAP4K2|SLC8A2|SMPD1|TESK1|NR2F2|TENM1|IPO7|RGS14|SIRT1|TRIB3|NEK10|DAB2IP,-2.2
MyList,GO Biological Processes,19,GO:0031344,regulation of cell projection organization,19_GO:0050789 regulation of biological process,-4.3,2.4,4.7,30293,672,492,26,5.3,1,160|1400|1496|1540|1627|2580|4038|5802|7016|8408|9742|9856|10178|10494|27124|51761|54664|56920|57175|57451|57715|85358|126520|153090|162427|349667,AP2A1|CRMP1|CTNNA2|CYLD|DBN1|GAK|LRP4|PTPRS|TESK1|ULK1|IFT140|KIAA0319|TENM1|STK25|INPP5J|ATP8A2|TMEM106B|SEMA3G|CORO1B|TENM2|SEMA4G|SHANK3|PLK5|DAB2IP|RETREG3|RTN4RL2,-2.1
MyList,GO Biological Processes,19,GO:0019218,regulation of steroid metabolic process,19_GO:0008152 metabolic process,-4.3,5.3,5.7,30293,104,492,9,1.8,0.6,1609|5629|6721|8720|9619|10162|11160|23411|64137,DGKQ|PROX1|SREBF2|MBTPS1|ABCG1|LPCAT3|ERLIN2|SIRT1|ABCG4,-2.1
MyList,GO Biological Processes,19,GO:0032374,regulation of cholesterol transport,19_GO:0051179 localization,-4.3,6.1,5.9,30293,81,492,8,1.6,0.57,19|5045|6721|9619|10062|10162|23411|64137,ABCA1|FURIN|SREBF2|ABCG1|NR1H3|LPCAT3|SIRT1|ABCG4,-2.1
MyList,GO Biological Processes,19,GO:0032371,regulation of sterol transport,19_GO:0051179 localization,-4.3,6.1,5.9,30293,81,492,8,1.6,0.57,19|5045|6721|9619|10062|10162|23411|64137,ABCA1|FURIN|SREBF2|ABCG1|NR1H3|LPCAT3|SIRT1|ABCG4,-2.1
MyList,GO Biological Processes,19,GO:0019725,cellular homeostasis,19_GO:0042592 homeostatic process,-4.2,2.4,4.6,30293,680,492,26,5.3,1,581|1756|1874|2907|2915|2936|4089|4760|5106|5566|6543|7009|8660|8671|9256|9607|10523|22841|23411|27032|54664|55277|55334|57419|79901|85358,BAX|DMD|E2F4|GRINA|GRM5|GSR|SMAD4|NEUROD1|PCK2|PRKACA|SLC8A2|TMBIM6|IRS2|SLC4A4|TSPOAP1|CARTPT|CHERP|RAB11FIP2|SIRT1|ATP2C1|TMEM106B|FGGY|SLC39A9|SLC24A3|CYBRD1|SHANK3,-2.1
MyList,GO Biological Processes,19,GO:0010875,positive regulation of cholesterol efflux,19_GO:0051179 localization,-4.2,11,6.9,30293,27,492,5,1,0.45,19|9619|10062|23411|64137,ABCA1|ABCG1|NR1H3|SIRT1|ABCG4,-2
MyList,GO Biological Processes,19,GO:0010975,regulation of neuron projection development,19_GO:0032502 developmental process,-4.1,2.7,4.7,30293,459,492,20,4.1,0.89,160|1400|1496|1627|2580|4038|5802|8408|9856|10494|27124|51761|54664|56920|57715|85358|126520|153090|162427|349667,AP2A1|CRMP1|CTNNA2|DBN1|GAK|LRP4|PTPRS|ULK1|KIAA0319|STK25|INPP5J|ATP8A2|TMEM106B|SEMA3G|SEMA4G|SHANK3|PLK5|DAB2IP|RETREG3|RTN4RL2,-2
MyList,GO Biological Processes,19,GO:0016339,calcium-dependent cell-cell adhesion via plasma membrane cell adhesion molecules,19_GO:0009987 cellular process,-4.1,8.2,6.2,30293,45,492,6,1.2,0.49,1006|8641|8642|27032|28316|60437,CDH8|PCDHGB4|DCHS1|ATP2C1|CDH20|CDH26,-1.9
MyList,GO Biological Processes,19,GO:0010565,regulation of cellular ketone metabolic process,19_GO:0008152 metabolic process,-3.9,4.3,5.1,30293,144,492,10,2,0.64,225|1609|5629|8660|8816|10062|11160|23411|57761|90956,ABCD2|DGKQ|PROX1|IRS2|DCAF5|NR1H3|ERLIN2|SIRT1|TRIB3|ADCK2,-1.8
MyList,GO Biological Processes,19,GO:0010977,negative regulation of neuron projection development,19_GO:0032502 developmental process,-3.9,4.2,5,30293,145,492,10,2,0.64,1400|2580|4038|5802|8408|9856|27124|56920|57715|349667,CRMP1|GAK|LRP4|PTPRS|ULK1|KIAA0319|INPP5J|SEMA3G|SEMA4G|RTN4RL2,-1.8
MyList,GO Biological Processes,19,GO:1903829,positive regulation of protein localization,19_GO:0051179 localization,-3.9,2.6,4.4,30293,481,492,20,4.1,0.89,1540|4038|5106|5170|5566|6721|7016|8398|8660|8841|9520|9619|10178|10527|22841|27032|54552|55204|57707|118424,CYLD|LRP4|PCK2|PDPK1|PRKACA|SREBF2|TESK1|PLA2G6|IRS2|HDAC3|NPEPPS|ABCG1|TENM1|IPO7|RAB11FIP2|ATP2C1|GNL3L|GOLPH3L|MEAK7|UBE2J2,-1.8
MyList,GO Biological Processes,19,GO:1901615,organic hydroxy compound metabolic process,19_GO:0008152 metabolic process,-3.8,2.6,4.4,30293,482,492,20,4.1,0.89,19|1910|4128|4435|5106|5805|6609|6721|8720|9619|10005|11160|11161|27124|54344|57171|114781|144245|199857|340485,ABCA1|EDNRB|MAOA|CITED1|PCK2|PTS|SMPD1|SREBF2|MBTPS1|ABCG1|ACOT8|ERLIN2|ERG28|INPP5J|DPM3|DOLPP1|BTBD9|ALG10B|ALG14|ACER2,-1.7
MyList,GO Biological Processes,19,GO:0000902,cell morphogenesis,19_GO:0032502 developmental process,-3.8,2.3,4.3,30293,680,492,25,5.1,0.99,575|658|1006|1496|4038|4089|5629|5818|6477|8408|10494|23026|26084|28316|51761|54664|56920|57715|60437|66000|80243|84623|85358|85451|153090,ADGRB1|BMPR1B|CDH8|CTNNA2|LRP4|SMAD4|PROX1|NECTIN1|SIAH1|ULK1|STK25|MYO16|ARHGEF26|CDH20|ATP8A2|TMEM106B|SEMA3G|SEMA4G|CDH26|TMEM108|PREX2|KIRREL3|SHANK3|UNK|DAB2IP,-1.7
MyList,GO Biological Processes,19,GO:0021766,hippocampus development,19_GO:0032502 developmental process,-3.8,5.2,5.3,30293,94,492,8,1.6,0.57,4760|5629|5802|9513|29954|66000|79969|84623,NEUROD1|PROX1|PTPRS|FXR2|POMT2|TMEM108|ATAT1|KIRREL3,-1.7
MyList,GO Biological Processes,19,GO:0071901,negative regulation of protein serine/threonine kinase activity,19_GO:0048519 negative regulation of biological process,-3.8,5.1,5.2,30293,96,492,8,1.6,0.57,5795|6609|7016|7026|10527|10636|23411|153090,PTPRJ|SMPD1|TESK1|NR2F2|IPO7|RGS14|SIRT1|DAB2IP,-1.7
MyList,GO Biological Processes,19,GO:0042339,keratan sulfate metabolic process,19_GO:0008152 metabolic process,-3.8,14,6.9,30293,18,492,4,0.81,0.4,2720|2799|6484|8534,GLB1|GNS|ST3GAL4|CHST1,-1.7
MyList,GO Biological Processes,19,GO:0009416,response to light stimulus,19_GO:0050896 response to stimulus,-3.7,3,4.5,30293,311,492,15,3,0.78,581|778|2002|4867|4968|6609|9099|10636|23411|26224|51761|54112|57805|60626|94241,BAX|CACNA1F|ELK1|NPHP1|OGG1|SMPD1|USP2|RGS14|SIRT1|FBXL3|ATP8A2|GPR88|CCAR2|RIC8A|TP53INP1,-1.6
MyList,GO Biological Processes,19,GO:0009314,response to radiation,19_GO:0050896 response to stimulus,-3.7,2.6,4.3,30293,420,492,18,3.7,0.85,581|778|2002|4867|4968|6609|9099|10636|23411|26224|51761|54112|57805|60626|64326|79184|85456|94241,BAX|CACNA1F|ELK1|NPHP1|OGG1|SMPD1|USP2|RGS14|SIRT1|FBXL3|ATP8A2|GPR88|CCAR2|RIC8A|COP1|BRCC3|TNKS1BP1|TP53INP1,-1.6
MyList,GO Biological Processes,19,GO:0021761,limbic system development,19_GO:0032502 developmental process,-3.7,4.4,4.9,30293,125,492,9,1.8,0.6,581|4760|5629|5802|9513|29954|66000|79969|84623,BAX|NEUROD1|PROX1|PTPRS|FXR2|POMT2|TMEM108|ATAT1|KIRREL3,-1.6
MyList,GO Biological Processes,19,GO:0033673,negative regulation of kinase activity,19_GO:0048519 negative regulation of biological process,-3.7,3.7,4.7,30293,183,492,11,2.2,0.67,5170|5795|6609|7016|7026|8660|10527|10636|23411|57761|153090,PDPK1|PTPRJ|SMPD1|TESK1|NR2F2|IRS2|IPO7|RGS14|SIRT1|TRIB3|DAB2IP,-1.6
MyList,GO Biological Processes,19,GO:0010885,regulation of cholesterol storage,19_GO:0051179 localization,-3.7,13,6.7,30293,19,492,4,0.81,0.4,19|6721|9619|10062,ABCA1|SREBF2|ABCG1|NR1H3,-1.6
MyList,GO Biological Processes,19,GO:0035269,protein O-linked mannosylation,19_GO:0008152 metabolic process,-3.7,13,6.7,30293,19,492,4,0.81,0.4,10585|29954|54344|84892,POMT1|POMT2|DPM3|POMGNT2,-1.6
MyList,GO Biological Processes,19,GO:0032368,regulation of lipid transport,19_GO:0051179 localization,-3.7,4,4.8,30293,154,492,10,2,0.64,19|5045|6721|8660|9619|10062|10162|23411|51761|64137,ABCA1|FURIN|SREBF2|IRS2|ABCG1|NR1H3|LPCAT3|SIRT1|ATP8A2|ABCG4,-1.6
MyList,GO Biological Processes,19,GO:0060050,positive regulation of protein glycosylation,19_GO:0048518 positive regulation of biological process,-3.6,23,8,30293,8,492,3,0.61,0.35,10585|29954|144245,POMT1|POMT2|ALG10B,-1.6
MyList,GO Biological Processes,19,GO:0022412,cellular process involved in reproduction in multicellular organism,19_GO:0022414 reproductive process,-3.6,2.5,4.3,30293,462,492,19,3.9,0.87,581|658|2176|3267|4867|5518|5566|5819|5926|26108|51742|79084|79670|84215|84501|138474|151254|154313|257044,BAX|BMPR1B|FANCC|AGFG1|NPHP1|PPP2R1A|PRKACA|NECTIN2|ARID4A|PYGO1|ARID4B|WDR77|TUT7|ZNF541|SPIRE2|TAF1L|C2CD6|CFAP206|CATSPERE,-1.6
MyList,GO Biological Processes,19,GO:0010874,regulation of cholesterol efflux,19_GO:0051179 localization,-3.6,6.8,5.5,30293,54,492,6,1.2,0.49,19|6721|9619|10062|23411|64137,ABCA1|SREBF2|ABCG1|NR1H3|SIRT1|ABCG4,-1.6
MyList,GO Biological Processes,19,GO:0042304,regulation of fatty acid biosynthetic process,19_GO:0008152 metabolic process,-3.6,6.8,5.5,30293,54,492,6,1.2,0.49,225|8816|10062|11160|23411|57761,ABCD2|DCAF5|NR1H3|ERLIN2|SIRT1|TRIB3,-1.6
MyList,GO Biological Processes,19,GO:0016311,dephosphorylation,19_GO:0008152 metabolic process,-3.6,3.4,4.6,30293,217,492,12,2.4,0.7,5518|5774|5786|5795|5802|8732|9110|23399|27124|57460|64748|285193,PPP2R1A|PTPN3|PTPRA|PTPRJ|PTPRS|RNGTT|MTMR4|CTDNEP1|INPP5J|PPM1H|PLPPR2|DUSP28,-1.6
MyList,GO Biological Processes,19,GO:0045937,positive regulation of phosphate metabolic process,19_GO:0048518 positive regulation of biological process,-3.6,2.2,4.1,30293,704,492,25,5.1,0.99,1609|1910|2023|2690|2915|4038|5170|5629|5795|5871|6543|6609|7016|8671|8841|9607|10178|10456|22998|23411|26330|57161|85456|152110|153090,DGKQ|EDNRB|ENO1|GHR|GRM5|LRP4|PDPK1|PROX1|PTPRJ|MAP4K2|SLC8A2|SMPD1|TESK1|SLC4A4|HDAC3|CARTPT|TENM1|HAX1|LIMCH1|SIRT1|GAPDHS|PELI2|TNKS1BP1|NEK10|DAB2IP,-1.6
MyList,GO Biological Processes,19,GO:0010562,positive regulation of phosphorus metabolic process,19_GO:0048518 positive regulation of biological process,-3.6,2.2,4.1,30293,704,492,25,5.1,0.99,1609|1910|2023|2690|2915|4038|5170|5629|5795|5871|6543|6609|7016|8671|8841|9607|10178|10456|22998|23411|26330|57161|85456|152110|153090,DGKQ|EDNRB|ENO1|GHR|GRM5|LRP4|PDPK1|PROX1|PTPRJ|MAP4K2|SLC8A2|SMPD1|TESK1|SLC4A4|HDAC3|CARTPT|TENM1|HAX1|LIMCH1|SIRT1|GAPDHS|PELI2|TNKS1BP1|NEK10|DAB2IP,-1.6
MyList,GO Biological Processes,19,GO:0031401,positive regulation of protein modification process,19_GO:0048518 positive regulation of biological process,-3.6,2.1,4.1,30293,788,492,27,5.5,1,1609|1910|2690|2915|4038|5170|5629|5795|5871|6543|6609|7016|8841|9607|10178|10456|10585|22998|23411|29954|57161|57761|79139|85456|144245|152110|153090,DGKQ|EDNRB|GHR|GRM5|LRP4|PDPK1|PROX1|PTPRJ|MAP4K2|SLC8A2|SMPD1|TESK1|HDAC3|CARTPT|TENM1|HAX1|POMT1|LIMCH1|SIRT1|POMT2|PELI2|TRIB3|DERL1|TNKS1BP1|ALG10B|NEK10|DAB2IP,-1.6
MyList,GO Biological Processes,19,GO:0061709,reticulophagy,19_GO:0008152 metabolic process,-3.6,12,6.5,30293,20,492,4,0.81,0.4,8408|51569|79065|162427,ULK1|UFM1|ATG9A|RETREG3,-1.6
MyList,GO Biological Processes,19,GO:0006281,DNA repair,19_GO:0050896 response to stimulus,-3.5,2.4,4.2,30293,508,492,20,4.1,0.89,571|2176|2178|4968|5395|5892|5893|6118|7737|9656|10293|23411|57523|79184|80198|84444|84787|85456|91419|116028,BACH1|FANCC|FANCE|OGG1|PMS2|RAD51D|RAD52|RPA2|RNF113A|MDC1|TRAIP|SIRT1|NYNRIN|BRCC3|MUS81|DOT1L|KMT5C|TNKS1BP1|ATP23|RMI2,-1.5
MyList,GO Biological Processes,19,GO:0030308,negative regulation of cell growth,19_GO:0040007 growth,-3.5,3.6,4.6,30293,189,492,11,2.2,0.67,2023|4089|5518|5795|5802|8408|9538|9856|56920|57715|57805,ENO1|SMAD4|PPP2R1A|PTPRJ|PTPRS|ULK1|EI24|KIAA0319|SEMA3G|SEMA4G|CCAR2,-1.5
MyList,GO Biological Processes,19,GO:0006066,alcohol metabolic process,19_GO:0008152 metabolic process,-3.5,2.8,4.3,30293,326,492,15,3,0.78,19|1910|5106|5805|6609|6721|8720|9619|11160|27124|54344|57171|144245|199857|340485,ABCA1|EDNRB|PCK2|PTS|SMPD1|SREBF2|MBTPS1|ABCG1|ERLIN2|INPP5J|DPM3|DOLPP1|ALG10B|ALG14|ACER2,-1.5
MyList,GO Biological Processes,19,GO:0006012,galactose metabolic process,19_GO:0008152 metabolic process,-3.5,21,7.5,30293,9,492,3,0.61,0.35,2582|2720|8534,GALE|GLB1|CHST1,-1.5
MyList,GO Biological Processes,19,GO:0048170,positive regulation of long-term neuronal synaptic plasticity,19_GO:0032502 developmental process,-3.5,21,7.5,30293,9,492,3,0.61,0.35,2915|9513|85358,GRM5|FXR2|SHANK3,-1.5
MyList,GO Biological Processes,19,GO:0016310,phosphorylation,19_GO:0008152 metabolic process,-3.5,2.1,4,30293,720,492,25,5.1,0.99,203|658|1606|1609|2580|4215|5170|5261|5298|5566|5871|7016|7371|8408|8576|10494|10746|11040|50808|55277|80863|83694|90956|140901|152110,AK1|BMPR1B|DGKA|DGKQ|GAK|MAP3K3|PDPK1|PHKG2|PI4KB|PRKACA|MAP4K2|TESK1|UCK2|ULK1|STK16|STK25|MAP3K2|PIM2|AK3|FGGY|PRRT1|RPS6KL1|ADCK2|STK35|NEK10,-1.5
MyList,GO Biological Processes,19,GO:0048168,regulation of neuronal synaptic plasticity,19_GO:0050789 regulation of biological process,-3.5,6.4,5.3,30293,58,492,6,1.2,0.49,1627|2915|6543|6855|9513|85358,DBN1|GRM5|SLC8A2|SYP|FXR2|SHANK3,-1.5
MyList,GO Biological Processes,19,GO:0043405,regulation of MAP kinase activity,19_GO:0008152 metabolic process,-3.4,4.1,4.7,30293,134,492,9,1.8,0.6,2690|5795|5871|6609|10178|10636|57761|152110|153090,GHR|PTPRJ|MAP4K2|SMPD1|TENM1|RGS14|TRIB3|NEK10|DAB2IP,-1.5
MyList,GO Biological Processes,19,GO:0051668,localization within membrane,19_GO:0051179 localization,-3.4,2.3,4,30293,557,492,21,4.3,0.91,1121|2580|4038|7260|8642|8943|9053|10328|11021|23062|29928|55204|55625|55831|56993|57799|85358|151254|282808|285590|375323,CHM|GAK|LRP4|EIPR1|DCHS1|AP3D1|MAP7|EMC8|RAB35|GGA2|TIMM22|GOLPH3L|ZDHHC7|EMC3|TOMM22|RAB40C|SHANK3|C2CD6|RAB40AL|SH3PXD2B|LHFPL4,-1.5
MyList,GO Biological Processes,19,GO:0035584,calcium-mediated signaling using intracellular calcium source,19_GO:0050896 response to stimulus,-3.4,11,6.1,30293,22,492,4,0.81,0.4,2915|5566|5795|9455,GRM5|PRKACA|PTPRJ|HOMER2,-1.4
MyList,GO Biological Processes,19,GO:0019348,dolichol metabolic process,19_GO:0008152 metabolic process,-3.4,11,6.1,30293,22,492,4,0.81,0.4,54344|57171|144245|199857,DPM3|DOLPP1|ALG10B|ALG14,-1.4
MyList,GO Biological Processes,19,GO:0007420,brain development,19_GO:0032502 developmental process,-3.4,2.1,3.9,30293,727,492,25,5.1,0.99,401|581|1496|1901|2176|4435|4760|5629|5802|7026|8660|9513|9739|23026|25911|29954|51569|56917|66000|79969|80714|83943|84623|85358|153090,PHOX2A|BAX|CTNNA2|S1PR1|FANCC|CITED1|NEUROD1|PROX1|PTPRS|NR2F2|IRS2|FXR2|SETD1A|MYO16|DPCD|POMT2|UFM1|MEIS3|TMEM108|ATAT1|PBX4|IMMP2L|KIRREL3|SHANK3|DAB2IP,-1.4
MyList,GO Biological Processes,19,GO:0031345,negative regulation of cell projection organization,19_GO:0048519 negative regulation of biological process,-3.4,3.4,4.4,30293,197,492,11,2.2,0.67,1400|2580|4038|5802|7016|8408|9856|27124|56920|57715|349667,CRMP1|GAK|LRP4|PTPRS|TESK1|ULK1|KIAA0319|INPP5J|SEMA3G|SEMA4G|RTN4RL2,-1.4
MyList,GO Biological Processes,19,GO:0048812,neuron projection morphogenesis,19_GO:0032502 developmental process,-3.4,2.4,4,30293,484,492,19,3.9,0.87,575|658|1496|4038|4089|5818|6477|8408|10494|23026|51761|54664|56920|57715|66000|80243|84623|85358|153090,ADGRB1|BMPR1B|CTNNA2|LRP4|SMAD4|NECTIN1|SIAH1|ULK1|STK25|MYO16|ATP8A2|TMEM106B|SEMA3G|SEMA4G|TMEM108|PREX2|KIRREL3|SHANK3|DAB2IP,-1.4
MyList,GO Biological Processes,19,GO:0048232,male gamete generation,19_GO:0022414 reproductive process,-3.4,2.2,3.9,30293,645,492,23,4.7,0.95,581|3267|4089|4867|5566|5819|5926|6477|7016|11189|23411|25911|26108|51742|55366|79969|83943|84215|138474|151254|154313|257044|286128,BAX|AGFG1|SMAD4|NPHP1|PRKACA|NECTIN2|ARID4A|SIAH1|TESK1|CELF3|SIRT1|DPCD|PYGO1|ARID4B|LGR4|ATAT1|IMMP2L|ZNF541|TAF1L|C2CD6|CFAP206|CATSPERE|ZFP41,-1.4
MyList,GO Biological Processes,19,GO:0009100,glycoprotein metabolic process,19_GO:0008152 metabolic process,-3.4,2.8,4.2,30293,334,492,15,3,0.78,658|2720|6484|9486|10585|29954|50515|54344|55768|57171|64132|84892|144245|199857|374378,BMPR1B|GLB1|ST3GAL4|CHST10|POMT1|POMT2|CHST11|DPM3|NGLY1|DOLPP1|XYLT2|POMGNT2|ALG10B|ALG14|GALNT18,-1.4
MyList,GO Biological Processes,19,GO:0032989,cellular anatomical entity morphogenesis,19_GO:0032502 developmental process,-3.4,2.2,4,30293,605,492,22,4.5,0.93,575|658|1496|3267|4038|4089|5629|5818|5819|6477|8408|10494|23026|51761|54664|56920|57715|66000|80243|84623|85358|153090,ADGRB1|BMPR1B|CTNNA2|AGFG1|LRP4|SMAD4|PROX1|NECTIN1|NECTIN2|SIAH1|ULK1|STK25|MYO16|ATP8A2|TMEM106B|SEMA3G|SEMA4G|TMEM108|PREX2|KIRREL3|SHANK3|DAB2IP,-1.4
MyList,GO Biological Processes,19,GO:1905897,regulation of response to endoplasmic reticulum stress,19_GO:0050896 response to stimulus,-3.4,5.1,4.9,30293,84,492,7,1.4,0.53,581|2907|7009|10062|10162|23411|153090,BAX|GRINA|TMBIM6|NR1H3|LPCAT3|SIRT1|DAB2IP,-1.4
MyList,GO Biological Processes,19,GO:0008277,regulation of G protein-coupled receptor signaling pathway,19_GO:0050896 response to stimulus,-3.4,4,4.6,30293,138,492,9,1.8,0.6,1609|2915|2922|5149|6855|9455|10636|23295|55625,DGKQ|GRM5|GRP|PDE6H|SYP|HOMER2|RGS14|MGRN1|ZDHHC7,-1.4
MyList,GO Biological Processes,19,GO:0030258,lipid modification,19_GO:0008152 metabolic process,-3.3,3.7,4.5,30293,168,492,10,2,0.64,225|1606|1609|6484|9110|10005|10162|27124|55268|64748,ABCD2|DGKA|DGKQ|ST3GAL4|MTMR4|ACOT8|LPCAT3|INPP5J|ECHDC2|PLPPR2,-1.4
MyList,GO Biological Processes,19,GO:0031175,neuron projection development,19_GO:0032502 developmental process,-3.3,2.1,3.9,30293,691,492,24,4.9,0.97,575|658|1496|4038|4089|4760|5818|6477|8408|10494|11021|23026|27443|51761|54664|56920|57715|66000|80243|84623|85358|114787|153090|349667,ADGRB1|BMPR1B|CTNNA2|LRP4|SMAD4|NEUROD1|NECTIN1|SIAH1|ULK1|STK25|RAB35|MYO16|CECR2|ATP8A2|TMEM106B|SEMA3G|SEMA4G|TMEM108|PREX2|KIRREL3|SHANK3|GPRIN1|DAB2IP|RTN4RL2,-1.4
MyList,GO Biological Processes,19,GO:0045596,negative regulation of cell differentiation,19_GO:0032502 developmental process,-3.3,2.1,3.9,30293,734,492,25,5.1,0.99,19|182|1910|4038|4089|4435|4855|5629|5802|8408|8841|9607|9619|9856|10062|10527|23411|26057|55365|56920|57715|57761|94241|153090|339390,ABCA1|JAG1|EDNRB|LRP4|SMAD4|CITED1|NOTCH4|PROX1|PTPRS|ULK1|HDAC3|CARTPT|ABCG1|KIAA0319|NR1H3|IPO7|SIRT1|ANKRD17|TMEM176A|SEMA3G|SEMA4G|TRIB3|TP53INP1|DAB2IP|CLEC4G,-1.4
MyList,GO Biological Processes,19,GO:0120039,plasma membrane bounded cell projection morphogenesis,19_GO:0032502 developmental process,-3.3,2.4,4,30293,489,492,19,3.9,0.87,575|658|1496|4038|4089|5818|6477|8408|10494|23026|51761|54664|56920|57715|66000|80243|84623|85358|153090,ADGRB1|BMPR1B|CTNNA2|LRP4|SMAD4|NECTIN1|SIAH1|ULK1|STK25|MYO16|ATP8A2|TMEM106B|SEMA3G|SEMA4G|TMEM108|PREX2|KIRREL3|SHANK3|DAB2IP,-1.4
MyList,GO Biological Processes,19,GO:0045542,positive regulation of cholesterol biosynthetic process,19_GO:0048518 positive regulation of biological process,-3.3,18,7.1,30293,10,492,3,0.61,0.35,6721|9619|64137,SREBF2|ABCG1|ABCG4,-1.4
MyList,GO Biological Processes,19,GO:0016575,histone deacetylation,19_GO:0008152 metabolic process,-3.3,18,7.1,30293,10,492,3,0.61,0.35,8841|23411|55869,HDAC3|SIRT1|HDAC8,-1.4
MyList,GO Biological Processes,19,GO:0106120,positive regulation of sterol biosynthetic process,19_GO:0048518 positive regulation of biological process,-3.3,18,7.1,30293,10,492,3,0.61,0.35,6721|9619|64137,SREBF2|ABCG1|ABCG4,-1.4
MyList,GO Biological Processes,19,GO:0060322,head development,19_GO:0032502 developmental process,-3.3,2.1,3.8,30293,777,492,26,5.3,1,401|581|1496|1662|1901|2176|4435|4760|5629|5802|7026|8660|9513|9739|23026|25911|29954|51569|56917|66000|79969|80714|83943|84623|85358|153090,PHOX2A|BAX|CTNNA2|DDX10|S1PR1|FANCC|CITED1|NEUROD1|PROX1|PTPRS|NR2F2|IRS2|FXR2|SETD1A|MYO16|DPCD|POMT2|UFM1|MEIS3|TMEM108|ATAT1|PBX4|IMMP2L|KIRREL3|SHANK3|DAB2IP,-1.4
MyList,GO Biological Processes,19,GO:1905954,positive regulation of lipid localization,19_GO:0051179 localization,-3.3,4.4,4.6,30293,112,492,8,1.6,0.57,19|6721|9619|10062|10162|23411|51761|64137,ABCA1|SREBF2|ABCG1|NR1H3|LPCAT3|SIRT1|ATP8A2|ABCG4,-1.4
MyList,GO Biological Processes,19,GO:0001678,intracellular glucose homeostasis,19_GO:0042592 homeostatic process,-3.3,4.4,4.6,30293,112,492,8,1.6,0.57,4089|4760|5106|5566|8660|9607|22841|23411,SMAD4|NEUROD1|PCK2|PRKACA|IRS2|CARTPT|RAB11FIP2|SIRT1,-1.4
MyList,GO Biological Processes,19,GO:0050804,modulation of chemical synaptic transmission,19_GO:0050789 regulation of biological process,-3.3,2.4,4,30293,492,492,19,3.9,0.87,320|575|1627|2897|2915|4355|5335|5566|5786|5802|6543|6855|9101|9513|10636|66000|80863|85358|114781,APBA1|ADGRB1|DBN1|GRIK1|GRM5|MPP2|PLCG1|PRKACA|PTPRA|PTPRS|SLC8A2|SYP|USP8|FXR2|RGS14|TMEM108|PRRT1|SHANK3|BTBD9,-1.4
MyList,GO Biological Processes,19,GO:0055082,intracellular chemical homeostasis,19_GO:0042592 homeostatic process,-3.3,2.3,3.9,30293,572,492,21,4.3,0.91,581|2907|2915|4089|4760|5106|5566|6543|7009|8660|8671|9256|9607|10523|22841|23411|27032|54664|55334|57419|79901,BAX|GRINA|GRM5|SMAD4|NEUROD1|PCK2|PRKACA|SLC8A2|TMBIM6|IRS2|SLC4A4|TSPOAP1|CARTPT|CHERP|RAB11FIP2|SIRT1|ATP2C1|TMEM106B|SLC39A9|SLC24A3|CYBRD1,-1.4
MyList,GO Biological Processes,19,GO:1903510,mucopolysaccharide metabolic process,19_GO:0008152 metabolic process,-3.3,5,4.8,30293,86,492,7,1.4,0.53,1910|2720|2799|6484|8534|50515|64132,EDNRB|GLB1|GNS|ST3GAL4|CHST1|CHST11|XYLT2,-1.4
MyList,GO Biological Processes,19,GO:0099177,regulation of trans-synaptic signaling,19_GO:0050789 regulation of biological process,-3.3,2.4,3.9,30293,493,492,19,3.9,0.87,320|575|1627|2897|2915|4355|5335|5566|5786|5802|6543|6855|9101|9513|10636|66000|80863|85358|114781,APBA1|ADGRB1|DBN1|GRIK1|GRM5|MPP2|PLCG1|PRKACA|PTPRA|PTPRS|SLC8A2|SYP|USP8|FXR2|RGS14|TMEM108|PRRT1|SHANK3|BTBD9,-1.4
MyList,GO Biological Processes,19,GO:0048858,cell projection morphogenesis,19_GO:0032502 developmental process,-3.3,2.4,3.9,30293,494,492,19,3.9,0.87,575|658|1496|4038|4089|5818|6477|8408|10494|23026|51761|54664|56920|57715|66000|80243|84623|85358|153090,ADGRB1|BMPR1B|CTNNA2|LRP4|SMAD4|NECTIN1|SIAH1|ULK1|STK25|MYO16|ATP8A2|TMEM106B|SEMA3G|SEMA4G|TMEM108|PREX2|KIRREL3|SHANK3|DAB2IP,-1.4
MyList,GO Biological Processes,19,GO:0045786,negative regulation of cell cycle,19_GO:0048519 negative regulation of biological process,-3.3,2.6,4,30293,379,492,16,3.3,0.8,5774|6118|7026|7159|8720|9656|10527|11130|23026|23063|23411|56890|79184|80198|84444|153090,PTPN3|RPA2|NR2F2|TP53BP2|MBTPS1|MDC1|IPO7|ZWINT|MYO16|WAPL|SIRT1|MDM1|BRCC3|MUS81|DOT1L|DAB2IP,-1.4
MyList,GO Biological Processes,19,GO:0006469,negative regulation of protein kinase activity,19_GO:0048519 negative regulation of biological process,-3.3,3.6,4.4,30293,172,492,10,2,0.64,5170|5795|6609|7016|7026|10527|10636|23411|57761|153090,PDPK1|PTPRJ|SMPD1|TESK1|NR2F2|IPO7|RGS14|SIRT1|TRIB3|DAB2IP,-1.4
MyList,GO Biological Processes,19,GO:0032370,positive regulation of lipid transport,19_GO:0051179 localization,-3.3,5,4.7,30293,87,492,7,1.4,0.53,19|9619|10062|10162|23411|51761|64137,ABCA1|ABCG1|NR1H3|LPCAT3|SIRT1|ATP8A2|ABCG4,-1.4
MyList,GO Biological Processes,19,GO:0016093,polyprenol metabolic process,19_GO:0008152 metabolic process,-3.2,10,5.8,30293,24,492,4,0.81,0.4,54344|57171|144245|199857,DPM3|DOLPP1|ALG10B|ALG14,-1.4
MyList,GO Biological Processes,19,GO:0033363,secretory granule organization,19_GO:0009987 cellular process,-3.2,5.8,4.9,30293,64,492,6,1.2,0.49,19|1174|3267|5819|8943|399979,ABCA1|AP1S1|AGFG1|NECTIN2|AP3D1|SNX19,-1.3
MyList,GO Biological Processes,19,GO:0098609,cell-cell adhesion,19_GO:0009987 cellular process,-3.2,2.3,3.8,30293,541,492,20,4.1,0.89,421|1006|1496|4345|4867|5802|5818|5819|8641|8642|9543|10178|23284|27032|28316|56108|57451|60437|60626|84623,ARVCF|CDH8|CTNNA2|CD200|NPHP1|PTPRS|NECTIN1|NECTIN2|PCDHGB4|DCHS1|IGDCC3|TENM1|ADGRL3|ATP2C1|CDH20|PCDHGA7|TENM2|CDH26|RIC8A|KIRREL3,-1.3
MyList,GO Biological Processes,19,GO:0046889,positive regulation of lipid biosynthetic process,19_GO:0048518 positive regulation of biological process,-3.2,4.8,4.7,30293,89,492,7,1.4,0.53,225|6721|8398|9619|10062|23399|64137,ABCD2|SREBF2|PLA2G6|ABCG1|NR1H3|CTDNEP1|ABCG4,-1.3
MyList,GO Biological Processes,19,GO:0001934,positive regulation of protein phosphorylation,19_GO:0048518 positive regulation of biological process,-3.2,2.2,3.8,30293,582,492,21,4.3,0.91,1609|1910|2690|2915|4038|5170|5629|5795|5871|6543|7016|8841|9607|10178|10456|22998|23411|57161|85456|152110|153090,DGKQ|EDNRB|GHR|GRM5|LRP4|PDPK1|PROX1|PTPRJ|MAP4K2|SLC8A2|TESK1|HDAC3|CARTPT|TENM1|HAX1|LIMCH1|SIRT1|PELI2|TNKS1BP1|NEK10|DAB2IP,-1.3
MyList,GO Biological Processes,19,GO:0010887,negative regulation of cholesterol storage,19_GO:0051179 localization,-3.2,17,6.7,30293,11,492,3,0.61,0.35,19|9619|10062,ABCA1|ABCG1|NR1H3,-1.3
MyList,GO Biological Processes,19,GO:0009101,glycoprotein biosynthetic process,19_GO:0008152 metabolic process,-3.2,2.9,4.1,30293,277,492,13,2.6,0.72,658|6484|9486|10585|29954|50515|54344|57171|64132|84892|144245|199857|374378,BMPR1B|ST3GAL4|CHST10|POMT1|POMT2|CHST11|DPM3|DOLPP1|XYLT2|POMGNT2|ALG10B|ALG14|GALNT18,-1.3
MyList,GO Biological Processes,19,GO:0035268,protein mannosylation,19_GO:0008152 metabolic process,-3.2,9.9,5.7,30293,25,492,4,0.81,0.4,10585|29954|54344|84892,POMT1|POMT2|DPM3|POMGNT2,-1.3
MyList,GO Biological Processes,19,GO:0048169,regulation of long-term neuronal synaptic plasticity,19_GO:0050789 regulation of biological process,-3.2,9.9,5.7,30293,25,492,4,0.81,0.4,2915|6855|9513|85358,GRM5|SYP|FXR2|SHANK3,-1.3
MyList,GO Biological Processes,19,GO:1902532,negative regulation of intracellular signal transduction,19_GO:0048519 negative regulation of biological process,-3.2,2.2,3.8,30293,586,492,21,4.3,0.91,624|1540|2023|2907|4089|5518|5566|5795|6609|7009|7088|8841|9455|10636|23295|23411|57805|84270|153090|285315|652968,BDKRB2|CYLD|ENO1|GRINA|SMAD4|PPP2R1A|PRKACA|PTPRJ|SMPD1|TMBIM6|TLE1|HDAC3|HOMER2|RGS14|MGRN1|SIRT1|CCAR2|CARD19|DAB2IP|C3orf33|CASTOR1,-1.3
MyList,GO Biological Processes,19,GO:0007283,spermatogenesis,19_GO:0022414 reproductive process,-3.2,2.2,3.8,30293,628,492,22,4.5,0.93,581|3267|4089|4867|5566|5819|5926|6477|7016|11189|23411|25911|26108|51742|55366|79969|83943|84215|151254|154313|257044|286128,BAX|AGFG1|SMAD4|NPHP1|PRKACA|NECTIN2|ARID4A|SIAH1|TESK1|CELF3|SIRT1|DPCD|PYGO1|ARID4B|LGR4|ATAT1|IMMP2L|ZNF541|C2CD6|CFAP206|CATSPERE|ZFP41,-1.3
MyList,GO Biological Processes,19,GO:0050771,negative regulation of axonogenesis,19_GO:0032502 developmental process,-3.1,5.6,4.8,30293,66,492,6,1.2,0.49,4038|5802|8408|9856|56920|57715,LRP4|PTPRS|ULK1|KIAA0319|SEMA3G|SEMA4G,-1.3
MyList,GO Biological Processes,19,GO:0071806,protein transmembrane transport,19_GO:0051179 localization,-3.1,5.6,4.8,30293,66,492,6,1.2,0.49,19|1910|10245|10469|29928|56993,ABCA1|EDNRB|TIMM17B|TIMM44|TIMM22|TOMM22,-1.3
MyList,GO Biological Processes,19,GO:0030317,flagellated sperm motility,19_GO:0022414 reproductive process,-3.1,4.1,4.4,30293,119,492,8,1.6,0.57,11189|25911|26330|27285|151254|154313|202500|257044,CELF3|DPCD|GAPDHS|TEKT2|C2CD6|CFAP206|TCTE1|CATSPERE,-1.3
MyList,GO Biological Processes,19,GO:0097722,sperm motility,19_GO:0022414 reproductive process,-3.1,4.1,4.4,30293,119,492,8,1.6,0.57,11189|25911|26330|27285|151254|154313|202500|257044,CELF3|DPCD|GAPDHS|TEKT2|C2CD6|CFAP206|TCTE1|CATSPERE,-1.3
MyList,GO Biological Processes,19,GO:0003341,cilium movement,19_GO:0009987 cellular process,-3.1,3.4,4.2,30293,180,492,10,2,0.64,11189|25911|26330|27285|79819|151254|152110|154313|202500|257044,CELF3|DPCD|GAPDHS|TEKT2|DNAI4|C2CD6|NEK10|CFAP206|TCTE1|CATSPERE,-1.3
MyList,GO Biological Processes,19,GO:0097502,mannosylation,19_GO:0008152 metabolic process,-3.1,9.5,5.6,30293,26,492,4,0.81,0.4,10585|29954|54344|84892,POMT1|POMT2|DPM3|POMGNT2,-1.3
MyList,GO Biological Processes,19,GO:0045717,negative regulation of fatty acid biosynthetic process,19_GO:0048519 negative regulation of biological process,-3.1,9.5,5.6,30293,26,492,4,0.81,0.4,8816|11160|23411|57761,DCAF5|ERLIN2|SIRT1|TRIB3,-1.3
MyList,GO Biological Processes,19,GO:0044092,negative regulation of molecular function,19_GO:0065007 biological regulation,-3.1,2,3.7,30293,762,492,25,5.1,0.99,166|581|1400|1540|1910|2922|4345|5170|5629|5795|6609|7009|7016|7026|8660|10527|10636|23063|23411|54552|57718|57761|57805|79886|153090,TLE5|BAX|CRMP1|CYLD|EDNRB|GRP|CD200|PDPK1|PROX1|PTPRJ|SMPD1|TMBIM6|TESK1|NR2F2|IRS2|IPO7|RGS14|WAPL|SIRT1|GNL3L|PPP4R4|TRIB3|CCAR2|CAAP1|DAB2IP,-1.3
MyList,GO Biological Processes,19,GO:0006839,mitochondrial transport,19_GO:0051179 localization,-3.1,3.4,4.2,30293,181,492,10,2,0.64,581|9016|10245|10469|29928|54946|54977|54978|56993|81034,BAX|SLC25A14|TIMM17B|TIMM44|TIMM22|SLC41A3|SLC25A38|SLC35F6|TOMM22|SLC25A32,-1.3
MyList,GO Biological Processes,19,GO:0072657,protein localization to membrane,19_GO:0051179 localization,-3.1,2.3,3.8,30293,473,492,18,3.7,0.85,1121|2580|4038|8642|8943|9053|10328|23062|29928|55204|55625|55831|56993|57799|85358|282808|285590|375323,CHM|GAK|LRP4|DCHS1|AP3D1|MAP7|EMC8|GGA2|TIMM22|GOLPH3L|ZDHHC7|EMC3|TOMM22|RAB40C|SHANK3|RAB40AL|SH3PXD2B|LHFPL4,-1.3
MyList,GO Biological Processes,19,GO:0051348,negative regulation of transferase activity,19_GO:0065007 biological regulation,-3.1,3.2,4.1,30293,215,492,11,2.2,0.67,5170|5795|6609|7016|7026|8660|10527|10636|23411|57761|153090,PDPK1|PTPRJ|SMPD1|TESK1|NR2F2|IRS2|IPO7|RGS14|SIRT1|TRIB3|DAB2IP,-1.3
MyList,GO Biological Processes,19,GO:0006282,regulation of DNA repair,19_GO:0050896 response to stimulus,-3.1,3.2,4.1,30293,215,492,11,2.2,0.67,4968|5893|6118|6601|23411|79184|84309|84501|84787|93624|116028,OGG1|RAD52|RPA2|SMARCC2|SIRT1|BRCC3|NUDT16L1|SPIRE2|KMT5C|TADA2B|RMI2,-1.3
MyList,GO Biological Processes,19,GO:0045859,regulation of protein kinase activity,19_GO:0008152 metabolic process,-3.1,2.3,3.8,30293,474,492,18,3.7,0.85,2690|2915|5170|5629|5795|5871|6543|6609|7016|7026|9607|10178|10527|10636|23411|57761|152110|153090,GHR|GRM5|PDPK1|PROX1|PTPRJ|MAP4K2|SLC8A2|SMPD1|TESK1|NR2F2|CARTPT|TENM1|IPO7|RGS14|SIRT1|TRIB3|NEK10|DAB2IP,-1.3
MyList,GO Biological Processes,19,GO:0140352,export from cell,19_GO:0051179 localization,-3.1,2.3,3.8,30293,474,492,18,3.7,0.85,19|320|1174|1488|1910|2922|4760|5045|6543|8671|9607|22820|22841|56900|57586|90139|116841|399979,ABCA1|APBA1|AP1S1|CTBP2|EDNRB|GRP|NEUROD1|FURIN|SLC8A2|SLC4A4|CARTPT|COPG1|RAB11FIP2|TMEM167B|SYT13|TSPAN18|SNAP47|SNX19,-1.3
MyList,GO Biological Processes,19,GO:2001233,regulation of apoptotic signaling pathway,19_GO:0050896 response to stimulus,-3.1,2.5,3.8,30293,396,492,16,3.3,0.8,581|624|658|1540|2023|2907|4335|5518|6477|7009|23411|54978|56917|57805|79886|153090,BAX|BDKRB2|BMPR1B|CYLD|ENO1|GRINA|MNT|PPP2R1A|SIAH1|TMBIM6|SIRT1|SLC35F6|MEIS3|CCAR2|CAAP1|DAB2IP,-1.3
MyList,GO Biological Processes,19,GO:0006259,DNA metabolic process,19_GO:0008152 metabolic process,-3.1,2,3.6,30293,766,492,25,5.1,0.99,571|2176|2178|4968|5395|5892|5893|5926|6118|7737|9656|10293|23411|23649|27443|51742|57523|79184|80198|84444|84787|85456|91419|116028|222229,BACH1|FANCC|FANCE|OGG1|PMS2|RAD51D|RAD52|ARID4A|RPA2|RNF113A|MDC1|TRAIP|SIRT1|POLA2|CECR2|ARID4B|NYNRIN|BRCC3|MUS81|DOT1L|KMT5C|TNKS1BP1|ATP23|RMI2|LRWD1,-1.3
MyList,GO Biological Processes,19,GO:0045834,positive regulation of lipid metabolic process,19_GO:0048518 positive regulation of biological process,-3.1,4,4.3,30293,122,492,8,1.6,0.57,225|6721|8398|8660|9619|10062|23399|64137,ABCD2|SREBF2|PLA2G6|IRS2|ABCG1|NR1H3|CTDNEP1|ABCG4,-1.2
MyList,GO Biological Processes,19,GO:0071827,plasma lipoprotein particle organization,19_GO:0032501 multicellular organismal process,-3.1,6.7,5,30293,46,492,5,1,0.45,19|5045|5566|9619|10162,ABCA1|FURIN|PRKACA|ABCG1|LPCAT3,-1.2
MyList,GO Biological Processes,19,GO:0035601,protein deacylation,19_GO:0008152 metabolic process,-3,9.1,5.4,30293,27,492,4,0.81,0.4,8841|23411|55347|55869,HDAC3|SIRT1|ABHD10|HDAC8,-1.2
MyList,GO Biological Processes,19,GO:0006644,phospholipid metabolic process,19_GO:0008152 metabolic process,-3,2.6,3.8,30293,360,492,15,3,0.78,1606|1609|5298|5335|6609|8398|9110|10062|10162|27124|30837|54344|55627|57171|64748,DGKA|DGKQ|PI4KB|PLCG1|SMPD1|PLA2G6|MTMR4|NR1H3|LPCAT3|INPP5J|SOCS7|DPM3|SMPD4|DOLPP1|PLPPR2,-1.2
MyList,GO Biological Processes,19,GO:1905952,regulation of lipid localization,19_GO:0051179 localization,-3,3.3,4.1,30293,184,492,10,2,0.64,19|5045|6721|8660|9619|10062|10162|23411|51761|64137,ABCA1|FURIN|SREBF2|IRS2|ABCG1|NR1H3|LPCAT3|SIRT1|ATP8A2|ABCG4,-1.2
MyList,GO Biological Processes,19,GO:0006886,intracellular protein transport,19_GO:0051179 localization,-3,2.3,3.7,30293,519,492,19,3.9,0.87,160|320|1173|1174|5566|6811|8943|10245|10469|10527|11018|22820|23062|23649|29928|56993|79139|157769|222068,AP2A1|APBA1|AP2M1|AP1S1|PRKACA|STX5|AP3D1|TIMM17B|TIMM44|IPO7|TMED1|COPG1|GGA2|POLA2|TIMM22|TOMM22|DERL1|FAM91A1|TMED4,-1.2
MyList,GO Biological Processes,19,GO:1901976,regulation of cell cycle checkpoint,19_GO:0048519 negative regulation of biological process,-3,6.6,4.9,30293,47,492,5,1,0.45,5629|6118|11130|57805|79184,PROX1|RPA2|ZWINT|CCAR2|BRCC3,-1.2
MyList,GO Biological Processes,19,GO:0032107,regulation of response to nutrient levels,19_GO:0050896 response to stimulus,-3,8.8,5.3,30293,28,492,4,0.81,0.4,581|2690|8805|9607,BAX|GHR|TRIM24|CARTPT,-1.2
MyList,GO Biological Processes,19,GO:0032104,regulation of response to extracellular stimulus,19_GO:0050896 response to stimulus,-3,8.8,5.3,30293,28,492,4,0.81,0.4,581|2690|8805|9607,BAX|GHR|TRIM24|CARTPT,-1.2
MyList,GO Biological Processes,19,GO:0000041,transition metal ion transport,19_GO:0051179 localization,-3,4.4,4.4,30293,97,492,7,1.4,0.53,5818|7781|8943|27032|55334|79901|84102,NECTIN1|SLC30A3|AP3D1|ATP2C1|SLC39A9|CYBRD1|SLC41A2,-1.2
MyList,GO Biological Processes,19,GO:0051052,regulation of DNA metabolic process,19_GO:0008152 metabolic process,-3,2.2,3.7,30293,524,492,19,3.9,0.87,581|4968|5395|5518|5893|6118|6601|23063|23411|26057|54552|55869|64802|79184|84309|84501|84787|93624|116028,BAX|OGG1|PMS2|PPP2R1A|RAD52|RPA2|SMARCC2|WAPL|SIRT1|ANKRD17|GNL3L|HDAC8|NMNAT1|BRCC3|NUDT16L1|SPIRE2|KMT5C|TADA2B|RMI2,-1.2
MyList,GO Biological Processes,19,GO:0031329,regulation of cellular catabolic process,19_GO:0008152 metabolic process,-2.9,2,3.5,30293,783,492,25,5.1,0.99,225|581|5045|5261|5566|5774|6721|8408|8660|8671|9110|9513|10325|10456|11040|23411|26330|27254|55062|57761|64802|79670|85456|94241|340485,ABCD2|BAX|FURIN|PHKG2|PRKACA|PTPN3|SREBF2|ULK1|IRS2|SLC4A4|MTMR4|FXR2|RRAGB|HAX1|PIM2|SIRT1|GAPDHS|CSDC2|WIPI1|TRIB3|NMNAT1|TUT7|TNKS1BP1|TP53INP1|ACER2,-1.2
MyList,GO Biological Processes,19,GO:0062207,regulation of pattern recognition receptor signaling pathway,19_GO:0044419 biological process involved in interspecies interaction between organisms,-2.9,3.5,4.1,30293,158,492,9,1.8,0.6,5170|5802|10062|26057|55366|79132|79184|79969|153090,PDPK1|PTPRS|NR1H3|ANKRD17|LGR4|DHX58|BRCC3|ATAT1|DAB2IP,-1.2
MyList,GO Biological Processes,19,GO:0071825,protein-lipid complex organization,19_GO:0009987 cellular process,-2.9,6.3,4.8,30293,49,492,5,1,0.45,19|5045|5566|9619|10162,ABCA1|FURIN|PRKACA|ABCG1|LPCAT3,-1.2
MyList,GO Biological Processes,19,GO:0019217,regulation of fatty acid metabolic process,19_GO:0008152 metabolic process,-2.9,4.4,4.3,30293,99,492,7,1.4,0.53,225|8660|8816|10062|11160|23411|57761,ABCD2|IRS2|DCAF5|NR1H3|ERLIN2|SIRT1|TRIB3,-1.2
MyList,GO Biological Processes,19,GO:0021543,pallium development,19_GO:0032502 developmental process,-2.9,3.2,4,30293,191,492,10,2,0.64,581|4760|5629|5802|9513|29954|66000|79969|84623|153090,BAX|NEUROD1|PROX1|PTPRS|FXR2|POMT2|TMEM108|ATAT1|KIRREL3|DAB2IP,-1.2
MyList,GO Biological Processes,19,GO:0008285,negative regulation of cell population proliferation,19_GO:0048519 negative regulation of biological process,-2.9,2,3.5,30293,785,492,25,5.1,0.99,575|581|658|1488|4089|4345|5612|5629|5795|7026|8408|8805|10178|10523|10669|11040|23026|23641|27153|51761|79084|84871|94241|153090|339390,ADGRB1|BAX|BMPR1B|CTBP2|SMAD4|CD200|THAP12|PROX1|PTPRJ|NR2F2|ULK1|TRIM24|TENM1|CHERP|CGREF1|PIM2|MYO16|LDOC1|ZNF777|ATP8A2|WDR77|AGBL4|TP53INP1|DAB2IP|CLEC4G,-1.2
MyList,GO Biological Processes,19,GO:0007610,behavior,19_GO:0032501 multicellular organismal process,-2.9,2.1,3.5,30293,616,492,21,4.3,0.91,320|1271|2915|2922|4867|6543|9099|9455|9486|9607|10636|51761|54112|55515|60626|80243|80863|84623|85358|114781|339977,APBA1|CNTFR|GRM5|GRP|NPHP1|SLC8A2|USP2|HOMER2|CHST10|CARTPT|RGS14|ATP8A2|GPR88|ASIC4|RIC8A|PREX2|PRRT1|KIRREL3|SHANK3|BTBD9|LRRC66,-1.1
MyList,GO Biological Processes,19,GO:0032940,secretion by cell,19_GO:0051179 localization,-2.9,2.4,3.7,30293,412,492,16,3.3,0.8,19|320|1174|1488|1910|2922|4760|5045|9607|22820|22841|56900|57586|90139|116841|399979,ABCA1|APBA1|AP1S1|CTBP2|EDNRB|GRP|NEUROD1|FURIN|CARTPT|COPG1|RAB11FIP2|TMEM167B|SYT13|TSPAN18|SNAP47|SNX19,-1.1
MyList,GO Biological Processes,19,GO:0007033,vacuole organization,19_GO:0009987 cellular process,-2.9,3.2,3.9,30293,193,492,10,2,0.64,19|5298|8408|8720|23710|54664|55062|79065|84557|94241,ABCA1|PI4KB|ULK1|MBTPS1|GABARAPL1|TMEM106B|WIPI1|ATG9A|MAP1LC3A|TP53INP1,-1.1
MyList,GO Biological Processes,19,GO:0055074,calcium ion homeostasis,19_GO:0042592 homeostatic process,-2.9,3,3.9,30293,227,492,11,2.2,0.67,581|2907|2915|5566|6543|7009|8805|9256|10523|27032|57419,BAX|GRINA|GRM5|PRKACA|SLC8A2|TMBIM6|TRIM24|TSPOAP1|CHERP|ATP2C1|SLC24A3,-1.1
MyList,GO Biological Processes,19,GO:0009896,positive regulation of catabolic process,19_GO:0048518 positive regulation of biological process,-2.9,2.1,3.5,30293,617,492,21,4.3,0.91,225|581|5045|5261|6811|8408|8660|8671|9513|11040|23411|26330|51667|55062|57761|64326|79670|84871|85456|94241|153090,ABCD2|BAX|FURIN|PHKG2|STX5|ULK1|IRS2|SLC4A4|FXR2|PIM2|SIRT1|GAPDHS|NUB1|WIPI1|TRIB3|COP1|TUT7|AGBL4|TNKS1BP1|TP53INP1|DAB2IP,-1.1
MyList,GO Biological Processes,19,GO:0071902,positive regulation of protein serine/threonine kinase activity,19_GO:0048518 positive regulation of biological process,-2.9,3.8,4.1,30293,130,492,8,1.6,0.57,2690|5629|5871|6543|10178|23411|152110|153090,GHR|PROX1|MAP4K2|SLC8A2|TENM1|SIRT1|NEK10|DAB2IP,-1.1
MyList,GO Biological Processes,19,GO:0070201,regulation of establishment of protein localization,19_GO:0051179 localization,-2.9,2.2,3.6,30293,535,492,19,3.9,0.87,4345|4760|5106|5566|6721|7260|8398|8660|8841|9520|9607|9619|10062|10178|10456|27032|51569|55204|118424,CD200|NEUROD1|PCK2|PRKACA|SREBF2|EIPR1|PLA2G6|IRS2|HDAC3|NPEPPS|CARTPT|ABCG1|NR1H3|TENM1|HAX1|ATP2C1|UFM1|GOLPH3L|UBE2J2,-1.1
MyList,GO Biological Processes,19,GO:0098732,macromolecule deacylation,19_GO:0008152 metabolic process,-2.9,8.2,5.1,30293,30,492,4,0.81,0.4,8841|23411|55347|55869,HDAC3|SIRT1|ABHD10|HDAC8,-1.1
MyList,GO Biological Processes,19,GO:0033137,negative regulation of peptidyl-serine phosphorylation,19_GO:0048519 negative regulation of biological process,-2.9,8.2,5.1,30293,30,492,4,0.81,0.4,581|624|1756|27124,BAX|BDKRB2|DMD|INPP5J,-1.1
MyList,GO Biological Processes,19,GO:0010745,negative regulation of macrophage derived foam cell differentiation,19_GO:0032502 developmental process,-2.9,13,5.9,30293,14,492,3,0.61,0.35,19|9619|10062,ABCA1|ABCG1|NR1H3,-1.1
MyList,GO Biological Processes,19,GO:0043549,regulation of kinase activity,19_GO:0008152 metabolic process,-2.9,2.2,3.5,30293,536,492,19,3.9,0.87,2690|2915|5170|5629|5795|5871|6543|6609|7016|7026|8660|9607|10178|10527|10636|23411|57761|152110|153090,GHR|GRM5|PDPK1|PROX1|PTPRJ|MAP4K2|SLC8A2|SMPD1|TESK1|NR2F2|IRS2|CARTPT|TENM1|IPO7|RGS14|SIRT1|TRIB3|NEK10|DAB2IP,-1.1
MyList,GO Biological Processes,19,GO:0016236,macroautophagy,19_GO:0008152 metabolic process,-2.9,3.2,3.9,30293,195,492,10,2,0.64,8408|9538|11040|23710|51569|55062|79065|84557|94241|162427,ULK1|EI24|PIM2|GABARAPL1|UFM1|WIPI1|ATG9A|MAP1LC3A|TP53INP1|RETREG3,-1.1
MyList,GO Biological Processes,19,GO:0055080,monoatomic cation homeostasis,19_GO:0042592 homeostatic process,-2.8,2.2,3.6,30293,497,492,18,3.7,0.85,581|1910|2907|2915|4089|5566|6543|7009|8671|8805|9256|10523|27032|54664|55334|57419|79901|114781,BAX|EDNRB|GRINA|GRM5|SMAD4|PRKACA|SLC8A2|TMBIM6|SLC4A4|TRIM24|TSPOAP1|CHERP|ATP2C1|TMEM106B|SLC39A9|SLC24A3|CYBRD1|BTBD9,-1.1
MyList,GO Biological Processes,19,GO:2000779,regulation of double-strand break repair,19_GO:0050896 response to stimulus,-2.8,3.7,4,30293,132,492,8,1.6,0.57,4968|6118|6601|23411|84309|84501|84787|116028,OGG1|RPA2|SMARCC2|SIRT1|NUDT16L1|SPIRE2|KMT5C|RMI2,-1.1
MyList,GO Biological Processes,19,GO:0048511,rhythmic process,19_GO:0048511 rhythmic process,-2.8,2.8,3.7,30293,267,492,12,2.4,0.7,658|3363|5629|8841|9099|9607|23411|26224|55269|55366|57805|114781,BMPR1B|HTR7|PROX1|HDAC3|USP2|CARTPT|SIRT1|FBXL3|PSPC1|LGR4|CCAR2|BTBD9,-1.1
MyList,GO Biological Processes,19,GO:0043408,regulation of MAPK cascade,19_GO:0050896 response to stimulus,-2.8,2,3.4,30293,669,492,22,4.5,0.93,1540|2690|2915|4089|4215|5149|5518|5795|5871|6609|8841|9607|10178|10494|10636|23008|51562|57161|64802|152110|153090|285315,CYLD|GHR|GRM5|SMAD4|MAP3K3|PDE6H|PPP2R1A|PTPRJ|MAP4K2|SMPD1|HDAC3|CARTPT|TENM1|STK25|RGS14|KLHDC10|MBIP|PELI2|NMNAT1|NEK10|DAB2IP|C3orf33,-1.1
MyList,GO Biological Processes,19,GO:0042327,positive regulation of phosphorylation,19_GO:0048518 positive regulation of biological process,-2.8,2.1,3.5,30293,627,492,21,4.3,0.91,1609|1910|2690|2915|4038|5170|5629|5795|5871|6543|7016|8841|9607|10178|10456|22998|23411|57161|85456|152110|153090,DGKQ|EDNRB|GHR|GRM5|LRP4|PDPK1|PROX1|PTPRJ|MAP4K2|SLC8A2|TESK1|HDAC3|CARTPT|TENM1|HAX1|LIMCH1|SIRT1|PELI2|TNKS1BP1|NEK10|DAB2IP,-1.1
MyList,GO Biological Processes,19,GO:0000045,autophagosome assembly,19_GO:0008152 metabolic process,-2.8,4.8,4.3,30293,77,492,6,1.2,0.49,8408|23710|55062|79065|84557|94241,ULK1|GABARAPL1|WIPI1|ATG9A|MAP1LC3A|TP53INP1,-1.1
MyList,GO Biological Processes,19,GO:0045913,positive regulation of carbohydrate metabolic process,19_GO:0048518 positive regulation of biological process,-2.8,4.8,4.3,30293,77,492,6,1.2,0.49,5261|5566|8660|8671|23411|26330,PHKG2|PRKACA|IRS2|SLC4A4|SIRT1|GAPDHS,-1.1
MyList,GO Biological Processes,19,GO:0042886,amide transport,19_GO:0051179 localization,-2.8,3.3,3.9,30293,166,492,9,1.8,0.6,19|320|364|4760|6511|9607|22841|81034|399979,ABCA1|APBA1|AQP7|NEUROD1|SLC1A6|CARTPT|RAB11FIP2|SLC25A32|SNX19,-1.1
MyList,GO Biological Processes,19,GO:0046031,ADP metabolic process,19_GO:0008152 metabolic process,-2.8,5.8,4.5,30293,53,492,5,1,0.45,203|2023|26330|50808|387712,AK1|ENO1|GAPDHS|AK3|ENO4,-1.1
MyList,GO Biological Processes,19,GO:0090205,positive regulation of cholesterol metabolic process,19_GO:0048518 positive regulation of biological process,-2.8,12,5.6,30293,15,492,3,0.61,0.35,6721|9619|64137,SREBF2|ABCG1|ABCG4,-1.1
MyList,GO Biological Processes,19,GO:0072148,epithelial cell fate commitment,19_GO:0032502 developmental process,-2.8,12,5.6,30293,15,492,3,0.61,0.35,4760|5629|7026,NEUROD1|PROX1|NR2F2,-1.1
MyList,GO Biological Processes,19,GO:0007623,circadian rhythm,19_GO:0048511 rhythmic process,-2.8,3.6,4,30293,135,492,8,1.6,0.57,3363|5629|8841|9099|9607|23411|55366|114781,HTR7|PROX1|HDAC3|USP2|CARTPT|SIRT1|LGR4|BTBD9,-1.1
MyList,GO Biological Processes,19,GO:0006874,intracellular calcium ion homeostasis,19_GO:0042592 homeostatic process,-2.8,3.1,3.8,30293,200,492,10,2,0.64,581|2907|2915|5566|6543|7009|9256|10523|27032|57419,BAX|GRINA|GRM5|PRKACA|SLC8A2|TMBIM6|TSPOAP1|CHERP|ATP2C1|SLC24A3,-1.1
MyList,GO Biological Processes,19,GO:0007156,homophilic cell adhesion via plasma membrane adhesion molecules,19_GO:0009987 cellular process,-2.8,3.3,3.9,30293,167,492,9,1.8,0.6,1006|5818|5819|8641|8642|28316|56108|60437|84623,CDH8|NECTIN1|NECTIN2|PCDHGB4|DCHS1|CDH20|PCDHGA7|CDH26|KIRREL3,-1.1
MyList,GO Biological Processes,19,GO:0072583,clathrin-dependent endocytosis,19_GO:0051179 localization,-2.8,7.7,4.9,30293,32,492,4,0.81,0.4,160|1173|2580|57720,AP2A1|AP2M1|GAK|GPR107,-1.1
MyList,GO Biological Processes,19,GO:0030203,glycosaminoglycan metabolic process,19_GO:0008152 metabolic process,-2.8,4.1,4.1,30293,106,492,7,1.4,0.53,1910|2720|2799|6484|8534|50515|64132,EDNRB|GLB1|GNS|ST3GAL4|CHST1|CHST11|XYLT2,-1.1
MyList,GO Biological Processes,19,GO:1901652,response to peptide,19_GO:0050896 response to stimulus,-2.8,2.3,3.5,30293,465,492,17,3.5,0.82,182|1910|2690|2915|4435|5106|5170|5566|5786|6773|8660|8805|23411|23641|55625|57707|57761,JAG1|EDNRB|GHR|GRM5|CITED1|PCK2|PDPK1|PRKACA|PTPRA|STAT2|IRS2|TRIM24|SIRT1|LDOC1|ZDHHC7|MEAK7|TRIB3,-1.1
MyList,GO Biological Processes,19,GO:0043393,regulation of protein binding,19_GO:0065007 biological regulation,-2.8,3.6,3.9,30293,136,492,8,1.6,0.57,166|581|1400|5566|7009|54552|57761|79139,TLE5|BAX|CRMP1|PRKACA|TMBIM6|GNL3L|TRIB3|DERL1,-1.1
MyList,GO Biological Processes,19,GO:0032774,RNA biosynthetic process,19_GO:0008152 metabolic process,-2.8,2.1,3.4,30293,548,492,19,3.9,0.87,2975|4089|4141|4335|4520|4760|5629|5926|7290|8805|8841|9862|10062|10849|11189|23558|23649|51742|138474,GTF3C1|SMAD4|MARS1|MNT|MTF1|NEUROD1|PROX1|ARID4A|HIRA|TRIM24|HDAC3|MED24|NR1H3|POLR1G|CELF3|WBP2|POLA2|ARID4B|TAF1L,-1.1
MyList,GO Biological Processes,19,GO:0050801,monoatomic ion homeostasis,19_GO:0042592 homeostatic process,-2.7,2.2,3.5,30293,507,492,18,3.7,0.85,581|1910|2907|2915|4089|5566|6543|7009|8671|8805|9256|10523|27032|54664|55334|57419|79901|114781,BAX|EDNRB|GRINA|GRM5|SMAD4|PRKACA|SLC8A2|TMBIM6|SLC4A4|TRIM24|TSPOAP1|CHERP|ATP2C1|TMEM106B|SLC39A9|SLC24A3|CYBRD1|BTBD9,-1.1
MyList,GO Biological Processes,19,GO:0010883,regulation of lipid storage,19_GO:0051179 localization,-2.7,5.7,4.4,30293,54,492,5,1,0.45,19|6721|9619|10062|23411,ABCA1|SREBF2|ABCG1|NR1H3|SIRT1,-1
MyList,GO Biological Processes,19,GO:0034204,lipid translocation,19_GO:0051179 localization,-2.7,5.7,4.4,30293,54,492,5,1,0.45,19|9619|51761|57198|79065,ABCA1|ABCG1|ATP8A2|ATP8B2|ATG9A,-1
MyList,GO Biological Processes,19,GO:0044089,positive regulation of cellular component biogenesis,19_GO:0048518 positive regulation of biological process,-2.7,2.2,3.5,30293,508,492,18,3.7,0.85,19|575|581|4089|4733|4867|5795|7016|8408|10178|22998|54552|55062|57451|79184|79969|153090|158038,ABCA1|ADGRB1|BAX|SMAD4|DRG1|NPHP1|PTPRJ|TESK1|ULK1|TENM1|LIMCH1|GNL3L|WIPI1|TENM2|BRCC3|ATAT1|DAB2IP|LINGO2,-1
MyList,GO Biological Processes,19,GO:0060294,cilium movement involved in cell motility,19_GO:0009987 cellular process,-2.7,3.6,3.9,30293,137,492,8,1.6,0.57,11189|25911|26330|27285|151254|154313|202500|257044,CELF3|DPCD|GAPDHS|TEKT2|C2CD6|CFAP206|TCTE1|CATSPERE,-1
MyList,GO Biological Processes,19,GO:0019932,second-messenger-mediated signaling,19_GO:0050896 response to stimulus,-2.7,2.8,3.7,30293,238,492,11,2.2,0.67,1609|1756|1910|2915|4760|5170|5335|5518|5566|5795|9455,DGKQ|DMD|EDNRB|GRM5|NEUROD1|PDPK1|PLCG1|PPP2R1A|PRKACA|PTPRJ|HOMER2,-1
MyList,GO Biological Processes,19,GO:0008610,lipid biosynthetic process,19_GO:0008152 metabolic process,-2.7,2.1,3.4,30293,594,492,20,4.1,0.89,1606|1609|2686|5106|5298|6484|6609|7357|8398|9110|10005|10162|11161|27124|30837|54344|55627|57171|79154|340485,DGKA|DGKQ|GGT7|PCK2|PI4KB|ST3GAL4|SMPD1|UGCG|PLA2G6|MTMR4|ACOT8|LPCAT3|ERG28|INPP5J|SOCS7|DPM3|SMPD4|DOLPP1|DHRS11|ACER2,-1
MyList,GO Biological Processes,19,GO:0043409,negative regulation of MAPK cascade,19_GO:0048519 negative regulation of biological process,-2.7,3.3,3.8,30293,170,492,9,1.8,0.6,1540|4089|5518|5795|6609|8841|10636|153090|285315,CYLD|SMAD4|PPP2R1A|PTPRJ|SMPD1|HDAC3|RGS14|DAB2IP|C3orf33,-1
MyList,GO Biological Processes,19,GO:0072006,nephron development,19_GO:0032502 developmental process,-2.7,3.6,3.9,30293,138,492,8,1.6,0.57,182|1910|4089|4435|8642|25789|55366|84623,JAG1|EDNRB|SMAD4|CITED1|DCHS1|TMEM59L|LGR4|KIRREL3,-1
MyList,GO Biological Processes,19,GO:0006470,protein dephosphorylation,19_GO:0008152 metabolic process,-2.7,3.6,3.9,30293,138,492,8,1.6,0.57,5518|5774|5786|5795|5802|9110|23399|57460,PPP2R1A|PTPN3|PTPRA|PTPRJ|PTPRS|MTMR4|CTDNEP1|PPM1H,-1
MyList,GO Biological Processes,19,GO:0021537,telencephalon development,19_GO:0032502 developmental process,-2.7,2.7,3.6,30293,275,492,12,2.4,0.7,581|4760|5629|5802|9513|25911|29954|66000|79969|84623|85358|153090,BAX|NEUROD1|PROX1|PTPRS|FXR2|DPCD|POMT2|TMEM108|ATAT1|KIRREL3|SHANK3|DAB2IP,-1
MyList,GO Biological Processes,19,GO:0010559,regulation of glycoprotein biosynthetic process,19_GO:0008152 metabolic process,-2.7,5.6,4.4,30293,55,492,5,1,0.45,10005|10585|29954|144245|340485,ACOT8|POMT1|POMT2|ALG10B|ACER2,-1
MyList,GO Biological Processes,19,GO:0098771,inorganic ion homeostasis,19_GO:0042592 homeostatic process,-2.7,2.3,3.5,30293,430,492,16,3.3,0.8,581|1910|2907|2915|4089|5566|6543|7009|8805|9256|10523|27032|55334|57419|79901|114781,BAX|EDNRB|GRINA|GRM5|SMAD4|PRKACA|SLC8A2|TMBIM6|TRIM24|TSPOAP1|CHERP|ATP2C1|SLC39A9|SLC24A3|CYBRD1|BTBD9,-1
MyList,GO Biological Processes,19,GO:1901137,carbohydrate derivative biosynthetic process,19_GO:0008152 metabolic process,-2.7,2.1,3.4,30293,596,492,20,4.1,0.89,203|271|658|1503|6484|7357|7371|8534|9486|10585|29954|50515|50808|54344|57171|64132|84892|144245|199857|374378,AK1|AMPD2|BMPR1B|CTPS1|ST3GAL4|UGCG|UCK2|CHST1|CHST10|POMT1|POMT2|CHST11|AK3|DPM3|DOLPP1|XYLT2|POMGNT2|ALG10B|ALG14|GALNT18,-1
MyList,GO Biological Processes,19,GO:0072009,nephron epithelium development,19_GO:0032502 developmental process,-2.7,4,4,30293,109,492,7,1.4,0.53,182|1910|4089|4435|8642|25789|55366,JAG1|EDNRB|SMAD4|CITED1|DCHS1|TMEM59L|LGR4,-1
MyList,GO Biological Processes,19,GO:0007281,germ cell development,19_GO:0022414 reproductive process,-2.7,2.4,3.5,30293,354,492,14,2.8,0.75,581|658|2176|3267|5566|5819|5926|26108|51742|79084|79670|151254|154313|257044,BAX|BMPR1B|FANCC|AGFG1|PRKACA|NECTIN2|ARID4A|PYGO1|ARID4B|WDR77|TUT7|C2CD6|CFAP206|CATSPERE,-1
MyList,GO Biological Processes,19,GO:0090311,regulation of protein deacetylation,19_GO:0008152 metabolic process,-2.7,7.2,4.7,30293,34,492,4,0.81,0.4,23411|51562|57325|57805,SIRT1|MBIP|KAT14|CCAR2,-1
MyList,GO Biological Processes,19,GO:0046486,glycerolipid metabolic process,19_GO:0008152 metabolic process,-2.7,2.4,3.5,30293,355,492,14,2.8,0.75,1606|1609|5106|5298|5335|8398|9110|10062|10162|23411|27124|30837|54344|55627,DGKA|DGKQ|PCK2|PI4KB|PLCG1|PLA2G6|MTMR4|NR1H3|LPCAT3|SIRT1|INPP5J|SOCS7|DPM3|SMPD4,-1
MyList,GO Biological Processes,19,GO:0050807,regulation of synapse organization,19_GO:0050789 regulation of biological process,-2.7,2.8,3.6,30293,243,492,11,2.2,0.67,575|1006|1496|1627|4038|5802|5818|85358|153090|158038|375323,ADGRB1|CDH8|CTNNA2|DBN1|LRP4|PTPRS|NECTIN1|SHANK3|DAB2IP|LINGO2|LHFPL4,-1
MyList,GO Biological Processes,19,GO:2001234,negative regulation of apoptotic signaling pathway,19_GO:0048519 negative regulation of biological process,-2.6,2.8,3.6,30293,244,492,11,2.2,0.67,581|624|2023|2907|4335|7009|23411|54978|56917|57805|79886,BAX|BDKRB2|ENO1|GRINA|MNT|TMBIM6|SIRT1|SLC35F6|MEIS3|CCAR2|CAAP1,-0.99
MyList,GO Biological Processes,19,GO:0070848,response to growth factor,19_GO:0050896 response to stimulus,-2.6,2.1,3.4,30293,519,492,18,3.7,0.85,658|2002|4089|4141|4435|5045|5170|5335|8576|9101|11021|23411|50515|55273|57175|66000|126520|153090,BMPR1B|ELK1|SMAD4|MARS1|CITED1|FURIN|PDPK1|PLCG1|STK16|USP8|RAB35|SIRT1|CHST11|TMEM100|CORO1B|TMEM108|PLK5|DAB2IP,-0.99
MyList,GO Biological Processes,19,GO:0060285,cilium-dependent cell motility,19_GO:0009987 cellular process,-2.6,3.5,3.8,30293,142,492,8,1.6,0.57,11189|25911|26330|27285|151254|154313|202500|257044,CELF3|DPCD|GAPDHS|TEKT2|C2CD6|CFAP206|TCTE1|CATSPERE,-0.99
MyList,GO Biological Processes,19,GO:0001539,cilium or flagellum-dependent cell motility,19_GO:0009987 cellular process,-2.6,3.5,3.8,30293,142,492,8,1.6,0.57,11189|25911|26330|27285|151254|154313|202500|257044,CELF3|DPCD|GAPDHS|TEKT2|C2CD6|CFAP206|TCTE1|CATSPERE,-0.99
MyList,GO Biological Processes,19,GO:0035966,response to topologically incorrect protein,19_GO:0050896 response to stimulus,-2.6,3.4,3.8,30293,143,492,8,1.6,0.57,581|7009|8720|55768|79139|89890|118424|153090,BAX|TMBIM6|MBTPS1|NGLY1|DERL1|KBTBD6|UBE2J2|DAB2IP,-0.98
MyList,GO Biological Processes,19,GO:0070059,intrinsic apoptotic signaling pathway in response to endoplasmic reticulum stress,19_GO:0050896 response to stimulus,-2.6,7,4.6,30293,35,492,4,0.81,0.4,581|7009|57761|153090,BAX|TMBIM6|TRIB3|DAB2IP,-0.98
MyList,GO Biological Processes,19,GO:0048499,synaptic vesicle membrane organization,19_GO:0009987 cellular process,-2.6,11,5.2,30293,17,492,3,0.61,0.35,6855|8943|116841,SYP|AP3D1|SNAP47,-0.98
MyList,GO Biological Processes,19,GO:0045926,negative regulation of growth,19_GO:0040007 growth,-2.6,2.8,3.5,30293,246,492,11,2.2,0.67,2023|4089|5518|5795|5802|8408|9538|9856|56920|57715|57805,ENO1|SMAD4|PPP2R1A|PTPRJ|PTPRS|ULK1|EI24|KIAA0319|SEMA3G|SEMA4G|CCAR2,-0.98
MyList,GO Biological Processes,19,GO:0006897,endocytosis,19_GO:0051179 localization,-2.6,2.1,3.3,30293,522,492,18,3.7,0.85,19|160|575|1173|1174|2580|2690|4038|5298|6855|8398|8943|9685|10062|22841|56882|57720|66000,ABCA1|AP2A1|ADGRB1|AP2M1|AP1S1|GAK|GHR|LRP4|PI4KB|SYP|PLA2G6|AP3D1|CLINT1|NR1H3|RAB11FIP2|CDC42SE1|GPR107|TMEM108,-0.98
MyList,GO Biological Processes,19,GO:0048667,cell morphogenesis involved in neuron differentiation,19_GO:0032502 developmental process,-2.6,2.2,3.4,30293,440,492,16,3.3,0.8,575|658|1496|4038|4089|5818|6477|8408|10494|51761|54664|56920|57715|80243|85358|85451,ADGRB1|BMPR1B|CTNNA2|LRP4|SMAD4|NECTIN1|SIAH1|ULK1|STK25|ATP8A2|TMEM106B|SEMA3G|SEMA4G|PREX2|SHANK3|UNK,-0.97
MyList,GO Biological Processes,19,GO:1905037,autophagosome organization,19_GO:0008152 metabolic process,-2.6,4.4,4,30293,84,492,6,1.2,0.49,8408|23710|55062|79065|84557|94241,ULK1|GABARAPL1|WIPI1|ATG9A|MAP1LC3A|TP53INP1,-0.97
MyList,GO Biological Processes,19,GO:0042733,embryonic digit morphogenesis,19_GO:0032502 developmental process,-2.6,5.3,4.2,30293,58,492,5,1,0.45,581|4038|4089|9742|50515,BAX|LRP4|SMAD4|IFT140|CHST11,-0.97
MyList,GO Biological Processes,19,GO:0051098,regulation of binding,19_GO:0065007 biological regulation,-2.6,2.7,3.5,30293,247,492,11,2.2,0.67,166|581|1400|4760|5566|7009|23063|54552|57761|79139|84444,TLE5|BAX|CRMP1|NEUROD1|PRKACA|TMBIM6|WAPL|GNL3L|TRIB3|DERL1|DOT1L,-0.97
MyList,GO Biological Processes,19,GO:0021700,developmental maturation,19_GO:0032502 developmental process,-2.6,2.6,3.5,30293,284,492,12,2.4,0.7,1901|5566|6855|8642|8943|9855|26057|79084|79670|151254|257044|399979,S1PR1|PRKACA|SYP|DCHS1|AP3D1|FARP2|ANKRD17|WDR77|TUT7|C2CD6|CATSPERE|SNX19,-0.97
MyList,GO Biological Processes,19,GO:0005975,carbohydrate metabolic process,19_GO:0008152 metabolic process,-2.6,2.2,3.4,30293,441,492,16,3.3,0.8,2023|2582|2720|5106|5261|6120|6484|8534|8660|9486|26330|50515|54344|55277|387712|729020,ENO1|GALE|GLB1|PCK2|PHKG2|RPE|ST3GAL4|CHST1|IRS2|CHST10|GAPDHS|CHST11|DPM3|FGGY|ENO4|RPEL1,-0.97
MyList,GO Biological Processes,19,GO:0042594,response to starvation,19_GO:0050896 response to stimulus,-2.6,2.9,3.6,30293,212,492,10,2,0.64,5106|6721|8408|9607|10325|23411|23710|55062|84557|652968,PCK2|SREBF2|ULK1|CARTPT|RRAGB|SIRT1|GABARAPL1|WIPI1|MAP1LC3A|CASTOR1,-0.96
MyList,GO Biological Processes,19,GO:0072080,nephron tubule development,19_GO:0032502 developmental process,-2.6,4.3,4,30293,85,492,6,1.2,0.49,182|4089|4435|8642|25789|55366,JAG1|SMAD4|CITED1|DCHS1|TMEM59L|LGR4,-0.96
MyList,GO Biological Processes,19,GO:0042177,negative regulation of protein catabolic process,19_GO:0048519 negative regulation of biological process,-2.6,3.8,3.8,30293,114,492,7,1.4,0.53,575|4089|5045|5774|9101|57805|153090,ADGRB1|SMAD4|FURIN|PTPN3|USP8|CCAR2|DAB2IP,-0.96
MyList,GO Biological Processes,19,GO:0042752,regulation of circadian rhythm,19_GO:0048511 rhythmic process,-2.6,3.8,3.8,30293,114,492,7,1.4,0.53,5629|8841|9099|10062|26224|55269|57805,PROX1|HDAC3|USP2|NR1H3|FBXL3|PSPC1|CCAR2,-0.96
MyList,GO Biological Processes,19,GO:0016570,histone modification,19_GO:0008152 metabolic process,-2.6,6.8,4.5,30293,36,492,4,0.81,0.4,8841|23411|55869|84444,HDAC3|SIRT1|HDAC8|DOT1L,-0.95
MyList,GO Biological Processes,19,GO:0050803,regulation of synapse structure or activity,19_GO:0065007 biological regulation,-2.6,2.7,3.5,30293,249,492,11,2.2,0.67,575|1006|1496|1627|4038|5802|5818|85358|153090|158038|375323,ADGRB1|CDH8|CTNNA2|DBN1|LRP4|PTPRS|NECTIN1|SHANK3|DAB2IP|LINGO2|LHFPL4,-0.95
MyList,GO Biological Processes,19,GO:0097006,regulation of plasma lipoprotein particle levels,19_GO:0050789 regulation of biological process,-2.6,5.2,4.2,30293,59,492,5,1,0.45,19|5045|5566|9619|10162,ABCA1|FURIN|PRKACA|ABCG1|LPCAT3,-0.95
MyList,GO Biological Processes,19,GO:0031647,regulation of protein stability,19_GO:0065007 biological regulation,-2.6,2.5,3.4,30293,325,492,13,2.6,0.72,8805|8841|9099|9101|11040|23411|26224|54344|54552|55869|57805|79031|79139,TRIM24|HDAC3|USP2|USP8|PIM2|SIRT1|FBXL3|DPM3|GNL3L|HDAC8|CCAR2|PDCL3|DERL1,-0.95
MyList,GO Biological Processes,19,GO:0033365,protein localization to organelle,19_GO:0051179 localization,-2.6,1.9,3.2,30293,746,492,23,4.7,0.95,2580|5566|6118|8943|9656|9742|10245|10328|10469|10527|11021|23063|23399|23558|23649|26108|29928|55831|56993|83943|222229|286077|375323,GAK|PRKACA|RPA2|AP3D1|MDC1|IFT140|TIMM17B|EMC8|TIMM44|IPO7|RAB35|WAPL|CTDNEP1|WBP2|POLA2|PYGO1|TIMM22|EMC3|TOMM22|IMMP2L|LRWD1|FAM83H|LHFPL4,-0.94
MyList,GO Biological Processes,19,GO:0010564,regulation of cell cycle process,19_GO:0050789 regulation of biological process,-2.5,1.9,3.2,30293,747,492,23,4.7,0.95,4733|5518|5629|6118|6601|7325|8720|9656|11130|23026|23063|23411|26057|56890|57805|79184|80198|81669|84444|116028|126520|152110|153090,DRG1|PPP2R1A|PROX1|RPA2|SMARCC2|UBE2E2|MBTPS1|MDC1|ZWINT|MYO16|WAPL|SIRT1|ANKRD17|MDM1|CCAR2|BRCC3|MUS81|CCNL2|DOT1L|RMI2|PLK5|NEK10|DAB2IP,-0.94
MyList,GO Biological Processes,19,GO:0048167,regulation of synaptic plasticity,19_GO:0050789 regulation of biological process,-2.5,2.9,3.5,30293,215,492,10,2,0.64,575|1627|2915|4355|6543|6855|9513|10636|80863|85358,ADGRB1|DBN1|GRM5|MPP2|SLC8A2|SYP|FXR2|RGS14|PRRT1|SHANK3,-0.94
MyList,GO Biological Processes,19,GO:1901888,regulation of cell junction assembly,19_GO:0050789 regulation of biological process,-2.5,2.9,3.5,30293,215,492,10,2,0.64,575|4867|5566|5786|5795|5802|5818|22998|158038|375323,ADGRB1|NPHP1|PRKACA|PTPRA|PTPRJ|PTPRS|NECTIN1|LIMCH1|LINGO2|LHFPL4,-0.94
MyList,GO Biological Processes,19,GO:0071363,cellular response to growth factor stimulus,19_GO:0050896 response to stimulus,-2.5,2.1,3.3,30293,488,492,17,3.5,0.82,658|4089|4141|4435|5045|5170|5335|8576|9101|11021|23411|50515|55273|57175|66000|126520|153090,BMPR1B|SMAD4|MARS1|CITED1|FURIN|PDPK1|PLCG1|STK16|USP8|RAB35|SIRT1|CHST11|TMEM100|CORO1B|TMEM108|PLK5|DAB2IP,-0.93
MyList,GO Biological Processes,19,GO:0006476,protein deacetylation,19_GO:0008152 metabolic process,-2.5,10,5.1,30293,18,492,3,0.61,0.35,8841|23411|55869,HDAC3|SIRT1|HDAC8,-0.93
MyList,GO Biological Processes,19,GO:0009208,pyrimidine ribonucleoside triphosphate metabolic process,19_GO:0008152 metabolic process,-2.5,10,5.1,30293,18,492,3,0.61,0.35,1503|7371|50808,CTPS1|UCK2|AK3,-0.93
MyList,GO Biological Processes,19,GO:0046496,nicotinamide nucleotide metabolic process,19_GO:0008152 metabolic process,-2.5,3.7,3.8,30293,116,492,7,1.4,0.53,2023|5106|6120|26330|64802|387712|729020,ENO1|PCK2|RPE|GAPDHS|NMNAT1|ENO4|RPEL1,-0.93
MyList,GO Biological Processes,19,GO:0019362,pyridine nucleotide metabolic process,19_GO:0008152 metabolic process,-2.5,3.7,3.8,30293,116,492,7,1.4,0.53,2023|5106|6120|26330|64802|387712|729020,ENO1|PCK2|RPE|GAPDHS|NMNAT1|ENO4|RPEL1,-0.93
MyList,GO Biological Processes,19,GO:0034660,ncRNA metabolic process,19_GO:0008152 metabolic process,-2.5,2.1,3.2,30293,532,492,18,3.7,0.85,1662|2975|4141|5036|7737|10436|10528|10849|10969|11189|23517|26512|54920|57176|79670|126789|221078|348180,DDX10|GTF3C1|MARS1|PA2G4|RNF113A|EMG1|NOP56|POLR1G|EBNA1BP2|CELF3|MTREX|INTS6|DUS2|VARS2|TUT7|PUSL1|NSUN6|CTU2,-0.92
MyList,GO Biological Processes,19,GO:0006650,glycerophospholipid metabolic process,19_GO:0008152 metabolic process,-2.5,2.5,3.4,30293,290,492,12,2.4,0.7,1606|1609|5298|5335|8398|9110|10062|10162|27124|30837|54344|55627,DGKA|DGKQ|PI4KB|PLCG1|PLA2G6|MTMR4|NR1H3|LPCAT3|INPP5J|SOCS7|DPM3|SMPD4,-0.92
MyList,GO Biological Processes,19,GO:0032868,response to insulin,19_GO:0050896 response to stimulus,-2.5,2.8,3.5,30293,217,492,10,2,0.64,2690|4435|5106|5170|5786|8660|23411|55625|57707|57761,GHR|CITED1|PCK2|PDPK1|PTPRA|IRS2|SIRT1|ZDHHC7|MEAK7|TRIB3,-0.92
MyList,GO Biological Processes,19,GO:0006022,aminoglycan metabolic process,19_GO:0008152 metabolic process,-2.5,3.7,3.7,30293,117,492,7,1.4,0.53,1910|2720|2799|6484|8534|50515|64132,EDNRB|GLB1|GNS|ST3GAL4|CHST1|CHST11|XYLT2,-0.92
MyList,GO Biological Processes,19,GO:0032102,negative regulation of response to external stimulus,19_GO:0048519 negative regulation of biological process,-2.5,2.2,3.3,30293,450,492,16,3.3,0.8,1496|1540|4345|5045|5335|5802|6773|9607|9856|10062|10162|56920|57175|57715|79132|80263,CTNNA2|CYLD|CD200|FURIN|PLCG1|PTPRS|STAT2|CARTPT|KIAA0319|NR1H3|LPCAT3|SEMA3G|CORO1B|SEMA4G|DHX58|TRIM45,-0.91
MyList,GO Biological Processes,19,GO:1903018,regulation of glycoprotein metabolic process,19_GO:0008152 metabolic process,-2.5,5,4.1,30293,61,492,5,1,0.45,10005|10585|29954|144245|340485,ACOT8|POMT1|POMT2|ALG10B|ACER2,-0.91
MyList,GO Biological Processes,19,GO:0000422,autophagy of mitochondrion,19_GO:0008152 metabolic process,-2.5,5,4.1,30293,61,492,5,1,0.45,8408|23710|55062|79065|84557,ULK1|GABARAPL1|WIPI1|ATG9A|MAP1LC3A,-0.91
MyList,GO Biological Processes,19,GO:0097035,regulation of membrane lipid distribution,19_GO:0065007 biological regulation,-2.5,5,4.1,30293,61,492,5,1,0.45,19|9619|51761|57198|79065,ABCA1|ABCG1|ATP8A2|ATP8B2|ATG9A,-0.91
MyList,GO Biological Processes,19,GO:0071333,cellular response to glucose stimulus,19_GO:0042592 homeostatic process,-2.5,4.2,3.9,30293,88,492,6,1.2,0.49,4089|4760|5106|5566|8660|22841,SMAD4|NEUROD1|PCK2|PRKACA|IRS2|RAB11FIP2,-0.91
MyList,GO Biological Processes,19,GO:0006351,DNA-templated transcription,19_GO:0008152 metabolic process,-2.5,2.1,3.2,30293,535,492,18,3.7,0.85,2975|4089|4141|4335|4520|4760|5629|5926|7290|8805|8841|9862|10062|10849|11189|23558|51742|138474,GTF3C1|SMAD4|MARS1|MNT|MTF1|NEUROD1|PROX1|ARID4A|HIRA|TRIM24|HDAC3|MED24|NR1H3|POLR1G|CELF3|WBP2|ARID4B|TAF1L,-0.91
MyList,GO Biological Processes,19,GO:0007616,long-term memory,19_GO:0032501 multicellular organismal process,-2.5,6.5,4.3,30293,38,492,4,0.81,0.4,9486|10636|114781|339977,CHST10|RGS14|BTBD9|LRRC66,-0.9
MyList,GO Biological Processes,19,GO:0048813,dendrite morphogenesis,19_GO:0032502 developmental process,-2.5,5,4,30293,62,492,5,1,0.45,1496|4038|54664|80243|85358,CTNNA2|LRP4|TMEM106B|PREX2|SHANK3,-0.89
MyList,GO Biological Processes,19,GO:0006626,protein targeting to mitochondrion,19_GO:0051179 localization,-2.5,5,4,30293,62,492,5,1,0.45,10245|10469|29928|56993|83943,TIMM17B|TIMM44|TIMM22|TOMM22|IMMP2L,-0.89
MyList,GO Biological Processes,19,GO:0045017,glycerolipid biosynthetic process,19_GO:0008152 metabolic process,-2.5,2.8,3.4,30293,220,492,10,2,0.64,1606|1609|5106|5298|8398|9110|10162|27124|30837|54344,DGKA|DGKQ|PCK2|PI4KB|PLA2G6|MTMR4|LPCAT3|INPP5J|SOCS7|DPM3,-0.89
MyList,GO Biological Processes,19,GO:1900242,regulation of synaptic vesicle endocytosis,19_GO:0051179 localization,-2.5,9.7,4.9,30293,19,492,3,0.61,0.35,1173|1609|114781,AP2M1|DGKQ|BTBD9,-0.89
MyList,GO Biological Processes,19,GO:0010817,regulation of hormone levels,19_GO:0065007 biological regulation,-2.5,2.1,3.2,30293,539,492,18,3.7,0.85,1609|1910|2690|2922|4089|4760|5045|5106|5566|7260|8398|8660|9486|9607|22841|79154|91608|399979,DGKQ|EDNRB|GHR|GRP|SMAD4|NEUROD1|FURIN|PCK2|PRKACA|EIPR1|PLA2G6|IRS2|CHST10|CARTPT|RAB11FIP2|DHRS11|RASL10B|SNX19,-0.89
MyList,GO Biological Processes,19,GO:0035967,cellular response to topologically incorrect protein,19_GO:0050896 response to stimulus,-2.5,4.1,3.8,30293,90,492,6,1.2,0.49,581|7009|8720|55768|79139|153090,BAX|TMBIM6|MBTPS1|NGLY1|DERL1|DAB2IP,-0.88
MyList,GO Biological Processes,19,GO:0071331,cellular response to hexose stimulus,19_GO:0050896 response to stimulus,-2.5,4.1,3.8,30293,90,492,6,1.2,0.49,4089|4760|5106|5566|8660|22841,SMAD4|NEUROD1|PCK2|PRKACA|IRS2|RAB11FIP2,-0.88
MyList,GO Biological Processes,19,GO:0061326,renal tubule development,19_GO:0032502 developmental process,-2.5,4.1,3.8,30293,90,492,6,1.2,0.49,182|4089|4435|8642|25789|55366,JAG1|SMAD4|CITED1|DCHS1|TMEM59L|LGR4,-0.88
MyList,GO Biological Processes,19,GO:0008202,steroid metabolic process,19_GO:0008152 metabolic process,-2.5,2.6,3.4,30293,258,492,11,2.2,0.67,19|1910|6609|6721|8720|9486|9619|10005|11160|11161|79154,ABCA1|EDNRB|SMPD1|SREBF2|MBTPS1|CHST10|ABCG1|ACOT8|ERLIN2|ERG28|DHRS11,-0.88
MyList,GO Biological Processes,19,GO:0043086,negative regulation of catalytic activity,19_GO:0065007 biological regulation,-2.5,2.2,3.2,30293,456,492,16,3.3,0.8,1910|5170|5795|6609|7009|7016|7026|8660|10527|10636|23411|57718|57761|57805|79886|153090,EDNRB|PDPK1|PTPRJ|SMPD1|TMBIM6|TESK1|NR2F2|IRS2|IPO7|RGS14|SIRT1|PPP4R4|TRIB3|CCAR2|CAAP1|DAB2IP,-0.88
MyList,GO Biological Processes,19,GO:0045860,positive regulation of protein kinase activity,19_GO:0048518 positive regulation of biological process,-2.4,2.6,3.4,30293,259,492,11,2.2,0.67,2690|2915|5170|5629|5871|6543|9607|10178|23411|152110|153090,GHR|GRM5|PDPK1|PROX1|MAP4K2|SLC8A2|CARTPT|TENM1|SIRT1|NEK10|DAB2IP,-0.87
MyList,GO Biological Processes,19,GO:0060041,retina development in camera-type eye,19_GO:0032502 developmental process,-2.4,3.2,3.5,30293,153,492,8,1.6,0.57,581|658|4760|4867|5629|5818|51761|56890,BAX|BMPR1B|NEUROD1|NPHP1|PROX1|NECTIN1|ATP8A2|MDM1,-0.87
MyList,GO Biological Processes,19,GO:0006986,response to unfolded protein,19_GO:0050896 response to stimulus,-2.4,3.6,3.6,30293,121,492,7,1.4,0.53,581|7009|8720|79139|89890|118424|153090,BAX|TMBIM6|MBTPS1|DERL1|KBTBD6|UBE2J2|DAB2IP,-0.87
MyList,GO Biological Processes,19,GO:0043434,response to peptide hormone,19_GO:0050896 response to stimulus,-2.4,2.3,3.2,30293,377,492,14,2.8,0.75,1910|2690|4435|5106|5170|5566|5786|6773|8660|8805|23411|55625|57707|57761,EDNRB|GHR|CITED1|PCK2|PDPK1|PRKACA|PTPRA|STAT2|IRS2|TRIM24|SIRT1|ZDHHC7|MEAK7|TRIB3,-0.86
MyList,GO Biological Processes,19,GO:0062208,positive regulation of pattern recognition receptor signaling pathway,19_GO:0044419 biological process involved in interspecies interaction between organisms,-2.4,4.8,3.9,30293,64,492,5,1,0.45,10062|26057|79132|79184|79969,NR1H3|ANKRD17|DHX58|BRCC3|ATAT1,-0.85
MyList,GO Biological Processes,19,GO:0009306,protein secretion,19_GO:0051179 localization,-2.4,3.5,3.6,30293,122,492,7,1.4,0.53,19|1174|1910|4760|22820|22841|399979,ABCA1|AP1S1|EDNRB|NEUROD1|COPG1|RAB11FIP2|SNX19,-0.85
MyList,GO Biological Processes,19,GO:0071326,cellular response to monosaccharide stimulus,19_GO:0050896 response to stimulus,-2.4,4,3.7,30293,92,492,6,1.2,0.49,4089|4760|5106|5566|8660|22841,SMAD4|NEUROD1|PCK2|PRKACA|IRS2|RAB11FIP2,-0.85
MyList,GO Biological Processes,19,GO:0001822,kidney development,19_GO:0032502 developmental process,-2.4,2.5,3.3,30293,300,492,12,2.4,0.7,182|581|1910|4038|4089|4435|5629|8642|25789|26108|55366|84623,JAG1|BAX|EDNRB|LRP4|SMAD4|CITED1|PROX1|DCHS1|TMEM59L|PYGO1|LGR4|KIRREL3,-0.85
MyList,GO Biological Processes,19,GO:0006488,dolichol-linked oligosaccharide biosynthetic process,19_GO:0008152 metabolic process,-2.4,9.2,4.7,30293,20,492,3,0.61,0.35,57171|144245|199857,DOLPP1|ALG10B|ALG14,-0.84
MyList,GO Biological Processes,19,GO:0070646,protein modification by small protein removal,19_GO:0008152 metabolic process,-2.4,3.5,3.6,30293,123,492,7,1.4,0.53,1540|9099|9101|64708|79184|205564|219333,CYLD|USP2|USP8|COPS7B|BRCC3|SENP5|USP12,-0.84
MyList,GO Biological Processes,19,GO:0035592,establishment of protein localization to extracellular region,19_GO:0051179 localization,-2.4,3.5,3.6,30293,123,492,7,1.4,0.53,19|1174|1910|4760|22820|22841|399979,ABCA1|AP1S1|EDNRB|NEUROD1|COPG1|RAB11FIP2|SNX19,-0.84
MyList,GO Biological Processes,19,GO:0072524,pyridine-containing compound metabolic process,19_GO:0008152 metabolic process,-2.4,3.5,3.6,30293,123,492,7,1.4,0.53,2023|5106|6120|26330|64802|387712|729020,ENO1|PCK2|RPE|GAPDHS|NMNAT1|ENO4|RPEL1,-0.84
MyList,GO Biological Processes,19,GO:0031331,positive regulation of cellular catabolic process,19_GO:0048518 positive regulation of biological process,-2.4,2.2,3.2,30293,421,492,15,3,0.78,225|581|5045|5261|8408|8660|8671|9513|11040|23411|26330|55062|79670|85456|94241,ABCD2|BAX|FURIN|PHKG2|ULK1|IRS2|SLC4A4|FXR2|PIM2|SIRT1|GAPDHS|WIPI1|TUT7|TNKS1BP1|TP53INP1,-0.84
MyList,GO Biological Processes,19,GO:0002064,epithelial cell development,19_GO:0032502 developmental process,-2.4,2.9,3.4,30293,190,492,9,1.8,0.6,182|1874|1910|5170|5629|5802|5926|26084|51742,JAG1|E2F4|EDNRB|PDPK1|PROX1|PTPRS|ARID4A|ARHGEF26|ARID4B,-0.84
MyList,GO Biological Processes,19,GO:2001242,regulation of intrinsic apoptotic signaling pathway,19_GO:0050896 response to stimulus,-2.4,2.9,3.4,30293,190,492,9,1.8,0.6,581|624|1540|2023|2907|6477|7009|23411|57805,BAX|BDKRB2|CYLD|ENO1|GRINA|SIAH1|TMBIM6|SIRT1|CCAR2,-0.84
MyList,GO Biological Processes,19,GO:0009179,purine ribonucleoside diphosphate metabolic process,19_GO:0008152 metabolic process,-2.4,4.7,3.9,30293,65,492,5,1,0.45,203|2023|26330|50808|387712,AK1|ENO1|GAPDHS|AK3|ENO4,-0.84
MyList,GO Biological Processes,19,GO:0009135,purine nucleoside diphosphate metabolic process,19_GO:0008152 metabolic process,-2.4,4.7,3.9,30293,65,492,5,1,0.45,203|2023|26330|50808|387712,AK1|ENO1|GAPDHS|AK3|ENO4,-0.84
MyList,GO Biological Processes,19,GO:0008585,female gonad development,19_GO:0022414 reproductive process,-2.4,4,3.7,30293,93,492,6,1.2,0.49,581|658|4089|7026|23411|83943,BAX|BMPR1B|SMAD4|NR2F2|SIRT1|IMMP2L,-0.84
MyList,GO Biological Processes,19,GO:0051129,negative regulation of cellular component organization,19_GO:0048519 negative regulation of biological process,-2.4,1.9,3,30293,726,492,22,4.5,0.93,1400|1496|1901|2580|4038|4089|5802|7016|8408|9856|10062|11130|23063|27124|54552|54978|56890|56920|57175|57715|85358|349667,CRMP1|CTNNA2|S1PR1|GAK|LRP4|SMAD4|PTPRS|TESK1|ULK1|KIAA0319|NR1H3|ZWINT|WAPL|INPP5J|GNL3L|SLC35F6|MDM1|SEMA3G|CORO1B|SEMA4G|SHANK3|RTN4RL2,-0.83
MyList,GO Biological Processes,19,GO:0034976,response to endoplasmic reticulum stress,19_GO:0050896 response to stimulus,-2.4,2.7,3.3,30293,227,492,10,2,0.64,581|7009|8720|11160|51569|55768|57761|79139|118424|153090,BAX|TMBIM6|MBTPS1|ERLIN2|UFM1|NGLY1|TRIB3|DERL1|UBE2J2|DAB2IP,-0.83
MyList,GO Biological Processes,19,GO:0030003,intracellular monoatomic cation homeostasis,19_GO:0042592 homeostatic process,-2.4,2.2,3.1,30293,423,492,15,3,0.78,581|2907|2915|4089|5566|6543|7009|8671|9256|10523|27032|54664|55334|57419|79901,BAX|GRINA|GRM5|SMAD4|PRKACA|SLC8A2|TMBIM6|SLC4A4|TSPOAP1|CHERP|ATP2C1|TMEM106B|SLC39A9|SLC24A3|CYBRD1,-0.83
MyList,GO Biological Processes,19,GO:0071402,cellular response to lipoprotein particle stimulus,19_GO:0050896 response to stimulus,-2.4,6,4.1,30293,41,492,4,0.81,0.4,19|6721|9619|64137,ABCA1|SREBF2|ABCG1|ABCG4,-0.82
MyList,GO Biological Processes,19,GO:0006892,post-Golgi vesicle-mediated transport,19_GO:0051179 localization,-2.4,3.9,3.7,30293,94,492,6,1.2,0.49,160|2580|8943|23062|55062|55204,AP2A1|GAK|AP3D1|GGA2|WIPI1|GOLPH3L,-0.82
MyList,GO Biological Processes,19,GO:1905953,negative regulation of lipid localization,19_GO:0051179 localization,-2.4,4.7,3.8,30293,66,492,5,1,0.45,19|6721|8660|9619|10062,ABCA1|SREBF2|IRS2|ABCG1|NR1H3,-0.82
MyList,GO Biological Processes,19,GO:0019722,calcium-mediated signaling,19_GO:0050896 response to stimulus,-2.4,3.1,3.4,30293,158,492,8,1.6,0.57,1756|1910|2915|5170|5335|5566|5795|9455,DMD|EDNRB|GRM5|PDPK1|PLCG1|PRKACA|PTPRJ|HOMER2,-0.82
MyList,GO Biological Processes,19,GO:0051960,regulation of nervous system development,19_GO:0032502 developmental process,-2.3,2.1,3.1,30293,468,492,16,3.3,0.8,575|1463|1627|2915|4038|5629|5802|8408|9513|9856|10494|10636|56920|57715|85358|158038,ADGRB1|NCAN|DBN1|GRM5|LRP4|PROX1|PTPRS|ULK1|FXR2|KIAA0319|STK25|RGS14|SEMA3G|SEMA4G|SHANK3|LINGO2,-0.81
MyList,GO Biological Processes,19,GO:0006490,oligosaccharide-lipid intermediate biosynthetic process,19_GO:0008152 metabolic process,-2.3,8.8,4.6,30293,21,492,3,0.61,0.35,57171|144245|199857,DOLPP1|ALG10B|ALG14,-0.81
MyList,GO Biological Processes,19,GO:0044242,cellular lipid catabolic process,19_GO:0008152 metabolic process,-2.3,2.9,3.3,30293,194,492,9,1.8,0.6,225|5106|5335|6609|8398|10005|55268|55627|340485,ABCD2|PCK2|PLCG1|SMPD1|PLA2G6|ACOT8|ECHDC2|SMPD4|ACER2,-0.8
MyList,GO Biological Processes,19,GO:0051055,negative regulation of lipid biosynthetic process,19_GO:0048519 negative regulation of biological process,-2.3,4.6,3.8,30293,67,492,5,1,0.45,5629|8816|11160|23411|57761,PROX1|DCAF5|ERLIN2|SIRT1|TRIB3,-0.8
MyList,GO Biological Processes,19,GO:0051338,regulation of transferase activity,19_GO:0065007 biological regulation,-2.3,1.9,3,30293,644,492,20,4.1,0.89,2690|2915|4345|5170|5629|5795|5871|6543|6609|7016|7026|8660|9607|10178|10527|10636|23411|57761|152110|153090,GHR|GRM5|CD200|PDPK1|PROX1|PTPRJ|MAP4K2|SLC8A2|SMPD1|TESK1|NR2F2|IRS2|CARTPT|TENM1|IPO7|RGS14|SIRT1|TRIB3|NEK10|DAB2IP,-0.8
MyList,GO Biological Processes,19,GO:0071364,cellular response to epidermal growth factor stimulus,19_GO:0050896 response to stimulus,-2.3,5.9,4.1,30293,42,492,4,0.81,0.4,4141|5170|5335|153090,MARS1|PDPK1|PLCG1|DAB2IP,-0.8
MyList,GO Biological Processes,19,GO:0045922,negative regulation of fatty acid metabolic process,19_GO:0048519 negative regulation of biological process,-2.3,5.9,4.1,30293,42,492,4,0.81,0.4,8816|11160|23411|57761,DCAF5|ERLIN2|SIRT1|TRIB3,-0.8
MyList,GO Biological Processes,19,GO:0050708,regulation of protein secretion,19_GO:0051179 localization,-2.3,2.5,3.2,30293,269,492,11,2.2,0.67,4345|4760|5106|5566|7260|8398|8660|9607|9619|10062|55204,CD200|NEUROD1|PCK2|PRKACA|EIPR1|PLA2G6|IRS2|CARTPT|ABCG1|NR1H3|GOLPH3L,-0.8
MyList,GO Biological Processes,19,GO:0007005,mitochondrion organization,19_GO:0009987 cellular process,-2.3,2.1,3.1,30293,430,492,15,3,0.78,581|5819|8408|11040|23710|29928|54978|55062|55210|56993|57805|79065|83943|84557|91419,BAX|NECTIN2|ULK1|PIM2|GABARAPL1|TIMM22|SLC35F6|WIPI1|ATAD3A|TOMM22|CCAR2|ATG9A|IMMP2L|MAP1LC3A|ATP23,-0.79
MyList,GO Biological Processes,19,GO:0071695,anatomical structure maturation,19_GO:0032502 developmental process,-2.3,2.7,3.2,30293,232,492,10,2,0.64,1901|5566|8642|9855|26057|79084|79670|151254|257044|399979,S1PR1|PRKACA|DCHS1|FARP2|ANKRD17|WDR77|TUT7|C2CD6|CATSPERE|SNX19,-0.79
MyList,GO Biological Processes,19,GO:0001667,ameboidal-type cell migration,19_GO:0009987 cellular process,-2.3,2.8,3.3,30293,196,492,9,1.8,0.6,1910|4089|5629|7016|8660|56920|57175|57715|60626,EDNRB|SMAD4|PROX1|TESK1|IRS2|SEMA3G|CORO1B|SEMA4G|RIC8A,-0.78
MyList,GO Biological Processes,19,GO:0072078,nephron tubule morphogenesis,19_GO:0032502 developmental process,-2.3,4.5,3.7,30293,68,492,5,1,0.45,4089|4435|8642|25789|55366,SMAD4|CITED1|DCHS1|TMEM59L|LGR4,-0.78
MyList,GO Biological Processes,19,GO:0016071,mRNA metabolic process,19_GO:0008152 metabolic process,-2.3,1.9,3,30293,648,492,20,4.1,0.89,421|5566|7737|8732|10062|10713|10907|10946|11051|11189|11273|23517|27254|55280|57805|79084|79670|84305|85456|285367,ARVCF|PRKACA|RNF113A|RNGTT|NR1H3|USP39|TXNL4A|SF3A3|NUDT21|CELF3|ATXN2L|MTREX|CSDC2|CWF19L1|CCAR2|WDR77|TUT7|PYM1|TNKS1BP1|RPUSD3,-0.78
MyList,GO Biological Processes,19,GO:0046545,development of primary female sexual characteristics,19_GO:0022414 reproductive process,-2.3,3.8,3.6,30293,97,492,6,1.2,0.49,581|658|4089|7026|23411|83943,BAX|BMPR1B|SMAD4|NR2F2|SIRT1|IMMP2L,-0.78
MyList,GO Biological Processes,19,GO:0072001,renal system development,19_GO:0032502 developmental process,-2.3,2.4,3.1,30293,310,492,12,2.4,0.7,182|581|1910|4038|4089|4435|5629|8642|25789|26108|55366|84623,JAG1|BAX|EDNRB|LRP4|SMAD4|CITED1|PROX1|DCHS1|TMEM59L|PYGO1|LGR4|KIRREL3,-0.78
MyList,GO Biological Processes,19,GO:0006873,intracellular monoatomic ion homeostasis,19_GO:0042592 homeostatic process,-2.3,2.1,3.1,30293,432,492,15,3,0.78,581|2907|2915|4089|5566|6543|7009|8671|9256|10523|27032|54664|55334|57419|79901,BAX|GRINA|GRM5|SMAD4|PRKACA|SLC8A2|TMBIM6|SLC4A4|TSPOAP1|CHERP|ATP2C1|TMEM106B|SLC39A9|SLC24A3|CYBRD1,-0.78
MyList,GO Biological Processes,19,GO:0090276,regulation of peptide hormone secretion,19_GO:0051179 localization,-2.3,2.8,3.3,30293,197,492,9,1.8,0.6,2922|4760|5106|5566|7260|8398|8660|9607|91608,GRP|NEUROD1|PCK2|PRKACA|EIPR1|PLA2G6|IRS2|CARTPT|RASL10B,-0.78
MyList,GO Biological Processes,19,GO:0097193,intrinsic apoptotic signaling pathway,19_GO:0050896 response to stimulus,-2.3,3,3.3,30293,162,492,8,1.6,0.57,581|624|7009|7159|10494|23411|57761|153090,BAX|BDKRB2|TMBIM6|TP53BP2|STK25|SIRT1|TRIB3|DAB2IP,-0.78
MyList,GO Biological Processes,19,GO:0010888,negative regulation of lipid storage,19_GO:0051179 localization,-2.3,8.4,4.5,30293,22,492,3,0.61,0.35,19|9619|10062,ABCA1|ABCG1|NR1H3,-0.78
MyList,GO Biological Processes,19,GO:0010866,regulation of triglyceride biosynthetic process,19_GO:0008152 metabolic process,-2.3,8.4,4.5,30293,22,492,3,0.61,0.35,10062|23399|23411,NR1H3|CTDNEP1|SIRT1,-0.78
MyList,GO Biological Processes,19,GO:0140861,DNA repair-dependent chromatin remodeling,19_GO:0050896 response to stimulus,-2.3,8.4,4.5,30293,22,492,3,0.61,0.35,8841|23411|79184,HDAC3|SIRT1|BRCC3,-0.78
MyList,GO Biological Processes,19,GO:0006914,autophagy,19_GO:0008152 metabolic process,-2.3,2.4,3.1,30293,311,492,12,2.4,0.7,7009|8408|9538|11040|23710|51569|55062|79065|84557|94241|140901|162427,TMBIM6|ULK1|EI24|PIM2|GABARAPL1|UFM1|WIPI1|ATG9A|MAP1LC3A|TP53INP1|STK35|RETREG3,-0.78
MyList,GO Biological Processes,19,GO:0061919,process utilizing autophagic mechanism,19_GO:0009987 cellular process,-2.3,2.4,3.1,30293,311,492,12,2.4,0.7,7009|8408|9538|11040|23710|51569|55062|79065|84557|94241|140901|162427,TMBIM6|ULK1|EI24|PIM2|GABARAPL1|UFM1|WIPI1|ATG9A|MAP1LC3A|TP53INP1|STK35|RETREG3,-0.78
MyList,GO Biological Processes,19,GO:0060761,negative regulation of response to cytokine stimulus,19_GO:0048519 negative regulation of biological process,-2.3,3.8,3.5,30293,98,492,6,1.2,0.49,166|1540|6773|7737|10062|10293,TLE5|CYLD|STAT2|RNF113A|NR1H3|TRAIP,-0.77
MyList,GO Biological Processes,19,GO:0007029,endoplasmic reticulum organization,19_GO:0009987 cellular process,-2.3,3.8,3.5,30293,98,492,6,1.2,0.49,2580|10162|10328|55627|55831|162427,GAK|LPCAT3|EMC8|SMPD4|EMC3|RETREG3,-0.77
MyList,GO Biological Processes,19,GO:0050767,regulation of neurogenesis,19_GO:0032502 developmental process,-2.3,2.2,3.1,30293,393,492,14,2.8,0.75,1463|1627|2915|4038|5629|5802|8408|9513|9856|10494|10636|56920|57715|85358,NCAN|DBN1|GRM5|LRP4|PROX1|PTPRS|ULK1|FXR2|KIAA0319|STK25|RGS14|SEMA3G|SEMA4G|SHANK3,-0.77
MyList,GO Biological Processes,19,GO:0001701,in utero embryonic development,19_GO:0032502 developmental process,-2.3,2.2,3.1,30293,393,492,14,2.8,0.75,320|1627|4089|4435|5045|5335|7026|8841|10436|50515|55273|57718|60626|85451,APBA1|DBN1|SMAD4|CITED1|FURIN|PLCG1|NR2F2|HDAC3|EMG1|CHST11|TMEM100|PPP4R4|RIC8A|UNK,-0.77
MyList,GO Biological Processes,19,GO:0046474,glycerophospholipid biosynthetic process,19_GO:0008152 metabolic process,-2.3,2.8,3.2,30293,199,492,9,1.8,0.6,1606|1609|5298|8398|9110|10162|27124|30837|54344,DGKA|DGKQ|PI4KB|PLA2G6|MTMR4|LPCAT3|INPP5J|SOCS7|DPM3,-0.76
MyList,GO Biological Processes,19,GO:0007346,regulation of mitotic cell cycle,19_GO:0050789 regulation of biological process,-2.3,2,3,30293,521,492,17,3.5,0.82,1540|5774|6118|6601|7325|8720|8841|9099|9656|11040|11130|23026|23411|26057|79184|80198|126520,CYLD|PTPN3|RPA2|SMARCC2|UBE2E2|MBTPS1|HDAC3|USP2|MDC1|PIM2|ZWINT|MYO16|SIRT1|ANKRD17|BRCC3|MUS81|PLK5,-0.76
MyList,GO Biological Processes,19,GO:0010907,positive regulation of glucose metabolic process,19_GO:0048518 positive regulation of biological process,-2.3,5.6,3.9,30293,44,492,4,0.81,0.4,5261|5566|8660|23411,PHKG2|PRKACA|IRS2|SIRT1,-0.76
MyList,GO Biological Processes,19,GO:0006493,protein O-linked glycosylation,19_GO:0008152 metabolic process,-2.3,3.7,3.5,30293,99,492,6,1.2,0.49,6484|10585|29954|54344|84892|374378,ST3GAL4|POMT1|POMT2|DPM3|POMGNT2|GALNT18,-0.76
MyList,GO Biological Processes,19,GO:0034620,cellular response to unfolded protein,19_GO:0050896 response to stimulus,-2.2,4.4,3.7,30293,70,492,5,1,0.45,581|7009|8720|79139|153090,BAX|TMBIM6|MBTPS1|DERL1|DAB2IP,-0.76
MyList,GO Biological Processes,19,GO:0032922,circadian regulation of gene expression,19_GO:0048511 rhythmic process,-2.2,4.4,3.7,30293,70,492,5,1,0.45,8841|9099|9607|23411|55366,HDAC3|USP2|CARTPT|SIRT1|LGR4,-0.76
MyList,GO Biological Processes,19,GO:0072088,nephron epithelium morphogenesis,19_GO:0032502 developmental process,-2.2,4.4,3.7,30293,70,492,5,1,0.45,4089|4435|8642|25789|55366,SMAD4|CITED1|DCHS1|TMEM59L|LGR4,-0.76
MyList,GO Biological Processes,19,GO:0002791,regulation of peptide secretion,19_GO:0051179 localization,-2.2,2.8,3.2,30293,200,492,9,1.8,0.6,2922|4760|5106|5566|7260|8398|8660|9607|91608,GRP|NEUROD1|PCK2|PRKACA|EIPR1|PLA2G6|IRS2|CARTPT|RASL10B,-0.76
MyList,GO Biological Processes,19,GO:0071692,protein localization to extracellular region,19_GO:0051179 localization,-2.2,3.3,3.4,30293,131,492,7,1.4,0.53,19|1174|1910|4760|22820|22841|399979,ABCA1|AP1S1|EDNRB|NEUROD1|COPG1|RAB11FIP2|SNX19,-0.76
MyList,GO Biological Processes,19,GO:0051223,regulation of protein transport,19_GO:0051179 localization,-2.2,2.1,3,30293,438,492,15,3,0.78,4345|4760|5106|5566|7260|8398|8660|8841|9607|9619|10062|10178|27032|51569|55204,CD200|NEUROD1|PCK2|PRKACA|EIPR1|PLA2G6|IRS2|HDAC3|CARTPT|ABCG1|NR1H3|TENM1|ATP2C1|UFM1|GOLPH3L,-0.75
MyList,GO Biological Processes,19,GO:0016125,sterol metabolic process,19_GO:0008152 metabolic process,-2.2,3.3,3.4,30293,132,492,7,1.4,0.53,19|6609|6721|8720|9619|11160|11161,ABCA1|SMPD1|SREBF2|MBTPS1|ABCG1|ERLIN2|ERG28,-0.74
MyList,GO Biological Processes,19,GO:0010560,positive regulation of glycoprotein biosynthetic process,19_GO:0048518 positive regulation of biological process,-2.2,8,4.3,30293,23,492,3,0.61,0.35,10585|29954|144245,POMT1|POMT2|ALG10B,-0.74
MyList,GO Biological Processes,19,GO:0010893,positive regulation of steroid biosynthetic process,19_GO:0048518 positive regulation of biological process,-2.2,8,4.3,30293,23,492,3,0.61,0.35,6721|9619|64137,SREBF2|ABCG1|ABCG4,-0.74
MyList,GO Biological Processes,19,GO:0046033,AMP metabolic process,19_GO:0008152 metabolic process,-2.2,8,4.3,30293,23,492,3,0.61,0.35,203|271|50808,AK1|AMPD2|AK3,-0.74
MyList,GO Biological Processes,19,GO:0008654,phospholipid biosynthetic process,19_GO:0008152 metabolic process,-2.2,2.6,3.1,30293,239,492,10,2,0.64,1606|1609|5298|8398|9110|10162|27124|30837|54344|57171,DGKA|DGKQ|PI4KB|PLA2G6|MTMR4|LPCAT3|INPP5J|SOCS7|DPM3|DOLPP1,-0.74
MyList,GO Biological Processes,19,GO:0090087,regulation of peptide transport,19_GO:0051179 localization,-2.2,2.7,3.2,30293,202,492,9,1.8,0.6,2922|4760|5106|5566|7260|8398|8660|9607|91608,GRP|NEUROD1|PCK2|PRKACA|EIPR1|PLA2G6|IRS2|CARTPT|RASL10B,-0.74
MyList,GO Biological Processes,19,GO:1903573,negative regulation of response to endoplasmic reticulum stress,19_GO:0048519 negative regulation of biological process,-2.2,5.5,3.9,30293,45,492,4,0.81,0.4,2907|7009|10062|10162,GRINA|TMBIM6|NR1H3|LPCAT3,-0.74
MyList,GO Biological Processes,19,GO:0001658,branching involved in ureteric bud morphogenesis,19_GO:0032502 developmental process,-2.2,5.5,3.9,30293,45,492,4,0.81,0.4,4089|4435|8642|25789,SMAD4|CITED1|DCHS1|TMEM59L,-0.74
MyList,GO Biological Processes,19,GO:1903214,regulation of protein targeting to mitochondrion,19_GO:0051179 localization,-2.2,5.5,3.9,30293,45,492,4,0.81,0.4,6721|9520|10456|118424,SREBF2|NPEPPS|HAX1|UBE2J2,-0.74
MyList,GO Biological Processes,19,GO:0032480,negative regulation of type I interferon production,19_GO:0048519 negative regulation of biological process,-2.2,5.5,3.9,30293,45,492,4,0.81,0.4,1540|5802|10293|79132,CYLD|PTPRS|TRAIP|DHX58,-0.74
MyList,GO Biological Processes,19,GO:0042632,cholesterol homeostasis,19_GO:0042592 homeostatic process,-2.2,3.7,3.4,30293,101,492,6,1.2,0.49,19|6721|9619|10062|23411|64137,ABCA1|SREBF2|ABCG1|NR1H3|SIRT1|ABCG4,-0.73
MyList,GO Biological Processes,19,GO:0040008,regulation of growth,19_GO:0040007 growth,-2.2,1.9,2.9,30293,616,492,19,3.9,0.87,166|2023|2690|4089|5518|5629|5795|5802|7003|8408|8841|9538|9826|9856|51761|55210|56920|57715|57805,TLE5|ENO1|GHR|SMAD4|PPP2R1A|PROX1|PTPRJ|PTPRS|TEAD1|ULK1|HDAC3|EI24|ARHGEF11|KIAA0319|ATP8A2|ATAD3A|SEMA3G|SEMA4G|CCAR2,-0.73
MyList,GO Biological Processes,19,GO:0072028,nephron morphogenesis,19_GO:0032502 developmental process,-2.2,4.3,3.6,30293,72,492,5,1,0.45,4089|4435|8642|25789|55366,SMAD4|CITED1|DCHS1|TMEM59L|LGR4,-0.72
MyList,GO Biological Processes,19,GO:0061333,renal tubule morphogenesis,19_GO:0032502 developmental process,-2.2,4.3,3.6,30293,72,492,5,1,0.45,4089|4435|8642|25789|55366,SMAD4|CITED1|DCHS1|TMEM59L|LGR4,-0.72
MyList,GO Biological Processes,19,GO:0046903,secretion,19_GO:0051179 localization,-2.2,2,2.9,30293,529,492,17,3.5,0.82,19|320|624|1174|1488|1910|2922|4760|5045|9607|22820|22841|56900|57586|90139|116841|399979,ABCA1|APBA1|BDKRB2|AP1S1|CTBP2|EDNRB|GRP|NEUROD1|FURIN|CARTPT|COPG1|RAB11FIP2|TMEM167B|SYT13|TSPAN18|SNAP47|SNX19,-0.72
MyList,GO Biological Processes,19,GO:0006643,membrane lipid metabolic process,19_GO:0008152 metabolic process,-2.2,2.7,3.2,30293,204,492,9,1.8,0.6,581|2720|5518|6484|6609|7357|54344|55627|340485,BAX|GLB1|PPP2R1A|ST3GAL4|SMPD1|UGCG|DPM3|SMPD4|ACER2,-0.72
MyList,GO Biological Processes,19,GO:0098657,import into cell,19_GO:0051179 localization,-2.2,1.8,2.9,30293,708,492,21,4.3,0.91,19|160|575|778|1173|1174|2580|2690|4038|5298|6511|6543|6855|8398|8943|9685|10062|22841|56882|57720|66000,ABCA1|AP2A1|ADGRB1|CACNA1F|AP2M1|AP1S1|GAK|GHR|LRP4|PI4KB|SLC1A6|SLC8A2|SYP|PLA2G6|AP3D1|CLINT1|NR1H3|RAB11FIP2|CDC42SE1|GPR107|TMEM108,-0.72
MyList,GO Biological Processes,19,GO:0048193,Golgi vesicle transport,19_GO:0051179 localization,-2.2,2.4,3.1,30293,280,492,11,2.2,0.67,160|2580|6811|8943|11018|22820|23062|55062|55204|84501|222068,AP2A1|GAK|STX5|AP3D1|TMED1|COPG1|GGA2|WIPI1|GOLPH3L|SPIRE2|TMED4,-0.72
MyList,GO Biological Processes,19,GO:0055092,sterol homeostasis,19_GO:0042592 homeostatic process,-2.2,3.6,3.4,30293,102,492,6,1.2,0.49,19|6721|9619|10062|23411|64137,ABCA1|SREBF2|ABCG1|NR1H3|SIRT1|ABCG4,-0.72
MyList,GO Biological Processes,19,GO:0070849,response to epidermal growth factor,19_GO:0050896 response to stimulus,-2.2,5.4,3.8,30293,46,492,4,0.81,0.4,4141|5170|5335|153090,MARS1|PDPK1|PLCG1|DAB2IP,-0.72
MyList,GO Biological Processes,19,GO:0030517,negative regulation of axon extension,19_GO:0040007 growth,-2.2,5.4,3.8,30293,46,492,4,0.81,0.4,5802|9856|56920|57715,PTPRS|KIAA0319|SEMA3G|SEMA4G,-0.72
MyList,GO Biological Processes,19,GO:0030163,protein catabolic process,19_GO:0008152 metabolic process,-2.2,1.8,2.8,30293,710,492,21,4.3,0.91,2720|5687|6477|8805|11160|23008|23411|26224|51667|54664|55347|55768|64326|79084|79139|80263|89890|90850|118424|153090|200845,GLB1|PSMA6|SIAH1|TRIM24|ERLIN2|KLHDC10|SIRT1|FBXL3|NUB1|TMEM106B|ABHD10|NGLY1|COP1|WDR77|DERL1|TRIM45|KBTBD6|ZNF598|UBE2J2|DAB2IP|KCTD6,-0.71
MyList,GO Biological Processes,19,GO:0009147,pyrimidine nucleoside triphosphate metabolic process,19_GO:0008152 metabolic process,-2.2,7.7,4.2,30293,24,492,3,0.61,0.35,1503|7371|50808,CTPS1|UCK2|AK3,-0.71
MyList,GO Biological Processes,19,GO:1903902,positive regulation of viral life cycle,19_GO:0016032 viral process,-2.2,7.7,4.2,30293,24,492,3,0.61,0.35,5045|6609|339390,FURIN|SMPD1|CLEC4G,-0.71
MyList,GO Biological Processes,19,GO:2000001,regulation of DNA damage checkpoint,19_GO:0048519 negative regulation of biological process,-2.2,7.7,4.2,30293,24,492,3,0.61,0.35,6118|57805|79184,RPA2|CCAR2|BRCC3,-0.71
MyList,GO Biological Processes,19,GO:0034377,plasma lipoprotein particle assembly,19_GO:0032501 multicellular organismal process,-2.2,7.7,4.2,30293,24,492,3,0.61,0.35,19|5566|10162,ABCA1|PRKACA|LPCAT3,-0.71
MyList,GO Biological Processes,19,GO:0097150,neuronal stem cell population maintenance,19_GO:0032502 developmental process,-2.2,7.7,4.2,30293,24,492,3,0.61,0.35,182|2176|5629,JAG1|FANCC|PROX1,-0.71
MyList,GO Biological Processes,19,GO:0072655,establishment of protein localization to mitochondrion,19_GO:0051179 localization,-2.2,4.2,3.5,30293,73,492,5,1,0.45,10245|10469|29928|56993|83943,TIMM17B|TIMM44|TIMM22|TOMM22|IMMP2L,-0.71
MyList,GO Biological Processes,19,GO:0071322,cellular response to carbohydrate stimulus,19_GO:0050896 response to stimulus,-2.2,3.6,3.4,30293,103,492,6,1.2,0.49,4089|4760|5106|5566|8660|22841,SMAD4|NEUROD1|PCK2|PRKACA|IRS2|RAB11FIP2,-0.71
MyList,GO Biological Processes,19,GO:0043122,regulation of canonical NF-kappaB signal transduction,19_GO:0050896 response to stimulus,-2.2,2.4,3,30293,282,492,11,2.2,0.67,4215|5170|7088|11040|23411|26057|27032|57161|84270|153090|222068,MAP3K3|PDPK1|TLE1|PIM2|SIRT1|ANKRD17|ATP2C1|PELI2|CARD19|DAB2IP|TMED4,-0.71
MyList,GO Biological Processes,19,GO:0099111,microtubule-based transport,19_GO:0051179 localization,-2.2,2.7,3.1,30293,206,492,9,1.8,0.6,320|8943|9742|22820|25911|66000|84871|112752|152110,APBA1|AP3D1|IFT140|COPG1|DPCD|TMEM108|AGBL4|IFT43|NEK10,-0.71
MyList,GO Biological Processes,19,GO:0007167,enzyme-linked receptor protein signaling pathway,19_GO:0050896 response to stimulus,-2.2,1.9,2.9,30293,622,492,19,3.9,0.87,624|658|2690|4038|4089|4435|5045|5170|5335|5786|5795|8660|10636|10849|23411|50515|55273|84557|153090,BDKRB2|BMPR1B|GHR|LRP4|SMAD4|CITED1|FURIN|PDPK1|PLCG1|PTPRA|PTPRJ|IRS2|RGS14|POLR1G|SIRT1|CHST11|TMEM100|MAP1LC3A|DAB2IP,-0.71
MyList,GO Biological Processes,19,GO:0006513,protein monoubiquitination,19_GO:0008152 metabolic process,-2.2,5.2,3.7,30293,47,492,4,0.81,0.4,2176|2178|23295|90850,FANCC|FANCE|MGRN1|ZNF598,-0.7
MyList,GO Biological Processes,19,GO:0009395,phospholipid catabolic process,19_GO:0008152 metabolic process,-2.2,5.2,3.7,30293,47,492,4,0.81,0.4,5335|6609|8398|55627,PLCG1|SMPD1|PLA2G6|SMPD4,-0.7
MyList,GO Biological Processes,19,GO:1903747,regulation of establishment of protein localization to mitochondrion,19_GO:0051179 localization,-2.2,5.2,3.7,30293,47,492,4,0.81,0.4,6721|9520|10456|118424,SREBF2|NPEPPS|HAX1|UBE2J2,-0.7
MyList,GO Biological Processes,19,GO:0002790,peptide secretion,19_GO:0051179 localization,-2.1,4.2,3.5,30293,74,492,5,1,0.45,19|4760|9607|22841|399979,ABCA1|NEUROD1|CARTPT|RAB11FIP2|SNX19,-0.7
MyList,GO Biological Processes,19,GO:1904951,positive regulation of establishment of protein localization,19_GO:0051179 localization,-2.1,2.3,3,30293,324,492,12,2.4,0.7,5106|5566|6721|8398|8660|8841|9520|9619|10178|27032|55204|118424,PCK2|PRKACA|SREBF2|PLA2G6|IRS2|HDAC3|NPEPPS|ABCG1|TENM1|ATP2C1|GOLPH3L|UBE2J2,-0.7
MyList,GO Biological Processes,19,GO:0010212,response to ionizing radiation,19_GO:0050896 response to stimulus,-2.1,3.1,3.2,30293,137,492,7,1.4,0.53,581|2002|6609|23411|64326|79184|85456,BAX|ELK1|SMPD1|SIRT1|COP1|BRCC3|TNKS1BP1,-0.69
MyList,GO Biological Processes,19,GO:0050678,regulation of epithelial cell proliferation,19_GO:0050789 regulation of biological process,-2.1,2.1,2.9,30293,407,492,14,2.8,0.75,182|581|1910|5170|5335|5629|7026|8660|8805|23411|55334|79031|79084|153090,JAG1|BAX|EDNRB|PDPK1|PLCG1|PROX1|NR2F2|IRS2|TRIM24|SIRT1|SLC39A9|PDCL3|WDR77|DAB2IP,-0.69
MyList,GO Biological Processes,19,GO:0071478,cellular response to radiation,19_GO:0050896 response to stimulus,-2.1,2.9,3.1,30293,172,492,8,1.6,0.57,581|2002|6609|23411|54112|79184|85456|94241,BAX|ELK1|SMPD1|SIRT1|GPR88|BRCC3|TNKS1BP1|TP53INP1,-0.69
MyList,GO Biological Processes,19,GO:0009267,cellular response to starvation,19_GO:0050896 response to stimulus,-2.1,2.9,3.1,30293,172,492,8,1.6,0.57,6721|9607|10325|23411|23710|55062|84557|652968,SREBF2|CARTPT|RRAGB|SIRT1|GABARAPL1|WIPI1|MAP1LC3A|CASTOR1,-0.69
MyList,GO Biological Processes,19,GO:0006664,glycolipid metabolic process,19_GO:0008152 metabolic process,-2.1,3.5,3.3,30293,105,492,6,1.2,0.49,581|2720|6484|6609|7357|54344,BAX|GLB1|ST3GAL4|SMPD1|UGCG|DPM3,-0.68
MyList,GO Biological Processes,19,GO:0003272,endocardial cushion formation,19_GO:0032502 developmental process,-2.1,7.4,4.1,30293,25,492,3,0.61,0.35,4089|8642|55273,SMAD4|DCHS1|TMEM100,-0.68
MyList,GO Biological Processes,19,GO:0060155,platelet dense granule organization,19_GO:0009987 cellular process,-2.1,7.4,4.1,30293,25,492,3,0.61,0.35,19|1174|8943,ABCA1|AP1S1|AP3D1,-0.68
MyList,GO Biological Processes,19,GO:0032091,negative regulation of protein binding,19_GO:0065007 biological regulation,-2.1,4.1,3.5,30293,75,492,5,1,0.45,166|581|1400|7009|54552,TLE5|BAX|CRMP1|TMBIM6|GNL3L,-0.68
MyList,GO Biological Processes,19,GO:0009185,ribonucleoside diphosphate metabolic process,19_GO:0008152 metabolic process,-2.1,4.1,3.5,30293,75,492,5,1,0.45,203|2023|26330|50808|387712,AK1|ENO1|GAPDHS|AK3|ENO4,-0.68
MyList,GO Biological Processes,19,GO:0051640,organelle localization,19_GO:0051179 localization,-2.1,1.9,2.8,30293,539,492,17,3.5,0.82,1488|2922|5819|5871|6811|7016|8841|8943|10494|11130|22820|23411|54664|55062|84501|84871|157769,CTBP2|GRP|NECTIN2|MAP4K2|STX5|TESK1|HDAC3|AP3D1|STK25|ZWINT|COPG1|SIRT1|TMEM106B|WIPI1|SPIRE2|AGBL4|FAM91A1,-0.68
MyList,GO Biological Processes,19,GO:0043407,negative regulation of MAP kinase activity,19_GO:0048519 negative regulation of biological process,-2.1,5.1,3.7,30293,48,492,4,0.81,0.4,5795|6609|10636|153090,PTPRJ|SMPD1|RGS14|DAB2IP,-0.68
MyList,GO Biological Processes,19,GO:0042593,glucose homeostasis,19_GO:0042592 homeostatic process,-2.1,2.6,3.1,30293,210,492,9,1.8,0.6,4089|4760|5106|5547|5566|8660|9607|22841|23411,SMAD4|NEUROD1|PCK2|PRCP|PRKACA|IRS2|CARTPT|RAB11FIP2|SIRT1,-0.68
MyList,GO Biological Processes,19,GO:1903509,liposaccharide metabolic process,19_GO:0008152 metabolic process,-2.1,3.5,3.3,30293,106,492,6,1.2,0.49,581|2720|6484|6609|7357|54344,BAX|GLB1|ST3GAL4|SMPD1|UGCG|DPM3,-0.67
MyList,GO Biological Processes,19,GO:0030855,epithelial cell differentiation,19_GO:0032502 developmental process,-2.1,1.9,2.8,30293,630,492,19,3.9,0.87,182|1874|1901|1910|4089|4435|4760|5106|5170|5629|5802|5926|7026|7357|26084|51742|55273|55625|79084,JAG1|E2F4|S1PR1|EDNRB|SMAD4|CITED1|NEUROD1|PCK2|PDPK1|PROX1|PTPRS|ARID4A|NR2F2|UGCG|ARHGEF26|ARID4B|TMEM100|ZDHHC7|WDR77,-0.67
MyList,GO Biological Processes,19,GO:0010721,negative regulation of cell development,19_GO:0032502 developmental process,-2.1,2.4,3,30293,288,492,11,2.2,0.67,1910|4038|5629|5802|8408|9607|9856|55365|56920|57715|339390,EDNRB|LRP4|PROX1|PTPRS|ULK1|CARTPT|KIAA0319|TMEM176A|SEMA3G|SEMA4G|CLEC4G,-0.67
MyList,GO Biological Processes,19,GO:0033500,carbohydrate homeostasis,19_GO:0042592 homeostatic process,-2.1,2.6,3,30293,211,492,9,1.8,0.6,4089|4760|5106|5547|5566|8660|9607|22841|23411,SMAD4|NEUROD1|PCK2|PRCP|PRKACA|IRS2|CARTPT|RAB11FIP2|SIRT1,-0.67
MyList,GO Biological Processes,19,GO:0010948,negative regulation of cell cycle process,19_GO:0048519 negative regulation of biological process,-2.1,2.3,2.9,30293,289,492,11,2.2,0.67,6118|8720|9656|11130|23026|23063|56890|79184|80198|84444|153090,RPA2|MBTPS1|MDC1|ZWINT|MYO16|WAPL|MDM1|BRCC3|MUS81|DOT1L|DAB2IP,-0.66
MyList,GO Biological Processes,19,GO:0006997,nucleus organization,19_GO:0009987 cellular process,-2.1,3.1,3.2,30293,140,492,7,1.4,0.53,3267|5819|10436|11189|23399|23411|26108,AGFG1|NECTIN2|EMG1|CELF3|CTDNEP1|SIRT1|PYGO1,-0.66
MyList,GO Biological Processes,19,GO:0072073,kidney epithelium development,19_GO:0032502 developmental process,-2.1,3.1,3.2,30293,140,492,7,1.4,0.53,182|1910|4089|4435|8642|25789|55366,JAG1|EDNRB|SMAD4|CITED1|DCHS1|TMEM59L|LGR4,-0.66
MyList,GO Biological Processes,19,GO:1901987,regulation of cell cycle phase transition,19_GO:0050789 regulation of biological process,-2.1,2,2.8,30293,456,492,15,3,0.78,5629|6118|6601|7325|8720|9656|11130|23026|26057|57805|79184|80198|84444|126520|152110,PROX1|RPA2|SMARCC2|UBE2E2|MBTPS1|MDC1|ZWINT|MYO16|ANKRD17|CCAR2|BRCC3|MUS81|DOT1L|PLK5|NEK10,-0.66
MyList,GO Biological Processes,19,GO:0048515,spermatid differentiation,19_GO:0022414 reproductive process,-2.1,2.6,3,30293,213,492,9,1.8,0.6,581|3267|4867|5566|5819|26108|151254|154313|257044,BAX|AGFG1|NPHP1|PRKACA|NECTIN2|PYGO1|C2CD6|CFAP206|CATSPERE,-0.65
MyList,GO Biological Processes,19,GO:0042059,negative regulation of epidermal growth factor receptor signaling pathway,19_GO:0048519 negative regulation of biological process,-2.1,7.1,4,30293,26,492,3,0.61,0.35,5774|5795|153090,PTPN3|PTPRJ|DAB2IP,-0.65
MyList,GO Biological Processes,19,GO:1902932,positive regulation of alcohol biosynthetic process,19_GO:0048518 positive regulation of biological process,-2.1,7.1,4,30293,26,492,3,0.61,0.35,6721|9619|64137,SREBF2|ABCG1|ABCG4,-0.65
MyList,GO Biological Processes,19,GO:0045010,actin nucleation,19_GO:0009987 cellular process,-2.1,7.1,4,30293,26,492,3,0.61,0.35,10093|10552|84501,ARPC4|ARPC1A|SPIRE2,-0.65
MyList,GO Biological Processes,19,GO:1903421,regulation of synaptic vesicle recycling,19_GO:0051179 localization,-2.1,7.1,4,30293,26,492,3,0.61,0.35,1173|1609|114781,AP2M1|DGKQ|BTBD9,-0.65
MyList,GO Biological Processes,19,GO:0032469,endoplasmic reticulum calcium ion homeostasis,19_GO:0042592 homeostatic process,-2.1,7.1,4,30293,26,492,3,0.61,0.35,581|2907|7009,BAX|GRINA|TMBIM6,-0.65
MyList,GO Biological Processes,19,GO:0018904,ether metabolic process,19_GO:0008152 metabolic process,-2.1,7.1,4,30293,26,492,3,0.61,0.35,2052|8398|11264,EPHX1|PLA2G6|PXMP4,-0.65
MyList,GO Biological Processes,19,GO:1903020,positive regulation of glycoprotein metabolic process,19_GO:0048518 positive regulation of biological process,-2.1,7.1,4,30293,26,492,3,0.61,0.35,10585|29954|144245,POMT1|POMT2|ALG10B,-0.65
MyList,GO Biological Processes,19,GO:0001944,vasculature development,19_GO:0032502 developmental process,-2.1,1.9,2.8,30293,546,492,17,3.5,0.82,182|581|1901|4215|4435|4855|5547|5629|5795|7026|23411|26057|55273|60626|79031|83943|153090,JAG1|BAX|S1PR1|MAP3K3|CITED1|NOTCH4|PRCP|PROX1|PTPRJ|NR2F2|SIRT1|ANKRD17|TMEM100|RIC8A|PDCL3|IMMP2L|DAB2IP,-0.65
MyList,GO Biological Processes,19,GO:0030001,metal ion transport,19_GO:0051179 localization,-2.1,1.8,2.7,30293,636,492,19,3.9,0.87,581|778|1910|3739|5335|5818|6543|7781|8671|8943|10523|27032|54946|55238|55334|55515|57419|79901|84102,BAX|CACNA1F|EDNRB|KCNA4|PLCG1|NECTIN1|SLC8A2|SLC30A3|SLC4A4|AP3D1|CHERP|ATP2C1|SLC41A3|SLC38A7|SLC39A9|ASIC4|SLC24A3|CYBRD1|SLC41A2,-0.65
MyList,GO Biological Processes,19,GO:0017015,regulation of transforming growth factor beta receptor signaling pathway,19_GO:0050896 response to stimulus,-2.1,2.8,3.1,30293,177,492,8,1.6,0.57,4089|4435|5170|5926|9110|23411|50515|51742,SMAD4|CITED1|PDPK1|ARID4A|MTMR4|SIRT1|CHST11|ARID4B,-0.65
MyList,GO Biological Processes,19,GO:0001558,regulation of cell growth,19_GO:0040007 growth,-2.1,2.1,2.8,30293,416,492,14,2.8,0.75,2023|4089|5518|5795|5802|7003|8408|9538|9826|9856|55210|56920|57715|57805,ENO1|SMAD4|PPP2R1A|PTPRJ|PTPRS|TEAD1|ULK1|EI24|ARHGEF11|KIAA0319|ATAD3A|SEMA3G|SEMA4G|CCAR2,-0.64
MyList,GO Biological Processes,19,GO:0001764,neuron migration,19_GO:0032502 developmental process,-2.1,3,3.1,30293,142,492,7,1.4,0.53,581|7026|9856|23284|84623|84892|85451,BAX|NR2F2|KIAA0319|ADGRL3|KIRREL3|POMGNT2|UNK,-0.64
MyList,GO Biological Processes,19,GO:0042770,signal transduction in response to DNA damage,19_GO:0050896 response to stimulus,-2.1,3,3.1,30293,142,492,7,1.4,0.53,6118|8720|9656|79184|80198|84444|340485,RPA2|MBTPS1|MDC1|BRCC3|MUS81|DOT1L|ACER2,-0.64
MyList,GO Biological Processes,19,GO:0045332,phospholipid translocation,19_GO:0051179 localization,-2.1,4.9,3.6,30293,50,492,4,0.81,0.4,19|51761|57198|79065,ABCA1|ATP8A2|ATP8B2|ATG9A,-0.64
MyList,GO Biological Processes,19,GO:0098781,ncRNA transcription,19_GO:0008152 metabolic process,-2.1,4.9,3.6,30293,50,492,4,0.81,0.4,2975|4141|10849|11189,GTF3C1|MARS1|POLR1G|CELF3,-0.64
MyList,GO Biological Processes,19,GO:0000077,DNA damage checkpoint signaling,19_GO:0048519 negative regulation of biological process,-2.1,3.4,3.2,30293,109,492,6,1.2,0.49,6118|8720|9656|79184|80198|84444,RPA2|MBTPS1|MDC1|BRCC3|MUS81|DOT1L,-0.64
MyList,GO Biological Processes,19,GO:0046883,regulation of hormone secretion,19_GO:0051179 localization,-2,2.4,2.9,30293,254,492,10,2,0.64,2922|4089|4760|5106|5566|7260|8398|8660|9607|91608,GRP|SMAD4|NEUROD1|PCK2|PRKACA|EIPR1|PLA2G6|IRS2|CARTPT|RASL10B,-0.63
MyList,GO Biological Processes,19,GO:2001235,positive regulation of apoptotic signaling pathway,19_GO:0048518 positive regulation of biological process,-2,3,3.1,30293,143,492,7,1.4,0.53,581|658|1540|5518|6477|23411|153090,BAX|BMPR1B|CYLD|PPP2R1A|SIAH1|SIRT1|DAB2IP,-0.63
MyList,GO Biological Processes,19,GO:0009991,response to extracellular stimulus,19_GO:0050896 response to stimulus,-2,2,2.8,30293,505,492,16,3.3,0.8,19|166|2690|4968|5106|5629|6721|8408|9607|10325|23411|23710|55062|57707|84557|652968,ABCA1|TLE5|GHR|OGG1|PCK2|PROX1|SREBF2|ULK1|CARTPT|RRAGB|SIRT1|GABARAPL1|WIPI1|MEAK7|MAP1LC3A|CASTOR1,-0.63
MyList,GO Biological Processes,19,GO:0016052,carbohydrate catabolic process,19_GO:0008152 metabolic process,-2,3.4,3.2,30293,110,492,6,1.2,0.49,2023|2582|2720|5261|26330|387712,ENO1|GALE|GLB1|PHKG2|GAPDHS|ENO4,-0.62
MyList,GO Biological Processes,19,GO:0045940,positive regulation of steroid metabolic process,19_GO:0048518 positive regulation of biological process,-2,6.8,3.9,30293,27,492,3,0.61,0.35,6721|9619|64137,SREBF2|ABCG1|ABCG4,-0.62
MyList,GO Biological Processes,19,GO:0009303,rRNA transcription,19_GO:0008152 metabolic process,-2,6.8,3.9,30293,27,492,3,0.61,0.35,2975|4141|10849,GTF3C1|MARS1|POLR1G,-0.62
MyList,GO Biological Processes,19,GO:0065005,protein-lipid complex assembly,19_GO:0009987 cellular process,-2,6.8,3.9,30293,27,492,3,0.61,0.35,19|5566|10162,ABCA1|PRKACA|LPCAT3,-0.62
MyList,GO Biological Processes,19,GO:0007289,spermatid nucleus differentiation,19_GO:0022414 reproductive process,-2,6.8,3.9,30293,27,492,3,0.61,0.35,3267|5819|26108,AGFG1|NECTIN2|PYGO1,-0.62
MyList,GO Biological Processes,19,GO:0097300,programmed necrotic cell death,19_GO:0009987 cellular process,-2,6.8,3.9,30293,27,492,3,0.61,0.35,581|1540|79065,BAX|CYLD|ATG9A,-0.62
MyList,GO Biological Processes,19,GO:0007205,protein kinase C-activating G protein-coupled receptor signaling pathway,19_GO:0050896 response to stimulus,-2,6.8,3.9,30293,27,492,3,0.61,0.35,1606|1609|2915,DGKA|DGKQ|GRM5,-0.62
MyList,GO Biological Processes,19,GO:0007030,Golgi organization,19_GO:0009987 cellular process,-2,3,3.1,30293,144,492,7,1.4,0.53,2580|6811|10494|11018|55204|57198|222068,GAK|STX5|STK25|TMED1|GOLPH3L|ATP8B2|TMED4,-0.62
MyList,GO Biological Processes,19,GO:0046887,positive regulation of hormone secretion,19_GO:0051179 localization,-2,3,3.1,30293,144,492,7,1.4,0.53,2922|4089|5106|5566|8398|8660|91608,GRP|SMAD4|PCK2|PRKACA|PLA2G6|IRS2|RASL10B,-0.62
MyList,GO Biological Processes,19,GO:0003197,endocardial cushion development,19_GO:0032502 developmental process,-2,4.8,3.5,30293,51,492,4,0.81,0.4,182|4089|8642|55273,JAG1|SMAD4|DCHS1|TMEM100,-0.62
MyList,GO Biological Processes,19,GO:0051347,positive regulation of transferase activity,19_GO:0065007 biological regulation,-2,2.1,2.8,30293,378,492,13,2.6,0.72,2690|2915|4345|5170|5629|5871|6543|9607|10178|23411|57761|152110|153090,GHR|GRM5|CD200|PDPK1|PROX1|MAP4K2|SLC8A2|CARTPT|TENM1|SIRT1|TRIB3|NEK10|DAB2IP,-0.62
MyList,GO Biological Processes,19,GO:1903844,regulation of cellular response to transforming growth factor beta stimulus,19_GO:0050896 response to stimulus,-2,2.7,3,30293,180,492,8,1.6,0.57,4089|4435|5170|5926|9110|23411|50515|51742,SMAD4|CITED1|PDPK1|ARID4A|MTMR4|SIRT1|CHST11|ARID4B,-0.62
MyList,GO Biological Processes,19,GO:0090277,positive regulation of peptide hormone secretion,19_GO:0051179 localization,-2,3.3,3.2,30293,111,492,6,1.2,0.49,2922|5106|5566|8398|8660|91608,GRP|PCK2|PRKACA|PLA2G6|IRS2|RASL10B,-0.61
MyList,GO Biological Processes,19,GO:0001654,eye development,19_GO:0032502 developmental process,-2,2.1,2.8,30293,379,492,13,2.6,0.72,182|581|658|4760|4867|5629|5818|9742|51761|56890|56917|80714|285590,JAG1|BAX|BMPR1B|NEUROD1|NPHP1|PROX1|NECTIN1|IFT140|ATP8A2|MDM1|MEIS3|PBX4|SH3PXD2B,-0.61
MyList,GO Biological Processes,19,GO:0043413,macromolecule glycosylation,19_GO:0008152 metabolic process,-2,2.5,2.9,30293,219,492,9,1.8,0.6,6484|10585|29954|54344|57171|84892|144245|199857|374378,ST3GAL4|POMT1|POMT2|DPM3|DOLPP1|POMGNT2|ALG10B|ALG14|GALNT18,-0.6
MyList,GO Biological Processes,19,GO:0006486,protein glycosylation,19_GO:0008152 metabolic process,-2,2.5,2.9,30293,219,492,9,1.8,0.6,6484|10585|29954|54344|57171|84892|144245|199857|374378,ST3GAL4|POMT1|POMT2|DPM3|DOLPP1|POMGNT2|ALG10B|ALG14|GALNT18,-0.6
MyList_MCODE_ALL,GO Biological Processes,19,GO:0035269,protein O-linked mannosylation,19_GO:0008152 metabolic process,-6.6,74,17,30293,19,86,4,4.7,2.3,10585|29954|54344|84892,POMT1|POMT2|DPM3|POMGNT2,-3.9
MyList_MCODE_ALL,GO Biological Processes,19,GO:0035268,protein mannosylation,19_GO:0008152 metabolic process,-6.1,56,15,30293,25,86,4,4.7,2.3,10585|29954|54344|84892,POMT1|POMT2|DPM3|POMGNT2,-3.5
MyList_MCODE_ALL,GO Biological Processes,19,GO:0097502,mannosylation,19_GO:0008152 metabolic process,-6.1,54,14,30293,26,86,4,4.7,2.3,10585|29954|54344|84892,POMT1|POMT2|DPM3|POMGNT2,-3.4
MyList_MCODE_ALL,GO Biological Processes,19,GO:0006626,protein targeting to mitochondrion,19_GO:0051179 localization,-6,28,12,30293,62,86,5,5.8,2.5,10245|10469|29928|56993|83943,TIMM17B|TIMM44|TIMM22|TOMM22|IMMP2L,-3.4
MyList_MCODE_ALL,GO Biological Processes,19,GO:0072655,establishment of protein localization to mitochondrion,19_GO:0051179 localization,-5.7,24,11,30293,73,86,5,5.8,2.5,10245|10469|29928|56993|83943,TIMM17B|TIMM44|TIMM22|TOMM22|IMMP2L,-3.1
MyList_MCODE_ALL,GO Biological Processes,19,GO:0006886,intracellular protein transport,19_GO:0051179 localization,-5.7,6.8,7.1,30293,519,86,10,12,3.5,160|1173|1174|5566|6811|10245|10469|29928|56993|79139,AP2A1|AP2M1|AP1S1|PRKACA|STX5|TIMM17B|TIMM44|TIMM22|TOMM22|DERL1,-3.1
MyList_MCODE_ALL,GO Biological Processes,19,GO:0070585,protein localization to mitochondrion,19_GO:0051179 localization,-5.4,21,9.8,30293,83,86,5,5.8,2.5,10245|10469|29928|56993|83943,TIMM17B|TIMM44|TIMM22|TOMM22|IMMP2L,-2.9
MyList_MCODE_ALL,GO Biological Processes,19,GO:0060049,regulation of protein glycosylation,19_GO:0008152 metabolic process,-5.3,88,16,30293,12,86,3,3.5,2,10585|29954|340485,POMT1|POMT2|ACER2,-2.9
MyList_MCODE_ALL,GO Biological Processes,19,GO:0022411,cellular component disassembly,19_GO:0009987 cellular process,-5.1,8,7.1,30293,351,86,8,9.3,3.1,2580|6601|6811|8408|27443|79065|84305|90850,GAK|SMARCC2|STX5|ULK1|CECR2|ATG9A|PYM1|ZNF598,-2.7
MyList_MCODE_ALL,GO Biological Processes,19,GO:0016339,calcium-dependent cell-cell adhesion via plasma membrane cell adhesion molecules,19_GO:0009987 cellular process,-5.1,31,11,30293,45,86,4,4.7,2.3,1006|8642|28316|60437,CDH8|DCHS1|CDH20|CDH26,-2.7
MyList_MCODE_ALL,GO Biological Processes,19,GO:0006672,ceramide metabolic process,19_GO:0008152 metabolic process,-5,18,8.9,30293,99,86,5,5.8,2.5,5518|6609|7357|55627|340485,PPP2R1A|SMPD1|UGCG|SMPD4|ACER2,-2.6
MyList_MCODE_ALL,GO Biological Processes,19,GO:0006643,membrane lipid metabolic process,19_GO:0008152 metabolic process,-4.6,10,7.2,30293,204,86,6,7,2.7,5518|6609|7357|54344|55627|340485,PPP2R1A|SMPD1|UGCG|DPM3|SMPD4|ACER2,-2.3
MyList_MCODE_ALL,GO Biological Processes,19,GO:0071806,protein transmembrane transport,19_GO:0051179 localization,-4.4,21,8.8,30293,66,86,4,4.7,2.3,10245|10469|29928|56993,TIMM17B|TIMM44|TIMM22|TOMM22,-2.2
MyList_MCODE_ALL,GO Biological Processes,19,GO:0043393,regulation of protein binding,19_GO:0065007 biological regulation,-4.4,13,7.5,30293,136,86,5,5.8,2.5,166|5566|54552|57761|79139,TLE5|PRKACA|GNL3L|TRIB3|DERL1,-2.1
MyList_MCODE_ALL,GO Biological Processes,19,GO:0046467,membrane lipid biosynthetic process,19_GO:0008152 metabolic process,-4.3,12,7.2,30293,143,86,5,5.8,2.5,6609|7357|54344|55627|340485,SMPD1|UGCG|DPM3|SMPD4|ACER2,-2.1
MyList_MCODE_ALL,GO Biological Processes,19,GO:0044331,cell-cell adhesion mediated by cadherin,19_GO:0009987 cellular process,-4.2,38,10,30293,28,86,3,3.5,2,1006|28316|60437,CDH8|CDH20|CDH26,-2
MyList_MCODE_ALL,GO Biological Processes,19,GO:0030149,sphingolipid catabolic process,19_GO:0008152 metabolic process,-4.1,35,10,30293,30,86,3,3.5,2,6609|55627|340485,SMPD1|SMPD4|ACER2,-1.9
MyList_MCODE_ALL,GO Biological Processes,19,GO:0006665,sphingolipid metabolic process,19_GO:0008152 metabolic process,-4.1,11,6.8,30293,157,86,5,5.8,2.5,5518|6609|7357|55627|340485,PPP2R1A|SMPD1|UGCG|SMPD4|ACER2,-1.9
MyList_MCODE_ALL,GO Biological Processes,19,GO:0072583,clathrin-dependent endocytosis,19_GO:0051179 localization,-4,33,9.7,30293,32,86,3,3.5,2,160|1173|2580,AP2A1|AP2M1|GAK,-1.9
MyList_MCODE_ALL,GO Biological Processes,19,GO:0046466,membrane lipid catabolic process,19_GO:0008152 metabolic process,-3.8,29,9.1,30293,36,86,3,3.5,2,6609|55627|340485,SMPD1|SMPD4|ACER2,-1.7
MyList_MCODE_ALL,GO Biological Processes,19,GO:0010256,endomembrane system organization,19_GO:0009987 cellular process,-3.7,5.1,5.2,30293,555,86,8,9.3,3.1,1174|2580|6609|6811|7357|55627|79065|116841,AP1S1|GAK|SMPD1|STX5|UGCG|SMPD4|ATG9A|SNAP47,-1.7
MyList_MCODE_ALL,GO Biological Processes,19,GO:0006493,protein O-linked glycosylation,19_GO:0008152 metabolic process,-3.7,14,7,30293,99,86,4,4.7,2.3,10585|29954|54344|84892,POMT1|POMT2|DPM3|POMGNT2,-1.7
MyList_MCODE_ALL,GO Biological Processes,19,GO:0030148,sphingolipid biosynthetic process,19_GO:0008152 metabolic process,-3.6,14,6.8,30293,104,86,4,4.7,2.3,6609|7357|55627|340485,SMPD1|UGCG|SMPD4|ACER2,-1.6
MyList_MCODE_ALL,GO Biological Processes,19,GO:0033365,protein localization to organelle,19_GO:0051179 localization,-3.6,4.2,4.8,30293,746,86,9,10,3.3,2580|5566|9656|10245|10469|11021|29928|56993|83943,GAK|PRKACA|MDC1|TIMM17B|TIMM44|RAB35|TIMM22|TOMM22|IMMP2L,-1.6
MyList_MCODE_ALL,GO Biological Processes,19,GO:0006259,DNA metabolic process,19_GO:0008152 metabolic process,-3.5,4.1,4.7,30293,766,86,9,10,3.3,5892|5893|5926|7737|9656|27443|51742|80198|116028,RAD51D|RAD52|ARID4A|RNF113A|MDC1|CECR2|ARID4B|MUS81|RMI2,-1.5
MyList_MCODE_ALL,GO Biological Processes,19,GO:0062012,regulation of small molecule metabolic process,19_GO:0008152 metabolic process,-3.4,6.4,5.2,30293,332,86,6,7,2.7,2023|5261|5566|8816|26330|57761,ENO1|PHKG2|PRKACA|DCAF5|GAPDHS|TRIB3,-1.5
MyList_MCODE_ALL,GO Biological Processes,19,GO:0000724,double-strand break repair via homologous recombination,19_GO:0050896 response to stimulus,-3.4,12,6.3,30293,119,86,4,4.7,2.3,5892|5893|80198|116028,RAD51D|RAD52|MUS81|RMI2,-1.5
MyList_MCODE_ALL,GO Biological Processes,19,GO:0000725,recombinational repair,19_GO:0050896 response to stimulus,-3.4,11,6.2,30293,124,86,4,4.7,2.3,5892|5893|80198|116028,RAD51D|RAD52|MUS81|RMI2,-1.4
MyList_MCODE_ALL,GO Biological Processes,19,GO:0034332,adherens junction organization,19_GO:0009987 cellular process,-3.4,20,7.4,30293,52,86,3,3.5,2,1006|28316|60437,CDH8|CDH20|CDH26,-1.4
MyList_MCODE_ALL,GO Biological Processes,19,GO:0010559,regulation of glycoprotein biosynthetic process,19_GO:0008152 metabolic process,-3.3,19,7.2,30293,55,86,3,3.5,2,10585|29954|340485,POMT1|POMT2|ACER2,-1.4
MyList_MCODE_ALL,GO Biological Processes,19,GO:0046513,ceramide biosynthetic process,19_GO:0008152 metabolic process,-3.2,19,7.1,30293,57,86,3,3.5,2,6609|7357|55627,SMPD1|UGCG|SMPD4,-1.4
MyList_MCODE_ALL,GO Biological Processes,19,GO:1903008,organelle disassembly,19_GO:0009987 cellular process,-3.2,10,5.9,30293,135,86,4,4.7,2.3,6811|8408|79065|90850,STX5|ULK1|ATG9A|ZNF598,-1.3
MyList_MCODE_ALL,GO Biological Processes,19,GO:0051098,regulation of binding,19_GO:0065007 biological regulation,-3.2,7.1,5.2,30293,247,86,5,5.8,2.5,166|5566|54552|57761|79139,TLE5|PRKACA|GNL3L|TRIB3|DERL1,-1.3
MyList_MCODE_ALL,GO Biological Processes,19,GO:1903018,regulation of glycoprotein metabolic process,19_GO:0008152 metabolic process,-3.2,17,6.8,30293,61,86,3,3.5,2,10585|29954|340485,POMT1|POMT2|ACER2,-1.3
MyList_MCODE_ALL,GO Biological Processes,19,GO:0043470,regulation of carbohydrate catabolic process,19_GO:0008152 metabolic process,-3.2,17,6.8,30293,61,86,3,3.5,2,5261|5566|26330,PHKG2|PRKACA|GAPDHS,-1.3
MyList_MCODE_ALL,GO Biological Processes,19,GO:0062013,positive regulation of small molecule metabolic process,19_GO:0048518 positive regulation of biological process,-3.1,9.9,5.7,30293,142,86,4,4.7,2.3,2023|5261|5566|26330,ENO1|PHKG2|PRKACA|GAPDHS,-1.3
MyList_MCODE_ALL,GO Biological Processes,19,GO:0051052,regulation of DNA metabolic process,19_GO:0008152 metabolic process,-3.1,4.7,4.6,30293,524,86,7,8.1,2.9,5518|5893|6601|54552|55869|93624|116028,PPP2R1A|RAD52|SMARCC2|GNL3L|HDAC8|TADA2B|RMI2,-1.3
MyList_MCODE_ALL,GO Biological Processes,19,GO:0006605,protein targeting,19_GO:0051179 localization,-3.1,7,5.1,30293,252,86,5,5.8,2.5,10245|10469|29928|56993|83943,TIMM17B|TIMM44|TIMM22|TOMM22|IMMP2L,-1.3
MyList_MCODE_ALL,GO Biological Processes,19,GO:0099003,vesicle-mediated transport in synapse,19_GO:0051179 localization,-3,9.2,5.4,30293,153,86,4,4.7,2.3,160|1173|2580|116841,AP2A1|AP2M1|GAK|SNAP47,-1.2
MyList_MCODE_ALL,GO Biological Processes,19,GO:0051668,localization within membrane,19_GO:0051179 localization,-3,4.4,4.4,30293,557,86,7,8.1,2.9,2580|8642|11021|29928|56993|57799|282808,GAK|DCHS1|RAB35|TIMM22|TOMM22|RAB40C|RAB40AL,-1.2
MyList_MCODE_ALL,GO Biological Processes,19,GO:1901873,regulation of post-translational protein modification,19_GO:0008152 metabolic process,-2.9,6.4,4.8,30293,277,86,5,5.8,2.5,54552|55869|57761|79139|93624,GNL3L|HDAC8|TRIB3|DERL1|TADA2B,-1.2
MyList_MCODE_ALL,GO Biological Processes,19,GO:1903578,regulation of ATP metabolic process,19_GO:0008152 metabolic process,-2.9,14,6.2,30293,73,86,3,3.5,2,2023|5566|26330,ENO1|PRKACA|GAPDHS,-1.2
MyList_MCODE_ALL,GO Biological Processes,19,GO:0006898,receptor-mediated endocytosis,19_GO:0051179 localization,-2.9,8.6,5.2,30293,163,86,4,4.7,2.3,160|1173|1174|2580,AP2A1|AP2M1|AP1S1|GAK,-1.2
MyList_MCODE_ALL,GO Biological Processes,19,GO:0007156,homophilic cell adhesion via plasma membrane adhesion molecules,19_GO:0009987 cellular process,-2.9,8.4,5.1,30293,167,86,4,4.7,2.3,1006|8642|28316|60437,CDH8|DCHS1|CDH20|CDH26,-1.1
MyList_MCODE_ALL,GO Biological Processes,19,GO:0045913,positive regulation of carbohydrate metabolic process,19_GO:0048518 positive regulation of biological process,-2.9,14,6,30293,77,86,3,3.5,2,5261|5566|26330,PHKG2|PRKACA|GAPDHS,-1.1
MyList_MCODE_ALL,GO Biological Processes,19,GO:0031400,negative regulation of protein modification process,19_GO:0048519 negative regulation of biological process,-2.9,4.9,4.4,30293,428,86,6,7,2.7,5170|5518|6609|54552|55869|57761,PDPK1|PPP2R1A|SMPD1|GNL3L|HDAC8|TRIB3,-1.1
MyList_MCODE_ALL,GO Biological Processes,19,GO:0061024,membrane organization,19_GO:0009987 cellular process,-2.9,3.7,4,30293,757,86,8,9.3,3.1,1173|6609|6811|7357|29928|56993|79065|116841,AP2M1|SMPD1|STX5|UGCG|TIMM22|TOMM22|ATG9A|SNAP47,-1.1
MyList_MCODE_ALL,GO Biological Processes,19,GO:0007005,mitochondrion organization,19_GO:0009987 cellular process,-2.8,4.9,4.4,30293,430,86,6,7,2.7,8408|29928|55210|56993|79065|83943,ULK1|TIMM22|ATAD3A|TOMM22|ATG9A|IMMP2L,-1.1
MyList_MCODE_ALL,GO Biological Processes,19,GO:0006974,DNA damage response,19_GO:0050896 response to stimulus,-2.8,3.7,4,30293,761,86,8,9.3,3.1,5892|5893|7737|9656|80198|83943|116028|340485,RAD51D|RAD52|RNF113A|MDC1|MUS81|IMMP2L|RMI2|ACER2,-1.1
MyList_MCODE_ALL,GO Biological Processes,19,GO:0140013,meiotic nuclear division,19_GO:0022414 reproductive process,-2.8,8.2,5.1,30293,171,86,4,4.7,2.3,5518|5892|80198|138474,PPP2R1A|RAD51D|MUS81|TAF1L,-1.1
MyList_MCODE_ALL,GO Biological Processes,19,GO:0031329,regulation of cellular catabolic process,19_GO:0008152 metabolic process,-2.8,3.6,3.9,30293,783,86,8,9.3,3.1,5261|5566|8408|9513|10325|26330|57761|340485,PHKG2|PRKACA|ULK1|FXR2|RRAGB|GAPDHS|TRIB3|ACER2,-1.1
MyList_MCODE_ALL,GO Biological Processes,19,GO:0006839,mitochondrial transport,19_GO:0051179 localization,-2.7,7.8,4.9,30293,181,86,4,4.7,2.3,10245|10469|29928|56993,TIMM17B|TIMM44|TIMM22|TOMM22,-1.1
MyList_MCODE_ALL,GO Biological Processes,19,GO:0006109,regulation of carbohydrate metabolic process,19_GO:0008152 metabolic process,-2.7,7.7,4.9,30293,182,86,4,4.7,2.3,160|5261|5566|26330,AP2A1|PHKG2|PRKACA|GAPDHS,-1
MyList_MCODE_ALL,GO Biological Processes,19,GO:0006325,chromatin organization,19_GO:0009987 cellular process,-2.7,3.6,3.9,30293,791,86,8,9.3,3.1,5926|6601|23186|27443|51742|55869|93624|138474,ARID4A|SMARCC2|RCOR1|CECR2|ARID4B|HDAC8|TADA2B|TAF1L,-1
MyList_MCODE_ALL,GO Biological Processes,19,GO:0046434,organophosphate catabolic process,19_GO:0008152 metabolic process,-2.7,7.7,4.9,30293,183,86,4,4.7,2.3,2023|6609|26330|55627,ENO1|SMPD1|GAPDHS|SMPD4,-1
MyList_MCODE_ALL,GO Biological Processes,19,GO:0022412,cellular process involved in reproduction in multicellular organism,19_GO:0022414 reproductive process,-2.7,4.6,4.1,30293,462,86,6,7,2.7,4867|5518|5566|5926|51742|138474,NPHP1|PPP2R1A|PRKACA|ARID4A|ARID4B|TAF1L,-1
MyList_MCODE_ALL,GO Biological Processes,19,GO:0002064,epithelial cell development,19_GO:0032502 developmental process,-2.7,7.4,4.7,30293,190,86,4,4.7,2.3,1874|5170|5926|51742,E2F4|PDPK1|ARID4A|ARID4B,-1
MyList_MCODE_ALL,GO Biological Processes,19,GO:0016567,protein ubiquitination,19_GO:0008152 metabolic process,-2.7,3.9,3.9,30293,633,86,7,8.1,2.9,7737|8816|9520|26224|57799|90850|282808,RNF113A|DCAF5|NPEPPS|FBXL3|RAB40C|ZNF598|RAB40AL,-1
MyList_MCODE_ALL,GO Biological Processes,19,GO:1903046,meiotic cell cycle process,19_GO:0022414 reproductive process,-2.7,7.3,4.7,30293,192,86,4,4.7,2.3,5518|5892|80198|138474,PPP2R1A|RAD51D|MUS81|TAF1L,-1
MyList_MCODE_ALL,GO Biological Processes,19,GO:0072657,protein localization to membrane,19_GO:0051179 localization,-2.6,4.5,4.1,30293,473,86,6,7,2.7,2580|8642|29928|56993|57799|282808,GAK|DCHS1|TIMM22|TOMM22|RAB40C|RAB40AL,-0.99
MyList_MCODE_ALL,GO Biological Processes,19,GO:1900542,regulation of purine nucleotide metabolic process,19_GO:0008152 metabolic process,-2.6,11,5.4,30293,92,86,3,3.5,2,2023|5566|26330,ENO1|PRKACA|GAPDHS,-0.99
MyList_MCODE_ALL,GO Biological Processes,19,GO:0031647,regulation of protein stability,19_GO:0065007 biological regulation,-2.6,5.4,4.3,30293,325,86,5,5.8,2.5,26224|54344|54552|55869|79139,FBXL3|DPM3|GNL3L|HDAC8|DERL1,-0.98
MyList_MCODE_ALL,GO Biological Processes,19,GO:0006140,regulation of nucleotide metabolic process,19_GO:0008152 metabolic process,-2.6,11,5.3,30293,93,86,3,3.5,2,2023|5566|26330,ENO1|PRKACA|GAPDHS,-0.98
MyList_MCODE_ALL,GO Biological Processes,19,GO:0031396,regulation of protein ubiquitination,19_GO:0008152 metabolic process,-2.6,7.1,4.6,30293,198,86,4,4.7,2.3,54552|55869|57761|79139,GNL3L|HDAC8|TRIB3|DERL1,-0.97
MyList_MCODE_ALL,GO Biological Processes,19,GO:0006338,chromatin remodeling,19_GO:0009987 cellular process,-2.6,3.8,3.8,30293,649,86,7,8.1,2.9,5926|6601|27443|51742|55869|93624|138474,ARID4A|SMARCC2|CECR2|ARID4B|HDAC8|TADA2B|TAF1L,-0.97
MyList_MCODE_ALL,GO Biological Processes,19,GO:0034655,nucleobase-containing compound catabolic process,19_GO:0008152 metabolic process,-2.6,5.3,4.2,30293,330,86,5,5.8,2.5,2023|26330|27443|80198|84305,ENO1|GAPDHS|CECR2|MUS81|PYM1,-0.97
MyList_MCODE_ALL,GO Biological Processes,19,GO:0022613,ribonucleoprotein complex biogenesis,19_GO:0009987 cellular process,-2.6,4.3,3.9,30293,492,86,6,7,2.7,10528|10713|10946|10969|11051|54552,NOP56|USP39|SF3A3|EBNA1BP2|NUDT21|GNL3L,-0.94
MyList_MCODE_ALL,GO Biological Processes,19,GO:0072659,protein localization to plasma membrane,19_GO:0051179 localization,-2.6,6.9,4.5,30293,205,86,4,4.7,2.3,2580|8642|57799|282808,GAK|DCHS1|RAB40C|RAB40AL,-0.94
MyList_MCODE_ALL,GO Biological Processes,19,GO:0072594,establishment of protein localization to organelle,19_GO:0051179 localization,-2.5,5.1,4.1,30293,348,86,5,5.8,2.5,10245|10469|29928|56993|83943,TIMM17B|TIMM44|TIMM22|TOMM22|IMMP2L,-0.91
MyList_MCODE_ALL,GO Biological Processes,19,GO:0006281,DNA repair,19_GO:0050896 response to stimulus,-2.5,4.2,3.8,30293,508,86,6,7,2.7,5892|5893|7737|9656|80198|116028,RAD51D|RAD52|RNF113A|MDC1|MUS81|RMI2,-0.9
MyList_MCODE_ALL,GO Biological Processes,19,GO:0006282,regulation of DNA repair,19_GO:0050896 response to stimulus,-2.5,6.6,4.4,30293,215,86,4,4.7,2.3,5893|6601|93624|116028,RAD52|SMARCC2|TADA2B|RMI2,-0.89
MyList_MCODE_ALL,GO Biological Processes,19,GO:0006664,glycolipid metabolic process,19_GO:0008152 metabolic process,-2.5,10,5,30293,105,86,3,3.5,2,6609|7357|54344,SMPD1|UGCG|DPM3,-0.89
MyList_MCODE_ALL,GO Biological Processes,19,GO:0006302,double-strand break repair,19_GO:0050896 response to stimulus,-2.5,6.5,4.3,30293,216,86,4,4.7,2.3,5892|5893|80198|116028,RAD51D|RAD52|MUS81|RMI2,-0.89
MyList_MCODE_ALL,GO Biological Processes,19,GO:0010506,regulation of autophagy,19_GO:0008152 metabolic process,-2.5,5,4,30293,355,86,5,5.8,2.5,5566|8408|10325|57761|340485,PRKACA|ULK1|RRAGB|TRIB3|ACER2,-0.89
MyList_MCODE_ALL,GO Biological Processes,19,GO:1903509,liposaccharide metabolic process,19_GO:0008152 metabolic process,-2.5,10,4.9,30293,106,86,3,3.5,2,6609|7357|54344,SMPD1|UGCG|DPM3,-0.89
MyList_MCODE_ALL,GO Biological Processes,19,GO:0043413,macromolecule glycosylation,19_GO:0008152 metabolic process,-2.4,6.4,4.3,30293,219,86,4,4.7,2.3,10585|29954|54344|84892,POMT1|POMT2|DPM3|POMGNT2,-0.88
MyList_MCODE_ALL,GO Biological Processes,19,GO:0006486,protein glycosylation,19_GO:0008152 metabolic process,-2.4,6.4,4.3,30293,219,86,4,4.7,2.3,10585|29954|54344|84892,POMT1|POMT2|DPM3|POMGNT2,-0.88
MyList_MCODE_ALL,GO Biological Processes,19,GO:0016052,carbohydrate catabolic process,19_GO:0008152 metabolic process,-2.4,9.6,4.8,30293,110,86,3,3.5,2,2023|5261|26330,ENO1|PHKG2|GAPDHS,-0.85
MyList_MCODE_ALL,GO Biological Processes,19,GO:0044270,cellular nitrogen compound catabolic process,19_GO:0008152 metabolic process,-2.4,4.8,3.9,30293,368,86,5,5.8,2.5,2023|26330|27443|80198|84305,ENO1|GAPDHS|CECR2|MUS81|PYM1,-0.84
MyList_MCODE_ALL,GO Biological Processes,19,GO:0046700,heterocycle catabolic process,19_GO:0008152 metabolic process,-2.4,4.8,3.9,30293,369,86,5,5.8,2.5,2023|26330|27443|80198|84305,ENO1|GAPDHS|CECR2|MUS81|PYM1,-0.84
MyList_MCODE_ALL,GO Biological Processes,19,GO:0032446,protein modification by small protein conjugation,19_GO:0008152 metabolic process,-2.4,3.5,3.6,30293,711,86,7,8.1,2.9,7737|8816|9520|26224|57799|90850|282808,RNF113A|DCAF5|NPEPPS|FBXL3|RAB40C|ZNF598|RAB40AL,-0.84
MyList_MCODE_ALL,GO Biological Processes,19,GO:0062014,negative regulation of small molecule metabolic process,19_GO:0048519 negative regulation of biological process,-2.4,9.2,4.7,30293,115,86,3,3.5,2,5566|8816|57761,PRKACA|DCAF5|TRIB3,-0.82
MyList_MCODE_ALL,GO Biological Processes,19,GO:0070085,glycosylation,19_GO:0008152 metabolic process,-2.3,6,4.1,30293,235,86,4,4.7,2.3,10585|29954|54344|84892,POMT1|POMT2|DPM3|POMGNT2,-0.81
MyList_MCODE_ALL,GO Biological Processes,19,GO:0045936,negative regulation of phosphate metabolic process,19_GO:0048519 negative regulation of biological process,-2.3,4.6,3.8,30293,380,86,5,5.8,2.5,5170|5518|5566|6609|57761,PDPK1|PPP2R1A|PRKACA|SMPD1|TRIB3,-0.81
MyList_MCODE_ALL,GO Biological Processes,19,GO:0009615,response to virus,19_GO:0044419 biological process involved in interspecies interaction between organisms,-2.3,4.6,3.8,30293,380,86,5,5.8,2.5,1174|2023|6609|55210|79132,AP1S1|ENO1|SMPD1|ATAD3A|DHX58,-0.81
MyList_MCODE_ALL,GO Biological Processes,19,GO:0010563,negative regulation of phosphorus metabolic process,19_GO:0048519 negative regulation of biological process,-2.3,4.6,3.8,30293,381,86,5,5.8,2.5,5170|5518|5566|6609|57761,PDPK1|PPP2R1A|PRKACA|SMPD1|TRIB3,-0.8
MyList_MCODE_ALL,GO Biological Processes,19,GO:0043604,amide biosynthetic process,19_GO:0008152 metabolic process,-2.3,3.9,3.6,30293,546,86,6,7,2.7,6609|7357|55627|64432|64968|90850,SMPD1|UGCG|SMPD4|MRPS25|MRPS6|ZNF598,-0.8
MyList_MCODE_ALL,GO Biological Processes,19,GO:1903320,regulation of protein modification by small protein conjugation or removal,19_GO:0008152 metabolic process,-2.3,5.8,4,30293,241,86,4,4.7,2.3,54552|55869|57761|79139,GNL3L|HDAC8|TRIB3|DERL1,-0.78
MyList_MCODE_ALL,GO Biological Processes,19,GO:0019439,aromatic compound catabolic process,19_GO:0008152 metabolic process,-2.3,4.5,3.7,30293,388,86,5,5.8,2.5,2023|26330|27443|80198|84305,ENO1|GAPDHS|CECR2|MUS81|PYM1,-0.78
MyList_MCODE_ALL,GO Biological Processes,19,GO:0033044,regulation of chromosome organization,19_GO:0050789 regulation of biological process,-2.3,5.8,4,30293,245,86,4,4.7,2.3,6601|54552|55869|116028,SMARCC2|GNL3L|HDAC8|RMI2,-0.77
MyList_MCODE_ALL,GO Biological Processes,19,GO:0006310,DNA recombination,19_GO:0008152 metabolic process,-2.3,5.8,4,30293,245,86,4,4.7,2.3,5892|5893|80198|116028,RAD51D|RAD52|MUS81|RMI2,-0.77
MyList_MCODE_ALL,GO Biological Processes,19,GO:1990778,protein localization to cell periphery,19_GO:0051179 localization,-2.3,5.7,4,30293,246,86,4,4.7,2.3,2580|8642|57799|282808,GAK|DCHS1|RAB40C|RAB40AL,-0.77
MyList_MCODE_ALL,GO Biological Processes,19,GO:0030512,negative regulation of transforming growth factor beta receptor signaling pathway,19_GO:0048519 negative regulation of biological process,-2.3,8.4,4.4,30293,126,86,3,3.5,2,5170|5926|51742,PDPK1|ARID4A|ARID4B,-0.76
MyList_MCODE_ALL,GO Biological Processes,19,GO:0007043,cell-cell junction assembly,19_GO:0009987 cellular process,-2.3,8.4,4.4,30293,126,86,3,3.5,2,1006|28316|60437,CDH8|CDH20|CDH26,-0.76
MyList_MCODE_ALL,GO Biological Processes,19,GO:0016482,cytosolic transport,19_GO:0051179 localization,-2.2,8.2,4.4,30293,129,86,3,3.5,2,160|2580|6811,AP2A1|GAK|STX5,-0.74
MyList_MCODE_ALL,GO Biological Processes,19,GO:0051321,meiotic cell cycle,19_GO:0022414 reproductive process,-2.2,5.5,3.9,30293,254,86,4,4.7,2.3,5518|5892|80198|138474,PPP2R1A|RAD51D|MUS81|TAF1L,-0.74
MyList_MCODE_ALL,GO Biological Processes,19,GO:0098742,cell-cell adhesion via plasma-membrane adhesion molecules,19_GO:0009987 cellular process,-2.2,5.4,3.8,30293,261,86,4,4.7,2.3,1006|8642|28316|60437,CDH8|DCHS1|CDH20|CDH26,-0.71
MyList_MCODE_ALL,GO Biological Processes,19,GO:1901361,organic cyclic compound catabolic process,19_GO:0008152 metabolic process,-2.2,4.2,3.5,30293,417,86,5,5.8,2.5,2023|26330|27443|80198|84305,ENO1|GAPDHS|CECR2|MUS81|PYM1,-0.71
MyList_MCODE_ALL,GO Biological Processes,19,GO:0008610,lipid biosynthetic process,19_GO:0008152 metabolic process,-2.2,3.6,3.4,30293,594,86,6,7,2.7,6609|7357|54344|55627|79154|340485,SMPD1|UGCG|DPM3|SMPD4|DHRS11|ACER2,-0.7
MyList_MCODE_ALL,GO Biological Processes,19,GO:1901137,carbohydrate derivative biosynthetic process,19_GO:0008152 metabolic process,-2.2,3.5,3.3,30293,596,86,6,7,2.7,1503|7357|10585|29954|54344|84892,CTPS1|UGCG|POMT1|POMT2|DPM3|POMGNT2,-0.7
MyList_MCODE_ALL,GO Biological Processes,19,GO:0043467,regulation of generation of precursor metabolites and energy,19_GO:0008152 metabolic process,-2.1,7.5,4.1,30293,140,86,3,3.5,2,5261|5566|26330,PHKG2|PRKACA|GAPDHS,-0.68
MyList_MCODE_ALL,GO Biological Processes,19,GO:0042770,signal transduction in response to DNA damage,19_GO:0050896 response to stimulus,-2.1,7.4,4.1,30293,142,86,3,3.5,2,9656|80198|340485,MDC1|MUS81|ACER2,-0.67
MyList_MCODE_ALL,GO Biological Processes,19,GO:0099504,synaptic vesicle cycle,19_GO:0051179 localization,-2.1,7.4,4.1,30293,143,86,3,3.5,2,1173|2580|116841,AP2M1|GAK|SNAP47,-0.67
MyList_MCODE_ALL,GO Biological Processes,19,GO:0009101,glycoprotein biosynthetic process,19_GO:0008152 metabolic process,-2.1,5.1,3.6,30293,277,86,4,4.7,2.3,10585|29954|54344|84892,POMT1|POMT2|DPM3|POMGNT2,-0.66
MyList_MCODE_ALL,GO Biological Processes,19,GO:0009896,positive regulation of catabolic process,19_GO:0048518 positive regulation of biological process,-2.1,3.4,3.2,30293,617,86,6,7,2.7,5261|6811|8408|9513|26330|57761,PHKG2|STX5|ULK1|FXR2|GAPDHS|TRIB3,-0.65
MyList_MCODE_ALL,GO Biological Processes,19,GO:0032984,protein-containing complex disassembly,19_GO:0009987 cellular process,-2.1,7.2,4,30293,146,86,3,3.5,2,2580|6601|84305,GAK|SMARCC2|PYM1,-0.65
MyList_MCODE_ALL,GO Biological Processes,19,GO:0007009,plasma membrane organization,19_GO:0009987 cellular process,-2,7,4,30293,150,86,3,3.5,2,6609|7357|79065,SMPD1|UGCG|ATG9A,-0.63
MyList_SUB1_MCODE_1,GO Biological Processes,19,GO:0006626,protein targeting to mitochondrion,19_GO:0051179 localization,-8.2,76,19,30293,62,32,5,16,6.4,10245|10469|29928|56993|83943,TIMM17B|TIMM44|TIMM22|TOMM22|IMMP2L,-5
MyList_SUB1_MCODE_1,GO Biological Processes,19,GO:0072655,establishment of protein localization to mitochondrion,19_GO:0051179 localization,-7.9,65,18,30293,73,32,5,16,6.4,10245|10469|29928|56993|83943,TIMM17B|TIMM44|TIMM22|TOMM22|IMMP2L,-4.7
MyList_SUB1_MCODE_1,GO Biological Processes,19,GO:0070585,protein localization to mitochondrion,19_GO:0051179 localization,-7.6,57,17,30293,83,32,5,16,6.4,10245|10469|29928|56993|83943,TIMM17B|TIMM44|TIMM22|TOMM22|IMMP2L,-4.5
MyList_SUB1_MCODE_1,GO Biological Processes,19,GO:0071806,protein transmembrane transport,19_GO:0051179 localization,-6.2,57,15,30293,66,32,4,12,5.8,10245|10469|29928|56993,TIMM17B|TIMM44|TIMM22|TOMM22,-3.5
MyList_SUB1_MCODE_1,GO Biological Processes,19,GO:0006605,protein targeting,19_GO:0051179 localization,-5.2,19,9.2,30293,252,32,5,16,6.4,10245|10469|29928|56993|83943,TIMM17B|TIMM44|TIMM22|TOMM22|IMMP2L,-2.8
MyList_SUB1_MCODE_1,GO Biological Processes,19,GO:0000724,double-strand break repair via homologous recombination,19_GO:0050896 response to stimulus,-5.1,32,11,30293,119,32,4,12,5.8,5892|5893|80198|116028,RAD51D|RAD52|MUS81|RMI2,-2.7
MyList_SUB1_MCODE_1,GO Biological Processes,19,GO:0000725,recombinational repair,19_GO:0050896 response to stimulus,-5.1,31,11,30293,124,32,4,12,5.8,5892|5893|80198|116028,RAD51D|RAD52|MUS81|RMI2,-2.7
MyList_SUB1_MCODE_1,GO Biological Processes,19,GO:0072594,establishment of protein localization to organelle,19_GO:0051179 localization,-4.5,14,7.7,30293,348,32,5,16,6.4,10245|10469|29928|56993|83943,TIMM17B|TIMM44|TIMM22|TOMM22|IMMP2L,-2.3
MyList_SUB1_MCODE_1,GO Biological Processes,19,GO:0006839,mitochondrial transport,19_GO:0051179 localization,-4.4,21,8.7,30293,181,32,4,12,5.8,10245|10469|29928|56993,TIMM17B|TIMM44|TIMM22|TOMM22,-2.2
MyList_SUB1_MCODE_1,GO Biological Processes,19,GO:0006302,double-strand break repair,19_GO:0050896 response to stimulus,-4.1,18,7.9,30293,216,32,4,12,5.8,5892|5893|80198|116028,RAD51D|RAD52|MUS81|RMI2,-2
MyList_SUB1_MCODE_1,GO Biological Processes,19,GO:0006310,DNA recombination,19_GO:0008152 metabolic process,-3.9,15,7.4,30293,245,32,4,12,5.8,5892|5893|80198|116028,RAD51D|RAD52|MUS81|RMI2,-1.8
MyList_SUB1_MCODE_1,GO Biological Processes,19,GO:0140013,meiotic nuclear division,19_GO:0022414 reproductive process,-3.1,17,6.7,30293,171,32,3,9.4,5.2,5892|80198|138474,RAD51D|MUS81|TAF1L,-1.3
MyList_SUB1_MCODE_1,GO Biological Processes,19,GO:0033365,protein localization to organelle,19_GO:0051179 localization,-3,6.3,4.8,30293,746,32,5,16,6.4,10245|10469|29928|56993|83943,TIMM17B|TIMM44|TIMM22|TOMM22|IMMP2L,-1.2
MyList_SUB1_MCODE_1,GO Biological Processes,19,GO:0007005,mitochondrion organization,19_GO:0009987 cellular process,-3,8.8,5.3,30293,430,32,4,12,5.8,29928|55210|56993|83943,TIMM22|ATAD3A|TOMM22|IMMP2L,-1.2
MyList_SUB1_MCODE_1,GO Biological Processes,19,GO:1903046,meiotic cell cycle process,19_GO:0022414 reproductive process,-3,15,6.2,30293,192,32,3,9.4,5.2,5892|80198|138474,RAD51D|MUS81|TAF1L,-1.2
MyList_SUB1_MCODE_1,GO Biological Processes,19,GO:0006974,DNA damage response,19_GO:0050896 response to stimulus,-2.9,6.2,4.7,30293,761,32,5,16,6.4,5892|5893|80198|83943|116028,RAD51D|RAD52|MUS81|IMMP2L|RMI2,-1.2
MyList_SUB1_MCODE_1,GO Biological Processes,19,GO:0006259,DNA metabolic process,19_GO:0008152 metabolic process,-2.9,6.2,4.7,30293,766,32,5,16,6.4,5892|5893|27443|80198|116028,RAD51D|RAD52|CECR2|MUS81|RMI2,-1.2
MyList_SUB1_MCODE_1,GO Biological Processes,19,GO:0006282,regulation of DNA repair,19_GO:0050896 response to stimulus,-2.8,13,5.8,30293,215,32,3,9.4,5.2,5893|93624|116028,RAD52|TADA2B|RMI2,-1.1
MyList_SUB1_MCODE_1,GO Biological Processes,19,GO:0022613,ribonucleoprotein complex biogenesis,19_GO:0009987 cellular process,-2.8,7.7,4.9,30293,492,32,4,12,5.8,10528|10713|10946|11051,NOP56|USP39|SF3A3|NUDT21,-1.1
MyList_SUB1_MCODE_1,GO Biological Processes,19,GO:0022618,protein-RNA complex assembly,19_GO:0009987 cellular process,-2.7,12,5.6,30293,233,32,3,9.4,5.2,10713|10946|11051,USP39|SF3A3|NUDT21,-1
MyList_SUB1_MCODE_1,GO Biological Processes,19,GO:0006281,DNA repair,19_GO:0050896 response to stimulus,-2.7,7.5,4.8,30293,508,32,4,12,5.8,5892|5893|80198|116028,RAD51D|RAD52|MUS81|RMI2,-1
MyList_SUB1_MCODE_1,GO Biological Processes,19,GO:0006518,peptide metabolic process,19_GO:0008152 metabolic process,-2.7,7.4,4.7,30293,515,32,4,12,5.8,64432|64968|83943|90850,MRPS25|MRPS6|IMMP2L|ZNF598,-1
MyList_SUB1_MCODE_1,GO Biological Processes,19,GO:0006886,intracellular protein transport,19_GO:0051179 localization,-2.7,7.3,4.7,30293,519,32,4,12,5.8,10245|10469|29928|56993,TIMM17B|TIMM44|TIMM22|TOMM22,-1
MyList_SUB1_MCODE_1,GO Biological Processes,19,GO:0071826,protein-RNA complex organization,19_GO:0009987 cellular process,-2.7,12,5.4,30293,243,32,3,9.4,5.2,10713|10946|11051,USP39|SF3A3|NUDT21,-1
MyList_SUB1_MCODE_1,GO Biological Processes,19,GO:0051321,meiotic cell cycle,19_GO:0022414 reproductive process,-2.6,11,5.3,30293,254,32,3,9.4,5.2,5892|80198|138474,RAD51D|MUS81|TAF1L,-0.98
MyList_SUB1_MCODE_1,GO Biological Processes,19,GO:1901653,cellular response to peptide,19_GO:0050896 response to stimulus,-2.4,9.1,4.7,30293,311,32,3,9.4,5.2,5170|23641|57761,PDPK1|LDOC1|TRIB3,-0.83
MyList_SUB1_MCODE_1,GO Biological Processes,19,GO:0000280,nuclear division,19_GO:0009987 cellular process,-2.3,8.9,4.6,30293,318,32,3,9.4,5.2,5892|80198|138474,RAD51D|MUS81|TAF1L,-0.81
MyList_SUB1_MCODE_1,GO Biological Processes,19,GO:0034655,nucleobase-containing compound catabolic process,19_GO:0008152 metabolic process,-2.3,8.6,4.5,30293,330,32,3,9.4,5.2,26330|27443|80198,GAPDHS|CECR2|MUS81,-0.78
MyList_SUB1_MCODE_1,GO Biological Processes,19,GO:0048285,organelle fission,19_GO:0009987 cellular process,-2.2,8.3,4.4,30293,344,32,3,9.4,5.2,5892|80198|138474,RAD51D|MUS81|TAF1L,-0.76
MyList_SUB1_MCODE_1,GO Biological Processes,19,GO:0044270,cellular nitrogen compound catabolic process,19_GO:0008152 metabolic process,-2.2,7.7,4.2,30293,368,32,3,9.4,5.2,26330|27443|80198,GAPDHS|CECR2|MUS81,-0.71
MyList_SUB1_MCODE_1,GO Biological Processes,19,GO:0046700,heterocycle catabolic process,19_GO:0008152 metabolic process,-2.2,7.7,4.2,30293,369,32,3,9.4,5.2,26330|27443|80198,GAPDHS|CECR2|MUS81,-0.71
MyList_SUB1_MCODE_1,GO Biological Processes,19,GO:0019439,aromatic compound catabolic process,19_GO:0008152 metabolic process,-2.1,7.3,4.1,30293,388,32,3,9.4,5.2,26330|27443|80198,GAPDHS|CECR2|MUS81,-0.67
MyList_SUB1_MCODE_1,GO Biological Processes,19,GO:0006412,translation,19_GO:0008152 metabolic process,-2.1,7.2,4,30293,393,32,3,9.4,5.2,64432|64968|90850,MRPS25|MRPS6|ZNF598,-0.66
MyList_SUB1_MCODE_1,GO Biological Processes,19,GO:1901361,organic cyclic compound catabolic process,19_GO:0008152 metabolic process,-2,6.8,3.9,30293,417,32,3,9.4,5.2,26330|27443|80198,GAPDHS|CECR2|MUS81,-0.62
MyList_SUB1_MCODE_1,GO Biological Processes,19,GO:0043043,peptide biosynthetic process,19_GO:0008152 metabolic process,-2,6.7,3.9,30293,422,32,3,9.4,5.2,64432|64968|90850,MRPS25|MRPS6|ZNF598,-0.61
MyList_SUB1_MCODE_2,GO Biological Processes,19,GO:0035269,protein O-linked mannosylation,19_GO:0008152 metabolic process,-10,4.6e+02,43,30293,19,14,4,29,12,10585|29954|54344|84892,POMT1|POMT2|DPM3|POMGNT2,-6.1
MyList_SUB1_MCODE_2,GO Biological Processes,19,GO:0035268,protein mannosylation,19_GO:0008152 metabolic process,-9.4,3.5e+02,37,30293,25,14,4,29,12,10585|29954|54344|84892,POMT1|POMT2|DPM3|POMGNT2,-5.8
MyList_SUB1_MCODE_2,GO Biological Processes,19,GO:0097502,mannosylation,19_GO:0008152 metabolic process,-9.4,3.3e+02,36,30293,26,14,4,29,12,10585|29954|54344|84892,POMT1|POMT2|DPM3|POMGNT2,-5.8
MyList_SUB1_MCODE_2,GO Biological Processes,19,GO:0006493,protein O-linked glycosylation,19_GO:0008152 metabolic process,-7,87,19,30293,99,14,4,29,12,10585|29954|54344|84892,POMT1|POMT2|DPM3|POMGNT2,-4.1
MyList_SUB1_MCODE_2,GO Biological Processes,19,GO:0043413,macromolecule glycosylation,19_GO:0008152 metabolic process,-5.6,40,12,30293,219,14,4,29,12,10585|29954|54344|84892,POMT1|POMT2|DPM3|POMGNT2,-3.1
MyList_SUB1_MCODE_2,GO Biological Processes,19,GO:0006486,protein glycosylation,19_GO:0008152 metabolic process,-5.6,40,12,30293,219,14,4,29,12,10585|29954|54344|84892,POMT1|POMT2|DPM3|POMGNT2,-3.1
MyList_SUB1_MCODE_2,GO Biological Processes,19,GO:0070085,glycosylation,19_GO:0008152 metabolic process,-5.5,37,12,30293,235,14,4,29,12,10585|29954|54344|84892,POMT1|POMT2|DPM3|POMGNT2,-3
MyList_SUB1_MCODE_2,GO Biological Processes,19,GO:1901137,carbohydrate derivative biosynthetic process,19_GO:0008152 metabolic process,-5.3,18,9.1,30293,596,14,5,36,13,1503|10585|29954|54344|84892,CTPS1|POMT1|POMT2|DPM3|POMGNT2,-2.8
MyList_SUB1_MCODE_2,GO Biological Processes,19,GO:0009101,glycoprotein biosynthetic process,19_GO:0008152 metabolic process,-5.2,31,11,30293,277,14,4,29,12,10585|29954|54344|84892,POMT1|POMT2|DPM3|POMGNT2,-2.8
MyList_SUB1_MCODE_2,GO Biological Processes,19,GO:0009100,glycoprotein metabolic process,19_GO:0008152 metabolic process,-4.9,26,9.8,30293,334,14,4,29,12,10585|29954|54344|84892,POMT1|POMT2|DPM3|POMGNT2,-2.5
MyList_SUB1_MCODE_3,GO Biological Processes,19,GO:0062013,positive regulation of small molecule metabolic process,19_GO:0048518 positive regulation of biological process,-4.8,58,13,30293,142,11,3,27,13,2023|5261|5566,ENO1|PHKG2|PRKACA,-2.5
MyList_SUB1_MCODE_3,GO Biological Processes,19,GO:0016310,phosphorylation,19_GO:0008152 metabolic process,-4,15,7.4,30293,720,11,4,36,15,2580|5261|5566|8408,GAK|PHKG2|PRKACA|ULK1,-1.9
MyList_SUB1_MCODE_3,GO Biological Processes,19,GO:0031668,cellular response to extracellular stimulus,19_GO:0050896 response to stimulus,-4,32,9.5,30293,260,11,3,27,13,166|8408|10325,TLE5|ULK1|RRAGB,-1.9
MyList_SUB1_MCODE_3,GO Biological Processes,19,GO:0031329,regulation of cellular catabolic process,19_GO:0008152 metabolic process,-3.9,14,7.1,30293,783,11,4,36,15,5261|5566|8408|10325,PHKG2|PRKACA|ULK1|RRAGB,-1.8
MyList_SUB1_MCODE_3,GO Biological Processes,19,GO:0071496,cellular response to external stimulus,19_GO:0050896 response to stimulus,-3.7,25,8.4,30293,326,11,3,27,13,166|8408|10325,TLE5|ULK1|RRAGB,-1.6
MyList_SUB1_MCODE_3,GO Biological Processes,19,GO:0062012,regulation of small molecule metabolic process,19_GO:0008152 metabolic process,-3.7,25,8.3,30293,332,11,3,27,13,2023|5261|5566,ENO1|PHKG2|PRKACA,-1.6
MyList_SUB1_MCODE_3,GO Biological Processes,19,GO:0010506,regulation of autophagy,19_GO:0008152 metabolic process,-3.6,23,8,30293,355,11,3,27,13,5566|8408|10325,PRKACA|ULK1|RRAGB,-1.6
MyList_SUB1_MCODE_3,GO Biological Processes,19,GO:0006468,protein phosphorylation,19_GO:0008152 metabolic process,-3.2,17,6.7,30293,490,11,3,27,13,5261|5566|8408,PHKG2|PRKACA|ULK1,-1.3
MyList_SUB1_MCODE_3,GO Biological Processes,19,GO:0009991,response to extracellular stimulus,19_GO:0050896 response to stimulus,-3.2,16,6.6,30293,505,11,3,27,13,166|8408|10325,TLE5|ULK1|RRAGB,-1.3
MyList_SUB1_MCODE_3,GO Biological Processes,19,GO:0040008,regulation of growth,19_GO:0040007 growth,-2.9,13,5.9,30293,616,11,3,27,13,166|2023|8408,TLE5|ENO1|ULK1,-1.2
MyList_SUB1_MCODE_3,GO Biological Processes,19,GO:0033365,protein localization to organelle,19_GO:0051179 localization,-2.7,11,5.3,30293,746,11,3,27,13,2580|5566|9656,GAK|PRKACA|MDC1,-1
MyList_SUB1_MCODE_4,GO Biological Processes,19,GO:0006325,chromatin organization,19_GO:0009987 cellular process,-4.3,17,7.9,30293,791,9,4,44,17,5926|6601|23186|51742,ARID4A|SMARCC2|RCOR1|ARID4B,-2.1
MyList_SUB1_MCODE_4,GO Biological Processes,19,GO:0006351,DNA-templated transcription,19_GO:0008152 metabolic process,-3.4,19,7.2,30293,535,9,3,33,16,5926|10849|51742,ARID4A|POLR1G|ARID4B,-1.4
MyList_SUB1_MCODE_4,GO Biological Processes,19,GO:0032774,RNA biosynthetic process,19_GO:0008152 metabolic process,-3.3,18,7.1,30293,548,9,3,33,16,5926|10849|51742,ARID4A|POLR1G|ARID4B,-1.4
MyList_SUB1_MCODE_4,GO Biological Processes,19,GO:0006338,chromatin remodeling,19_GO:0009987 cellular process,-3.1,16,6.5,30293,649,9,3,33,16,5926|6601|51742,ARID4A|SMARCC2|ARID4B,-1.3
MyList_SUB1_MCODE_5,GO Biological Processes,19,GO:0006672,ceramide metabolic process,19_GO:0008152 metabolic process,-8.1,1.5e+02,25,30293,99,8,4,50,18,6609|7357|55627|340485,SMPD1|UGCG|SMPD4|ACER2,-4.9
MyList_SUB1_MCODE_5,GO Biological Processes,19,GO:0030148,sphingolipid biosynthetic process,19_GO:0008152 metabolic process,-8,1.5e+02,24,30293,104,8,4,50,18,6609|7357|55627|340485,SMPD1|UGCG|SMPD4|ACER2,-4.9
MyList_SUB1_MCODE_5,GO Biological Processes,19,GO:0046467,membrane lipid biosynthetic process,19_GO:0008152 metabolic process,-7.5,1.1e+02,20,30293,143,8,4,50,18,6609|7357|55627|340485,SMPD1|UGCG|SMPD4|ACER2,-4.5
MyList_SUB1_MCODE_5,GO Biological Processes,19,GO:0006665,sphingolipid metabolic process,19_GO:0008152 metabolic process,-7.3,96,19,30293,157,8,4,50,18,6609|7357|55627|340485,SMPD1|UGCG|SMPD4|ACER2,-4.4
MyList_SUB1_MCODE_5,GO Biological Processes,19,GO:0030149,sphingolipid catabolic process,19_GO:0008152 metabolic process,-7.3,3.8e+02,34,30293,30,8,3,38,17,6609|55627|340485,SMPD1|SMPD4|ACER2,-4.4
MyList_SUB1_MCODE_5,GO Biological Processes,19,GO:0046466,membrane lipid catabolic process,19_GO:0008152 metabolic process,-7.1,3.2e+02,31,30293,36,8,3,38,17,6609|55627|340485,SMPD1|SMPD4|ACER2,-4.1
MyList_SUB1_MCODE_5,GO Biological Processes,19,GO:0010256,endomembrane system organization,19_GO:0009987 cellular process,-7,34,13,30293,555,8,5,62,17,6609|6811|7357|55627|116841,SMPD1|STX5|UGCG|SMPD4|SNAP47,-4.1
MyList_SUB1_MCODE_5,GO Biological Processes,19,GO:0006643,membrane lipid metabolic process,19_GO:0008152 metabolic process,-6.9,74,17,30293,204,8,4,50,18,6609|7357|55627|340485,SMPD1|UGCG|SMPD4|ACER2,-4
MyList_SUB1_MCODE_5,GO Biological Processes,19,GO:0046513,ceramide biosynthetic process,19_GO:0008152 metabolic process,-6.5,2e+02,24,30293,57,8,3,38,17,6609|7357|55627,SMPD1|UGCG|SMPD4,-3.7
MyList_SUB1_MCODE_5,GO Biological Processes,19,GO:0008610,lipid biosynthetic process,19_GO:0008152 metabolic process,-5,25,9.8,30293,594,8,4,50,18,6609|7357|55627|340485,SMPD1|UGCG|SMPD4|ACER2,-2.6
MyList_SUB1_MCODE_5,GO Biological Processes,19,GO:0044242,cellular lipid catabolic process,19_GO:0008152 metabolic process,-4.8,59,13,30293,194,8,3,38,17,6609|55627|340485,SMPD1|SMPD4|ACER2,-2.5
MyList_SUB1_MCODE_5,GO Biological Processes,19,GO:0061024,membrane organization,19_GO:0009987 cellular process,-4.6,20,8.6,30293,757,8,4,50,18,6609|6811|7357|116841,SMPD1|STX5|UGCG|SNAP47,-2.3
MyList_SUB1_MCODE_5,GO Biological Processes,19,GO:0016042,lipid catabolic process,19_GO:0008152 metabolic process,-4.3,39,11,30293,288,8,3,38,17,6609|55627|340485,SMPD1|SMPD4|ACER2,-2.1
MyList_SUB1_MCODE_5,GO Biological Processes,19,GO:0043604,amide biosynthetic process,19_GO:0008152 metabolic process,-3.5,21,7.6,30293,546,8,3,38,17,6609|7357|55627,SMPD1|UGCG|SMPD4,-1.5
MyList_SUB1_MCODE_6,GO Biological Processes,19,GO:0006897,endocytosis,19_GO:0051179 localization,-6.4,46,13,30293,522,5,4,80,18,160|1173|1174|9685,AP2A1|AP2M1|AP1S1|CLINT1,-3.6
MyList_SUB1_MCODE_6,GO Biological Processes,19,GO:0098657,import into cell,19_GO:0051179 localization,-5.8,34,11,30293,708,5,4,80,18,160|1173|1174|9685,AP2A1|AP2M1|AP1S1|CLINT1,-3.2
MyList_SUB1_MCODE_6,GO Biological Processes,19,GO:0006898,receptor-mediated endocytosis,19_GO:0051179 localization,-5.8,1.1e+02,18,30293,163,5,3,60,22,160|1173|1174,AP2A1|AP2M1|AP1S1,-3.2
MyList_SUB1_MCODE_6,GO Biological Processes,19,GO:0006886,intracellular protein transport,19_GO:0051179 localization,-4.3,35,10,30293,519,5,3,60,22,160|1173|1174,AP2A1|AP2M1|AP1S1,-2.1
MyList_SUB1_MCODE_7,GO Biological Processes,19,GO:0016339,calcium-dependent cell-cell adhesion via plasma membrane cell adhesion molecules,19_GO:0009987 cellular process,-11,6.7e+02,52,30293,45,4,4,1e+02,22,1006|8642|28316|60437,CDH8|DCHS1|CDH20|CDH26,-7.2
MyList_SUB1_MCODE_7,GO Biological Processes,19,GO:0007156,homophilic cell adhesion via plasma membrane adhesion molecules,19_GO:0009987 cellular process,-9.1,1.8e+02,27,30293,167,4,4,1e+02,22,1006|8642|28316|60437,CDH8|DCHS1|CDH20|CDH26,-5.6
MyList_SUB1_MCODE_7,GO Biological Processes,19,GO:0044331,cell-cell adhesion mediated by cadherin,19_GO:0009987 cellular process,-8.5,8.1e+02,49,30293,28,4,3,75,22,1006|28316|60437,CDH8|CDH20|CDH26,-5.1
MyList_SUB1_MCODE_7,GO Biological Processes,19,GO:0098742,cell-cell adhesion via plasma-membrane adhesion molecules,19_GO:0009987 cellular process,-8.3,1.2e+02,21,30293,261,4,4,1e+02,22,1006|8642|28316|60437,CDH8|DCHS1|CDH20|CDH26,-5
MyList_SUB1_MCODE_7,GO Biological Processes,19,GO:0034332,adherens junction organization,19_GO:0009987 cellular process,-7.7,4.4e+02,36,30293,52,4,3,75,22,1006|28316|60437,CDH8|CDH20|CDH26,-4.6
MyList_SUB1_MCODE_7,GO Biological Processes,19,GO:0098609,cell-cell adhesion,19_GO:0009987 cellular process,-7,56,15,30293,541,4,4,1e+02,22,1006|8642|28316|60437,CDH8|DCHS1|CDH20|CDH26,-4.1
MyList_SUB1_MCODE_7,GO Biological Processes,19,GO:0007043,cell-cell junction assembly,19_GO:0009987 cellular process,-6.6,1.8e+02,23,30293,126,4,3,75,22,1006|28316|60437,CDH8|CDH20|CDH26,-3.8
MyList_SUB1_MCODE_7,GO Biological Processes,19,GO:0045216,cell-cell junction organization,19_GO:0009987 cellular process,-6.1,1.3e+02,20,30293,177,4,3,75,22,1006|28316|60437,CDH8|CDH20|CDH26,-3.5
MyList_SUB1_MCODE_7,GO Biological Processes,19,GO:0034329,cell junction assembly,19_GO:0009987 cellular process,-5.5,80,15,30293,283,4,3,75,22,1006|28316|60437,CDH8|CDH20|CDH26,-3
MyList_SUB1_MCODE_7,GO Biological Processes,19,GO:0034330,cell junction organization,19_GO:0009987 cellular process,-4.7,43,11,30293,533,4,3,75,22,1006|28316|60437,CDH8|CDH20|CDH26,-2.4
MyList_SUB1_MCODE_7,GO Biological Processes,19,GO:0000902,cell morphogenesis,19_GO:0032502 developmental process,-4.4,33,9.8,30293,680,4,3,75,22,1006|28316|60437,CDH8|CDH20|CDH26,-2.1
MyList_SUB1_MCODE_8,GO Biological Processes,19,GO:0016567,protein ubiquitination,19_GO:0008152 metabolic process,-5,48,12,30293,633,3,3,1e+02,27,9520|57799|282808,NPEPPS|RAB40C|RAB40AL,-2.7
MyList_SUB1_MCODE_8,GO Biological Processes,19,GO:0032446,protein modification by small protein conjugation,19_GO:0008152 metabolic process,-4.9,43,11,30293,711,3,3,1e+02,27,9520|57799|282808,NPEPPS|RAB40C|RAB40AL,-2.5
